posicion,id_aviso,barrio,zona,precio_usd,m2_final,ambientes,antiguedad,precio_m2_usd,precio_m2_esperado,brecha_%,marcado_barrio,senal_error_carga,cumple_regla,bajo_de_precio,avisos_de_la_unidad,titulo_a_refaccionar,titulo_con_renta,tasa_completitud,link
1,MLA1998076649,paternal,paternal_1,75000.0,706.0,,15.0,106.23229461756374,1194.0,-91.1,True,True,False,False,1,False,False,0.81,https://departamento.mercadolibre.com.ar/MLA-1998076649-1-amb-frente-balcon-_JM#polycard_client=search-desktop&float_highlight=recent_publication&price_drop=not_apply&be_origin=backend&overlay_label=not_apply&search_layout=grid&position=7&type=item&tracking_id=56c0eb69-83c8-47ee-8c85-1811a89eb456&sid=search
2,MLA1937244655,floresta,floresta_3,110000.0,753.0,3.0,56.0,146.08233731739708,983.0,-85.1,True,True,False,False,1,False,False,0.96,https://departamento.mercadolibre.com.ar/MLA-1937244655-venta-3-ambientes-flores-_JM#polycard_client=search-desktop&price_drop=not_apply&be_origin=backend&overlay_label=not_apply&search_layout=grid&position=39&type=item&tracking_id=466aedef-013c-43d5-9281-218de9e6442d&sid=search
3,MLA3732462002,villa-lugano,villa-lugano,75000.0,670.0,4.0,40.0,111.94029850746269,561.0,-80.1,True,True,False,False,1,False,False,0.88,https://departamento.mercadolibre.com.ar/MLA-3732462002-dpto-remodelado-a-nuevo-con-pisos-de-porcelanato-balcon-corrido-con-traba-de-seguridad-para-ninos-desayunado-de-madera-laqueadonuevo-muy-luminoso-y-vista-panoramica-facil-acceso-a-autopista-_JM#polycard_client=search-desktop&price_drop=not_apply&be_origin=backend&overlay_label=not_apply&search_layout=grid&position=34&type=item&tracking_id=7f46f9e1-632a-449d-8385-387827c2f3a7&sid=search
4,MLA3726622514,puerto-madero,puerto-madero,123000.0,106.0,4.0,10.0,1160.377358490566,4963.0,-76.6,True,False,True,False,1,False,False,0.88,https://departamento.mercadolibre.com.ar/MLA-3726622514-venta-dpto-6-amb-con-balcon-puerto-madero-barrio-rodrigo-bueno-apto-credito-_JM#polycard_client=search-desktop&price_drop=not_apply&be_origin=backend&overlay_label=not_apply&search_layout=grid&position=29&type=item&tracking_id=879fca74-aa7e-405e-b7bd-69aaf51f3706&sid=search
5,MLA1913807213,puerto-madero,puerto-madero,110000.0,95.0,4.0,10.0,1157.8947368421052,4756.0,-75.7,True,False,True,False,1,False,False,0.96,https://departamento.mercadolibre.com.ar/MLA-1913807213-departamento-en-venta-4-ambientes-en-puerto-madero-barrio-rodrigo-bueno-capital-federal-_JM#polycard_client=search-desktop&price_drop=not_apply&be_origin=backend&overlay_label=not_apply&search_layout=grid&position=7&type=item&tracking_id=51879b0f-c259-4861-9783-a2d0ca77b0d0&sid=search
6,MLA1961910855,puerto-madero,puerto-madero,120000.0,99.0,3.0,,1212.121212121212,4837.0,-74.9,True,False,True,False,1,False,False,0.08,https://departamento.mercadolibre.com.ar/MLA-1961910855-compro-sucesiones-totales-o-parciales-que-me-generen-interes-al-contado-con-o-sin-conflictos-respondo-en-el-dia-tu-consulta-no-molesta-_JM#polycard_client=search-desktop&float_highlight=recent_publication&price_drop=not_apply&be_origin=backend&overlay_label=not_apply&search_layout=grid&position=18&type=item&tracking_id=2a3547eb-30e5-4919-8da1-719b40d2f3f1&sid=search
7,MLA3650073484,villa-general-mitre,villa-general-mitre,58000.0,135.0,5.0,50.0,429.6296296296296,1563.0,-72.5,True,False,True,False,1,False,False,0.42,https://departamento.mercadolibre.com.ar/MLA-3650073484-departamento-5amb-en-villa-lugano-av-general-paz-14600-_JM#polycard_client=search-desktop&price_drop=not_apply&be_origin=backend&overlay_label=not_apply&search_layout=grid&position=26&type=item&tracking_id=b1b4974d-3b6a-41ca-9267-11c319594056&sid=search
8,MLA1946226951,villa-soldati,villa-soldati,29000.0,96.0,5.0,61.0,302.0833333333333,1042.0,-71.0,True,False,True,False,1,True,False,0.81,https://departamento.mercadolibre.com.ar/MLA-1946226951-venta-departamento-5-amb-villa-soldati-a-reciclar-_JM#polycard_client=search-desktop&price_drop=not_apply&be_origin=backend&overlay_label=not_apply&search_layout=grid&position=18&type=item&tracking_id=35baef4d-1ce4-4c1c-8fc4-11ee31c7901a&sid=search
9,MLA2704621290,parque-chacabuco,parque-chacabuco,105000.0,215.0,4.0,,488.3720930232558,1574.0,-69.0,True,True,False,False,1,False,False,0.08,https://departamento.mercadolibre.com.ar/MLA-2704621290-departamento-en-venta-en-parque-chacabuco-_JM#polycard_client=search-desktop&price_drop=not_apply&be_origin=backend&overlay_label=not_apply&search_layout=grid&position=6&type=item&tracking_id=efdd351d-5f6d-42b0-8400-1687377f0803&sid=search
10,MLA2578657486,floresta,floresta_0,110000.0,200.0,8.0,30.0,550.0,1766.0,-68.9,True,False,True,False,1,False,False,0.92,https://departamento.mercadolibre.com.ar/MLA-2578657486-venta-ph-220-m2-sin-expensas-avda-rivadavia-8600-_JM#polycard_client=search-desktop&price_drop=not_apply&be_origin=backend&overlay_label=not_apply&search_layout=grid&position=9&type=item&tracking_id=8bea5c97-154b-4220-a4be-7965959a0fc0&sid=search
11,MLA3655896656,barracas,barracas,79000.0,172.0,4.0,60.0,459.30232558139534,1453.0,-68.4,True,False,True,False,1,False,False,0.85,https://departamento.mercadolibre.com.ar/MLA-3655896656-ph-4-ambientes-venta-barracas-_JM#polycard_client=search-desktop&price_drop=not_apply&be_origin=backend&overlay_label=not_apply&search_layout=grid&position=1&type=item&tracking_id=9777c480-6961-454e-9a22-df9f34b92aea&sid=search
12,MLA1518290181,nunez,nunez_3,130000.0,155.0,2.0,10.0,838.7096774193549,2448.0,-65.7,True,True,False,False,1,False,False,0.92,https://departamento.mercadolibre.com.ar/MLA-1518290181-departamento-en-venta-de-2-amb-en-nunez-_JM#polycard_client=search-desktop&price_drop=not_apply&be_origin=backend&overlay_label=not_apply&search_layout=grid&position=26&type=item&tracking_id=a8fc847b-abde-4e5d-b1a4-ec132e61b7f6&sid=search
13,MLA3717245774,recoleta,recoleta_4,295000.0,347.0,11.0,60.0,850.1440922190202,2372.0,-64.2,True,False,True,False,1,False,False,1.0,https://departamento.mercadolibre.com.ar/MLA-3717245774-exclusivo-pent-house-en-avcorrientesy-talachuano-comercial-con-financiacion-todo-destino-airbnbbookingconsultorios-_JM#polycard_client=search-desktop&price_drop=not_apply&be_origin=backend&overlay_label=not_apply&search_layout=grid&position=45&type=item&tracking_id=aa027458-74da-469d-b3b2-73029c31a517&sid=search
14,MLA1614067329,nunez,nunez_3,125000.0,110.0,1.0,15.0,1136.3636363636365,3069.0,-63.0,True,True,False,False,1,False,False,0.38,https://departamento.mercadolibre.com.ar/MLA-1614067329-departamento-en-venta-en-nunez-_JM#polycard_client=search-desktop&price_drop=not_apply&be_origin=backend&overlay_label=not_apply&search_layout=grid&position=18&type=item&tracking_id=a8fc847b-abde-4e5d-b1a4-ec132e61b7f6&sid=search
15,MLA3567497626,monserrat,monserrat_4,155000.0,276.0,10.0,45.0,561.5942028985507,1466.0,-61.7,True,False,True,False,1,False,False,0.96,https://departamento.mercadolibre.com.ar/MLA-3567497626-venta-departamento-10-ambientes-monserrat-sotano-local-comercial-apto-permuta-_JM#polycard_client=search-desktop&price_drop=not_apply&be_origin=backend&overlay_label=not_apply&search_layout=grid&position=42&type=item&tracking_id=b536da17-9717-4c36-998b-94925fe91fb9&sid=search
16,MLA1797622199,flores,flores_0,139000.0,265.0,13.0,70.0,524.5283018867924,1360.0,-61.4,True,True,False,True,1,True,False,1.0,https://departamento.mercadolibre.com.ar/MLA-1797622199-piso-entero-a-refaccionar-13-habitaciones-av-rivadavia-y-varela-terraza-comun-c-baulera-_JM#polycard_client=search-desktop&price_drop=true&be_origin=backend&overlay_label=not_apply&search_layout=grid&position=29&type=item&tracking_id=f2cc5dbe-9bac-4186-8b29-299b4facd260&sid=search
17,MLA3518197798,barracas,barracas_2,65000.0,125.0,4.0,80.0,520.0,1329.0,-60.9,True,False,True,True,1,True,False,0.96,https://departamento.mercadolibre.com.ar/MLA-3518197798-ph-al-frente-con-local-a-reciclar-_JM#polycard_client=search-desktop&price_drop=true&be_origin=backend&overlay_label=not_apply&search_layout=grid&position=11&type=item&tracking_id=a02ea609-32eb-433d-ad55-8fc5097af430&sid=search
18,MLA3060441522,recoleta,recoleta_3,210000.0,156.0,7.0,50.0,1346.1538461538462,3393.0,-60.3,True,False,True,False,1,True,False,0.96,https://departamento.mercadolibre.com.ar/MLA-3060441522-departamento-semipiso-7-ambientes-dependencia-a-reciclar-recoleta-barrio-norte-cochera-cubierta-baulera-zona-facultad-medicina-ideal-inversor-oportunidad-_JM#polycard_client=search-desktop&float_highlight=not_apply&price_drop=not_apply&be_origin=backend&overlay_label=not_apply&search_layout=grid&position=30&type=item&tracking_id=506912bb-f295-4149-a4f4-fb65c86efcab&sid=search
19,MLA1869200231,villa-lugano,villa-lugano_0,35000.0,55.0,4.0,50.0,636.3636363636364,1599.0,-60.2,True,True,False,False,1,False,False,0.88,https://departamento.mercadolibre.com.ar/MLA-1869200231-venta-departamento-4-ambientes-balcon-villa-riachuelo-lugano-apto-credito-permuta-_JM#polycard_client=search-desktop&price_drop=not_apply&be_origin=backend&overlay_label=not_apply&search_layout=grid&position=38&type=item&tracking_id=9b390156-b448-4c6f-b90a-fb138cf3d08a&sid=search
20,MLA3726895492,puerto-madero,puerto-madero,215000.0,101.0,3.0,21.0,2128.712871287129,5341.0,-60.1,True,True,False,False,1,False,False,0.96,https://departamento.mercadolibre.com.ar/MLA-3726895492-venta-duplex-2-ambientes-con-oficina-planta-alta-_JM#polycard_client=search-desktop&price_drop=not_apply&be_origin=backend&overlay_label=not_apply&search_layout=grid&position=22&type=item&tracking_id=39a964bc-3a84-4e8b-b227-a359f1526466&sid=search
21,MLA3726895448,balvanera,balvanera_3,55000.0,100.0,2.0,114.0,550.0,1373.0,-59.9,True,False,True,False,1,False,False,0.92,https://departamento.mercadolibre.com.ar/MLA-3726895448-venta-de-ph-2-ambientes-con-sotano-entrada-independiente-y-patio-_JM#polycard_client=search-desktop&price_drop=not_apply&be_origin=backend&overlay_label=not_apply&search_layout=grid&position=30&type=item&tracking_id=dd66a2f8-fa80-4fa8-b67c-799a218ab557&sid=search
22,MLA1747070457,balvanera,balvanera_2,110000.0,188.0,6.0,55.0,585.1063829787234,1445.0,-59.5,True,False,True,False,1,False,False,0.58,https://departamento.mercadolibre.com.ar/MLA-1747070457-deptartamento-oficinas-en-balvanera-_JM#polycard_client=search-desktop&price_drop=not_apply&be_origin=backend&overlay_label=not_apply&search_layout=grid&position=8&type=item&tracking_id=5b9c29c9-45bc-42d6-b7d6-13265455dd95&sid=search
23,MLA1945057923,villa-crespo,villa-crespo_4,85000.0,117.0,5.0,62.0,726.4957264957264,1790.0,-59.4,True,False,True,False,1,False,False,0.88,https://departamento.mercadolibre.com.ar/MLA-1945057923-venta-4-amb-dep-v-crespo-a-refac-financiacion-_JM#polycard_client=search-desktop&price_drop=not_apply&be_origin=backend&overlay_label=not_apply&search_layout=grid&position=20&type=item&tracking_id=a79a57ac-835c-4027-91a7-75d27feb3cce&sid=search
24,MLA1956805295,villa-soldati,villa-soldati,25000.0,70.0,3.0,60.0,357.1428571428572,872.0,-59.0,True,False,True,False,1,False,False,0.5,https://departamento.mercadolibre.com.ar/MLA-1956805295-departamento-de-3-ambientes-_JM#polycard_client=search-desktop&price_drop=not_apply&be_origin=backend&overlay_label=not_apply&search_layout=grid&position=41&type=item&tracking_id=35baef4d-1ce4-4c1c-8fc4-11ee31c7901a&sid=search
25,MLA3657074904,barracas,barracas,45000.0,65.0,3.0,,692.3076923076923,1637.0,-57.7,True,False,True,False,1,False,False,0.19,https://departamento.mercadolibre.com.ar/MLA-3657074904-ph-en-venta-tres-3-ambientes-con-dos-2-patios-_JM#polycard_client=search-desktop&price_drop=not_apply&be_origin=backend&overlay_label=not_apply&search_layout=grid&position=9&type=item&tracking_id=b0113096-9daf-4957-96b8-c2e5a050259e&sid=search
26,MLA1768306595,villa-crespo,villa-crespo,229000.0,254.0,10.0,,901.5748031496064,2111.0,-57.3,True,False,True,False,1,True,False,0.12,https://departamento.mercadolibre.com.ar/MLA-1768306595-flores-norte-casa-10-amb-y-garage-a-refaccionar-en-venta-_JM#polycard_client=search-desktop&price_drop=not_apply&be_origin=backend&overlay_label=not_apply&search_layout=grid&position=22&type=item&tracking_id=9700af6a-bc48-4301-9eb8-36deb662736b&sid=search
27,MLA3197805018,puerto-madero,puerto-madero,980000.0,483.0,3.0,26.0,2028.9855072463768,4739.0,-57.2,True,True,False,False,1,False,False,0.96,https://departamento.mercadolibre.com.ar/MLA-3197805018-departamento-en-venta-de-3-ambientes-en-puerto-madero-_JM#polycard_client=search-desktop&float_highlight=not_apply&price_drop=not_apply&be_origin=backend&overlay_label=not_apply&search_layout=grid&position=47&type=item&tracking_id=e9f1c2ed-9737-4e71-aabe-633a873b044c&sid=search
28,MLA1683932633,villa-del-parque,villa-del-parque,240000.0,392.0,5.0,60.0,612.2448979591836,1423.0,-57.0,True,True,False,False,1,False,False,0.92,https://departamento.mercadolibre.com.ar/MLA-1683932633-venta-lotecasa-_JM#polycard_client=search-desktop&price_drop=not_apply&be_origin=backend&overlay_label=not_apply&search_layout=grid&position=23&type=item&tracking_id=ab54bab1-e5fb-4ffb-aa7d-03a737228132&sid=search
29,MLA1952098229,almagro,almagro,64900.0,84.0,3.0,84.0,772.6190476190476,1794.0,-56.9,True,False,True,False,1,False,False,0.92,https://departamento.mercadolibre.com.ar/MLA-1952098229-ph-en-almagro-a-reclicar-oportunidad-_JM#polycard_client=search-desktop&price_drop=not_apply&be_origin=backend&overlay_label=not_apply&search_layout=grid&position=41&type=item&tracking_id=7158bdc8-0eaa-4f76-aca7-968c3f77922b&sid=search
30,MLA1961460081,constitucion,constitucion_3,23000.0,34.0,1.0,1.0,676.4705882352941,1568.0,-56.9,True,False,True,False,1,False,False,0.88,https://departamento.mercadolibre.com.ar/MLA-1961460081-venta-departamento-monoambiente-constitucion-a-estrenar-con-financiacion-_JM#polycard_client=search-desktop&price_drop=not_apply&be_origin=backend&overlay_label=not_apply&search_layout=grid&position=34&type=item&tracking_id=94ca7fc9-72f8-4e84-bb98-4d0f3947a548&sid=search
31,MLA1927649643,monserrat,monserrat_0,60000.0,100.0,1.0,50.0,600.0,1379.0,-56.5,True,True,False,False,1,False,False,0.92,https://departamento.mercadolibre.com.ar/MLA-1927649643-oficina-en-venta-en-monserrat-_JM#polycard_client=search-desktop&price_drop=not_apply&be_origin=backend&overlay_label=not_apply&search_layout=grid&position=27&type=item&tracking_id=d0915b9c-b8d9-4a2e-addf-1ca798e0fc02&sid=search
32,MLA2002566725,la-boca,la-boca_4,25000.0,45.0,3.0,,555.5555555555555,1262.0,-56.0,True,False,True,False,1,False,True,0.23,https://departamento.mercadolibre.com.ar/MLA-2002566725-depto-de-50m2-con-renta-hoy-rinde-el-16-anual-_JM#polycard_client=search-desktop&float_highlight=recent_publication&price_drop=not_apply&be_origin=backend&overlay_label=not_apply&search_layout=grid&position=36&type=item&tracking_id=18e0ed07-2066-4dcc-abf1-76b7f45fad0a&sid=search
33,MLA3721463016,puerto-madero,puerto-madero,439000.0,218.0,6.0,26.0,2013.7614678899083,4552.0,-55.8,True,False,True,False,1,False,False,0.85,https://departamento.mercadolibre.com.ar/MLA-3721463016-departamento-puerto-madero-venta-cochera-274m2-_JM#polycard_client=search-desktop&price_drop=not_apply&be_origin=backend&overlay_label=not_apply&search_layout=grid&position=8&type=item&tracking_id=e1134041-6364-4908-8844-de0842bb07ce&sid=search
34,MLA3721453508,barrio-norte,barrio-norte_1,92000.0,102.0,4.0,91.0,901.9607843137256,2003.0,-55.0,True,True,False,False,1,False,False,0.81,https://departamento.mercadolibre.com.ar/MLA-3721453508-oportunidad-4-ambs-en-tercer-piso-por-escalera-_JM#polycard_client=search-desktop&price_drop=not_apply&be_origin=backend&overlay_label=not_apply&search_layout=grid&position=27&type=item&tracking_id=232f3cf8-2d2c-454b-a45e-fc56435c8462&sid=search
35,MLA1763070145,parque-chacabuco,parque-chacabuco,65000.0,51.0,2.0,2.0,1274.5098039215686,2826.0,-54.9,True,False,True,False,1,False,False,0.96,https://departamento.mercadolibre.com.ar/MLA-1763070145-loft-55-m2-full-amenities-_JM#polycard_client=search-desktop&float_highlight=not_apply&price_drop=not_apply&be_origin=backend&overlay_label=not_apply&search_layout=grid&position=24&type=item&tracking_id=af15e2f0-95d2-438d-b362-216d8441f472&sid=search
36,MLA1861112493,la-boca,la-boca,89900.0,185.0,8.0,80.0,485.94594594594594,1075.0,-54.8,True,False,True,False,1,False,False,0.96,https://departamento.mercadolibre.com.ar/MLA-1861112493-ph-8-ambientes-venta-la-boca-_JM#polycard_client=search-desktop&price_drop=not_apply&be_origin=backend&overlay_label=not_apply&search_layout=grid&position=3&type=item&tracking_id=18e0ed07-2066-4dcc-abf1-76b7f45fad0a&sid=search
37,MLA3200530564,nunez,nunez_3,249000.0,170.0,4.0,25.0,1464.7058823529412,3184.0,-54.0,True,False,True,False,1,False,False,0.92,https://departamento.mercadolibre.com.ar/MLA-3200530564-loft-en-nunez-_JM#polycard_client=search-desktop&price_drop=not_apply&be_origin=backend&overlay_label=not_apply&search_layout=grid&position=10&type=item&tracking_id=dfdab19e-a213-4e3f-98c2-308d55f50790&sid=search
38,MLA1948695509,nueva-pompeya,nueva-pompeya,45000.0,81.0,4.0,42.0,555.5555555555555,1202.0,-53.8,True,False,True,False,1,False,False,0.92,https://departamento.mercadolibre.com.ar/MLA-1948695509-departamento-de-4-ambientes-en-venta-en-nueva-pompeya-con-balcon-barrio-espora-_JM#polycard_client=search-desktop&price_drop=not_apply&be_origin=backend&overlay_label=not_apply&search_layout=grid&position=6&type=item&tracking_id=0d117105-f9ed-44da-bbaf-9e3721f00c21&sid=search
39,MLA1775897649,san-telmo,san-telmo_3,72000.0,70.0,4.0,30.0,1028.571428571429,2224.0,-53.7,True,False,True,False,1,False,False,0.96,https://departamento.mercadolibre.com.ar/MLA-1775897649-venta-departamento-4-ambientes-a-100mts-parque-lezama-_JM#polycard_client=search-desktop&price_drop=not_apply&be_origin=backend&overlay_label=not_apply&search_layout=grid&position=45&type=item&tracking_id=e0835895-bdec-48eb-b71b-6c2dd9542ae4&sid=search
40,MLA1944315629,saavedra,saavedra,55000.0,53.0,3.0,50.0,1037.7358490566037,2239.0,-53.6,True,False,True,False,1,False,False,1.0,https://departamento.mercadolibre.com.ar/MLA-1944315629-venta-departamento-3-ambientes-saavedra-_JM#polycard_client=search-desktop&price_drop=not_apply&be_origin=backend&overlay_label=not_apply&search_layout=grid&position=20&type=item&tracking_id=a5148f41-0ba7-469e-908b-022b6c554913&sid=search
41,MLA3746552786,san-nicolas,san-nicolas,128000.0,172.0,7.0,36.0,744.1860465116279,1601.0,-53.5,True,False,True,False,1,False,False,0.77,https://departamento.mercadolibre.com.ar/MLA-3746552786-venta-departamento-piso-montserrat-_JM#polycard_client=search-desktop&price_drop=not_apply&be_origin=backend&overlay_label=not_apply&search_layout=grid&position=2&type=item&tracking_id=4ab16b8a-49c9-4b69-9bf4-f99bf0f164c9&sid=search
42,MLA2837616540,liniers,liniers,180000.0,262.0,12.0,,687.0229007633587,1475.0,-53.4,True,False,True,False,1,False,False,0.23,https://departamento.mercadolibre.com.ar/MLA-2837616540-4-departamentos-en-block-en-venta-en-liniers-_JM#polycard_client=search-desktop&price_drop=not_apply&be_origin=backend&overlay_label=not_apply&search_layout=grid&position=4&type=item&tracking_id=e9f48bdd-821f-4a6a-b3aa-7b71a85d0f76&sid=search
43,MLA1935339895,villa-urquiza,villa-urquiza,136000.0,120.0,4.0,9.0,1133.3333333333333,2430.0,-53.4,True,False,True,False,1,False,False,0.19,https://departamento.mercadolibre.com.ar/MLA-1935339895-100m2-3-amb-patio-semi-piso-villa-urquiza-espacio-terrzaza-propio-en-ultimo-piso-_JM#polycard_client=search-desktop&price_drop=not_apply&be_origin=backend&overlay_label=not_apply&search_layout=grid&position=21&type=item&tracking_id=b844170b-bace-47a2-816b-3cb4aa5ae2a0&sid=search
44,MLA3786047162,parque-chacabuco,parque-chacabuco,53000.0,60.0,3.0,42.0,883.3333333333334,1894.0,-53.4,True,False,True,False,1,False,False,1.0,https://departamento.mercadolibre.com.ar/MLA-3786047162-venta-depto-3-amb-lavadero-indepte-y-balcon-_JM#polycard_client=search-desktop&float_highlight=recent_publication&price_drop=not_apply&be_origin=backend&overlay_label=not_apply&search_layout=grid&position=24&type=item&tracking_id=3c238052-452f-4011-b63f-1076de76f4ef&sid=search
45,MLA3590223104,saavedra,saavedra,145000.0,110.0,1.0,3.0,1318.1818181818182,2826.0,-53.4,True,True,False,False,1,False,False,0.88,https://departamento.mercadolibre.com.ar/MLA-3590223104-venta-conesa-4000-piso-4-departamento-1-ambiente-divisible-saavedra-_JM#polycard_client=search-desktop&price_drop=not_apply&be_origin=backend&overlay_label=not_apply&search_layout=grid&position=32&type=item&tracking_id=5d2e2de7-a9cc-4e45-b3bb-cc84edf63748&sid=search
46,MLA1652036125,villa-soldati,villa-soldati,35000.0,81.0,5.0,45.0,432.0987654320988,918.0,-52.9,True,False,True,False,1,False,False,0.96,https://departamento.mercadolibre.com.ar/MLA-1652036125-av-lacarra-3800-7-villa-soldati-5-amb-u-35000-_JM#polycard_client=search-desktop&float_highlight=not_apply&price_drop=not_apply&be_origin=backend&overlay_label=not_apply&search_layout=grid&position=11&type=item&tracking_id=35baef4d-1ce4-4c1c-8fc4-11ee31c7901a&sid=search
47,MLA1945712249,mataderos,mataderos,34900.0,49.0,3.0,60.0,712.2448979591836,1511.0,-52.9,True,False,True,False,1,False,False,0.81,https://departamento.mercadolibre.com.ar/MLA-1945712249-venta-ph-3-amb-49m2-luminoso-b-dorrego-mataderos-_JM#polycard_client=search-desktop&price_drop=not_apply&be_origin=backend&overlay_label=not_apply&search_layout=grid&position=26&type=item&tracking_id=d73b2591-5f27-4da5-b54e-47751419e620&sid=search
48,MLA1895310443,balvanera,balvanera_3,139000.0,242.0,7.0,70.0,574.3801652892562,1215.0,-52.7,True,False,True,False,1,False,False,0.81,https://departamento.mercadolibre.com.ar/MLA-1895310443-dpto-7-ambientes-en-balvanera-con-balcon-_JM#polycard_client=search-desktop&price_drop=not_apply&be_origin=backend&overlay_label=not_apply&search_layout=grid&position=17&type=item&tracking_id=7a6c1be9-d1ce-48d8-aa6a-50b3d633bdee&sid=search
49,MLA2852355498,floresta,floresta,120000.0,170.0,5.0,60.0,705.8823529411765,1489.0,-52.6,True,False,True,False,1,False,False,1.0,https://departamento.mercadolibre.com.ar/MLA-2852355498-departamento-en-venta-en-floresta-_JM#polycard_client=search-desktop&float_highlight=not_apply&price_drop=not_apply&be_origin=backend&overlay_label=not_apply&search_layout=grid&position=28&type=item&tracking_id=8bea5c97-154b-4220-a4be-7965959a0fc0&sid=search
50,MLA1812612179,monserrat,monserrat_3,87000.0,130.0,4.0,45.0,669.2307692307693,1411.0,-52.6,True,False,True,False,1,False,False,0.23,https://departamento.mercadolibre.com.ar/MLA-1812612179-departamento-semipiso-en-venta-en-monserrat-capital-federal-buenos-aires-_JM#polycard_client=search-desktop&price_drop=not_apply&be_origin=backend&overlay_label=not_apply&search_layout=grid&position=17&type=item&tracking_id=10b0da0e-2a50-4349-ab71-31099ad75e8e&sid=search
51,MLA1868877491,almagro,almagro,174000.0,190.0,6.0,66.0,915.7894736842104,1923.0,-52.4,True,True,False,False,2,False,False,0.88,https://departamento.mercadolibre.com.ar/MLA-1868877491-venta-departamento-semipiso-al-frente-con-baulera-apto-profesional-en-balvanera-_JM#polycard_client=search-desktop&price_drop=not_apply&be_origin=backend&overlay_label=not_apply&search_layout=grid&position=20&type=item&tracking_id=a0801218-0bf0-4666-9bd4-823612adb4d0&sid=search
52,MLA3720473706,saavedra,saavedra,38000.0,36.0,2.0,61.0,1055.5555555555557,2201.0,-52.0,True,False,True,False,1,False,False,0.81,https://departamento.mercadolibre.com.ar/MLA-3720473706-venta-nuda-propiedad-2-ambientes-saavedra-_JM#polycard_client=search-desktop&price_drop=not_apply&be_origin=backend&overlay_label=not_apply&search_layout=grid&position=27&type=item&tracking_id=1795c444-6c95-4b1b-8cc3-fe4a130296b5&sid=search
53,MLA2783114400,almagro,almagro,119000.0,120.0,4.0,10.0,991.6666666666666,2063.0,-51.9,True,False,True,False,1,False,False,0.85,https://departamento.mercadolibre.com.ar/MLA-2783114400-oportunidad-valorus-x-m2-992-departamento-5-ambientes-almagro-_JM#polycard_client=search-desktop&float_highlight=not_apply&price_drop=not_apply&be_origin=backend&overlay_label=not_apply&search_layout=grid&position=15&type=item&tracking_id=da846ab6-d69f-4aad-8958-1bd9b64e912d&sid=search
54,MLA1946159193,villa-luro,villa-luro,36000.0,33.0,1.0,11.0,1090.909090909091,2268.0,-51.9,True,False,True,False,1,False,False,0.73,https://departamento.mercadolibre.com.ar/MLA-1946159193-monoambiente-en-venta-en-villa-luro-_JM#polycard_client=search-desktop&price_drop=not_apply&be_origin=backend&overlay_label=not_apply&search_layout=grid&position=9&type=item&tracking_id=7d622120-74c6-4846-b9a0-bfd75f31cc02&sid=search
55,MLA3790099728,nunez,nunez,60000.0,50.0,2.0,40.0,1200.0,2494.0,-51.9,True,False,True,False,1,False,False,0.62,https://departamento.mercadolibre.com.ar/MLA-3790099728-oportunidad-departamento-en-venta-2-ambientes-belgrano-_JM#polycard_client=search-desktop&float_highlight=recent_publication&price_drop=not_apply&be_origin=backend&overlay_label=not_apply&search_layout=grid&position=38&type=item&tracking_id=858a7ec3-15db-4e2f-a48c-494e9f41a359&sid=search
56,MLA3720096418,balvanera,balvanera_2,105000.0,169.0,5.0,99.0,621.301775147929,1290.0,-51.8,True,False,True,False,1,True,False,0.85,https://departamento.mercadolibre.com.ar/MLA-3720096418-oportunidad-5-amb-dep-3-banos-a-refaccionar-_JM#polycard_client=search-desktop&price_drop=not_apply&be_origin=backend&overlay_label=not_apply&search_layout=grid&position=31&type=item&tracking_id=7fb02ce4-9a79-48de-807a-a71970fae43d&sid=search
57,MLA3222812406,parque-chacabuco,parque-chacabuco,74999.0,75.0,4.0,40.0,999.9866666666668,2073.0,-51.8,True,False,True,False,1,False,False,0.96,https://departamento.mercadolibre.com.ar/MLA-3222812406-venta-depto-4-amb-ccochera-_JM#polycard_client=search-desktop&price_drop=not_apply&be_origin=backend&overlay_label=not_apply&search_layout=grid&position=7&type=item&tracking_id=3c238052-452f-4011-b63f-1076de76f4ef&sid=search
58,MLA3624457352,caballito,caballito,60000.0,43.0,2.0,10.0,1395.3488372093022,2891.0,-51.7,True,True,False,False,1,False,False,1.0,https://departamento.mercadolibre.com.ar/MLA-3624457352-venta-nuda-propiedad-departamento-2-ambientes-en-caballito-_JM#polycard_client=search-desktop&price_drop=not_apply&be_origin=backend&overlay_label=not_apply&search_layout=grid&position=7&type=item&tracking_id=ccf595d2-8225-46d3-b55e-114616ad54e9&sid=search
59,MLA1818672781,villa-general-mitre,villa-general-mitre,45000.0,50.0,3.0,,900.0,1865.0,-51.7,True,False,True,False,1,False,False,0.27,https://departamento.mercadolibre.com.ar/MLA-1818672781-departamento-en-venta-barrio-general-savio-edificio-35-_JM#polycard_client=search-desktop&price_drop=not_apply&be_origin=backend&overlay_label=not_apply&search_layout=grid&position=7&type=item&tracking_id=c4fe4bf6-74c3-4ed0-8019-c80796f53aa6&sid=search
60,MLA1961668595,balvanera,balvanera_2,52000.0,68.0,1.0,40.0,764.7058823529412,1583.0,-51.7,True,True,False,False,1,True,False,0.81,https://departamento.mercadolibre.com.ar/MLA-1961668595-oficina-apta-vivienda-para-reciclar-us850-mt-_JM#polycard_client=search-desktop&price_drop=not_apply&be_origin=backend&overlay_label=not_apply&search_layout=grid&position=6&type=item&tracking_id=dd66a2f8-fa80-4fa8-b67c-799a218ab557&sid=search
61,MLA1824469097,san-telmo,san-telmo_3,100000.0,140.0,4.0,80.0,714.2857142857143,1478.0,-51.7,True,False,True,False,1,False,False,0.69,https://departamento.mercadolibre.com.ar/MLA-1824469097-5-ambientes-enorme-frente-cbalcon-muy-luminoso-inmejo-_JM#polycard_client=search-desktop&price_drop=not_apply&be_origin=backend&overlay_label=not_apply&search_layout=grid&position=10&type=item&tracking_id=a7da77bd-c680-4733-ae70-5bb1e3dc803d&sid=search
62,MLA3373895352,palermo,palermo_0,155000.0,93.0,2.0,3.0,1666.6666666666667,3425.0,-51.3,True,False,True,False,1,False,False,1.0,https://departamento.mercadolibre.com.ar/MLA-3373895352-venta-departamento-local-palermo-con-cochera-y-patio-apto-vivienda-_JM#polycard_client=search-desktop&price_drop=not_apply&be_origin=backend&overlay_label=not_apply&search_layout=grid&position=26&type=item&tracking_id=3376d97b-d8ad-4ff4-89f5-0f61b58b426f&sid=search
63,MLA3096203658,puerto-madero,puerto-madero,370000.0,130.0,3.0,,2846.153846153846,5842.0,-51.3,True,False,True,False,1,False,False,0.46,https://departamento.mercadolibre.com.ar/MLA-3096203658-departamento-3-ambientes-loftduplex-en-venta-puerto-madero-_JM#polycard_client=search-desktop&price_drop=not_apply&be_origin=backend&overlay_label=not_apply&search_layout=grid&position=38&type=item&tracking_id=51879b0f-c259-4861-9783-a2d0ca77b0d0&sid=search
64,MLA3324824962,saavedra,saavedra,59999.0,54.0,3.0,45.0,1111.0925925925926,2266.0,-51.0,True,False,True,False,1,False,False,0.96,https://departamento.mercadolibre.com.ar/MLA-3324824962-venta-departamento-3-ambientes-saavedra-_JM#polycard_client=search-desktop&price_drop=not_apply&be_origin=backend&overlay_label=not_apply&search_layout=grid&position=47&type=item&tracking_id=01d00f9c-b8d2-447e-9dd5-383cec624aed&sid=search
65,MLA1926282651,flores,flores_2,45000.0,65.0,3.0,50.0,692.3076923076923,1406.0,-50.8,True,False,True,False,1,True,False,0.31,https://departamento.mercadolibre.com.ar/MLA-1926282651-valor-zona-60000-a-reciclar-hoy-45000-se-escucha-oferta-_JM#polycard_client=search-desktop&price_drop=not_apply&be_origin=backend&overlay_label=not_apply&search_layout=grid&position=11&type=item&tracking_id=7556b855-576e-4afa-805e-7e95ebcbe069&sid=search
66,MLA2636048246,flores,flores_1,275000.0,280.0,6.0,40.0,982.1428571428572,1986.0,-50.5,True,False,True,False,1,False,False,0.85,https://departamento.mercadolibre.com.ar/MLA-2636048246-departamento-en-venta-280m-flores-_JM#polycard_client=search-desktop&price_drop=not_apply&be_origin=backend&overlay_label=not_apply&search_layout=grid&position=8&type=item&tracking_id=4f49140c-1997-4323-9e18-7fe7529328de&sid=search
67,MLA1758008135,villa-crespo,villa-crespo_2,380000.0,337.0,5.0,25.0,1127.5964391691396,2269.0,-50.3,True,True,False,False,1,False,False,0.96,https://departamento.mercadolibre.com.ar/MLA-1758008135-departamento-en-villa-crespo-337mts-totales-cochera-fija-apto-credito-_JM#polycard_client=search-desktop&price_drop=not_apply&be_origin=backend&overlay_label=not_apply&search_layout=grid&position=41&type=item&tracking_id=f2015fe1-0ed9-468b-b290-a75646b702d0&sid=search
68,MLA1811390801,parque-chacabuco,parque-chacabuco,65000.0,75.0,4.0,45.0,866.6666666666666,1742.0,-50.3,True,False,True,False,1,False,False,0.88,https://departamento.mercadolibre.com.ar/MLA-1811390801-venta-departamento-4-ambientes-con-balcon-parque-chacabuco-_JM#polycard_client=search-desktop&price_drop=not_apply&be_origin=backend&overlay_label=not_apply&search_layout=grid&position=15&type=item&tracking_id=f0f1f385-cff2-49b2-b0e7-1d0600df2c07&sid=search
69,MLA3752803898,barracas,barracas,55000.0,53.0,2.0,,1037.7358490566037,2076.0,-50.0,True,False,True,False,1,False,False,0.58,https://departamento.mercadolibre.com.ar/MLA-3752803898-excelente-2-ambientes-en-barracas-cochera-gran-balcon-y-super-luminoso-_JM#polycard_client=search-desktop&price_drop=not_apply&be_origin=backend&overlay_label=not_apply&search_layout=grid&position=36&type=item&tracking_id=b0113096-9daf-4957-96b8-c2e5a050259e&sid=search
70,MLA3017218488,balvanera,balvanera,159000.0,231.0,7.0,112.0,688.3116883116883,1375.0,-49.9,True,False,True,False,1,False,False,1.0,https://departamento.mercadolibre.com.ar/MLA-3017218488-venta-9-o-10-ambientes-231m2-apto-profesional-ldeal-hostel-atelier-oficina-o-viv-_JM#polycard_client=search-desktop&price_drop=not_apply&be_origin=backend&overlay_label=not_apply&search_layout=grid&position=16&type=item&tracking_id=7c8ea88c-0bd0-44e8-b3dd-086f171f1071&sid=search
71,MLA3462945906,constitucion,constitucion_0,218000.0,326.0,8.0,50.0,668.7116564417178,1334.0,-49.9,True,False,True,False,1,True,False,0.88,https://departamento.mercadolibre.com.ar/MLA-3462945906-edificio-de-departamentos-local-en-pb-para-reciclar-unico-dueno-con-escritura-_JM#polycard_client=search-desktop&price_drop=not_apply&be_origin=backend&overlay_label=not_apply&search_layout=grid&position=6&type=item&tracking_id=a60f14bb-83a1-46ad-9b12-fc519685ef1a&sid=search
72,MLA2640449816,san-nicolas,san-nicolas,90000.0,100.0,4.0,25.0,900.0,1791.0,-49.7,True,True,False,False,1,False,False,0.69,https://departamento.mercadolibre.com.ar/MLA-2640449816-piso-100m2-ex-oficina-apto-viviendaaprobado-e-inscripto-_JM#polycard_client=search-desktop&price_drop=not_apply&be_origin=backend&overlay_label=not_apply&search_layout=grid&position=6&type=item&tracking_id=1360fdfa-94f0-40ed-b5f9-48412c0d96c3&sid=search
73,MLA3160888542,monserrat,monserrat_3,119000.0,155.0,7.0,56.0,767.741935483871,1527.0,-49.7,True,False,True,True,1,False,False,0.46,https://departamento.mercadolibre.com.ar/MLA-3160888542-departamento-7-ambientes-barrio-monserrat-_JM#polycard_client=search-desktop&float_highlight=not_apply&price_drop=true&be_origin=backend&overlay_label=not_apply&search_layout=grid&position=36&type=item&tracking_id=fc6602f9-8940-4545-9ddd-394929d560cb&sid=search
74,MLA1986883485,villa-pueyrredon,villa-pueyrredon_1,134000.0,160.0,4.0,45.0,837.5,1660.0,-49.5,True,False,True,False,2,False,False,0.23,https://departamento.mercadolibre.com.ar/MLA-1986883485-villa-pueyrredon-casa-lote-propio-866x975-4-ambientes-cochera-patio-terraza-cochrane-3390-130m2-apto-credito-_JM#polycard_client=search-desktop&price_drop=not_apply&be_origin=backend&overlay_label=not_apply&search_layout=grid&position=42&type=item&tracking_id=ab2d1f92-7396-4b86-b88c-23fe22808ee4&sid=search
75,MLA1671409051,villa-luro,villa-luro,45000.0,49.0,3.0,50.0,918.3673469387757,1820.0,-49.5,True,False,True,False,1,False,False,0.27,https://departamento.mercadolibre.com.ar/MLA-1671409051-departamento-en-venta-en-barrio-general-savio-_JM#polycard_client=search-desktop&price_drop=not_apply&be_origin=backend&overlay_label=not_apply&search_layout=grid&position=15&type=item&tracking_id=86641450-7037-4947-8674-d94136019f4c&sid=search
76,MLA1807323369,saavedra,saavedra,59500.0,54.0,3.0,60.0,1101.851851851852,2183.0,-49.5,True,True,False,False,1,False,False,1.0,https://departamento.mercadolibre.com.ar/MLA-1807323369-3-ambientes-en-muy-buen-estado-3er-piso-por-escalera-_JM#polycard_client=search-desktop&price_drop=not_apply&be_origin=backend&overlay_label=not_apply&search_layout=grid&position=4&type=item&tracking_id=83511ff0-e2ad-4156-8787-8d580bf99b31&sid=search
77,MLA1981981759,san-nicolas,san-nicolas,75000.0,103.0,1.0,39.0,728.1553398058253,1437.0,-49.3,True,True,False,False,1,False,False,0.73,https://departamento.mercadolibre.com.ar/MLA-1981981759-venta-monoambiente-bartolome-mitre-1700-caba-_JM#polycard_client=search-desktop&float_highlight=recent_publication&price_drop=not_apply&be_origin=backend&overlay_label=not_apply&search_layout=grid&position=37&type=item&tracking_id=f6a568c0-d875-4c32-8ce5-7cdf4dc4e74a&sid=search
78,MLA1992218919,puerto-madero,puerto-madero,725000.0,231.0,5.0,20.0,3138.5281385281387,6169.0,-49.1,True,False,True,False,1,False,False,0.69,https://departamento.mercadolibre.com.ar/MLA-1992218919-departamentos-venta-puerto-madero-_JM#polycard_client=search-desktop&price_drop=not_apply&be_origin=backend&overlay_label=not_apply&search_layout=grid&position=36&type=item&tracking_id=2a3547eb-30e5-4919-8da1-719b40d2f3f1&sid=search
79,MLA1945066211,san-nicolas,san-nicolas,65900.0,87.0,3.0,70.0,757.471264367816,1489.0,-49.1,True,False,True,False,1,False,False,0.85,https://departamento.mercadolibre.com.ar/MLA-1945066211-departamento-3-ambientes-en-venta-san-nicolas-_JM#polycard_client=search-desktop&price_drop=not_apply&be_origin=backend&overlay_label=not_apply&search_layout=grid&position=33&type=item&tracking_id=4d7ac638-8b13-41a3-8e54-6c03c504b726&sid=search
80,MLA1646901811,villa-lugano,villa-lugano,35000.0,92.0,4.0,59.0,380.4347826086956,747.0,-49.1,True,False,True,False,1,False,False,0.96,https://departamento.mercadolibre.com.ar/MLA-1646901811-departamento-en-venta-en-villa-lugano-_JM#polycard_client=search-desktop&float_highlight=not_apply&price_drop=not_apply&be_origin=backend&overlay_label=not_apply&search_layout=grid&position=1&type=item&tracking_id=0408ed33-0526-4158-ac31-a7206ce62ada&sid=search
81,MLA1929357125,recoleta,recoleta_4,198000.0,160.0,5.0,50.0,1237.5,2428.0,-49.0,True,False,True,False,2,False,False,0.88,https://departamento.mercadolibre.com.ar/MLA-1929357125-oficina-en-venta-en-retiro-_JM#polycard_client=search-desktop&price_drop=not_apply&be_origin=backend&overlay_label=not_apply&search_layout=grid&position=13&type=item&tracking_id=9378a039-9f62-4588-88b4-bd0924407edd&sid=search
82,MLA1945717317,villa-soldati,villa-soldati,32500.0,75.0,5.0,51.0,433.3333333333333,849.0,-48.9,True,False,True,False,1,False,False,0.81,https://departamento.mercadolibre.com.ar/MLA-1945717317-venta-5-ambientes-villa-soldati-_JM#polycard_client=search-desktop&price_drop=not_apply&be_origin=backend&overlay_label=not_apply&search_layout=grid&position=5&type=item&tracking_id=35baef4d-1ce4-4c1c-8fc4-11ee31c7901a&sid=search
83,MLA3241174812,villa-lugano,villa-lugano_0,77000.0,100.0,3.0,,770.0,1508.0,-48.9,True,False,True,False,1,False,False,0.15,https://departamento.mercadolibre.com.ar/MLA-3241174812-deptos-a-estrenar-en-venta-1-y-2-ambientes-piedrabuena-4700-loiacono-propiedades-_JM#polycard_client=search-desktop&float_highlight=not_apply&price_drop=not_apply&be_origin=backend&overlay_label=not_apply&search_layout=grid&position=42&type=item&tracking_id=17cf09ed-3ec9-4f40-9324-b12d3afb1ba5&sid=search
84,MLA3309736018,parque-chacabuco,parque-chacabuco,59999.0,64.0,3.0,40.0,937.484375,1836.0,-48.9,True,False,True,False,2,False,False,0.88,https://departamento.mercadolibre.com.ar/MLA-3309736018-venta-departamento-3-ambientes-con-balcon-en-parque-chacabuco-_JM#polycard_client=search-desktop&price_drop=not_apply&be_origin=backend&overlay_label=not_apply&search_layout=grid&position=36&type=item&tracking_id=f0f1f385-cff2-49b2-b0e7-1d0600df2c07&sid=search
85,MLA1845613651,san-nicolas,san-nicolas,145000.0,193.0,9.0,70.0,751.2953367875648,1470.0,-48.9,True,False,True,False,1,False,False,0.96,https://departamento.mercadolibre.com.ar/MLA-1845613651-departamento-amplio-en-lavalle-y-florida-_JM#polycard_client=search-desktop&price_drop=not_apply&be_origin=backend&overlay_label=not_apply&search_layout=grid&position=9&type=item&tracking_id=f6a568c0-d875-4c32-8ce5-7cdf4dc4e74a&sid=search
86,MLA2881087494,villa-lugano,villa-lugano_4,45000.0,49.0,3.0,15.0,918.3673469387757,1783.0,-48.5,True,False,True,False,1,False,False,0.5,https://departamento.mercadolibre.com.ar/MLA-2881087494-departamento-en-venta-en-veracruz-_JM#polycard_client=search-desktop&price_drop=not_apply&be_origin=backend&overlay_label=not_apply&search_layout=grid&position=16&type=item&tracking_id=7f46f9e1-632a-449d-8385-387827c2f3a7&sid=search
87,MLA1811360295,puerto-madero,puerto-madero,295000.0,115.0,1.0,28.0,2565.217391304348,4979.0,-48.5,True,True,False,False,1,False,False,0.92,https://departamento.mercadolibre.com.ar/MLA-1811360295-loft-con-cochera-en-venta-en-puerto-madero-_JM#polycard_client=search-desktop&price_drop=not_apply&be_origin=backend&overlay_label=not_apply&search_layout=grid&position=17&type=item&tracking_id=2a3547eb-30e5-4919-8da1-719b40d2f3f1&sid=search
88,MLA1850623285,saavedra,saavedra,49500.0,44.0,2.0,50.0,1125.0,2183.0,-48.5,True,True,False,False,1,False,False,0.96,https://departamento.mercadolibre.com.ar/MLA-1850623285-departamento-_JM#polycard_client=search-desktop&price_drop=not_apply&be_origin=backend&overlay_label=not_apply&search_layout=grid&position=43&type=item&tracking_id=5d2e2de7-a9cc-4e45-b3bb-cc84edf63748&sid=search
89,MLA3643579748,san-nicolas,san-nicolas,55000.0,66.0,3.0,52.0,833.3333333333334,1611.0,-48.3,True,False,True,False,2,False,False,0.88,https://departamento.mercadolibre.com.ar/MLA-3643579748-venta-dpto-4amb-oportunidad-inversion-66-m-pb-san-nicolas-_JM#polycard_client=search-desktop&price_drop=not_apply&be_origin=backend&overlay_label=not_apply&search_layout=grid&position=18&type=item&tracking_id=2578b91c-dc41-4ba0-8bc9-8c3d7a8b4371&sid=search
90,MLA1876058799,monserrat,monserrat,35000.0,36.0,2.0,30.0,972.2222222222222,1876.0,-48.2,True,False,True,False,1,False,False,1.0,https://departamento.mercadolibre.com.ar/MLA-1876058799-venta-departamento-dos-ambientes-monserrat-_JM#polycard_client=search-desktop&price_drop=not_apply&be_origin=backend&overlay_label=not_apply&search_layout=grid&position=13&type=item&tracking_id=cf152ffb-4861-450f-99fc-f19d90f2f54d&sid=search
91,MLA1678216077,flores,flores,44000.0,47.0,3.0,45.0,936.1702127659574,1801.0,-48.0,True,False,True,False,1,False,False,0.38,https://departamento.mercadolibre.com.ar/MLA-1678216077-3-ambfloresud-44000-apto-credito-muy-luminoso-_JM#polycard_client=search-desktop&price_drop=not_apply&be_origin=backend&overlay_label=not_apply&search_layout=grid&position=47&type=item&tracking_id=1591080d-1912-4103-9173-c2fe26621ea9&sid=search
92,MLA3498095614,san-nicolas,san-nicolas,99000.0,120.0,6.0,50.0,825.0,1585.0,-48.0,True,False,True,False,1,False,False,0.5,https://departamento.mercadolibre.com.ar/MLA-3498095614-departamento-duplex-en-venta-en-tribunales-capital-federal-buenos-aires-_JM#polycard_client=search-desktop&price_drop=not_apply&be_origin=backend&overlay_label=not_apply&search_layout=grid&position=31&type=item&tracking_id=b942646f-4c15-4788-be8f-a7a78ab4f156&sid=search
93,MLA3381699452,flores,flores_3,299900.0,285.0,7.0,47.0,1052.280701754386,2017.0,-47.8,True,False,True,False,1,False,False,0.92,https://departamento.mercadolibre.com.ar/MLA-3381699452-venta-penthouse-departamento-7-ambientes-terraza-y-quincho-cochera-apto-credito-permuta-_JM#polycard_client=search-desktop&price_drop=not_apply&be_origin=backend&overlay_label=not_apply&search_layout=grid&position=10&type=item&tracking_id=9b2d5898-3791-4b12-bba0-1e72aa462e18&sid=search
94,MLA1846819619,barracas,barracas_0,65000.0,56.0,3.0,35.0,1160.7142857142858,2220.0,-47.7,True,False,True,False,1,False,False,1.0,https://departamento.mercadolibre.com.ar/MLA-1846819619-venta-3-ambientes-_JM#polycard_client=search-desktop&float_highlight=not_apply&price_drop=not_apply&be_origin=backend&overlay_label=not_apply&search_layout=grid&position=5&type=item&tracking_id=24bc2579-5430-461b-8b77-eed22d28eea8&sid=search
95,MLA3367197430,balvanera,balvanera_2,115000.0,106.0,5.0,40.0,1084.9056603773586,2074.0,-47.7,True,False,True,False,1,False,False,0.92,https://departamento.mercadolibre.com.ar/MLA-3367197430-5-ambientes-en-esquina-todo-externo-semipiso-todo-sol-a-una-cuadra-de-subte-y-av-corrientes-_JM#polycard_client=search-desktop&price_drop=not_apply&be_origin=backend&overlay_label=not_apply&search_layout=grid&position=24&type=item&tracking_id=7c8ea88c-0bd0-44e8-b3dd-086f171f1071&sid=search
96,MLA1946332967,villa-lugano,villa-lugano,49000.0,93.0,5.0,37.0,526.8817204301075,1005.0,-47.6,True,False,True,False,1,False,False,0.77,https://departamento.mercadolibre.com.ar/MLA-1946332967-depto-5-ambientes-en-ventabarrio-piedrabuena-_JM#polycard_client=search-desktop&price_drop=not_apply&be_origin=backend&overlay_label=not_apply&search_layout=grid&position=23&type=item&tracking_id=0408ed33-0526-4158-ac31-a7206ce62ada&sid=search
97,MLA3721588732,palermo,palermo_3,183000.0,103.0,3.0,5.0,1776.6990291262136,3389.0,-47.6,True,False,True,False,1,False,False,0.77,https://departamento.mercadolibre.com.ar/MLA-3721588732-planta-baja-de-103-m2-a-estrenar-en-palermo-_JM#polycard_client=search-desktop&price_drop=not_apply&be_origin=backend&overlay_label=not_apply&search_layout=grid&position=21&type=item&tracking_id=efb02fe8-b3f5-49b0-9770-44cfe9cf1fbe&sid=search
98,MLA1833545527,monserrat,monserrat_0,135000.0,200.0,8.0,67.0,675.0,1279.0,-47.2,True,False,True,False,1,False,False,0.35,https://departamento.mercadolibre.com.ar/MLA-1833545527-piso-de-217-m-8-ambientes-con-2-banos-edificio-historico-excelente-estado-oportunidada-_JM#polycard_client=search-desktop&price_drop=not_apply&be_origin=backend&overlay_label=not_apply&search_layout=grid&position=12&type=item&tracking_id=10b0da0e-2a50-4349-ab71-31099ad75e8e&sid=search
99,MLA2006365217,barracas,barracas_0,50000.0,50.0,4.0,64.0,1000.0,1890.0,-47.1,True,True,False,False,1,False,False,0.88,https://departamento.mercadolibre.com.ar/MLA-2006365217-barracas-4-amb-ph-73m2-2-dorm-sin-expensas-_JM#polycard_client=search-desktop&float_highlight=recent_publication&price_drop=not_apply&be_origin=backend&overlay_label=not_apply&search_layout=grid&position=45&type=item&tracking_id=b0113096-9daf-4957-96b8-c2e5a050259e&sid=search
100,MLA3101041394,puerto-madero,puerto-madero,390000.0,166.0,3.0,50.0,2349.397590361446,4434.0,-47.0,True,False,True,False,1,False,False,0.92,https://departamento.mercadolibre.com.ar/MLA-3101041394-venta-departamento-en-puerto-madero-_JM#polycard_client=search-desktop&price_drop=not_apply&be_origin=backend&overlay_label=not_apply&search_layout=grid&position=37&type=item&tracking_id=51879b0f-c259-4861-9783-a2d0ca77b0d0&sid=search
101,MLA3720543218,parque-chacabuco,parque-chacabuco,130000.0,168.0,7.0,56.0,773.8095238095239,1459.0,-46.9,True,False,True,False,1,False,False,0.81,https://departamento.mercadolibre.com.ar/MLA-3720543218-depto-7-ambientes-en-venta-parque-chacabuco-_JM#polycard_client=search-desktop&price_drop=not_apply&be_origin=backend&overlay_label=not_apply&search_layout=grid&position=39&type=item&tracking_id=094bc876-5091-4c0d-9eb5-a800ba27e6c0&sid=search
102,MLA2892442196,parque-chacabuco,parque-chacabuco,62000.0,65.0,3.0,46.0,953.8461538461538,1795.0,-46.9,True,False,True,False,1,False,False,0.35,https://departamento.mercadolibre.com.ar/MLA-2892442196-se-vende-un-departamento-de-3-ambientes-luminoso-con-balcon-_JM#polycard_client=search-desktop&price_drop=not_apply&be_origin=backend&overlay_label=not_apply&search_layout=grid&position=36&type=item&tracking_id=af15e2f0-95d2-438d-b362-216d8441f472&sid=search
103,MLA3039581424,barracas,barracas_2,265000.0,436.0,6.0,70.0,607.7981651376147,1143.0,-46.8,True,True,False,False,1,False,False,0.92,https://departamento.mercadolibre.com.ar/MLA-3039581424-departamento-en-barracas-_JM#polycard_client=search-desktop&float_highlight=not_apply&price_drop=not_apply&be_origin=backend&overlay_label=not_apply&search_layout=grid&position=47&type=item&tracking_id=24bc2579-5430-461b-8b77-eed22d28eea8&sid=search
104,MLA3720667968,monserrat,monserrat_0,34500.0,32.0,1.0,46.0,1078.125,2024.0,-46.7,True,False,True,False,1,False,False,0.81,https://departamento.mercadolibre.com.ar/MLA-3720667968-venta-departamento-apart-lima-monserrat-cochera-_JM#polycard_client=search-desktop&price_drop=not_apply&be_origin=backend&overlay_label=not_apply&search_layout=grid&position=45&type=item&tracking_id=f199a1cc-2bd7-4914-a40f-6d18c5f80098&sid=search
105,MLA3720671844,villa-lugano,villa-lugano_4,89000.0,116.0,4.0,51.0,767.2413793103449,1437.0,-46.6,True,False,True,True,1,False,False,0.88,https://departamento.mercadolibre.com.ar/MLA-3720671844-venta-departamento-4-ambientes-a-nuevo-v-lugano-_JM#polycard_client=search-desktop&price_drop=true&be_origin=backend&overlay_label=not_apply&search_layout=grid&position=7&type=item&tracking_id=9b390156-b448-4c6f-b90a-fb138cf3d08a&sid=search
106,MLA1771070433,nueva-pompeya,nueva-pompeya,120000.0,240.0,5.0,50.0,500.0,935.0,-46.5,True,False,True,False,1,False,False,0.92,https://departamento.mercadolibre.com.ar/MLA-1771070433-venta-de-departamento-5-ambientes-en-pompeya-_JM#polycard_client=search-desktop&price_drop=not_apply&be_origin=backend&overlay_label=not_apply&search_layout=grid&position=38&type=item&tracking_id=0d117105-f9ed-44da-bbaf-9e3721f00c21&sid=search
107,MLA2861715146,retiro,retiro_3,70000.0,60.0,4.0,30.0,1166.6666666666667,2182.0,-46.5,True,False,True,False,1,False,False,0.96,https://departamento.mercadolibre.com.ar/MLA-2861715146-venta-departamento-60m2-_JM#polycard_client=search-desktop&price_drop=not_apply&be_origin=backend&overlay_label=not_apply&search_layout=grid&position=6&type=item&tracking_id=23c075d7-2d6c-4f60-908f-cea23020a9fa&sid=search
108,MLA2837371172,villa-general-mitre,villa-general-mitre,45000.0,49.0,3.0,50.0,918.3673469387757,1716.0,-46.5,True,False,True,False,1,False,False,0.27,https://departamento.mercadolibre.com.ar/MLA-2837371172-departamento-en-venta-en-barrio-general-savio-_JM#polycard_client=search-desktop&price_drop=not_apply&be_origin=backend&overlay_label=not_apply&search_layout=grid&position=20&type=item&tracking_id=c4fe4bf6-74c3-4ed0-8019-c80796f53aa6&sid=search
109,MLA3576983628,boedo,boedo_1,94000.0,110.0,2.0,20.0,854.5454545454545,1596.0,-46.5,True,False,True,False,3,True,False,0.96,https://departamento.mercadolibre.com.ar/MLA-3576983628-venta-departamento-tipo-ph-2-ambientes-110m-balcon-terraza-a-reciclar-en-balvanera-san-cristobal-_JM#polycard_client=search-desktop&price_drop=not_apply&be_origin=backend&overlay_label=not_apply&search_layout=grid&position=32&type=item&tracking_id=16c3b18f-921d-4ef1-8917-3793b53f30d3&sid=search
110,MLA3770870170,saavedra,saavedra,63000.0,53.0,3.0,40.0,1188.6792452830189,2215.0,-46.3,True,False,True,False,1,False,False,0.77,https://departamento.mercadolibre.com.ar/MLA-3770870170-venta-depto-3-amb-saavedra-_JM#polycard_client=search-desktop&float_highlight=recent_publication&price_drop=not_apply&be_origin=backend&overlay_label=not_apply&search_layout=grid&position=16&type=item&tracking_id=fb2a81d3-be2b-4f0a-9359-8dc8056c17b6&sid=search
111,MLA3484888174,san-telmo,san-telmo_4,65000.0,69.0,3.0,50.0,942.0289855072464,1755.0,-46.3,True,False,True,True,1,False,False,0.92,https://departamento.mercadolibre.com.ar/MLA-3484888174-departamento-en-san-telmo-_JM#polycard_client=search-desktop&price_drop=true&be_origin=backend&overlay_label=not_apply&search_layout=grid&position=4&type=item&tracking_id=a7da77bd-c680-4733-ae70-5bb1e3dc803d&sid=search
112,MLA2678235280,barrio-norte,barrio-norte_1,95000.0,80.0,3.0,40.0,1187.5,2210.0,-46.3,True,True,False,False,2,False,False,1.0,https://departamento.mercadolibre.com.ar/MLA-2678235280-comodisimo-semipiso-apto-profesional-en-venta-ubicado-a-una-cuadra-y-media-de-av-cordoba-_JM#polycard_client=search-desktop&float_highlight=not_apply&price_drop=not_apply&be_origin=backend&overlay_label=not_apply&search_layout=grid&position=28&type=item&tracking_id=8d7d621d-c391-4f5b-9682-993a6623dd80&sid=search
113,MLA1946226857,barrio-norte,barrio-norte_1,40000.0,31.0,2.0,46.0,1290.3225806451612,2399.0,-46.2,True,False,True,False,1,False,False,0.77,https://departamento.mercadolibre.com.ar/MLA-1946226857-venta-de-nuda-propiedad-dpto-2-ambientes-recoleta-_JM#polycard_client=search-desktop&price_drop=not_apply&be_origin=backend&overlay_label=not_apply&search_layout=grid&position=3&type=item&tracking_id=232f3cf8-2d2c-454b-a45e-fc56435c8462&sid=search
114,MLA3720666770,recoleta,recoleta_3,180000.0,159.0,5.0,68.0,1132.0754716981132,2102.0,-46.2,True,False,True,False,1,False,False,0.77,https://departamento.mercadolibre.com.ar/MLA-3720666770-venta-depto-pb-ideal-vivienda-consultorio-recoleta-_JM#polycard_client=search-desktop&price_drop=not_apply&be_origin=backend&overlay_label=not_apply&search_layout=grid&position=5&type=item&tracking_id=fd392006-ea09-43dc-a718-d081398197ee&sid=search
115,MLA3723314938,palermo,palermo_3,295000.0,185.0,5.0,62.0,1594.5945945945946,2956.0,-46.1,True,False,True,False,1,False,False,0.88,https://departamento.mercadolibre.com.ar/MLA-3723314938-venta-depto-5-amb-palermo-cdep-acepta-permuta-_JM#polycard_client=search-desktop&price_drop=not_apply&be_origin=backend&overlay_label=not_apply&search_layout=grid&position=27&type=item&tracking_id=c9f85421-b588-4c8b-ac5f-29baf211d7d9&sid=search
116,MLA1947294775,saavedra,saavedra,55000.0,45.0,2.0,41.0,1222.2222222222222,2260.0,-45.9,True,False,True,False,1,False,False,0.85,https://departamento.mercadolibre.com.ar/MLA-1947294775-departamento-en-venta-en-saavedra-dos-amb-pescal-_JM#polycard_client=search-desktop&price_drop=not_apply&be_origin=backend&overlay_label=not_apply&search_layout=grid&position=27&type=item&tracking_id=0e4a026f-f1a3-48b6-9bd7-94d85bf55f91&sid=search
117,MLA1741255025,constitucion,constitucion_4,125000.0,184.0,5.0,45.0,679.3478260869565,1253.0,-45.8,True,False,True,False,1,False,False,0.96,https://departamento.mercadolibre.com.ar/MLA-1741255025-departamento-en-venta-de-5-ambientes-al-frente-con-balconsantiago-del-estero-1300-piso1-us125000-_JM#polycard_client=search-desktop&float_highlight=not_apply&price_drop=not_apply&be_origin=backend&overlay_label=not_apply&search_layout=grid&position=2&type=item&tracking_id=94ca7fc9-72f8-4e84-bb98-4d0f3947a548&sid=search
118,MLA3606980358,barrio-norte,barrio-norte_1,85000.0,73.0,3.0,65.0,1164.3835616438355,2148.0,-45.8,True,False,True,True,2,False,False,0.65,https://departamento.mercadolibre.com.ar/MLA-3606980358-azcuenaga-y-san-luis-a-metros-de-facultades-_JM#polycard_client=search-desktop&price_drop=true&be_origin=backend&overlay_label=not_apply&search_layout=grid&position=15&type=item&tracking_id=3d1f1a0c-fddc-4c15-9ec9-2eb26e01cd00&sid=search
119,MLA3721804230,caballito,caballito,50000.0,38.0,2.0,16.0,1315.7894736842106,2424.0,-45.7,True,False,True,False,1,False,False,0.69,https://departamento.mercadolibre.com.ar/MLA-3721804230-venta-dpto-2-amb-en-caballito-_JM#polycard_client=search-desktop&price_drop=not_apply&be_origin=backend&overlay_label=not_apply&search_layout=grid&position=23&type=item&tracking_id=637c9200-cbdf-40e9-af4f-9bf4353be6d5&sid=search
120,MLA3546329714,san-nicolas,san-nicolas,150000.0,200.0,2.0,,750.0,1380.0,-45.6,True,True,False,False,1,False,True,0.08,https://departamento.mercadolibre.com.ar/MLA-3546329714-peron-1200-renta-3-departamentos-de-2-ambientes-para-inversionistas-_JM#polycard_client=search-desktop&price_drop=not_apply&be_origin=backend&overlay_label=not_apply&search_layout=grid&position=45&type=item&tracking_id=1360fdfa-94f0-40ed-b5f9-48412c0d96c3&sid=search
121,MLA1946158851,villa-soldati,villa-soldati,48000.0,93.0,5.0,48.0,516.1290322580645,948.0,-45.6,True,True,False,False,1,False,False,0.85,https://departamento.mercadolibre.com.ar/MLA-1946158851-departamento-5-amb-apto-credit0-_JM#polycard_client=search-desktop&price_drop=not_apply&be_origin=backend&overlay_label=not_apply&search_layout=grid&position=17&type=item&tracking_id=35baef4d-1ce4-4c1c-8fc4-11ee31c7901a&sid=search
122,MLA3720544744,constitucion,constitucion_0,130000.0,165.0,5.0,50.0,787.8787878787879,1444.0,-45.4,True,False,True,False,1,False,False,0.77,https://departamento.mercadolibre.com.ar/MLA-3720544744-venta-ph-5-ambientes-constitucion-sin-expensas-_JM#polycard_client=search-desktop&price_drop=not_apply&be_origin=backend&overlay_label=not_apply&search_layout=grid&position=24&type=item&tracking_id=92dd969b-c4f4-4ba8-94f0-bfe6e726ff52&sid=search
123,MLA1880515079,villa-soldati,villa-soldati,35000.0,62.0,4.0,,564.516129032258,1034.0,-45.4,True,False,True,False,1,False,False,0.5,https://departamento.mercadolibre.com.ar/MLA-1880515079-ventaav-roca-3500-caba-departamento-4-ambientes-balcon-muy-buen-estado-62m2-us-35000-_JM#polycard_client=search-desktop&price_drop=not_apply&be_origin=backend&overlay_label=not_apply&search_layout=grid&position=36&type=item&tracking_id=35baef4d-1ce4-4c1c-8fc4-11ee31c7901a&sid=search
124,MLA3617596230,almagro,almagro,66000.0,70.0,3.0,60.0,942.8571428571428,1724.0,-45.3,True,False,True,False,1,False,False,0.58,https://departamento.mercadolibre.com.ar/MLA-3617596230-espacio-ideal-para-taller-deposito-o-vivienda-_JM#polycard_client=search-desktop&price_drop=not_apply&be_origin=backend&overlay_label=not_apply&search_layout=grid&position=23&type=item&tracking_id=d50035c8-9174-4320-97ef-cd857c2682d0&sid=search
125,MLA1830010493,liniers,liniers_0,52000.0,70.0,3.0,45.0,742.8571428571429,1358.0,-45.3,True,False,True,True,1,False,False,1.0,https://departamento.mercadolibre.com.ar/MLA-1830010493-gran-3-ambientes-en-liniers-super-luminoso-_JM#polycard_client=search-desktop&price_drop=true&be_origin=backend&overlay_label=not_apply&search_layout=grid&position=16&type=item&tracking_id=1dc32074-e4d2-4273-8f74-7a8f38788e67&sid=search
126,MLA3729640142,almagro,almagro,130000.0,96.0,4.0,30.0,1354.1666666666667,2474.0,-45.3,True,True,False,False,1,False,False,1.0,https://departamento.mercadolibre.com.ar/MLA-3729640142-excelente-dpto-4-amb-con-bano-completo-y-dos-toilets-cocina-comedor-y-balcon-corrido-en-pleno-almagro-a-metros-del-hospital-italiano-_JM#polycard_client=search-desktop&price_drop=not_apply&be_origin=backend&overlay_label=not_apply&search_layout=grid&position=26&type=item&tracking_id=7126f21c-739b-472e-93c0-06991e59087c&sid=search
127,MLA2832174946,villa-general-mitre,villa-general-mitre,58000.0,56.0,3.0,,1035.7142857142858,1891.0,-45.2,True,False,True,False,1,False,False,0.27,https://departamento.mercadolibre.com.ar/MLA-2832174946-departamento-en-venta-en-general-savio-_JM#polycard_client=search-desktop&price_drop=not_apply&be_origin=backend&overlay_label=not_apply&search_layout=grid&position=23&type=item&tracking_id=c4fe4bf6-74c3-4ed0-8019-c80796f53aa6&sid=search
128,MLA1961681665,balvanera,balvanera_2,51000.0,59.0,1.0,40.0,864.4067796610169,1576.0,-45.2,True,False,True,False,1,False,False,0.81,https://departamento.mercadolibre.com.ar/MLA-1961681665-oficina-apta-vivienda-oportunidad-real-us850-mt-_JM#polycard_client=search-desktop&price_drop=not_apply&be_origin=backend&overlay_label=not_apply&search_layout=grid&position=4&type=item&tracking_id=dd66a2f8-fa80-4fa8-b67c-799a218ab557&sid=search
129,MLA3720217662,parque-chacabuco,parque-chacabuco,65000.0,54.0,3.0,12.0,1203.7037037037037,2193.0,-45.1,True,False,True,False,1,False,False,0.85,https://departamento.mercadolibre.com.ar/MLA-3720217662-departamento-3-ambientes-villa-lugano-_JM#polycard_client=search-desktop&price_drop=not_apply&be_origin=backend&overlay_label=not_apply&search_layout=grid&position=21&type=item&tracking_id=f30ec411-3ebb-470a-9d5e-e89118fa5d29&sid=search
130,MLA3720464832,barracas,barracas_4,47900.0,50.0,2.0,56.0,958.0,1745.0,-45.1,True,False,True,True,1,False,False,0.77,https://departamento.mercadolibre.com.ar/MLA-3720464832-venta-departamento-2-ambientes-con-patio-barracas-_JM#polycard_client=search-desktop&price_drop=true&be_origin=backend&overlay_label=not_apply&search_layout=grid&position=26&type=item&tracking_id=f4a18a07-2478-4044-a485-83238a0836ce&sid=search
131,MLA1864480911,villa-urquiza,villa-urquiza_1,89000.0,66.0,3.0,45.0,1348.4848484848485,2451.0,-45.0,True,False,True,False,1,False,False,0.96,https://departamento.mercadolibre.com.ar/MLA-1864480911-departamento-oficina-a-1-cuadra-de-la-estacion-urquiza-subte-linea-b-_JM#polycard_client=search-desktop&price_drop=not_apply&be_origin=backend&overlay_label=not_apply&search_layout=grid&position=2&type=item&tracking_id=545129fa-a13e-4e6c-a472-8d00fd6e4725&sid=search
132,MLA1942347735,san-nicolas,san-nicolas,99000.0,115.0,7.0,56.0,860.8695652173913,1563.0,-44.9,True,False,True,False,1,False,False,0.85,https://departamento.mercadolibre.com.ar/MLA-1942347735-venta-de-amplio-departamento-en-san-nicolas-_JM#polycard_client=search-desktop&price_drop=not_apply&be_origin=backend&overlay_label=not_apply&search_layout=grid&position=40&type=item&tracking_id=2ae8004f-9f6d-4887-8b11-dc8aef692e8b&sid=search
133,MLA1706304259,mataderos,mataderos_3,145000.0,200.0,4.0,40.0,725.0,1315.0,-44.8,True,False,True,False,1,False,False,0.96,https://departamento.mercadolibre.com.ar/MLA-1706304259-departamento-en-venta-en-mataderos-_JM#polycard_client=search-desktop&price_drop=not_apply&be_origin=backend&overlay_label=not_apply&search_layout=grid&position=3&type=item&tracking_id=47019072-4e30-4133-a6a3-4d6973fbb320&sid=search
134,MLA1858791005,villa-urquiza,villa-urquiza_3,83000.0,76.0,2.0,40.0,1092.1052631578948,1979.0,-44.8,True,False,True,True,1,False,False,0.65,https://departamento.mercadolibre.com.ar/MLA-1858791005-ph-2-ambientes-venta-villa-urquiza-sin-expensas-_JM#polycard_client=search-desktop&price_drop=true&be_origin=backend&overlay_label=not_apply&search_layout=grid&position=16&type=item&tracking_id=4e12aebd-ac84-48ce-a41c-cd6c2e4c6a13&sid=search
135,MLA3720244316,constitucion,constitucion_2,50000.0,83.0,4.0,36.0,602.4096385542168,1091.0,-44.8,True,False,True,False,1,False,False,0.81,https://departamento.mercadolibre.com.ar/MLA-3720244316-venta-4-amb-al-frente-primer-piso-constitucion-_JM#polycard_client=search-desktop&price_drop=not_apply&be_origin=backend&overlay_label=not_apply&search_layout=grid&position=31&type=item&tracking_id=92dd969b-c4f4-4ba8-94f0-bfe6e726ff52&sid=search
136,MLA3665032288,recoleta,recoleta_1,540000.0,296.0,9.0,80.0,1824.3243243243244,3303.0,-44.8,True,False,True,False,1,False,False,0.96,https://departamento.mercadolibre.com.ar/MLA-3665032288-duplex-av-callao-y-av-quintana-9-ambientes-terraza-2-cocheras-recoleta-_JM#polycard_client=search-desktop&price_drop=not_apply&be_origin=backend&overlay_label=not_apply&search_layout=grid&position=19&type=item&tracking_id=012eafb1-c2cc-4027-8a00-50108c99f431&sid=search
137,MLA1843649507,villa-crespo,villa-crespo_2,160000.0,148.0,5.0,50.0,1081.081081081081,1954.0,-44.7,True,False,True,False,1,False,False,0.85,https://departamento.mercadolibre.com.ar/MLA-1843649507-departamento-5-ambientes-villa-crespo-_JM#polycard_client=search-desktop&price_drop=not_apply&be_origin=backend&overlay_label=not_apply&search_layout=grid&position=6&type=item&tracking_id=9700af6a-bc48-4301-9eb8-36deb662736b&sid=search
138,MLA3724732460,balvanera,balvanera_0,249000.0,382.0,5.0,72.0,651.8324607329843,1178.0,-44.6,True,True,False,False,1,False,False,0.77,https://departamento.mercadolibre.com.ar/MLA-3724732460-venta-departamento-11-ambientes-en-balvanera-_JM#polycard_client=search-desktop&price_drop=not_apply&be_origin=backend&overlay_label=not_apply&search_layout=grid&position=45&type=item&tracking_id=dd66a2f8-fa80-4fa8-b67c-799a218ab557&sid=search
139,MLA2718361834,san-nicolas,san-nicolas,75000.0,80.0,3.0,,937.5,1693.0,-44.6,True,False,True,False,1,True,False,0.77,https://departamento.mercadolibre.com.ar/MLA-2718361834-para-reciclar-a-gusto-gran-potencial-_JM#polycard_client=search-desktop&price_drop=not_apply&be_origin=backend&overlay_label=not_apply&search_layout=grid&position=16&type=item&tracking_id=b2f79af3-05ae-4fec-93df-d7329b364d3d&sid=search
140,MLA3310276186,san-nicolas,san-nicolas,170000.0,220.0,5.0,56.0,772.7272727272727,1394.0,-44.6,True,False,True,False,1,True,False,0.19,https://departamento.mercadolibre.com.ar/MLA-3310276186-departamento-en-venta-a-reciclar-_JM#polycard_client=search-desktop&price_drop=not_apply&be_origin=backend&overlay_label=not_apply&search_layout=grid&position=46&type=item&tracking_id=c6ddcef5-2bc2-40f6-9fb6-7e5115678c62&sid=search
141,MLA3273732172,parque-patricios,parque-patricios,70000.0,75.0,2.0,15.0,933.3333333333334,1682.0,-44.5,True,False,True,False,1,False,False,0.92,https://departamento.mercadolibre.com.ar/MLA-3273732172-venta-departamento-2-ambientes-tipo-loft-zona-parque-patricios-_JM#polycard_client=search-desktop&price_drop=not_apply&be_origin=backend&overlay_label=not_apply&search_layout=grid&position=11&type=item&tracking_id=b32b8ee1-e0ad-4195-b3d6-45c4fdf25874&sid=search
142,MLA1807301759,almagro,almagro,105000.0,83.0,4.0,50.0,1265.0602409638554,2268.0,-44.2,True,True,False,False,1,False,False,0.92,https://departamento.mercadolibre.com.ar/MLA-1807301759-departamento-4-ambientes-con-cochera-_JM#polycard_client=search-desktop&price_drop=not_apply&be_origin=backend&overlay_label=not_apply&search_layout=grid&position=37&type=item&tracking_id=aa1504c4-7bcd-42a4-a4b4-a31ce815ae8c&sid=search
143,MLA1831451215,monserrat,monserrat_3,75000.0,74.0,3.0,,1013.5135135135135,1815.0,-44.2,True,False,True,False,1,False,False,0.0,https://departamento.mercadolibre.com.ar/MLA-1831451215-venta-departamento-3-ambientes-montserrat-ideal-inversor-_JM#polycard_client=search-desktop&price_drop=not_apply&be_origin=backend&overlay_label=not_apply&search_layout=grid&position=14&type=item&tracking_id=10b0da0e-2a50-4349-ab71-31099ad75e8e&sid=search
144,MLA1945604295,recoleta,recoleta_4,113000.0,90.0,3.0,66.0,1255.5555555555557,2249.0,-44.2,True,False,True,False,1,False,False,0.88,https://departamento.mercadolibre.com.ar/MLA-1945604295-venta-3-amb-y-12-en-recoleta-_JM#polycard_client=search-desktop&price_drop=not_apply&be_origin=backend&overlay_label=not_apply&search_layout=grid&position=10&type=item&tracking_id=f1458384-442a-4103-9748-bf62a7b8702a&sid=search
145,MLA1626469011,parque-chacabuco,parque-chacabuco,70000.0,40.0,1.0,1.0,1750.0,3134.0,-44.2,True,False,True,False,1,False,False,0.88,https://departamento.mercadolibre.com.ar/MLA-1626469011-departamento-en-venta-en-parque-chacabuco-_JM#polycard_client=search-desktop&price_drop=not_apply&be_origin=backend&overlay_label=not_apply&search_layout=grid&position=12&type=item&tracking_id=186f6f09-7a63-4aca-9b77-4a487eab6762&sid=search
146,MLA1856036323,belgrano,belgrano,73000.0,30.0,1.0,4.0,2433.333333333333,4354.0,-44.1,True,False,True,False,1,False,False,0.65,https://departamento.mercadolibre.com.ar/MLA-1856036323-venta-departamento-monoambiente-apto-profesional-belgrano-_JM#polycard_client=search-desktop&price_drop=not_apply&be_origin=backend&overlay_label=not_apply&search_layout=grid&position=46&type=item&tracking_id=5af38a2b-211b-4ad6-9315-4ae21fbca5bf&sid=search
147,MLA3611755224,almagro,almagro,60000.0,50.0,2.0,30.0,1200.0,2142.0,-44.0,True,False,True,False,1,False,False,0.42,https://departamento.mercadolibre.com.ar/MLA-3611755224-departamento-en-venta-en-almagro-_JM#polycard_client=search-desktop&price_drop=not_apply&be_origin=backend&overlay_label=not_apply&search_layout=grid&position=46&type=item&tracking_id=bf381678-fe82-4492-a30e-9dc43b56ea96&sid=search
148,MLA1908177747,balvanera,balvanera_2,117000.0,125.0,5.0,,936.0,1665.0,-43.8,True,False,True,False,1,False,False,0.46,https://departamento.mercadolibre.com.ar/MLA-1908177747-dueno-directo-vende-departamento-de-5-ambientes-al-frente-con-balcones-y-patio-av-corrientes-2593-_JM#polycard_client=search-desktop&price_drop=not_apply&be_origin=backend&overlay_label=not_apply&search_layout=grid&position=33&type=item&tracking_id=4c4374ec-c2bf-44fc-ad14-dbbbd24e3e75&sid=search
149,MLA2585986120,villa-luro,villa-luro,89000.0,94.0,5.0,35.0,946.808510638298,1683.0,-43.7,True,False,True,False,1,False,False,0.92,https://departamento.mercadolibre.com.ar/MLA-2585986120-departamento-en-venta-en-villa-luro-_JM#polycard_client=search-desktop&float_highlight=not_apply&price_drop=not_apply&be_origin=backend&overlay_label=not_apply&search_layout=grid&position=21&type=item&tracking_id=bd5700a8-1858-4282-b6db-c2dd5d3fb9f7&sid=search
150,MLA3618165686,mataderos,mataderos,83000.0,88.0,4.0,40.0,943.181818181818,1676.0,-43.7,True,False,True,False,1,False,False,0.96,https://departamento.mercadolibre.com.ar/MLA-3618165686-venta-departamento-4-ambientes-con-cochera-en-mataderos-_JM#polycard_client=search-desktop&price_drop=not_apply&be_origin=backend&overlay_label=not_apply&search_layout=grid&position=2&type=item&tracking_id=a90459bf-3b03-47b9-b2ca-642f3e3f080b&sid=search
151,MLA3622385546,villa-devoto,villa-devoto_2,52000.0,34.0,1.0,15.0,1529.4117647058824,2716.0,-43.7,True,False,True,False,1,False,False,0.96,https://departamento.mercadolibre.com.ar/MLA-3622385546-monoambiente-en-venta-villa-devoto-sobre-av-san-martin-_JM#polycard_client=search-desktop&price_drop=not_apply&be_origin=backend&overlay_label=not_apply&search_layout=grid&position=2&type=item&tracking_id=6fa9d5ad-39e8-4ee1-999d-7a0dd03b712c&sid=search
152,MLA2597608710,parque-chacabuco,parque-chacabuco,89000.0,75.0,4.0,37.0,1186.6666666666667,2107.0,-43.7,True,False,True,False,1,False,False,0.88,https://departamento.mercadolibre.com.ar/MLA-2597608710-venta-departamento-4-ambientes-doble-balcon-y-cochera-en-parque-chacabuco-permuta-_JM#polycard_client=search-desktop&price_drop=not_apply&be_origin=backend&overlay_label=not_apply&search_layout=grid&position=17&type=item&tracking_id=3c238052-452f-4011-b63f-1076de76f4ef&sid=search
153,MLA1866492439,barrio-norte,barrio-norte,220000.0,190.0,3.0,40.0,1157.8947368421052,2055.0,-43.7,True,True,False,True,1,False,False,0.88,https://departamento.mercadolibre.com.ar/MLA-1866492439-cdep-en-ecuador-al-1400-impecable-baulera-patiojardin-todo-sol-apto-prof-_JM#polycard_client=search-desktop&price_drop=true&be_origin=backend&overlay_label=not_apply&search_layout=grid&position=45&type=item&tracking_id=81c16483-aa55-4a4d-a363-6bb8af7b75e6&sid=search
154,MLA3720545008,san-nicolas,san-nicolas,70000.0,69.0,3.0,,1014.4927536231884,1798.0,-43.6,True,False,True,False,1,True,False,0.77,https://departamento.mercadolibre.com.ar/MLA-3720545008-departamento-a-refaccionar-microcentro-_JM#polycard_client=search-desktop&price_drop=not_apply&be_origin=backend&overlay_label=not_apply&search_layout=grid&position=23&type=item&tracking_id=2ae8004f-9f6d-4887-8b11-dc8aef692e8b&sid=search
155,MLA1972585117,recoleta,recoleta_3,65000.0,48.0,2.0,50.0,1354.1666666666667,2394.0,-43.4,True,False,True,False,1,False,False,0.65,https://departamento.mercadolibre.com.ar/MLA-1972585117-planta-baja-en-recoleta-con-dos-patios-_JM#polycard_client=search-desktop&float_highlight=recent_publication&price_drop=not_apply&be_origin=backend&overlay_label=not_apply&search_layout=grid&position=25&type=item&tracking_id=f53e58cb-9f22-488b-b409-e27b79066c03&sid=search
156,MLA1967457995,villa-crespo,villa-crespo,157000.0,145.0,3.0,40.0,1082.7586206896551,1912.0,-43.4,True,False,True,False,1,False,False,0.92,https://departamento.mercadolibre.com.ar/MLA-1967457995-departamento-en-villa-crespo-con-cochera-y-terraza-propia-_JM#polycard_client=search-desktop&float_highlight=recent_publication&price_drop=not_apply&be_origin=backend&overlay_label=not_apply&search_layout=grid&position=40&type=item&tracking_id=de287787-8aa0-4604-9632-c2374979a321&sid=search
157,MLA3121648016,villa-lugano,villa-lugano_0,69500.0,81.0,5.0,45.0,858.0246913580247,1515.0,-43.3,True,False,True,False,1,False,False,0.81,https://departamento.mercadolibre.com.ar/MLA-3121648016-departamento-en-villa-lugano-_JM#polycard_client=search-desktop&price_drop=not_apply&be_origin=backend&overlay_label=not_apply&search_layout=grid&position=13&type=item&tracking_id=17cf09ed-3ec9-4f40-9324-b12d3afb1ba5&sid=search
158,MLA1924994449,barrio-norte,barrio-norte_3,59000.0,45.0,1.0,50.0,1311.111111111111,2314.0,-43.3,True,False,True,True,1,False,False,0.46,https://departamento.mercadolibre.com.ar/MLA-1924994449-dueno-directo-vende-apto-profesional-cap-fed--_JM#polycard_client=search-desktop&price_drop=true&be_origin=backend&overlay_label=not_apply&search_layout=grid&position=30&type=item&tracking_id=d5cd9375-dc59-405d-8d75-9ea255d33808&sid=search
159,MLA2904707670,retiro,retiro_0,188000.0,153.0,4.0,80.0,1228.7581699346406,2168.0,-43.3,True,False,True,False,1,False,False,0.92,https://departamento.mercadolibre.com.ar/MLA-2904707670-departamento-en-venta-en-retiro-caba-_JM#polycard_client=search-desktop&price_drop=not_apply&be_origin=backend&overlay_label=not_apply&search_layout=grid&position=16&type=item&tracking_id=1d8372b8-6a10-43a6-be26-77e5e8b976b2&sid=search
160,MLA2692096866,san-telmo,san-telmo_2,110000.0,109.0,4.0,50.0,1009.1743119266056,1780.0,-43.3,True,False,True,False,1,False,False,0.69,https://departamento.mercadolibre.com.ar/MLA-2692096866-departamento-en-venta-en-san-telmo-_JM#polycard_client=search-desktop&price_drop=not_apply&be_origin=backend&overlay_label=not_apply&search_layout=grid&position=26&type=item&tracking_id=a7da77bd-c680-4733-ae70-5bb1e3dc803d&sid=search
161,MLA1886681163,barrio-norte,barrio-norte_3,99000.0,68.0,3.0,40.0,1455.8823529411766,2561.0,-43.2,True,False,True,False,1,False,False,0.92,https://departamento.mercadolibre.com.ar/MLA-1886681163-departamento-3-ambientes-en-barrio-norte-en-venta-_JM#polycard_client=search-desktop&price_drop=not_apply&be_origin=backend&overlay_label=not_apply&search_layout=grid&position=8&type=item&tracking_id=8c61bbba-a1bf-4afb-a51c-c79c047fd3a4&sid=search
162,MLA1940599495,parque-patricios,parque-patricios,52000.0,60.0,2.0,16.0,866.6666666666666,1520.0,-43.0,True,False,True,False,1,False,False,0.77,https://departamento.mercadolibre.com.ar/MLA-1940599495-venta-departamento-2-amb-duplex-pb-al-frente-_JM#polycard_client=search-desktop&price_drop=not_apply&be_origin=backend&overlay_label=not_apply&search_layout=grid&position=28&type=item&tracking_id=069bf32f-7e7b-496b-835b-dc5469ae8d00&sid=search
163,MLA3720093324,balvanera,balvanera_2,90000.0,105.0,4.0,61.0,857.1428571428571,1504.0,-43.0,True,False,True,False,1,True,False,0.85,https://departamento.mercadolibre.com.ar/MLA-3720093324-venta-depto-4-amb-dependencia-a-reciclar-balvanera-_JM#polycard_client=search-desktop&price_drop=not_apply&be_origin=backend&overlay_label=not_apply&search_layout=grid&position=2&type=item&tracking_id=4a68039c-b572-4beb-a1e7-9fde2928240a&sid=search
164,MLA3195046806,san-nicolas,san-nicolas,145000.0,175.0,5.0,98.0,828.5714285714286,1451.0,-42.9,True,False,True,False,2,False,False,1.0,https://departamento.mercadolibre.com.ar/MLA-3195046806-venta-departamento-piso-entero-de-200-m2-totales-san-nicolas-oportunidad-apto-credito-_JM#polycard_client=search-desktop&price_drop=not_apply&be_origin=backend&overlay_label=not_apply&search_layout=grid&position=12&type=item&tracking_id=35e59313-a60c-4e65-aa12-e5b96c85539a&sid=search
165,MLA3727519270,mataderos,mataderos_3,139900.0,133.0,4.0,28.0,1051.8796992481202,1840.0,-42.8,True,False,True,False,1,False,False,0.92,https://departamento.mercadolibre.com.ar/MLA-3727519270-venta-departamento-de-4-ambientes-con-balcon-y-dependencia-mataderos-_JM#polycard_client=search-desktop&price_drop=not_apply&be_origin=backend&overlay_label=not_apply&search_layout=grid&position=28&type=item&tracking_id=9833ae9b-2255-4b70-bf0d-e5fb019e5d6e&sid=search
166,MLA3786543160,flores,flores,330000.0,241.0,6.0,30.0,1369.2946058091286,2393.0,-42.8,True,False,True,False,1,False,False,0.96,https://departamento.mercadolibre.com.ar/MLA-3786543160-duplex-6-amb-con-2-cocinas-y-garage-para-varios-autos-ideal-familia-gde-flores-_JM#polycard_client=search-desktop&float_highlight=recent_publication&price_drop=not_apply&be_origin=backend&overlay_label=not_apply&search_layout=grid&position=4&type=item&tracking_id=a393b5bb-f504-4e8d-886b-c589f1f43c38&sid=search
167,MLA3746538228,almagro,almagro,99900.0,86.0,4.0,45.0,1161.6279069767445,2030.0,-42.8,True,False,True,False,2,False,False,0.88,https://departamento.mercadolibre.com.ar/MLA-3746538228-venta-departamento-de-4-ambientes-almagro-al-frente-vista-abierta-apto-credito-permuta-_JM#polycard_client=search-desktop&float_highlight=recent_publication&price_drop=not_apply&be_origin=backend&overlay_label=not_apply&search_layout=grid&position=27&type=item&tracking_id=63245dcc-8e13-44f7-82eb-6acc551b5d80&sid=search
168,MLA3718072232,constitucion,constitucion_3,30000.0,43.0,3.0,40.0,697.6744186046511,1219.0,-42.8,True,False,True,False,1,False,False,0.88,https://departamento.mercadolibre.com.ar/MLA-3718072232-departamento-abasto-_JM#polycard_client=search-desktop&price_drop=not_apply&be_origin=backend&overlay_label=not_apply&search_layout=grid&position=13&type=item&tracking_id=c0b8e835-0ccb-4f89-aae3-a1087ef961dc&sid=search
169,MLA3286847852,balvanera,balvanera,90000.0,113.0,5.0,90.0,796.4601769911504,1391.0,-42.7,True,False,True,False,1,False,False,0.92,https://departamento.mercadolibre.com.ar/MLA-3286847852-castelli-0-venta-departamento-semipiso-5-ambientes-_JM#polycard_client=search-desktop&price_drop=not_apply&be_origin=backend&overlay_label=not_apply&search_layout=grid&position=15&type=item&tracking_id=7c405415-292e-417d-8948-04d6b559b78a&sid=search
170,MLA1831447963,flores,flores_3,160000.0,130.0,4.0,,1230.7692307692307,2144.0,-42.6,True,False,True,False,2,False,False,0.5,https://departamento.mercadolibre.com.ar/MLA-1831447963-semipiso-4-ambientes-c-balcon-al-frente-dependencia-lavadero-y-cochera-cubierta-opcional-en-flores-_JM#polycard_client=search-desktop&price_drop=not_apply&be_origin=backend&overlay_label=not_apply&search_layout=grid&position=37&type=item&tracking_id=51021021-3c18-4b5c-8505-56a11b15cf25&sid=search
171,MLA3074888932,villa-luro,villa-luro,109000.0,94.0,4.0,20.0,1159.5744680851064,2019.0,-42.6,True,False,True,True,1,False,False,1.0,https://departamento.mercadolibre.com.ar/MLA-3074888932-venta-de-departamento-4-ambientes-en-villa-luro-capital-federal-_JM#polycard_client=search-desktop&float_highlight=not_apply&price_drop=true&be_origin=backend&overlay_label=not_apply&search_layout=grid&position=30&type=item&tracking_id=0f7b89ce-a36e-42ec-84cf-57e85eebedca&sid=search
172,MLA3527449834,la-boca,la-boca_1,38000.0,46.0,2.0,60.0,826.0869565217391,1437.0,-42.5,True,True,False,False,1,False,False,0.96,https://departamento.mercadolibre.com.ar/MLA-3527449834-departamento-en-boca-_JM#polycard_client=search-desktop&price_drop=not_apply&be_origin=backend&overlay_label=not_apply&search_layout=grid&position=36&type=item&tracking_id=4c89be49-b4ff-4f88-b608-4ae89f97387f&sid=search
173,MLA1793888835,monserrat,monserrat_4,85000.0,99.0,6.0,40.0,858.5858585858585,1492.0,-42.4,True,False,True,False,1,False,False,0.92,https://departamento.mercadolibre.com.ar/MLA-1793888835-venta-departamento-oficina-_JM#polycard_client=search-desktop&price_drop=not_apply&be_origin=backend&overlay_label=not_apply&search_layout=grid&position=5&type=item&tracking_id=fc6602f9-8940-4545-9ddd-394929d560cb&sid=search
174,MLA3121942392,liniers,liniers_3,60000.0,57.0,3.0,,1052.6315789473683,1826.0,-42.4,True,False,True,False,1,False,False,0.35,https://departamento.mercadolibre.com.ar/MLA-3121942392-departamento-en-venta-en-liniers-_JM#polycard_client=search-desktop&price_drop=not_apply&be_origin=backend&overlay_label=not_apply&search_layout=grid&position=9&type=item&tracking_id=e9f48bdd-821f-4a6a-b3aa-7b71a85d0f76&sid=search
175,MLA1905867541,recoleta,recoleta,185000.0,95.0,4.0,1.0,1947.368421052632,3379.0,-42.4,True,True,False,False,2,False,False,1.0,https://departamento.mercadolibre.com.ar/MLA-1905867541-venta-dto-4-amb-con-cochera-recoleta-_JM#polycard_client=search-desktop&price_drop=not_apply&be_origin=backend&overlay_label=not_apply&search_layout=grid&position=5&type=item&tracking_id=9aa8d471-7391-4b9c-ad32-58c165bc6e47&sid=search
176,MLA3726708922,puerto-madero,puerto-madero,180000.0,38.0,1.0,1.0,4736.8421052631575,8216.0,-42.3,True,False,True,False,1,False,False,0.96,https://departamento.mercadolibre.com.ar/MLA-3726708922-venta-monoambiente-a-estrenar-en-huergo-475-edificio-de-categoria-_JM#polycard_client=search-desktop&price_drop=not_apply&be_origin=backend&overlay_label=not_apply&search_layout=grid&position=28&type=item&tracking_id=879fca74-aa7e-405e-b7bd-69aaf51f3706&sid=search
177,MLA1910749007,recoleta,recoleta_3,250000.0,159.0,5.0,61.0,1572.3270440251572,2725.0,-42.3,True,False,True,False,1,False,False,1.0,https://departamento.mercadolibre.com.ar/MLA-1910749007-junin-1000-recoleta-5amb-ccoch-u250000-_JM#polycard_client=search-desktop&price_drop=not_apply&be_origin=backend&overlay_label=not_apply&search_layout=grid&position=47&type=item&tracking_id=9378a039-9f62-4588-88b4-bd0924407edd&sid=search
178,MLA1780327255,san-telmo,san-telmo_3,67999.0,60.0,2.0,12.0,1133.3166666666666,1962.0,-42.2,True,False,True,False,1,False,False,0.46,https://departamento.mercadolibre.com.ar/MLA-1780327255-cochabamba-al-400-san-telmo-loft-2-ambientes-grande-60-m-totales-y-cubiertos-duplex-2-plantas-bajas-expensas-reciclado-a-nuevo-impecable-luminoso-tiene-gas-apto-credito-conexion-lavarrop-_JM#polycard_client=search-desktop&price_drop=not_apply&be_origin=backend&overlay_label=not_apply&search_layout=grid&position=7&type=item&tracking_id=6b256ce6-3714-432b-b84d-fff9d6918655&sid=search
179,MLA3732432280,parque-avellaneda,parque-avellaneda_1,135000.0,149.0,4.0,35.0,906.040268456376,1568.0,-42.2,True,False,True,False,2,False,False,0.96,https://departamento.mercadolibre.com.ar/MLA-3732432280-departamento-4-ambienes-mas-2-cocheras-_JM#polycard_client=search-desktop&price_drop=not_apply&be_origin=backend&overlay_label=not_apply&search_layout=grid&position=11&type=item&tracking_id=0ca56838-3a83-45e9-8df6-f517fe5be0f5&sid=search
180,MLA3720093400,parque-chacabuco,parque-chacabuco,80000.0,70.0,3.0,27.0,1142.857142857143,1977.0,-42.2,True,False,True,False,1,False,False,0.92,https://departamento.mercadolibre.com.ar/MLA-3720093400-venta-3-ambientes-parque-chacabuco-balcon-_JM#polycard_client=search-desktop&price_drop=not_apply&be_origin=backend&overlay_label=not_apply&search_layout=grid&position=12&type=item&tracking_id=f30ec411-3ebb-470a-9d5e-e89118fa5d29&sid=search
181,MLA1694991325,villa-luro,villa-luro,65000.0,54.0,3.0,23.0,1203.7037037037037,2080.0,-42.1,True,False,True,False,1,False,False,0.92,https://departamento.mercadolibre.com.ar/MLA-1694991325-oportunidad-ph-2-dor-con-patio-y-terraza-_JM#polycard_client=search-desktop&float_highlight=not_apply&price_drop=not_apply&be_origin=backend&overlay_label=not_apply&search_layout=grid&position=4&type=item&tracking_id=1b4dd682-f580-47d2-8257-ae89f31f6157&sid=search
182,MLA2998963102,colegiales,colegiales,362000.0,190.0,5.0,30.0,1905.2631578947369,3291.0,-42.1,True,False,True,False,1,False,False,0.92,https://departamento.mercadolibre.com.ar/MLA-2998963102-en-venta-ph-triplex-con-patio-dependencia-y-cochera-fija-en-colegiales-_JM#polycard_client=search-desktop&price_drop=not_apply&be_origin=backend&overlay_label=not_apply&search_layout=grid&position=45&type=item&tracking_id=a29cfe06-7e16-44cf-a003-a1e7264136e8&sid=search
183,MLA3458507240,villa-devoto,villa-devoto_0,75000.0,58.0,3.0,30.0,1293.103448275862,2232.0,-42.1,True,False,True,False,1,False,False,0.92,https://departamento.mercadolibre.com.ar/MLA-3458507240-venta-departamento-de-3-ambientes-en-el-barrio-de-villa-devoto-_JM#polycard_client=search-desktop&price_drop=not_apply&be_origin=backend&overlay_label=not_apply&search_layout=grid&position=44&type=item&tracking_id=5d4cb01a-61dc-4882-9507-b604e9239f60&sid=search
184,MLA3761933726,san-telmo,san-telmo_2,110000.0,108.0,4.0,76.0,1018.5185185185184,1756.0,-42.0,True,False,True,False,2,False,False,0.92,https://departamento.mercadolibre.com.ar/MLA-3761933726-departamento-en-san-telmo-_JM#polycard_client=search-desktop&float_highlight=recent_publication&price_drop=not_apply&be_origin=backend&overlay_label=not_apply&search_layout=grid&position=33&type=item&tracking_id=8ef302ca-5195-4545-a0dd-adf62b157a4f&sid=search
185,MLA1937088907,mataderos,mataderos,190000.0,214.0,3.0,50.0,887.8504672897196,1530.0,-42.0,True,True,False,False,1,False,False,0.85,https://departamento.mercadolibre.com.ar/MLA-1937088907-venta-3-uf-en-bloque-mataderos-deposito-garaje-y-depto-3-amb-en-p-alta-_JM#polycard_client=search-desktop&price_drop=not_apply&be_origin=backend&overlay_label=not_apply&search_layout=grid&position=2&type=item&tracking_id=9766efc8-2c61-47b3-be83-ab01b2ee93b5&sid=search
186,MLA3516001054,san-telmo,san-telmo_3,75000.0,79.0,3.0,80.0,949.367088607595,1636.0,-42.0,True,False,True,False,1,False,False,0.96,https://departamento.mercadolibre.com.ar/MLA-3516001054-venta-departamento-de-3-ambientes-con-7967m-en-san-telmo-apto-credito-hipotecario-_JM#polycard_client=search-desktop&price_drop=not_apply&be_origin=backend&overlay_label=not_apply&search_layout=grid&position=14&type=item&tracking_id=e0835895-bdec-48eb-b71b-6c2dd9542ae4&sid=search
187,MLA3720663392,san-nicolas,san-nicolas,150000.0,140.0,4.0,3.0,1071.428571428571,1841.0,-41.8,True,False,True,False,1,False,False,0.85,https://departamento.mercadolibre.com.ar/MLA-3720663392-venta-departamento-4-ambientes-san-nicolas-a-nuevo-_JM#polycard_client=search-desktop&price_drop=not_apply&be_origin=backend&overlay_label=not_apply&search_layout=grid&position=14&type=item&tracking_id=2ae8004f-9f6d-4887-8b11-dc8aef692e8b&sid=search
188,MLA1945486405,recoleta,recoleta_4,255000.0,184.0,4.0,58.0,1385.8695652173913,2379.0,-41.7,True,False,True,False,1,True,False,0.88,https://departamento.mercadolibre.com.ar/MLA-1945486405-venta-depto-triplex-apto-prof-a-refacc-recoleta-_JM#polycard_client=search-desktop&price_drop=not_apply&be_origin=backend&overlay_label=not_apply&search_layout=grid&position=43&type=item&tracking_id=6b84c6d5-86d1-46e7-80c8-e5f5863ceca2&sid=search
189,MLA3701182946,puerto-madero,puerto-madero,179000.0,45.0,2.0,7.0,3977.777777777778,6826.0,-41.7,True,False,True,False,1,False,False,0.58,https://departamento.mercadolibre.com.ar/MLA-3701182946-venta-quartier-pto-madero-50m2-2-amb-dividido-vista-rio-panoramica-_JM#polycard_client=search-desktop&price_drop=not_apply&be_origin=backend&overlay_label=not_apply&search_layout=grid&position=21&type=item&tracking_id=e1134041-6364-4908-8844-de0842bb07ce&sid=search
190,MLA1807498245,retiro,retiro_3,98000.0,92.0,6.0,49.0,1065.2173913043478,1827.0,-41.7,True,True,False,False,1,False,False,0.96,https://departamento.mercadolibre.com.ar/MLA-1807498245-departamento-4-ambientes-en-retiro-en-oportunidad-_JM#polycard_client=search-desktop&price_drop=not_apply&be_origin=backend&overlay_label=not_apply&search_layout=grid&position=33&type=item&tracking_id=f1d4d93b-8431-4570-8894-555a60f9635e&sid=search
191,MLA3671746976,barrio-norte,barrio-norte_1,110000.0,90.0,3.0,60.0,1222.2222222222222,2092.0,-41.6,True,False,True,False,1,False,False,0.42,https://departamento.mercadolibre.com.ar/MLA-3671746976-departamento-buen-estado-oportunidad-_JM#polycard_client=search-desktop&price_drop=not_apply&be_origin=backend&overlay_label=not_apply&search_layout=grid&position=41&type=item&tracking_id=5ffc2dd4-bb0b-433a-893e-b13ae11d3986&sid=search
192,MLA3685635380,monserrat,monserrat,64900.0,61.0,3.0,,1063.9344262295083,1821.0,-41.6,True,False,True,False,1,False,False,0.77,https://departamento.mercadolibre.com.ar/MLA-3685635380-departamento-de-3-ambientes-con-balcon-al-frente-excelente-oportunidad-de-inversion-_JM#polycard_client=search-desktop&price_drop=not_apply&be_origin=backend&overlay_label=not_apply&search_layout=grid&position=26&type=item&tracking_id=d0915b9c-b8d9-4a2e-addf-1ca798e0fc02&sid=search
193,MLA3611681824,monserrat,monserrat_3,130000.0,153.0,5.0,67.0,849.6732026143791,1454.0,-41.6,True,False,True,False,1,True,False,0.46,https://departamento.mercadolibre.com.ar/MLA-3611681824-venta-5-amb-oportunidad-a-reciclar-distrito-ia-_JM#polycard_client=search-desktop&price_drop=not_apply&be_origin=backend&overlay_label=not_apply&search_layout=grid&position=16&type=item&tracking_id=803fcb36-3ad6-4667-a7a7-ddf27a740927&sid=search
194,MLA1761926489,recoleta,recoleta_2,207000.0,122.0,4.0,50.0,1696.72131147541,2901.0,-41.5,True,False,True,False,2,False,False,1.0,https://departamento.mercadolibre.com.ar/MLA-1761926489-departamento-4-ambientes-recoleta-apto-credito-_JM#polycard_client=search-desktop&price_drop=not_apply&be_origin=backend&overlay_label=not_apply&search_layout=grid&position=42&type=item&tracking_id=1ffd07f8-d400-4086-b35d-a2f7711b1dec&sid=search
195,MLA3153272740,villa-devoto,villa-devoto_0,89000.0,48.0,1.0,5.0,1854.1666666666667,3170.0,-41.5,True,False,True,False,1,False,False,0.42,https://departamento.mercadolibre.com.ar/MLA-3153272740-departamento-en-venta-en-villa-devoto-capital-federal-buenos-aires-_JM#polycard_client=search-desktop&float_highlight=not_apply&price_drop=not_apply&be_origin=backend&overlay_label=not_apply&search_layout=grid&position=43&type=item&tracking_id=ec69fb74-7751-4f49-98fa-d1e46b137555&sid=search
196,MLA2617017880,barrio-norte,barrio-norte,155000.0,110.0,4.0,45.0,1409.090909090909,2409.0,-41.5,True,False,True,False,1,False,False,0.96,https://departamento.mercadolibre.com.ar/MLA-2617017880-departamento-4-amb-en-venta-en-av-cordoba-al-2400-barrio-norte-caba-_JM#polycard_client=search-desktop&price_drop=not_apply&be_origin=backend&overlay_label=not_apply&search_layout=grid&position=19&type=item&tracking_id=5ffc2dd4-bb0b-433a-893e-b13ae11d3986&sid=search
197,MLA1907807471,villa-del-parque,villa-del-parque,450000.0,261.0,4.0,1.0,1724.1379310344828,2947.0,-41.5,True,True,False,False,1,False,False,0.92,https://departamento.mercadolibre.com.ar/MLA-1907807471-venta-departamento-4-ambientes-en-villa-del-parque-con-cochera-_JM#polycard_client=search-desktop&price_drop=not_apply&be_origin=backend&overlay_label=not_apply&search_layout=grid&position=11&type=item&tracking_id=25a4cc7b-09d0-4f4d-b668-489d685dc174&sid=search
198,MLA1668059711,palermo,palermo_0,189900.0,140.0,4.0,40.0,1356.428571428571,2318.0,-41.5,True,False,True,False,1,False,False,0.88,https://departamento.mercadolibre.com.ar/MLA-1668059711-departamento-en-venta-4-ambientes-en-palermo--_JM#polycard_client=search-desktop&price_drop=not_apply&be_origin=backend&overlay_label=not_apply&search_layout=grid&position=29&type=item&tracking_id=ea171df0-9c4b-4e5a-898c-465e3859e8a3&sid=search
199,MLA1807388597,flores,flores_1,77500.0,76.0,3.0,45.0,1019.7368421052632,1742.0,-41.5,True,False,True,True,1,True,False,0.38,https://departamento.mercadolibre.com.ar/MLA-1807388597-oportunidad-inversor-a-refaccionar-3-amb-con-balcon-al-frente-76-m2-sobre-av-avellaneda-flores-_JM#polycard_client=search-desktop&price_drop=true&be_origin=backend&overlay_label=not_apply&search_layout=grid&position=26&type=item&tracking_id=4590dae1-7df8-4ab4-9d19-3af5539a39f3&sid=search
200,MLA1803647695,recoleta,recoleta_3,109000.0,80.0,4.0,50.0,1362.5,2326.0,-41.4,True,True,False,False,1,False,False,0.92,https://departamento.mercadolibre.com.ar/MLA-1803647695-departamento-en-recoleta-_JM#polycard_client=search-desktop&price_drop=not_apply&be_origin=backend&overlay_label=not_apply&search_layout=grid&position=47&type=item&tracking_id=3513baff-203a-4c79-afcd-4f2927d8203d&sid=search
201,MLA1951893865,villa-del-parque,villa-del-parque,55000.0,44.0,1.0,,1250.0,2132.0,-41.4,True,False,True,False,1,False,False,0.15,https://departamento.mercadolibre.com.ar/MLA-1951893865-dueno-vende-depto-en-baigorria-y-av-san-martin-sin-expensas-_JM#polycard_client=search-desktop&price_drop=not_apply&be_origin=backend&overlay_label=not_apply&search_layout=grid&position=35&type=item&tracking_id=371920e5-7a40-49bf-9970-0f787735400b&sid=search
202,MLA1787541917,flores,flores_0,112000.0,129.0,3.0,62.0,868.2170542635658,1480.0,-41.3,True,True,False,False,2,False,False,1.0,https://departamento.mercadolibre.com.ar/MLA-1787541917-departamento-3-amb-c-dep-oportunidad-_JM#polycard_client=search-desktop&price_drop=not_apply&be_origin=backend&overlay_label=not_apply&search_layout=grid&position=35&type=item&tracking_id=9b2d5898-3791-4b12-bba0-1e72aa462e18&sid=search
203,MLA2722417032,villa-del-parque,villa-del-parque,95000.0,52.0,2.0,5.0,1826.923076923077,3114.0,-41.3,True,False,True,False,1,False,False,0.62,https://departamento.mercadolibre.com.ar/MLA-2722417032-departamento-en-venta-en-villa-del-parque-_JM#polycard_client=search-desktop&price_drop=not_apply&be_origin=backend&overlay_label=not_apply&search_layout=grid&position=41&type=item&tracking_id=ab54bab1-e5fb-4ffb-aa7d-03a737228132&sid=search
204,MLA3670041972,barrio-norte,barrio-norte,199900.0,140.0,4.0,40.0,1427.857142857143,2433.0,-41.3,True,False,True,False,1,False,False,0.88,https://departamento.mercadolibre.com.ar/MLA-3670041972-semip-cdep-en-larrea-y-santa-fe-fte-140-m2-impec-baulera-balcon-todo-sol-_JM#polycard_client=search-desktop&price_drop=not_apply&be_origin=backend&overlay_label=not_apply&search_layout=grid&position=39&type=item&tracking_id=232f3cf8-2d2c-454b-a45e-fc56435c8462&sid=search
205,MLA1812550003,villa-lugano,villa-lugano,55000.0,97.0,6.0,30.0,567.0103092783505,966.0,-41.3,True,False,True,False,2,False,False,0.92,https://departamento.mercadolibre.com.ar/MLA-1812550003-luminoso-departamento-6-amb-apto-credito-_JM#polycard_client=search-desktop&price_drop=not_apply&be_origin=backend&overlay_label=not_apply&search_layout=grid&position=9&type=item&tracking_id=785835d6-def5-497b-9abc-6b433a9a4783&sid=search
206,MLA3100549462,parque-chacabuco,parque-chacabuco,77000.0,39.0,1.0,5.0,1974.3589743589744,3361.0,-41.3,True,False,True,False,1,False,False,1.0,https://departamento.mercadolibre.com.ar/MLA-3100549462-departamento-en-parque-chacabuco-_JM#polycard_client=search-desktop&float_highlight=not_apply&price_drop=not_apply&be_origin=backend&overlay_label=not_apply&search_layout=grid&position=27&type=item&tracking_id=af15e2f0-95d2-438d-b362-216d8441f472&sid=search
207,MLA1866557133,barracas,barracas_1,85000.0,79.0,3.0,36.0,1075.9493670886077,1830.0,-41.2,True,False,True,False,1,False,False,0.46,https://departamento.mercadolibre.com.ar/MLA-1866557133-venta-3-amb-frente-con-amplio-patio-y-cochera-_JM#polycard_client=search-desktop&price_drop=not_apply&be_origin=backend&overlay_label=not_apply&search_layout=grid&position=9&type=item&tracking_id=9777c480-6961-454e-9a22-df9f34b92aea&sid=search
208,MLA3241065164,belgrano,belgrano_0,110000.0,60.0,1.0,3.0,1833.3333333333333,3117.0,-41.2,True,False,True,False,4,False,False,0.96,https://departamento.mercadolibre.com.ar/MLA-3241065164-departamento-en-venta-frente-al-subte-belgrano-_JM#polycard_client=search-desktop&float_highlight=not_apply&price_drop=not_apply&be_origin=backend&overlay_label=not_apply&search_layout=grid&position=35&type=item&tracking_id=671b337f-488c-402b-9475-80606129062a&sid=search
209,MLA1907849371,belgrano,belgrano,184000.0,77.0,2.0,15.0,2389.6103896103896,4062.0,-41.2,True,False,True,False,1,False,False,0.92,https://departamento.mercadolibre.com.ar/MLA-1907849371-venta-departamento-2-ambientes-en-belgrano-con-cochera-_JM#polycard_client=search-desktop&price_drop=not_apply&be_origin=backend&overlay_label=not_apply&search_layout=grid&position=3&type=item&tracking_id=7598c98c-ad3a-4472-a1ab-195db97e5041&sid=search
210,MLA1775790795,caballito,caballito,55000.0,40.0,2.0,20.0,1375.0,2337.0,-41.2,True,False,True,False,1,False,False,0.88,https://departamento.mercadolibre.com.ar/MLA-1775790795-departamento-2-ambientes-caballito-_JM#polycard_client=search-desktop&price_drop=not_apply&be_origin=backend&overlay_label=not_apply&search_layout=grid&position=37&type=item&tracking_id=e21dcebb-ae07-47d6-8189-17af930b0487&sid=search
211,MLA1679661211,villa-urquiza,villa-urquiza_1,46500.0,25.0,1.0,10.0,1860.0,3160.0,-41.1,True,False,True,False,1,False,False,0.42,https://departamento.mercadolibre.com.ar/MLA-1679661211-departamento-en-venta-en-villa-urquiza-capital-federal-buenos-aires-_JM#polycard_client=search-desktop&float_highlight=not_apply&price_drop=not_apply&be_origin=backend&overlay_label=not_apply&search_layout=grid&position=32&type=item&tracking_id=a29d2f4f-7e4b-4c3a-826c-ae59c71fc9a1&sid=search
212,MLA2457846386,balvanera,balvanera_1,134000.0,155.0,5.0,100.0,864.516129032258,1469.0,-41.1,True,False,True,False,1,False,False,0.65,https://departamento.mercadolibre.com.ar/MLA-2457846386-departamento-en-venta-en-balvanera-con-balcon-_JM#polycard_client=search-desktop&price_drop=not_apply&be_origin=backend&overlay_label=not_apply&search_layout=grid&position=23&type=item&tracking_id=7c8ea88c-0bd0-44e8-b3dd-086f171f1071&sid=search
213,MLA1846232329,balvanera,balvanera,65000.0,77.0,3.0,40.0,844.1558441558442,1432.0,-41.0,True,False,True,False,1,False,False,0.88,https://departamento.mercadolibre.com.ar/MLA-1846232329-bartolome-mitre-al-2600-lateral-77-m2-impecable-_JM#polycard_client=search-desktop&price_drop=not_apply&be_origin=backend&overlay_label=not_apply&search_layout=grid&position=37&type=item&tracking_id=feaf20cd-c80d-4405-8707-aab5d7964713&sid=search
214,MLA3739529664,barracas,barracas,45000.0,50.0,2.0,56.0,900.0,1525.0,-41.0,True,False,True,False,1,True,False,0.77,https://departamento.mercadolibre.com.ar/MLA-3739529664-venta-depto2amb-a-refaccionar-bajas-exp-barracas-_JM#polycard_client=search-desktop&price_drop=not_apply&be_origin=backend&overlay_label=not_apply&search_layout=grid&position=9&type=item&tracking_id=c13089e2-c03e-4b53-b8f6-2d588029b8f1&sid=search
215,MLA3637265336,balvanera,balvanera_2,95000.0,107.0,4.0,90.0,887.8504672897196,1500.0,-40.8,True,True,False,False,1,False,False,0.96,https://departamento.mercadolibre.com.ar/MLA-3637265336-departamento-4-ambientes-mas-dependencias-en-balvanera-semipiso-senorial-venta-_JM#polycard_client=search-desktop&price_drop=not_apply&be_origin=backend&overlay_label=not_apply&search_layout=grid&position=48&type=item&tracking_id=4a68039c-b572-4beb-a1e7-9fde2928240a&sid=search
216,MLA1907794585,liniers,liniers,62000.0,75.0,3.0,40.0,826.6666666666666,1396.0,-40.8,True,True,False,False,1,False,False,1.0,https://departamento.mercadolibre.com.ar/MLA-1907794585-departamento-en-venta-3-amb-liniers-oportunidad-apto-credito-_JM#polycard_client=search-desktop&price_drop=not_apply&be_origin=backend&overlay_label=not_apply&search_layout=grid&position=37&type=item&tracking_id=744d3668-5e36-4454-9b0f-96b5a7585a59&sid=search
217,MLA1972308779,villa-lugano,villa-lugano_0,42000.0,45.0,3.0,56.0,933.3333333333334,1574.0,-40.7,True,False,True,False,1,False,False,0.77,https://departamento.mercadolibre.com.ar/MLA-1972308779-departamento-3-ambientes-ideal-inversores-_JM#polycard_client=search-desktop&price_drop=not_apply&be_origin=backend&overlay_label=not_apply&search_layout=grid&position=14&type=item&tracking_id=785835d6-def5-497b-9abc-6b433a9a4783&sid=search
218,MLA3205695862,constitucion,constitucion_3,55000.0,84.0,3.0,67.0,654.7619047619048,1103.0,-40.7,True,False,True,False,1,False,False,0.96,https://departamento.mercadolibre.com.ar/MLA-3205695862-3-amb-triplex-con-terraza-parrilla-y-altillo-_JM#polycard_client=search-desktop&float_highlight=not_apply&price_drop=not_apply&be_origin=backend&overlay_label=not_apply&search_layout=grid&position=45&type=item&tracking_id=67a87e88-6840-4b6c-9ab0-f3ead60b0003&sid=search
219,MLA3672745034,balvanera,balvanera,65000.0,63.0,3.0,30.0,1031.7460317460318,1737.0,-40.6,True,False,True,False,1,True,False,0.96,https://departamento.mercadolibre.com.ar/MLA-3672745034-venta-departamento-3-ambientes-a-reciclar-en-ecuador-al-200-balvanera-_JM#polycard_client=search-desktop&price_drop=not_apply&be_origin=backend&overlay_label=not_apply&search_layout=grid&position=23&type=item&tracking_id=914954f1-56cc-4cb7-843d-1c2a05ddb4c3&sid=search
220,MLA3477511036,flores,flores,68000.0,70.0,4.0,35.0,971.4285714285714,1634.0,-40.6,True,False,True,False,1,False,False,0.88,https://departamento.mercadolibre.com.ar/MLA-3477511036-departamento-en-venta-4-amb-piso-3-x-escalera-av-san-pedrito-300-flores-us-68000-_JM#polycard_client=search-desktop&price_drop=not_apply&be_origin=backend&overlay_label=not_apply&search_layout=grid&position=20&type=item&tracking_id=2da077e6-1fa0-4dad-ba2c-602800fe5865&sid=search
221,MLA3727524862,almagro,almagro,93500.0,80.0,3.0,68.0,1168.75,1964.0,-40.5,True,False,True,False,1,False,False,0.92,https://departamento.mercadolibre.com.ar/MLA-3727524862-3-amb-dependencia-85-m-balcon-corrido-luminoso-almagro-_JM#polycard_client=search-desktop&price_drop=not_apply&be_origin=backend&overlay_label=not_apply&search_layout=grid&position=30&type=item&tracking_id=c6b34551-eb7c-4169-80fe-e928817e3ac9&sid=search
222,MLA3681141916,barracas,barracas,58500.0,68.0,2.0,50.0,860.2941176470588,1446.0,-40.5,True,True,False,False,1,False,False,1.0,https://departamento.mercadolibre.com.ar/MLA-3681141916-departamento-2-ambientes-barracas-venta-_JM#polycard_client=search-desktop&price_drop=not_apply&be_origin=backend&overlay_label=not_apply&search_layout=grid&position=44&type=item&tracking_id=b311d4ae-62d6-41c1-bf9a-c37903d677d6&sid=search
223,MLA3415296182,balvanera,balvanera_3,30000.0,24.0,1.0,10.0,1250.0,2099.0,-40.5,True,True,False,False,1,False,False,1.0,https://departamento.mercadolibre.com.ar/MLA-3415296182-oportunidad-deja-de-alquilar-y-compra-en-cuotas-_JM#polycard_client=search-desktop&price_drop=not_apply&be_origin=backend&overlay_label=not_apply&search_layout=grid&position=38&type=item&tracking_id=11e25eac-a1aa-428a-87fc-a1cd2cfbe142&sid=search
224,MLA1789736237,retiro,retiro_3,80000.0,55.0,1.0,2.0,1454.5454545454545,2443.0,-40.5,True,False,True,False,1,False,False,0.27,https://departamento.mercadolibre.com.ar/MLA-1789736237-en-venta-impecable-monoambiente-excelente-zona-_JM#polycard_client=search-desktop&price_drop=not_apply&be_origin=backend&overlay_label=not_apply&search_layout=grid&position=11&type=item&tracking_id=6a7b949f-ea63-4b50-9365-1555620a129b&sid=search
225,MLA2957655848,balvanera,balvanera_0,155000.0,184.0,7.0,60.0,842.3913043478261,1413.0,-40.4,True,False,True,False,1,False,False,0.96,https://departamento.mercadolibre.com.ar/MLA-2957655848-departamento-en-venta-7-ambientes-en-balvanera-oportunidad-_JM#polycard_client=search-desktop&price_drop=not_apply&be_origin=backend&overlay_label=not_apply&search_layout=grid&position=22&type=item&tracking_id=4b832ba2-95e8-4106-aaa7-a76202dc87d1&sid=search
226,MLA1673351313,san-telmo,san-telmo_3,89999.0,79.0,2.0,12.0,1139.227848101266,1911.0,-40.4,True,False,True,False,1,False,False,0.69,https://departamento.mercadolibre.com.ar/MLA-1673351313-cochabamba-al-400-san-telmo-loft-reciclado-a-nuevo-2-ambientes-grande-80-m2-piso-1-por-escalera-contrafrente-duplex-2-plantas-dormitorio-grande-en-l-ultra-luminoso-balcon-terraza-_JM#polycard_client=search-desktop&price_drop=not_apply&be_origin=backend&overlay_label=not_apply&search_layout=grid&position=28&type=item&tracking_id=073ea793-950a-4ca5-b0e5-cec00c3cbb55&sid=search
227,MLA1907933415,villa-crespo,villa-crespo_4,95000.0,41.0,1.0,10.0,2317.0731707317077,3881.0,-40.3,True,False,True,False,1,False,False,0.85,https://departamento.mercadolibre.com.ar/MLA-1907933415-departamento-en-villa-crespo-_JM#polycard_client=search-desktop&price_drop=not_apply&be_origin=backend&overlay_label=not_apply&search_layout=grid&position=37&type=item&tracking_id=08c769c7-c0a4-49ca-a87c-ed1fd8b1c8b0&sid=search
228,MLA3326600884,san-nicolas,san-nicolas,140000.0,141.0,11.0,100.0,992.9078014184396,1663.0,-40.3,True,True,False,False,1,False,False,0.42,https://departamento.mercadolibre.com.ar/MLA-3326600884-departamento-semipiso-en-venta-en-centro-capital-federal-buenos-aires-_JM#polycard_client=search-desktop&price_drop=not_apply&be_origin=backend&overlay_label=not_apply&search_layout=grid&position=45&type=item&tracking_id=c6ddcef5-2bc2-40f6-9fb6-7e5115678c62&sid=search
229,MLA1681454389,villa-lugano,villa-lugano_0,45000.0,48.0,3.0,40.0,937.5,1568.0,-40.2,True,False,True,False,1,False,False,1.0,https://departamento.mercadolibre.com.ar/MLA-1681454389-departamento-en-venta-en-villa-lugano-_JM#polycard_client=search-desktop&price_drop=not_apply&be_origin=backend&overlay_label=not_apply&search_layout=grid&position=15&type=item&tracking_id=7f46f9e1-632a-449d-8385-387827c2f3a7&sid=search
230,MLA1857301281,balvanera,balvanera_0,155000.0,160.0,6.0,40.0,968.75,1619.0,-40.2,True,False,True,False,1,False,False,0.96,https://departamento.mercadolibre.com.ar/MLA-1857301281-venta-departamento-en-balvanera-_JM#polycard_client=search-desktop&price_drop=not_apply&be_origin=backend&overlay_label=not_apply&search_layout=grid&position=16&type=item&tracking_id=de161138-d832-4990-b691-ad307b5872e0&sid=search
231,MLA1945493169,caballito,caballito,169000.0,122.0,3.0,68.0,1385.2459016393443,2313.0,-40.1,True,False,True,False,1,False,False,0.85,https://departamento.mercadolibre.com.ar/MLA-1945493169-venta-depto-3-amb-con-escritorio-cochera-y-patio-_JM#polycard_client=search-desktop&price_drop=not_apply&be_origin=backend&overlay_label=not_apply&search_layout=grid&position=41&type=item&tracking_id=1ab57a1f-c6c2-4c4d-bcb8-6b4e38798443&sid=search
232,MLA3113348386,la-boca,la-boca_2,40000.0,60.0,3.0,60.0,666.6666666666666,1113.0,-40.1,True,False,True,False,1,False,False,0.96,https://departamento.mercadolibre.com.ar/MLA-3113348386-departamento-3-ambientes-al-frente-en-la-boca-venta-_JM#polycard_client=search-desktop&price_drop=not_apply&be_origin=backend&overlay_label=not_apply&search_layout=grid&position=48&type=item&tracking_id=3f981589-12f0-4f73-8231-e8f7a70ead8c&sid=search
233,MLA3720668438,balvanera,balvanera_2,129000.0,146.0,4.0,98.0,883.5616438356165,1475.0,-40.1,True,False,True,False,1,False,False,0.88,https://departamento.mercadolibre.com.ar/MLA-3720668438-venta-departamento-4-ambientes-once-torre-saint-_JM#polycard_client=search-desktop&price_drop=not_apply&be_origin=backend&overlay_label=not_apply&search_layout=grid&position=24&type=item&tracking_id=3d634716-ce5e-4121-87d9-79526e4e8898&sid=search
234,MLA1937559149,almagro,almagro,120000.0,106.0,4.0,60.0,1132.0754716981132,1887.0,-40.0,True,True,False,False,1,False,False,0.46,https://departamento.mercadolibre.com.ar/MLA-1937559149-departamento-en-venta-en-almagro-capital-federal-buenos-aires-_JM#polycard_client=search-desktop&price_drop=not_apply&be_origin=backend&overlay_label=not_apply&search_layout=grid&position=33&type=item&tracking_id=63245dcc-8e13-44f7-82eb-6acc551b5d80&sid=search
235,MLA1797437739,recoleta,recoleta_1,105000.0,46.0,2.0,10.0,2282.608695652174,3804.0,-40.0,True,False,True,True,1,False,False,0.85,https://departamento.mercadolibre.com.ar/MLA-1797437739-departamento-en-venta-2-ambientes-en-recoleta-_JM#polycard_client=search-desktop&price_drop=true&be_origin=backend&overlay_label=not_apply&search_layout=grid&position=9&type=item&tracking_id=45a96349-6d1c-45e1-b209-1304b3c56d4b&sid=search
236,MLA1793356281,almagro,almagro,129000.0,110.0,3.0,,1172.7272727272727,1953.0,-39.9,True,False,True,False,1,False,False,0.27,https://departamento.mercadolibre.com.ar/MLA-1793356281-3-ambientes-con-dependencia-venta-almagro-ideal-inversor-oportunidad-_JM#polycard_client=search-desktop&price_drop=not_apply&be_origin=backend&overlay_label=not_apply&search_layout=grid&position=14&type=item&tracking_id=ad0f3ca1-380e-49e8-b481-551dfe6e9ea1&sid=search
237,MLA3726619240,palermo,palermo_2,98000.0,61.0,1.0,22.0,1606.5573770491803,2674.0,-39.9,True,True,False,False,1,False,False,0.88,https://departamento.mercadolibre.com.ar/MLA-3726619240-venta-departamento-monoambiente-en-palermo-terraza-y-quincho-propio-acepta-permuta-_JM#polycard_client=search-desktop&price_drop=not_apply&be_origin=backend&overlay_label=not_apply&search_layout=grid&position=9&type=item&tracking_id=2e80e577-a0ba-4a89-991a-50cc442ca46a&sid=search
238,MLA3791564448,saavedra,saavedra,585000.0,324.0,5.0,8.0,1805.555555555556,3005.0,-39.9,True,True,False,False,2,False,False,0.5,https://departamento.mercadolibre.com.ar/MLA-3791564448-venta-duplex-5-ambientes-en-saavedra-con-terraza-quincho-y-2-cocheras-_JM#polycard_client=search-desktop&float_highlight=recent_publication&price_drop=not_apply&be_origin=backend&overlay_label=not_apply&search_layout=grid&position=48&type=item&tracking_id=a5148f41-0ba7-469e-908b-022b6c554913&sid=search
239,MLA1783940705,monserrat,monserrat_3,110000.0,116.0,4.0,90.0,948.2758620689656,1577.0,-39.9,True,False,True,False,2,False,False,0.69,https://departamento.mercadolibre.com.ar/MLA-1783940705-cuatro-ambientes-tres-banos-cocina-y-baulera-_JM#polycard_client=search-desktop&price_drop=not_apply&be_origin=backend&overlay_label=not_apply&search_layout=grid&position=10&type=item&tracking_id=fc6602f9-8940-4545-9ddd-394929d560cb&sid=search
240,MLA1816608197,parque-chacabuco,parque-chacabuco,69000.0,40.0,1.0,4.0,1725.0,2868.0,-39.9,True,False,True,False,1,False,False,1.0,https://departamento.mercadolibre.com.ar/MLA-1816608197-departamento-2-ambientes-en-venta-parque-chacabuco-_JM#polycard_client=search-desktop&price_drop=not_apply&be_origin=backend&overlay_label=not_apply&search_layout=grid&position=17&type=item&tracking_id=af15e2f0-95d2-438d-b362-216d8441f472&sid=search
241,MLA3739774460,balvanera,balvanera_0,84000.0,99.0,4.0,45.0,848.4848484848485,1410.0,-39.8,True,False,True,False,1,False,False,0.88,https://departamento.mercadolibre.com.ar/MLA-3739774460-venta-dpto-4-ambientes-con-balcon-balvanera-_JM#polycard_client=search-desktop&price_drop=not_apply&be_origin=backend&overlay_label=not_apply&search_layout=grid&position=20&type=item&tracking_id=dd66a2f8-fa80-4fa8-b67c-799a218ab557&sid=search
242,MLA1771075001,mataderos,mataderos,85000.0,89.0,4.0,40.0,955.056179775281,1585.0,-39.8,True,False,True,False,1,False,False,1.0,https://departamento.mercadolibre.com.ar/MLA-1771075001-larraya-1700-mataderos-4amb-ccoch-u85000-apto-cred-_JM#polycard_client=search-desktop&price_drop=not_apply&be_origin=backend&overlay_label=not_apply&search_layout=grid&position=26&type=item&tracking_id=9766efc8-2c61-47b3-be83-ab01b2ee93b5&sid=search
243,MLA3129323116,mataderos,mataderos_3,125000.0,120.0,5.0,50.0,1041.6666666666667,1728.0,-39.7,True,True,False,False,1,False,False,0.77,https://departamento.mercadolibre.com.ar/MLA-3129323116--mira-esto-5-amb-balcon-terraza-frente-a-mts-alberdi-_JM#polycard_client=search-desktop&float_highlight=not_apply&price_drop=not_apply&be_origin=backend&overlay_label=not_apply&search_layout=grid&position=8&type=item&tracking_id=2f2f7182-abad-46f4-a241-fcf02fc303b2&sid=search
244,MLA1817884267,caballito,caballito,270000.0,221.0,5.0,44.0,1221.7194570135746,2025.0,-39.7,True,True,False,False,1,False,False,0.96,https://departamento.mercadolibre.com.ar/MLA-1817884267-departamento-a-la-venta-de-7-ambientes-en-flores-piso-entero-_JM#polycard_client=search-desktop&price_drop=not_apply&be_origin=backend&overlay_label=not_apply&search_layout=grid&position=33&type=item&tracking_id=a410d489-6a10-48a6-a96d-c4ebe647142a&sid=search
245,MLA3721455694,villa-soldati,villa-soldati,29000.0,51.0,3.0,40.0,568.6274509803922,943.0,-39.7,True,False,True,False,1,False,False,0.77,https://departamento.mercadolibre.com.ar/MLA-3721455694-venta-depto-3-amb-51-m2-en-pb-mariano-acosta-3500-_JM#polycard_client=search-desktop&price_drop=not_apply&be_origin=backend&overlay_label=not_apply&search_layout=grid&position=20&type=item&tracking_id=35baef4d-1ce4-4c1c-8fc4-11ee31c7901a&sid=search
246,MLA3241185712,parque-avellaneda,parque-avellaneda,65000.0,60.0,3.0,,1083.3333333333333,1795.0,-39.6,True,False,True,False,1,False,False,0.31,https://departamento.mercadolibre.com.ar/MLA-3241185712-departamento-en-venta-en-julio-omar-benitez-_JM#polycard_client=search-desktop&float_highlight=not_apply&price_drop=not_apply&be_origin=backend&overlay_label=not_apply&search_layout=grid&position=39&type=item&tracking_id=6130b092-24fe-4617-a409-682a9b9a62de&sid=search
247,MLA3740169852,villa-lugano,villa-lugano,46000.0,94.0,5.0,40.0,489.3617021276596,811.0,-39.6,True,True,False,False,1,False,False,0.96,https://departamento.mercadolibre.com.ar/MLA-3740169852-venta-departamento-5-ambientes-con-patio-cubierto-barrio-piedrabuena-_JM#polycard_client=search-desktop&price_drop=not_apply&be_origin=backend&overlay_label=not_apply&search_layout=grid&position=28&type=item&tracking_id=d32168ef-ddef-4383-a0f2-da3abf43f709&sid=search
248,MLA3429183294,flores,flores,150000.0,125.0,4.0,40.0,1200.0,1987.0,-39.6,True,True,False,False,1,False,False,0.96,https://departamento.mercadolibre.com.ar/MLA-3429183294-departamento-4-ambientes-con-dependencia-en-venta-en-av-nazca-al-400-flores-caba-_JM#polycard_client=search-desktop&price_drop=not_apply&be_origin=backend&overlay_label=not_apply&search_layout=grid&position=32&type=item&tracking_id=764a59e2-46be-44ee-b7f1-454321c53e3e&sid=search
249,MLA3719601768,retiro,retiro_4,60000.0,35.0,1.0,50.0,1714.2857142857142,2832.0,-39.5,True,False,True,False,1,False,True,0.77,https://departamento.mercadolibre.com.ar/MLA-3719601768-mono-con-renta-reciclado-en-planta-baja-al-frente-_JM#polycard_client=search-desktop&price_drop=not_apply&be_origin=backend&overlay_label=not_apply&search_layout=grid&position=29&type=item&tracking_id=0e4454df-c885-40b5-ae8a-6728924f3b70&sid=search
250,MLA1714700061,constitucion,constitucion_4,350000.0,486.0,,50.0,720.164609053498,1188.0,-39.4,True,True,False,False,1,False,False,0.88,https://departamento.mercadolibre.com.ar/MLA-1714700061-edificio-de-dptos-6-unidades-1-de-3-amb-y-5-de-2-amb-486-m-vta-en-block-constitucion-_JM#polycard_client=search-desktop&price_drop=not_apply&be_origin=backend&overlay_label=not_apply&search_layout=grid&position=6&type=item&tracking_id=94ca7fc9-72f8-4e84-bb98-4d0f3947a548&sid=search
251,MLA3353542160,palermo,palermo_3,248000.0,146.0,5.0,60.0,1698.6301369863013,2801.0,-39.4,True,False,True,False,1,False,False,0.92,https://departamento.mercadolibre.com.ar/MLA-3353542160-venta-semipiso-palermo-apto-credito-4-hab-patio-parrilla-oportunidad-_JM#polycard_client=search-desktop&price_drop=not_apply&be_origin=backend&overlay_label=not_apply&search_layout=grid&position=8&type=item&tracking_id=a3937b95-7838-4d0b-a4df-bc337b2be1e5&sid=search
252,MLA3720665384,recoleta,recoleta_4,63000.0,39.0,1.0,29.0,1615.3846153846157,2662.0,-39.3,True,False,True,False,1,False,False,0.81,https://departamento.mercadolibre.com.ar/MLA-3720665384-venta-monoambiente-39m2-recoleta-_JM#polycard_client=search-desktop&price_drop=not_apply&be_origin=backend&overlay_label=not_apply&search_layout=grid&position=7&type=item&tracking_id=6e8eadf1-25b5-4217-8b9f-da4ddd1006a7&sid=search
253,MLA1893735053,recoleta,recoleta_4,265000.0,174.0,5.0,70.0,1522.9885057471265,2509.0,-39.3,True,True,False,True,1,False,False,1.0,https://departamento.mercadolibre.com.ar/MLA-1893735053-departamento-triplex-en-recoleta-_JM#polycard_client=search-desktop&price_drop=true&be_origin=backend&overlay_label=not_apply&search_layout=grid&position=34&type=item&tracking_id=2b6976fc-dca2-4488-a272-40642232328f&sid=search
254,MLA1930165241,balvanera,balvanera,64900.0,61.0,3.0,,1063.9344262295083,1752.0,-39.3,True,False,True,False,1,True,False,0.77,https://departamento.mercadolibre.com.ar/MLA-1930165241-dpto-3-ambientes-en-venta-con-balcon-al-fte-ideal-para-refaccion-_JM#polycard_client=search-desktop&price_drop=not_apply&be_origin=backend&overlay_label=not_apply&search_layout=grid&position=32&type=item&tracking_id=4a68039c-b572-4beb-a1e7-9fde2928240a&sid=search
255,MLA3701719116,barracas,barracas_4,57000.0,49.0,3.0,50.0,1163.265306122449,1914.0,-39.2,True,False,True,False,1,False,False,0.88,https://departamento.mercadolibre.com.ar/MLA-3701719116-3-ambientes-con-balcon-_JM#polycard_client=search-desktop&price_drop=not_apply&be_origin=backend&overlay_label=not_apply&search_layout=grid&position=2&type=item&tracking_id=24bc2579-5430-461b-8b77-eed22d28eea8&sid=search
256,MLA3782906038,liniers,liniers_3,130000.0,109.0,4.0,50.0,1192.6605504587155,1962.0,-39.2,True,True,False,False,1,False,False,1.0,https://departamento.mercadolibre.com.ar/MLA-3782906038-departamento-en-venta-en-liniers-_JM#polycard_client=search-desktop&float_highlight=not_apply&price_drop=not_apply&be_origin=backend&overlay_label=not_apply&search_layout=grid&position=39&type=item&tracking_id=b842129f-753c-4619-be97-de15a57ac586&sid=search
257,MLA3415105568,san-nicolas,san-nicolas,93000.0,93.0,5.0,50.0,1000.0,1644.0,-39.2,True,False,True,True,2,False,False,0.92,https://departamento.mercadolibre.com.ar/MLA-3415105568-venta-departamento-5-ambientes-apto-profesional-en-san-nicolas-permuta-_JM#polycard_client=search-desktop&price_drop=true&be_origin=backend&overlay_label=not_apply&search_layout=grid&position=37&type=item&tracking_id=2724f35b-8367-4ca0-8461-1304c6671ec9&sid=search
258,MLA1945710443,palermo,palermo_3,80000.0,45.0,3.0,46.0,1777.7777777777778,2921.0,-39.1,True,False,True,False,1,False,False,0.77,https://departamento.mercadolibre.com.ar/MLA-1945710443-venta-departamento-de-3-ambientes-en-palermo-_JM#polycard_client=search-desktop&price_drop=not_apply&be_origin=backend&overlay_label=not_apply&search_layout=grid&position=11&type=item&tracking_id=fd71c04e-2036-4ce6-a9fb-be0e6c94f239&sid=search
259,MLA1945603029,parque-chacabuco,parque-chacabuco,80000.0,80.0,3.0,46.0,1000.0,1643.0,-39.1,True,False,True,False,1,False,False,0.85,https://departamento.mercadolibre.com.ar/MLA-1945603029-venta-departamento-3-ambientes-parque-chacabuco-_JM#polycard_client=search-desktop&price_drop=not_apply&be_origin=backend&overlay_label=not_apply&search_layout=grid&position=44&type=item&tracking_id=efdd351d-5f6d-42b0-8400-1687377f0803&sid=search
260,MLA3159827764,barracas,barracas_2,37000.0,31.0,1.0,20.0,1193.548387096774,1958.0,-39.0,True,False,True,False,1,False,False,0.96,https://departamento.mercadolibre.com.ar/MLA-3159827764-oportunidad-monoambiente-con-entrepiso-y-balcon--_JM#polycard_client=search-desktop&price_drop=not_apply&be_origin=backend&overlay_label=not_apply&search_layout=grid&position=35&type=item&tracking_id=9777c480-6961-454e-9a22-df9f34b92aea&sid=search
261,MLA3777875034,san-telmo,san-telmo_4,69000.0,69.0,3.0,61.0,1000.0,1638.0,-38.9,True,False,True,False,1,False,False,0.81,https://departamento.mercadolibre.com.ar/MLA-3777875034-venta-departamento-3-ambientes-en-san-telmo-balcon-_JM#polycard_client=search-desktop&float_highlight=recent_publication&price_drop=not_apply&be_origin=backend&overlay_label=not_apply&search_layout=grid&position=35&type=item&tracking_id=073ea793-950a-4ca5-b0e5-cec00c3cbb55&sid=search
262,MLA1971740119,flores,flores_0,120000.0,130.0,6.0,80.0,923.0769230769232,1511.0,-38.9,True,False,True,False,1,False,False,0.92,https://departamento.mercadolibre.com.ar/MLA-1971740119-oficina-6-amb-en-flores-con-entrada-independiente-en-pa-_JM#polycard_client=search-desktop&float_highlight=recent_publication&price_drop=not_apply&be_origin=backend&overlay_label=not_apply&search_layout=grid&position=28&type=item&tracking_id=a393b5bb-f504-4e8d-886b-c589f1f43c38&sid=search
263,MLA1727362773,caballito,caballito,186000.0,110.0,5.0,20.0,1690.909090909091,2767.0,-38.9,True,False,True,False,2,False,False,0.96,https://departamento.mercadolibre.com.ar/MLA-1727362773-venta-departamento-4-ambientes-dependencia-110m-balcon-al-frente-en-flores-cochera-fija-cubierta-_JM#polycard_client=search-desktop&float_highlight=not_apply&price_drop=not_apply&be_origin=backend&overlay_label=not_apply&search_layout=grid&position=45&type=item&tracking_id=07da5ad8-b845-4f5c-b52e-209ba0de2214&sid=search
264,MLA3769354802,nunez,nunez_1,140000.0,74.0,4.0,46.0,1891.891891891892,3093.0,-38.8,True,False,True,False,1,False,False,0.77,https://departamento.mercadolibre.com.ar/MLA-3769354802-venta-departamento-4-ambientes-nunez-cochera-_JM#polycard_client=search-desktop&float_highlight=recent_publication&price_drop=not_apply&be_origin=backend&overlay_label=not_apply&search_layout=grid&position=45&type=item&tracking_id=a8fc847b-abde-4e5d-b1a4-ec132e61b7f6&sid=search
265,MLA3336312536,almagro,almagro,60000.0,45.0,2.0,50.0,1333.3333333333333,2177.0,-38.8,True,False,True,False,1,False,False,0.96,https://departamento.mercadolibre.com.ar/MLA-3336312536-dos-ambientes-a-la-venta-en-pleno-barrio-de-almagro-_JM#polycard_client=search-desktop&price_drop=not_apply&be_origin=backend&overlay_label=not_apply&search_layout=grid&position=40&type=item&tracking_id=c12d49cb-7c9b-441d-988d-42e9fa31c769&sid=search
266,MLA2903530406,barrio-norte,barrio-norte_3,123000.0,89.0,4.0,50.0,1382.0224719101125,2254.0,-38.7,True,False,True,False,1,False,False,0.96,https://departamento.mercadolibre.com.ar/MLA-2903530406-departamento-en-venta-en-barrio-norte-caba-_JM#polycard_client=search-desktop&float_highlight=not_apply&price_drop=not_apply&be_origin=backend&overlay_label=not_apply&search_layout=grid&position=16&type=item&tracking_id=5ffc2dd4-bb0b-433a-893e-b13ae11d3986&sid=search
267,MLA3726620434,palermo,palermo_3,60000.0,34.0,1.0,46.0,1764.7058823529412,2876.0,-38.6,True,False,True,False,1,False,False,0.92,https://departamento.mercadolibre.com.ar/MLA-3726620434-monoambiente-dividido-con-patio-en-pb-en-palermo-_JM#polycard_client=search-desktop&price_drop=not_apply&be_origin=backend&overlay_label=not_apply&search_layout=grid&position=7&type=item&tracking_id=2e80e577-a0ba-4a89-991a-50cc442ca46a&sid=search
268,MLA3720095000,constitucion,constitucion,27900.0,36.0,1.0,76.0,775.0,1261.0,-38.5,True,False,True,False,1,False,False,0.77,https://departamento.mercadolibre.com.ar/MLA-3720095000-venta-monoambiente-dividido-entrepiso-constitucion-_JM#polycard_client=search-desktop&price_drop=not_apply&be_origin=backend&overlay_label=not_apply&search_layout=grid&position=22&type=item&tracking_id=92dd969b-c4f4-4ba8-94f0-bfe6e726ff52&sid=search
269,MLA2862177640,balvanera,balvanera_0,52000.0,49.0,2.0,,1061.2244897959183,1726.0,-38.5,True,False,True,False,1,False,False,0.35,https://departamento.mercadolibre.com.ar/MLA-2862177640-departamento-en-venta-en-lavalle-_JM#polycard_client=search-desktop&price_drop=not_apply&be_origin=backend&overlay_label=not_apply&search_layout=grid&position=16&type=item&tracking_id=9e4f3334-6b40-4ca9-a56f-b9aad726feaa&sid=search
270,MLA3588503270,recoleta,recoleta_3,220000.0,121.0,4.0,,1818.1818181818185,2952.0,-38.4,True,False,True,False,1,False,False,0.27,https://departamento.mercadolibre.com.ar/MLA-3588503270-se-vende-dpto-4-amb-con-cochera-en-recoleta-_JM#polycard_client=search-desktop&price_drop=not_apply&be_origin=backend&overlay_label=not_apply&search_layout=grid&position=47&type=item&tracking_id=2b6976fc-dca2-4488-a272-40642232328f&sid=search
271,MLA1732518891,recoleta,recoleta_3,220000.0,143.0,5.0,40.0,1538.4615384615386,2495.0,-38.3,True,False,True,False,2,False,False,0.46,https://departamento.mercadolibre.com.ar/MLA-1732518891-departamento-en-venta-en-recoleta-capital-federal-buenos-aires-_JM#polycard_client=search-desktop&float_highlight=not_apply&price_drop=not_apply&be_origin=backend&overlay_label=not_apply&search_layout=grid&position=30&type=item&tracking_id=2a5cbe09-c87d-450a-b232-7b97af670e9f&sid=search
272,MLA3576959072,flores,flores_0,150000.0,177.0,8.0,40.0,847.457627118644,1373.0,-38.3,True,False,True,False,1,False,False,0.69,https://departamento.mercadolibre.com.ar/MLA-3576959072-depto-tipo-ph-de-7-ambientes-con-patios-y-balcones-_JM#polycard_client=search-desktop&price_drop=not_apply&be_origin=backend&overlay_label=not_apply&search_layout=grid&position=40&type=item&tracking_id=75756deb-a5f7-4544-843e-eef4011bd7fc&sid=search
273,MLA3720663984,retiro,retiro_2,58000.0,41.0,1.0,40.0,1414.6341463414635,2292.0,-38.3,True,False,True,False,1,False,False,0.81,https://departamento.mercadolibre.com.ar/MLA-3720663984-monoambiente-en-venta-en-retiro-ideal-flipping-_JM#polycard_client=search-desktop&price_drop=not_apply&be_origin=backend&overlay_label=not_apply&search_layout=grid&position=8&type=item&tracking_id=aeec38f6-1ee9-4689-a949-e069297b710f&sid=search
274,MLA1833944243,monte-castro,monte-castro_2,140000.0,160.0,3.0,80.0,875.0,1417.0,-38.3,True,False,True,False,1,False,False,0.85,https://departamento.mercadolibre.com.ar/MLA-1833944243-oportunidad-valor-us-m2-875-venta-depto-3-amb-monte-castro-_JM#polycard_client=search-desktop&price_drop=not_apply&be_origin=backend&overlay_label=not_apply&search_layout=grid&position=18&type=item&tracking_id=25f1d988-af85-46e6-8078-b47d773f0528&sid=search
275,MLA3720665468,retiro,retiro_0,67000.0,45.0,1.0,71.0,1488.888888888889,2409.0,-38.2,True,False,True,False,2,False,False,0.77,https://departamento.mercadolibre.com.ar/MLA-3720665468-departamento-un-ambiente-divisible-en-retiro-_JM#polycard_client=search-desktop&price_drop=not_apply&be_origin=backend&overlay_label=not_apply&search_layout=grid&position=25&type=item&tracking_id=e8ecd553-6134-4b43-8f3d-0f8c9514ac1a&sid=search
276,MLA3740191894,la-boca,la-boca_4,40000.0,56.0,3.0,44.0,714.2857142857143,1155.0,-38.2,True,False,True,False,1,False,False,0.81,https://departamento.mercadolibre.com.ar/MLA-3740191894-venta-departamento-3-ambientes-la-boca-al-frente-_JM#polycard_client=search-desktop&price_drop=not_apply&be_origin=backend&overlay_label=not_apply&search_layout=grid&position=26&type=item&tracking_id=67d90d5c-fa97-4f2d-8976-9c5d60b0c01e&sid=search
277,MLA1983031041,puerto-madero,puerto-madero,450000.0,109.0,4.0,25.0,4128.440366972477,6676.0,-38.2,True,False,True,False,1,False,False,1.0,https://departamento.mercadolibre.com.ar/MLA-1983031041-en-venta-4-ambientes-cochera-doble-baulera-balcon-puerto-madero-caba-_JM#polycard_client=search-desktop&float_highlight=recent_publication&price_drop=not_apply&be_origin=backend&overlay_label=not_apply&search_layout=grid&position=16&type=item&tracking_id=c4f819a6-eb37-4219-b7fd-9cafda94fcfb&sid=search
278,MLA1852305343,recoleta,recoleta,240000.0,123.0,3.0,40.0,1951.219512195122,3154.0,-38.1,True,False,True,False,1,False,False,0.96,https://departamento.mercadolibre.com.ar/MLA-1852305343-departamento-venta-3-amb-frente-dependencia-espacio-guarda-coche-y-baulera-_JM#polycard_client=search-desktop&price_drop=not_apply&be_origin=backend&overlay_label=not_apply&search_layout=grid&position=26&type=item&tracking_id=2ddd2b84-f978-4489-bf4d-5829a89810fe&sid=search
279,MLA1852344945,villa-lugano,villa-lugano_4,125000.0,114.0,4.0,26.0,1096.491228070175,1771.0,-38.1,True,False,True,True,1,False,False,0.88,https://departamento.mercadolibre.com.ar/MLA-1852344945-venta-departamento-4-ambientes-con-cochera-_JM#polycard_client=search-desktop&price_drop=true&be_origin=backend&overlay_label=not_apply&search_layout=grid&position=26&type=item&tracking_id=47094cc6-4309-4916-bcff-e4bbdf38d8c7&sid=search
280,MLA1945484143,san-nicolas,san-nicolas,134900.0,136.0,5.0,50.0,991.9117647058824,1601.0,-38.0,True,False,True,False,1,False,False,0.85,https://departamento.mercadolibre.com.ar/MLA-1945484143-departamento-oficina-con-sala-de-reunion-piso-alto-_JM#polycard_client=search-desktop&price_drop=not_apply&be_origin=backend&overlay_label=not_apply&search_layout=grid&position=41&type=item&tracking_id=4ab16b8a-49c9-4b69-9bf4-f99bf0f164c9&sid=search
281,MLA3720661806,san-nicolas,san-nicolas,79000.0,81.0,4.0,41.0,975.3086419753088,1573.0,-38.0,True,True,False,False,1,False,False,0.81,https://departamento.mercadolibre.com.ar/MLA-3720661806-impecable-dpto-centro-amplio-bajas-expensas-_JM#polycard_client=search-desktop&price_drop=not_apply&be_origin=backend&overlay_label=not_apply&search_layout=grid&position=41&type=item&tracking_id=4d7ac638-8b13-41a3-8e54-6c03c504b726&sid=search
282,MLA1943942517,nunez,nunez,172000.0,77.0,2.0,20.0,2233.7662337662337,3603.0,-38.0,True,False,True,False,1,False,False,0.96,https://departamento.mercadolibre.com.ar/MLA-1943942517-venta-torre-libertador-2-ambientes-2banos-patio-terraza-propia-parrilla-amenities-luz-nunez-_JM#polycard_client=search-desktop&price_drop=not_apply&be_origin=backend&overlay_label=not_apply&search_layout=grid&position=9&type=item&tracking_id=ebfa18c7-3d4c-4a2c-8ef3-8375417dc451&sid=search
283,MLA1883545723,villa-luro,villa-luro,34000.0,28.0,1.0,40.0,1214.2857142857142,1958.0,-38.0,True,False,True,False,1,True,False,0.77,https://departamento.mercadolibre.com.ar/MLA-1883545723-departamento-en-villa-luro-1-amb-28-mts-a-refaccionar-_JM#polycard_client=search-desktop&price_drop=not_apply&be_origin=backend&overlay_label=not_apply&search_layout=grid&position=21&type=item&tracking_id=1ec5766e-8bf6-4c9a-8abb-f8ce4e97f213&sid=search
284,MLA1658658383,liniers,liniers,70000.0,80.0,3.0,50.0,875.0,1410.0,-38.0,True,False,True,False,1,False,False,0.54,https://departamento.mercadolibre.com.ar/MLA-1658658383-departamento-en-venta-en-liniers-capital-federal-_JM#polycard_client=search-desktop&float_highlight=not_apply&price_drop=not_apply&be_origin=backend&overlay_label=not_apply&search_layout=grid&position=22&type=item&tracking_id=0db82592-827a-4280-a710-4a070938b193&sid=search
285,MLA3375173924,barracas,barracas_2,73900.0,71.0,5.0,40.0,1040.8450704225352,1677.0,-37.9,True,False,True,False,1,False,False,0.92,https://departamento.mercadolibre.com.ar/MLA-3375173924-venta-departamento-4-amb-barracas-imperdible-oportunidad-_JM#polycard_client=search-desktop&price_drop=not_apply&be_origin=backend&overlay_label=not_apply&search_layout=grid&position=33&type=item&tracking_id=a02ea609-32eb-433d-ad55-8fc5097af430&sid=search
286,MLA3291138776,la-boca,la-boca_2,38000.0,51.0,2.0,65.0,745.0980392156863,1200.0,-37.9,True,False,True,False,1,False,False,0.54,https://departamento.mercadolibre.com.ar/MLA-3291138776-2-ambientes-al-frente-con-balcon-en-venta-barrio-la-boca-_JM#polycard_client=search-desktop&price_drop=not_apply&be_origin=backend&overlay_label=not_apply&search_layout=grid&position=39&type=item&tracking_id=3f981589-12f0-4f73-8231-e8f7a70ead8c&sid=search
287,MLA2810619722,nunez,nunez,175900.0,113.0,4.0,40.0,1556.6371681415928,2506.0,-37.9,True,False,True,False,2,False,False,0.81,https://departamento.mercadolibre.com.ar/MLA-2810619722-departamento-nunez-_JM#polycard_client=search-desktop&price_drop=not_apply&be_origin=backend&overlay_label=not_apply&search_layout=grid&position=16&type=item&tracking_id=dfdab19e-a213-4e3f-98c2-308d55f50790&sid=search
288,MLA1899506995,villa-urquiza,villa-urquiza,54000.0,22.0,1.0,5.0,2454.5454545454545,3951.0,-37.9,True,False,True,True,1,False,False,0.19,https://departamento.mercadolibre.com.ar/MLA-1899506995-villa-urquiza-monoambiente-pb-frente-22m2-5-anos-semi-estrenar-luminoso-_JM#polycard_client=search-desktop&price_drop=true&be_origin=backend&overlay_label=not_apply&search_layout=grid&position=12&type=item&tracking_id=b844170b-bace-47a2-816b-3cb4aa5ae2a0&sid=search
289,MLA1866643947,mataderos,mataderos_0,92000.0,95.0,4.0,35.0,968.421052631579,1559.0,-37.9,True,False,True,False,1,False,False,0.92,https://departamento.mercadolibre.com.ar/MLA-1866643947-departamento-en-venta-en-mataderos-_JM#polycard_client=search-desktop&price_drop=not_apply&be_origin=backend&overlay_label=not_apply&search_layout=grid&position=36&type=item&tracking_id=2f2f7182-abad-46f4-a241-fcf02fc303b2&sid=search
290,MLA2736066210,caballito,caballito,72000.0,43.0,1.0,10.0,1674.4186046511627,2695.0,-37.9,True,False,True,False,1,False,False,1.0,https://departamento.mercadolibre.com.ar/MLA-2736066210-venta-departamento-1-dormitorio-caballito-_JM#polycard_client=search-desktop&price_drop=not_apply&be_origin=backend&overlay_label=not_apply&search_layout=grid&position=7&type=item&tracking_id=9173becf-d5cc-44eb-864a-4a148c846e85&sid=search
291,MLA3724729088,belgrano,belgrano,360000.0,170.0,4.0,40.0,2117.6470588235293,3406.0,-37.8,True,False,True,False,1,False,False,0.96,https://departamento.mercadolibre.com.ar/MLA-3724729088-departamento-en-venta-en-belgrano-_JM#polycard_client=search-desktop&price_drop=not_apply&be_origin=backend&overlay_label=not_apply&search_layout=grid&position=37&type=item&tracking_id=fd797eca-7dcb-42a8-833d-5ab172aa0ac9&sid=search
292,MLA2864143022,boedo,boedo_4,54000.0,50.0,2.0,30.0,1080.0,1737.0,-37.8,True,False,True,False,1,False,False,0.85,https://departamento.mercadolibre.com.ar/MLA-2864143022-salcedo-3500-boedo-2amb-u54000-_JM#polycard_client=search-desktop&float_highlight=not_apply&price_drop=not_apply&be_origin=backend&overlay_label=not_apply&search_layout=grid&position=37&type=item&tracking_id=af7ee175-9ce2-4d3d-a323-7d00522772ee&sid=search
293,MLA2746462602,villa-urquiza,villa-urquiza,98999.0,55.0,2.0,4.0,1799.9818181818182,2894.0,-37.8,True,False,True,False,1,False,False,0.19,https://departamento.mercadolibre.com.ar/MLA-2746462602-depto-en-venta-luminoso-2-ambientes-con-cochera-y-baulera-vista-abierta-_JM#polycard_client=search-desktop&price_drop=not_apply&be_origin=backend&overlay_label=not_apply&search_layout=grid&position=9&type=item&tracking_id=2e49e9f3-ec59-40ee-b704-d6d1219b9608&sid=search
294,MLA1818128323,flores,flores,315000.0,277.0,5.0,45.0,1137.1841155234656,1827.0,-37.8,True,False,True,False,1,False,False,0.92,https://departamento.mercadolibre.com.ar/MLA-1818128323-departamento-en-venta-de-5-ambientes-duplex-con-2-cocheras-en-flores-apto-credito-_JM#polycard_client=search-desktop&price_drop=not_apply&be_origin=backend&overlay_label=not_apply&search_layout=grid&position=30&type=item&tracking_id=6ba67f02-fbb6-4195-853c-df8c14d974b7&sid=search
295,MLA3720659630,san-telmo,san-telmo_4,139000.0,150.0,5.0,71.0,926.6666666666666,1489.0,-37.7,True,False,True,False,1,False,False,0.88,https://departamento.mercadolibre.com.ar/MLA-3720659630-venta-departamento-de-epoca-san-telmo-_JM#polycard_client=search-desktop&price_drop=not_apply&be_origin=backend&overlay_label=not_apply&search_layout=grid&position=21&type=item&tracking_id=36ea6b35-bd37-4469-9302-b99fab6fd994&sid=search
296,MLA3249983696,balvanera,balvanera,149000.0,190.0,10.0,100.0,784.2105263157895,1259.0,-37.7,True,True,False,False,1,False,False,1.0,https://departamento.mercadolibre.com.ar/MLA-3249983696-vende-departamento-en-oportunidad-en-balvanera-_JM#polycard_client=search-desktop&price_drop=not_apply&be_origin=backend&overlay_label=not_apply&search_layout=grid&position=48&type=item&tracking_id=de161138-d832-4990-b691-ad307b5872e0&sid=search
297,MLA1671590647,barrio-norte,barrio-norte_3,499000.0,234.0,6.0,25.0,2132.4786324786323,3422.0,-37.7,True,False,True,False,1,False,False,0.85,https://departamento.mercadolibre.com.ar/MLA-1671590647-marcelo-t-de-alvear-fabulosa-vista-en-duplex-_JM#polycard_client=search-desktop&price_drop=not_apply&be_origin=backend&overlay_label=not_apply&search_layout=grid&position=3&type=item&tracking_id=01b7d9e2-9d4c-4b83-847a-f4389dbfb21a&sid=search
298,MLA3683669678,barracas,barracas,50000.0,50.0,2.0,40.0,1000.0,1603.0,-37.6,True,False,True,False,1,False,False,0.92,https://departamento.mercadolibre.com.ar/MLA-3683669678-departamento-en-barracas-_JM#polycard_client=search-desktop&price_drop=not_apply&be_origin=backend&overlay_label=not_apply&search_layout=grid&position=36&type=item&tracking_id=f4a18a07-2478-4044-a485-83238a0836ce&sid=search
299,MLA3707282052,mataderos,mataderos_0,62000.0,60.0,3.0,40.0,1033.3333333333333,1656.0,-37.6,True,True,False,True,2,False,False,1.0,https://departamento.mercadolibre.com.ar/MLA-3707282052-departamento-en-venta-3-ambientes-apto-credito-mataderos-_JM#polycard_client=search-desktop&price_drop=true&be_origin=backend&overlay_label=not_apply&search_layout=grid&position=48&type=item&tracking_id=a90459bf-3b03-47b9-b2ca-642f3e3f080b&sid=search
300,MLA3500923584,recoleta,recoleta_1,420000.0,204.0,8.0,50.0,2058.823529411765,3299.0,-37.6,True,True,False,False,1,False,False,1.0,https://departamento.mercadolibre.com.ar/MLA-3500923584-venta-departamento-4-dormitorios-vista-panoramica-recoleta-_JM#polycard_client=search-desktop&price_drop=not_apply&be_origin=backend&overlay_label=not_apply&search_layout=grid&position=5&type=item&tracking_id=8eba97a3-ef44-4244-8756-a5822ca6cc4d&sid=search
301,MLA3719602022,recoleta,recoleta_1,570000.0,269.0,8.0,63.0,2118.9591078066915,3392.0,-37.5,True,False,True,False,3,True,False,0.81,https://departamento.mercadolibre.com.ar/MLA-3719602022-venta-depto-duplex-8-ambientes-recoleta-a-reciclar-_JM#polycard_client=search-desktop&price_drop=not_apply&be_origin=backend&overlay_label=not_apply&search_layout=grid&position=18&type=item&tracking_id=6e8eadf1-25b5-4217-8b9f-da4ddd1006a7&sid=search
302,MLA1614075571,liniers,liniers_2,230000.0,190.0,5.0,44.0,1210.5263157894738,1937.0,-37.5,True,False,True,False,1,False,False,0.88,https://departamento.mercadolibre.com.ar/MLA-1614075571-departamento-en-venta-en-liniers-_JM#polycard_client=search-desktop&price_drop=not_apply&be_origin=backend&overlay_label=not_apply&search_layout=grid&position=45&type=item&tracking_id=0db82592-827a-4280-a710-4a070938b193&sid=search
303,MLA3796281466,parque-chacabuco,parque-chacabuco,189000.0,100.0,4.0,5.0,1890.0,3023.0,-37.5,True,True,False,False,1,False,False,0.73,https://departamento.mercadolibre.com.ar/MLA-3796281466-venta-departamento-en-parque-patricios-apto-credito-_JM#polycard_client=search-desktop&float_highlight=recent_publication&price_drop=not_apply&be_origin=backend&overlay_label=not_apply&search_layout=grid&position=17&type=item&tracking_id=186f6f09-7a63-4aca-9b77-4a487eab6762&sid=search
304,MLA3810993822,villa-santa-rita,villa-santa-rita,52000.0,42.0,1.0,26.0,1238.095238095238,1977.0,-37.4,True,False,True,False,1,False,False,0.46,https://departamento.mercadolibre.com.ar/MLA-3810993822-departamento-en-venta-en-villa-santa-rita-capital-federal-buenos-aires-_JM#polycard_client=search-desktop&float_highlight=recent_publication&price_drop=not_apply&be_origin=backend&overlay_label=not_apply&search_layout=grid&position=29&type=item&tracking_id=66eb8cb0-642c-4c83-8a33-988072121750&sid=search
305,MLA3466522720,paternal,paternal_1,155000.0,150.0,7.0,71.0,1033.3333333333333,1650.0,-37.4,True,False,True,False,1,False,False,0.73,https://departamento.mercadolibre.com.ar/MLA-3466522720-departamento-ph-7-amb-unidad-extra-y-espacio-paternal-caba-_JM#polycard_client=search-desktop&price_drop=not_apply&be_origin=backend&overlay_label=not_apply&search_layout=grid&position=3&type=item&tracking_id=8b300fd5-9e6d-4b29-a346-35f02ae4b5f1&sid=search
306,MLA1967454789,constitucion,constitucion,58000.0,73.0,4.0,,794.5205479452055,1268.0,-37.4,True,False,True,False,1,False,False,0.38,https://departamento.mercadolibre.com.ar/MLA-1967454789-departamento-4-ambientes-dueno-directo-_JM#polycard_client=search-desktop&price_drop=not_apply&be_origin=backend&overlay_label=not_apply&search_layout=grid&position=21&type=item&tracking_id=4e71d895-470c-4de4-bb00-dd0f11799729&sid=search
307,MLA2898484546,retiro,retiro_0,65000.0,30.0,1.0,1.0,2166.6666666666665,3459.0,-37.4,True,False,True,False,1,False,False,0.42,https://departamento.mercadolibre.com.ar/MLA-2898484546-departamento-monoambiente-en-venta-en-retiro-capital-federal-buenos-aires-_JM#polycard_client=search-desktop&price_drop=not_apply&be_origin=backend&overlay_label=not_apply&search_layout=grid&position=10&type=item&tracking_id=853face9-e8ce-40c3-816d-4db7c1961e15&sid=search
308,MLA3540408048,liniers,liniers_3,130000.0,109.0,4.0,50.0,1192.6605504587155,1904.0,-37.4,True,False,True,True,1,False,False,0.88,https://departamento.mercadolibre.com.ar/MLA-3540408048-departamento-en-venta-en-liniers-_JM#polycard_client=search-desktop&price_drop=true&be_origin=backend&overlay_label=not_apply&search_layout=grid&position=33&type=item&tracking_id=0db82592-827a-4280-a710-4a070938b193&sid=search
309,MLA1981336467,nunez,nunez_0,87000.0,53.0,2.0,45.0,1641.5094339622642,2620.0,-37.4,True,False,True,False,1,False,False,0.96,https://departamento.mercadolibre.com.ar/MLA-1981336467-venta-nunez-2-ambientes-amplio-con-balcon-al-frente-muy-luminoso-_JM#polycard_client=search-desktop&float_highlight=recent_publication&price_drop=not_apply&be_origin=backend&overlay_label=not_apply&search_layout=grid&position=46&type=item&tracking_id=4708f05b-1125-447a-ac73-bd863ed8930c&sid=search
310,MLA3046068462,recoleta,recoleta_4,63500.0,40.0,1.0,30.0,1587.5,2534.0,-37.3,True,False,True,False,2,False,False,0.96,https://departamento.mercadolibre.com.ar/MLA-3046068462-parana-800-recoleta-1amb-u63500-_JM#polycard_client=search-desktop&float_highlight=not_apply&price_drop=not_apply&be_origin=backend&overlay_label=not_apply&search_layout=grid&position=27&type=item&tracking_id=647eae91-c683-4e17-b0b0-201f8f247124&sid=search
311,MLA1873584527,balvanera,balvanera_2,119000.0,121.0,4.0,40.0,983.4710743801652,1570.0,-37.3,True,False,True,False,1,False,False,0.88,https://departamento.mercadolibre.com.ar/MLA-1873584527-departamento-4-ambientes-con-dependencia-en-venta-balvanera-_JM#polycard_client=search-desktop&price_drop=not_apply&be_origin=backend&overlay_label=not_apply&search_layout=grid&position=47&type=item&tracking_id=e9139e20-b9c5-4aa0-9e7d-bea56f01d855&sid=search
312,MLA1919379415,parque-patricios,parque-patricios,58000.0,56.0,3.0,50.0,1035.7142857142858,1653.0,-37.3,True,True,False,False,1,False,False,0.88,https://departamento.mercadolibre.com.ar/MLA-1919379415-venta-departamento-3-ambientes-con-balcon-corrido-piso-19-vista-abierta-parque-patricios-_JM#polycard_client=search-desktop&price_drop=not_apply&be_origin=backend&overlay_label=not_apply&search_layout=grid&position=31&type=item&tracking_id=069bf32f-7e7b-496b-835b-dc5469ae8d00&sid=search
313,MLA3260575592,constitucion,constitucion_3,89000.0,145.0,4.0,65.0,613.7931034482758,979.0,-37.3,True,False,True,False,1,False,False,0.88,https://departamento.mercadolibre.com.ar/MLA-3260575592-departamento-tipo-casa-4-ambientes-en-constitucion-venta-_JM#polycard_client=search-desktop&price_drop=not_apply&be_origin=backend&overlay_label=not_apply&search_layout=grid&position=12&type=item&tracking_id=a60f14bb-83a1-46ad-9b12-fc519685ef1a&sid=search
314,MLA1935501235,villa-urquiza,villa-urquiza_2,89000.0,47.0,2.0,12.0,1893.617021276596,3020.0,-37.3,True,False,True,False,2,False,False,0.92,https://departamento.mercadolibre.com.ar/MLA-1935501235-departamento-en-venta-duplex-con-balcon-_JM#polycard_client=search-desktop&price_drop=not_apply&be_origin=backend&overlay_label=not_apply&search_layout=grid&position=6&type=item&tracking_id=97d48c05-7871-43aa-8748-2e524acbbf88&sid=search
315,MLA1945711245,parque-chacabuco,parque-chacabuco,65000.0,51.0,3.0,16.0,1274.5098039215686,2032.0,-37.3,True,False,True,False,1,False,False,0.88,https://departamento.mercadolibre.com.ar/MLA-1945711245-venta-depto-3-amb-parque-chacabuco-caba-_JM#polycard_client=search-desktop&price_drop=not_apply&be_origin=backend&overlay_label=not_apply&search_layout=grid&position=34&type=item&tracking_id=efdd351d-5f6d-42b0-8400-1687377f0803&sid=search
316,MLA1971953117,villa-lugano,villa-lugano_3,32000.0,50.0,3.0,29.0,640.0,1020.0,-37.3,True,False,True,False,1,False,False,0.92,https://departamento.mercadolibre.com.ar/MLA-1971953117-departamento-en-villa-lugano-_JM#polycard_client=search-desktop&price_drop=not_apply&be_origin=backend&overlay_label=not_apply&search_layout=grid&position=15&type=item&tracking_id=785835d6-def5-497b-9abc-6b433a9a4783&sid=search
317,MLA3791376602,san-telmo,san-telmo_2,65000.0,65.0,2.0,80.0,1000.0,1594.0,-37.3,True,False,True,False,1,False,False,0.42,https://departamento.mercadolibre.com.ar/MLA-3791376602-departamento-2-ambientes-en-venta-san-telmo-_JM#polycard_client=search-desktop&float_highlight=recent_publication&price_drop=not_apply&be_origin=backend&overlay_label=not_apply&search_layout=grid&position=30&type=item&tracking_id=073ea793-950a-4ca5-b0e5-cec00c3cbb55&sid=search
318,MLA3518863890,puerto-madero,puerto-madero,500000.0,119.0,4.0,12.0,4201.680672268908,6697.0,-37.3,True,False,True,False,1,False,False,0.69,https://departamento.mercadolibre.com.ar/MLA-3518863890-excelente-departamento-de-4-ambientes-con-cochera-en-terrazas-del-dique-_JM#polycard_client=search-desktop&price_drop=not_apply&be_origin=backend&overlay_label=not_apply&search_layout=grid&position=37&type=item&tracking_id=f3515b1c-c26a-4265-ad2b-e0c6934ae21f&sid=search
319,MLA3739773958,palermo,palermo,89000.0,55.0,2.0,40.0,1618.1818181818182,2577.0,-37.2,True,False,True,False,1,False,False,0.88,https://departamento.mercadolibre.com.ar/MLA-3739773958-depto-tipo-casa-en-pringles-y-av-cordoba-55-m2-patio-cocina-comedor-_JM#polycard_client=search-desktop&price_drop=not_apply&be_origin=backend&overlay_label=not_apply&search_layout=grid&position=10&type=item&tracking_id=18f98813-b29f-42f3-9fbd-47258e8d6119&sid=search
320,MLA1945492939,barracas,barracas_2,60000.0,58.0,3.0,56.0,1034.4827586206898,1647.0,-37.2,True,False,True,False,1,False,False,0.81,https://departamento.mercadolibre.com.ar/MLA-1945492939-3-amb-en-barracas-vista-abierta-oportunidad-_JM#polycard_client=search-desktop&price_drop=not_apply&be_origin=backend&overlay_label=not_apply&search_layout=grid&position=29&type=item&tracking_id=c13089e2-c03e-4b53-b8f6-2d588029b8f1&sid=search
321,MLA3798896024,parque-patricios,parque-patricios,169000.0,110.0,4.0,5.0,1536.3636363636365,2444.0,-37.1,True,True,False,False,2,False,False,0.73,https://departamento.mercadolibre.com.ar/MLA-3798896024-venta-departamento-en-parque-patricios-apto-credito-_JM#polycard_client=search-desktop&float_highlight=recent_publication&price_drop=not_apply&be_origin=backend&overlay_label=not_apply&search_layout=grid&position=45&type=item&tracking_id=d8c21601-6a4f-4241-a8ae-240e3ae4929f&sid=search
322,MLA1945603931,san-telmo,san-telmo_3,74000.0,51.0,3.0,16.0,1450.9803921568628,2309.0,-37.1,True,False,True,False,1,False,False,0.81,https://departamento.mercadolibre.com.ar/MLA-1945603931-departamento-san-telmo-3-ambientes-con-balcon-_JM#polycard_client=search-desktop&price_drop=not_apply&be_origin=backend&overlay_label=not_apply&search_layout=grid&position=42&type=item&tracking_id=aac50554-8e93-4043-885a-a3ef1ed29257&sid=search
323,MLA1847461325,villa-del-parque,villa-del-parque,65000.0,48.0,2.0,36.0,1354.1666666666667,2154.0,-37.1,True,True,False,False,1,False,False,0.73,https://departamento.mercadolibre.com.ar/MLA-1847461325-departamento-2-ambientes-en-venta-villa-del-parque-_JM#polycard_client=search-desktop&price_drop=not_apply&be_origin=backend&overlay_label=not_apply&search_layout=grid&position=32&type=item&tracking_id=25a4cc7b-09d0-4f4d-b668-489d685dc174&sid=search
324,MLA3770972352,floresta,floresta_4,124900.0,97.0,4.0,47.0,1287.6288659793815,2048.0,-37.1,True,False,True,False,1,False,False,0.92,https://departamento.mercadolibre.com.ar/MLA-3770972352-venta-departamento-4-ambientes-en-floresta-_JM#polycard_client=search-desktop&float_highlight=recent_publication&price_drop=not_apply&be_origin=backend&overlay_label=not_apply&search_layout=grid&position=39&type=item&tracking_id=f600993a-f226-460b-a01f-bebf13cbdf51&sid=search
325,MLA2966523532,almagro,almagro,110000.0,100.0,5.0,70.0,1100.0,1750.0,-37.1,True,False,True,False,1,False,False,0.38,https://departamento.mercadolibre.com.ar/MLA-2966523532-almagro-boedo-y-rivadavia-_JM#polycard_client=search-desktop&price_drop=not_apply&be_origin=backend&overlay_label=not_apply&search_layout=grid&position=33&type=item&tracking_id=d50035c8-9174-4320-97ef-cd857c2682d0&sid=search
326,MLA1853124065,almagro,almagro,100000.0,85.0,4.0,50.0,1176.470588235294,1871.0,-37.1,True,False,True,False,1,False,False,0.27,https://departamento.mercadolibre.com.ar/MLA-1853124065-almagro-boedo-y-rivadavia-_JM#polycard_client=search-desktop&price_drop=not_apply&be_origin=backend&overlay_label=not_apply&search_layout=grid&position=25&type=item&tracking_id=d50035c8-9174-4320-97ef-cd857c2682d0&sid=search
327,MLA3475786468,almagro,almagro,95000.0,74.0,3.0,,1283.7837837837835,2042.0,-37.1,True,False,True,True,1,False,False,0.35,https://departamento.mercadolibre.com.ar/MLA-3475786468-en-el-corazon-de-almagro-sobre-la-emblematica-calle-boedo-se-presenta-una-excelente-oportunidad-de-inversion-con-este-departamento-en-venta-a-un-precio-atractivo-_JM#polycard_client=search-desktop&price_drop=true&be_origin=backend&overlay_label=not_apply&search_layout=grid&position=27&type=item&tracking_id=d50035c8-9174-4320-97ef-cd857c2682d0&sid=search
328,MLA1864347611,san-nicolas,san-nicolas,93000.0,88.0,4.0,70.0,1056.8181818181818,1680.0,-37.1,True,False,True,False,1,False,False,1.0,https://departamento.mercadolibre.com.ar/MLA-1864347611-oportunidad-excelente-semipiso-a-2-cuadras-del-obelisco-_JM#polycard_client=search-desktop&price_drop=not_apply&be_origin=backend&overlay_label=not_apply&search_layout=grid&position=46&type=item&tracking_id=2578b91c-dc41-4ba0-8bc9-8c3d7a8b4371&sid=search
329,MLA2600233620,almagro,almagro,91000.0,82.0,3.0,40.0,1109.7560975609756,1763.0,-37.0,True,False,True,False,1,False,False,0.96,https://departamento.mercadolibre.com.ar/MLA-2600233620-departamento-en-venta-en-almagro-_JM#polycard_client=search-desktop&float_highlight=not_apply&price_drop=not_apply&be_origin=backend&overlay_label=not_apply&search_layout=grid&position=9&type=item&tracking_id=d50035c8-9174-4320-97ef-cd857c2682d0&sid=search
330,MLA3514612332,villa-urquiza,villa-urquiza_4,69000.0,35.0,1.0,4.0,1971.4285714285716,3130.0,-37.0,True,False,True,False,1,False,False,1.0,https://departamento.mercadolibre.com.ar/MLA-3514612332-venta-departamento-monoambiente-35-metros-con-baulera-parque-chas-_JM#polycard_client=search-desktop&price_drop=not_apply&be_origin=backend&overlay_label=not_apply&search_layout=grid&position=38&type=item&tracking_id=bb5c425b-ef03-4908-b0e3-7fa3e46451d4&sid=search
331,MLA3404457532,recoleta,recoleta_3,260000.0,134.0,5.0,50.0,1940.2985074626863,3081.0,-37.0,True,False,True,False,1,False,False,0.92,https://departamento.mercadolibre.com.ar/MLA-3404457532-departamento-4-amb-c-dep-en-recoleta-_JM#polycard_client=search-desktop&price_drop=not_apply&be_origin=backend&overlay_label=not_apply&search_layout=grid&position=14&type=item&tracking_id=3513baff-203a-4c79-afcd-4f2927d8203d&sid=search
332,MLA1805876269,balvanera,balvanera_0,63000.0,43.0,1.0,5.0,1465.1162790697674,2326.0,-37.0,True,False,True,True,1,False,False,0.92,https://departamento.mercadolibre.com.ar/MLA-1805876269-monoambiente-amplio-en-venta-balvanera-tucuman-design-_JM#polycard_client=search-desktop&price_drop=true&be_origin=backend&overlay_label=not_apply&search_layout=grid&position=47&type=item&tracking_id=feaf20cd-c80d-4405-8707-aab5d7964713&sid=search
333,MLA3762943840,san-telmo,san-telmo_4,60000.0,66.0,3.0,60.0,909.0909090909092,1443.0,-37.0,True,False,True,False,1,False,False,0.96,https://departamento.mercadolibre.com.ar/MLA-3762943840-venta-departamento-3-ambientes-en-san-telmo-_JM#polycard_client=search-desktop&float_highlight=recent_publication&price_drop=not_apply&be_origin=backend&overlay_label=not_apply&search_layout=grid&position=35&type=item&tracking_id=6b256ce6-3714-432b-b84d-fff9d6918655&sid=search
334,MLA3658622418,barracas,barracas_2,82000.0,69.0,4.0,45.0,1188.4057971014493,1886.0,-37.0,True,False,True,False,1,False,False,0.96,https://departamento.mercadolibre.com.ar/MLA-3658622418-rocha-1600-barracas-4amb-u82000-apto-prof-_JM#polycard_client=search-desktop&float_highlight=not_apply&price_drop=not_apply&be_origin=backend&overlay_label=not_apply&search_layout=grid&position=27&type=item&tracking_id=b40b62ff-6787-44c4-a166-68b179683cc0&sid=search
335,MLA1967444703,san-telmo,san-telmo,115000.0,105.0,4.0,70.0,1095.2380952380952,1738.0,-37.0,True,True,False,False,1,True,False,1.0,https://departamento.mercadolibre.com.ar/MLA-1967444703-oportunidad-venta-departamento-a-reciclar-apto-credito-san-telmo-_JM#polycard_client=search-desktop&float_highlight=recent_publication&price_drop=not_apply&be_origin=backend&overlay_label=not_apply&search_layout=grid&position=3&type=item&tracking_id=6b256ce6-3714-432b-b84d-fff9d6918655&sid=search
336,MLA1935416123,recoleta,recoleta_2,110000.0,80.0,3.0,50.0,1375.0,2181.0,-36.9,True,False,True,False,1,False,False,0.38,https://departamento.mercadolibre.com.ar/MLA-1935416123-departamento-en-venta-en-recoleta-capital-federal-buenos-aires-_JM#polycard_client=search-desktop&price_drop=not_apply&be_origin=backend&overlay_label=not_apply&search_layout=grid&position=41&type=item&tracking_id=857f3918-b69b-4307-b77a-9303bf3046f3&sid=search
337,MLA1907650061,barracas,barracas_2,55000.0,63.0,3.0,86.0,873.015873015873,1385.0,-36.9,True,False,True,False,1,True,False,0.92,https://departamento.mercadolibre.com.ar/MLA-1907650061-venta-ph-3-ambientes-a-reciclar-con-terraza-y-entrepiso-_JM#polycard_client=search-desktop&price_drop=not_apply&be_origin=backend&overlay_label=not_apply&search_layout=grid&position=23&type=item&tracking_id=24bc2579-5430-461b-8b77-eed22d28eea8&sid=search
338,MLA3470562680,villa-general-mitre,villa-general-mitre,69000.0,60.0,3.0,,1150.0,1823.0,-36.9,True,False,True,False,1,False,False,0.23,https://departamento.mercadolibre.com.ar/MLA-3470562680-se-vende-dpto-3-amb-en-villa-mitre-_JM#polycard_client=search-desktop&price_drop=not_apply&be_origin=backend&overlay_label=not_apply&search_layout=grid&position=4&type=item&tracking_id=c4fe4bf6-74c3-4ed0-8019-c80796f53aa6&sid=search
339,MLA2890690702,san-nicolas,san-nicolas,105000.0,105.0,5.0,80.0,1000.0,1585.0,-36.9,True,False,True,False,1,False,False,0.85,https://departamento.mercadolibre.com.ar/MLA-2890690702-departamento-en-san-nicolas-_JM#polycard_client=search-desktop&price_drop=not_apply&be_origin=backend&overlay_label=not_apply&search_layout=grid&position=33&type=item&tracking_id=35e59313-a60c-4e65-aa12-e5b96c85539a&sid=search
340,MLA1856028315,barrio-norte,barrio-norte_1,240000.0,196.0,4.0,90.0,1224.4897959183672,1939.0,-36.9,True,False,True,False,1,False,False,0.88,https://departamento.mercadolibre.com.ar/MLA-1856028315-retasado-departamento-barrio-norte-3-dormitorios-_JM#polycard_client=search-desktop&price_drop=not_apply&be_origin=backend&overlay_label=not_apply&search_layout=grid&position=43&type=item&tracking_id=01b7d9e2-9d4c-4b83-847a-f4389dbfb21a&sid=search
341,MLA1652026185,san-telmo,san-telmo,70000.0,61.0,3.0,85.0,1147.5409836065571,1817.0,-36.9,True,True,False,False,1,False,False,0.88,https://departamento.mercadolibre.com.ar/MLA-1652026185-departamento-en-alquiler-de-3-ambientes-san-telmo-muy-luminoso-_JM#polycard_client=search-desktop&price_drop=not_apply&be_origin=backend&overlay_label=not_apply&search_layout=grid&position=25&type=item&tracking_id=e3b96bfe-ea13-474d-923a-f834f6d0a7db&sid=search
342,MLA1724228859,san-telmo,san-telmo_4,98000.0,98.0,3.0,40.0,1000.0,1583.0,-36.8,True,False,True,False,1,False,False,0.96,https://departamento.mercadolibre.com.ar/MLA-1724228859-departamento-3-ambientes-con-dependencia-y-lavadero-amplio-y-luminoso-_JM#polycard_client=search-desktop&float_highlight=not_apply&price_drop=not_apply&be_origin=backend&overlay_label=not_apply&search_layout=grid&position=14&type=item&tracking_id=2d17a86b-548a-433d-b7cd-d724a351d033&sid=search
343,MLA1760229195,recoleta,recoleta,55000.0,33.0,2.0,55.0,1666.6666666666667,2637.0,-36.8,True,False,True,False,1,False,False,0.38,https://departamento.mercadolibre.com.ar/MLA-1760229195-excelente-departamento-2-ambientes-ideal-para-estudiantes-en-recoleta-_JM#polycard_client=search-desktop&price_drop=not_apply&be_origin=backend&overlay_label=not_apply&search_layout=grid&position=42&type=item&tracking_id=9e916f21-76b7-48b9-b6ed-2a56b10bbd38&sid=search
344,MLA3277566296,puerto-madero,puerto-madero,175000.0,50.0,1.0,28.0,3500.0,5536.0,-36.8,True,False,True,False,1,False,False,0.46,https://departamento.mercadolibre.com.ar/MLA-3277566296-venta-amplio-monombiente-puerto-madero--_JM#polycard_client=search-desktop&price_drop=not_apply&be_origin=backend&overlay_label=not_apply&search_layout=grid&position=17&type=item&tracking_id=250f000c-3455-494e-a2d0-50a999a9b5f2&sid=search
345,MLA1930276127,palermo,palermo,65000.0,38.0,1.0,48.0,1710.5263157894738,2706.0,-36.8,True,False,True,False,1,False,False,0.19,https://departamento.mercadolibre.com.ar/MLA-1930276127-venta-de-departamento-monoambiente-en-palermo-capital-federal-_JM#polycard_client=search-desktop&price_drop=not_apply&be_origin=backend&overlay_label=not_apply&search_layout=grid&position=36&type=item&tracking_id=a9bd4bde-02df-4a4b-a9ad-f2ce9bc547fa&sid=search
346,MLA1833957257,monserrat,monserrat,179500.0,170.0,4.0,,1055.8823529411766,1670.0,-36.8,True,False,True,False,1,False,False,0.0,https://departamento.mercadolibre.com.ar/MLA-1833957257-oportunidad-valor-m2-us-1048-venta-depto-4-amb-monserrat-_JM#polycard_client=search-desktop&price_drop=not_apply&be_origin=backend&overlay_label=not_apply&search_layout=grid&position=3&type=item&tracking_id=d096f3bf-4263-4826-9f8a-aa2840be4988&sid=search
347,MLA1961668629,balvanera,balvanera_2,68000.0,70.0,1.0,40.0,971.4285714285714,1536.0,-36.7,True,True,False,False,1,False,False,0.81,https://departamento.mercadolibre.com.ar/MLA-1961668629-oficina-apta-vivienda-us850-mt-_JM#polycard_client=search-desktop&price_drop=not_apply&be_origin=backend&overlay_label=not_apply&search_layout=grid&position=5&type=item&tracking_id=dd66a2f8-fa80-4fa8-b67c-799a218ab557&sid=search
348,MLA1787361657,flores,flores_2,155000.0,127.0,4.0,12.0,1220.4724409448818,1928.0,-36.7,True,False,True,False,1,False,False,0.88,https://departamento.mercadolibre.com.ar/MLA-1787361657-departamento-en-venta-4-ambientes-dependencia-flores-_JM#polycard_client=search-desktop&price_drop=not_apply&be_origin=backend&overlay_label=not_apply&search_layout=grid&position=34&type=item&tracking_id=4590dae1-7df8-4ab4-9d19-3af5539a39f3&sid=search
349,MLA1946152961,caballito,caballito,55000.0,40.0,2.0,80.0,1375.0,2172.0,-36.7,True,False,True,False,1,False,False,0.85,https://departamento.mercadolibre.com.ar/MLA-1946152961-venta-depto-2-amb-caballito-_JM#polycard_client=search-desktop&price_drop=not_apply&be_origin=backend&overlay_label=not_apply&search_layout=grid&position=43&type=item&tracking_id=e0fd849f-83c8-4390-95b5-0d4a4f10209e&sid=search
350,MLA1793275093,recoleta,recoleta,105000.0,60.0,4.0,50.0,1750.0,2764.0,-36.7,True,False,True,False,1,False,False,0.92,https://departamento.mercadolibre.com.ar/MLA-1793275093-espectacular-cuatro-ambientes-apto-profesional-y-comercial-a-la-venta-en-recoleta-_JM#polycard_client=search-desktop&price_drop=not_apply&be_origin=backend&overlay_label=not_apply&search_layout=grid&position=32&type=item&tracking_id=8eba97a3-ef44-4244-8756-a5822ca6cc4d&sid=search
351,MLA3749728466,villa-santa-rita,villa-santa-rita,65000.0,57.0,3.0,50.0,1140.3508771929824,1801.0,-36.7,True,False,True,False,1,False,False,0.85,https://departamento.mercadolibre.com.ar/MLA-3749728466-venta-departamento-tres-ambientes-balcon-villa-santa-rita-av-gaona-apto-credito-_JM#polycard_client=search-desktop&price_drop=not_apply&be_origin=backend&overlay_label=not_apply&search_layout=grid&position=22&type=item&tracking_id=b7fbd090-4a24-4407-950a-f101b4562ace&sid=search
352,MLA1795359867,monserrat,monserrat_3,89000.0,64.0,3.0,45.0,1390.625,2195.0,-36.7,True,False,True,False,1,False,False,0.62,https://departamento.mercadolibre.com.ar/MLA-1795359867-departamento-en-venta-en-monserrat-capital-federal-buenos-aires-_JM#polycard_client=search-desktop&price_drop=not_apply&be_origin=backend&overlay_label=not_apply&search_layout=grid&position=3&type=item&tracking_id=fc6602f9-8940-4545-9ddd-394929d560cb&sid=search
353,MLA3506835936,puerto-madero,puerto-madero,330000.0,69.0,3.0,2.0,4782.608695652174,7546.0,-36.6,True,False,True,True,1,False,False,0.88,https://departamento.mercadolibre.com.ar/MLA-3506835936-departamento-3-ambientes-en-torre-lumiere-con-balcon-y-cochera-full-amenities-muy-luminoso-_JM#polycard_client=search-desktop&price_drop=true&be_origin=backend&overlay_label=not_apply&search_layout=grid&position=14&type=item&tracking_id=51879b0f-c259-4861-9783-a2d0ca77b0d0&sid=search
354,MLA3578116774,palermo,palermo_1,238999.0,128.0,5.0,46.0,1867.1796875,2943.0,-36.6,True,False,True,False,1,False,False,0.96,https://departamento.mercadolibre.com.ar/MLA-3578116774-departamento-en-palermo-_JM#polycard_client=search-desktop&price_drop=not_apply&be_origin=backend&overlay_label=not_apply&search_layout=grid&position=21&type=item&tracking_id=aa118468-1268-4a6f-8f03-efae5e4e2a23&sid=search
355,MLA3123787776,parque-chacabuco,parque-chacabuco,49500.0,44.0,2.0,40.0,1125.0,1772.0,-36.5,True,False,True,False,1,False,False,0.88,https://departamento.mercadolibre.com.ar/MLA-3123787776-av-cobo-al-1400-44-m2-vista-abierta-todo-sol-_JM#polycard_client=search-desktop&float_highlight=not_apply&price_drop=not_apply&be_origin=backend&overlay_label=not_apply&search_layout=grid&position=10&type=item&tracking_id=3c238052-452f-4011-b63f-1076de76f4ef&sid=search
356,MLA1946230589,floresta,floresta_3,115000.0,110.0,4.0,23.0,1045.4545454545455,1647.0,-36.5,True,False,True,False,1,False,False,0.88,https://departamento.mercadolibre.com.ar/MLA-1946230589-departamento-piso-4-ambientes-en-venta-floresta-_JM#polycard_client=search-desktop&price_drop=not_apply&be_origin=backend&overlay_label=not_apply&search_layout=grid&position=44&type=item&tracking_id=8bea5c97-154b-4220-a4be-7965959a0fc0&sid=search
357,MLA3194546022,liniers,liniers_0,50000.0,50.0,2.0,30.0,1000.0,1574.0,-36.5,True,False,True,False,1,False,False,0.5,https://departamento.mercadolibre.com.ar/MLA-3194546022-cuzco-60-caba-departamento-2-ambientes-buen-estado-50m2-oportunidad-us-50000-_JM#polycard_client=search-desktop&float_highlight=not_apply&price_drop=not_apply&be_origin=backend&overlay_label=not_apply&search_layout=grid&position=2&type=item&tracking_id=34cd30cc-bfc7-4381-bd90-1cb617d139a5&sid=search
358,MLA1930007877,recoleta,recoleta_1,400000.0,194.0,5.0,40.0,2061.855670103093,3244.0,-36.4,True,False,True,False,1,False,False,0.88,https://departamento.mercadolibre.com.ar/MLA-1930007877-venta-departamento-5-ambientes-con-dependencia-en-recoleta-_JM#polycard_client=search-desktop&price_drop=not_apply&be_origin=backend&overlay_label=not_apply&search_layout=grid&position=10&type=item&tracking_id=9378a039-9f62-4588-88b4-bd0924407edd&sid=search
359,MLA3721586718,villa-soldati,villa-soldati,26900.0,44.0,3.0,51.0,611.3636363636364,962.0,-36.4,True,False,True,False,1,False,False,0.81,https://departamento.mercadolibre.com.ar/MLA-3721586718-venta-departamento-3-ambientes-soldati-_JM#polycard_client=search-desktop&price_drop=not_apply&be_origin=backend&overlay_label=not_apply&search_layout=grid&position=4&type=item&tracking_id=35baef4d-1ce4-4c1c-8fc4-11ee31c7901a&sid=search
360,MLA1893735031,villa-crespo,villa-crespo_4,83000.0,61.0,3.0,40.0,1360.655737704918,2141.0,-36.4,True,False,True,False,1,True,False,0.88,https://departamento.mercadolibre.com.ar/MLA-1893735031-departamento-a-reciclar-3-ambreal-oportunidad-_JM#polycard_client=search-desktop&price_drop=not_apply&be_origin=backend&overlay_label=not_apply&search_layout=grid&position=12&type=item&tracking_id=d3f5e4c7-5baa-4451-8a43-0dbc480e6494&sid=search
361,MLA3650406486,balvanera,balvanera_0,105000.0,119.0,4.0,55.0,882.3529411764706,1387.0,-36.4,True,True,False,False,1,False,False,0.73,https://departamento.mercadolibre.com.ar/MLA-3650406486-venta-departamento-4-ambientes-balvanera-_JM#polycard_client=search-desktop&price_drop=not_apply&be_origin=backend&overlay_label=not_apply&search_layout=grid&position=7&type=item&tracking_id=e9139e20-b9c5-4aa0-9e7d-bea56f01d855&sid=search
362,MLA3507888408,villa-crespo,villa-crespo_4,93900.0,41.0,1.0,5.0,2290.243902439024,3598.0,-36.4,True,False,True,False,1,False,False,0.92,https://departamento.mercadolibre.com.ar/MLA-3507888408-departamento-en-venta-_JM#polycard_client=search-desktop&price_drop=not_apply&be_origin=backend&overlay_label=not_apply&search_layout=grid&position=3&type=item&tracking_id=9700af6a-bc48-4301-9eb8-36deb662736b&sid=search
363,MLA2002145181,monserrat,monserrat_0,45000.0,40.0,1.0,30.0,1125.0,1765.0,-36.3,True,False,True,False,1,False,False,0.88,https://departamento.mercadolibre.com.ar/MLA-2002145181-monoambiente-ideal-oficina-microcentro-_JM#polycard_client=search-desktop&float_highlight=recent_publication&price_drop=not_apply&be_origin=backend&overlay_label=not_apply&search_layout=grid&position=18&type=item&tracking_id=d096f3bf-4263-4826-9f8a-aa2840be4988&sid=search
364,MLA1775831543,barrio-norte,barrio-norte,49000.0,28.0,2.0,40.0,1750.0,2746.0,-36.3,True,False,True,False,1,True,False,0.96,https://departamento.mercadolibre.com.ar/MLA-1775831543-2-ambientes-a-reciclar-zona-facultad-de-medicina-_JM#polycard_client=search-desktop&price_drop=not_apply&be_origin=backend&overlay_label=not_apply&search_layout=grid&position=17&type=item&tracking_id=eb380fb0-5c16-40a8-a2fb-909d3b7b9aa1&sid=search
365,MLA3747764020,la-boca,la-boca_1,39900.0,44.0,2.0,41.0,906.818181818182,1423.0,-36.3,True,False,True,False,1,False,False,0.85,https://departamento.mercadolibre.com.ar/MLA-3747764020-venta-departamento-2-ambientes-catalinas-la-boca-_JM#polycard_client=search-desktop&price_drop=not_apply&be_origin=backend&overlay_label=not_apply&search_layout=grid&position=24&type=item&tracking_id=67d90d5c-fa97-4f2d-8976-9c5d60b0c01e&sid=search
366,MLA3748274566,recoleta,recoleta_3,105000.0,49.0,2.0,5.0,2142.8571428571427,3362.0,-36.3,True,False,True,False,1,False,False,0.92,https://departamento.mercadolibre.com.ar/MLA-3748274566-venta-dpto-mono2-amb-recoleta-amenities-_JM#polycard_client=search-desktop&float_highlight=recent_publication&price_drop=not_apply&be_origin=backend&overlay_label=not_apply&search_layout=grid&position=33&type=item&tracking_id=f53e58cb-9f22-488b-b409-e27b79066c03&sid=search
367,MLA2866193310,villa-devoto,villa-devoto_0,76000.0,39.0,2.0,15.0,1948.7179487179487,3056.0,-36.2,True,False,True,False,2,False,False,0.88,https://departamento.mercadolibre.com.ar/MLA-2866193310-departamento-en-venta-en-villa-devoto-_JM#polycard_client=search-desktop&price_drop=not_apply&be_origin=backend&overlay_label=not_apply&search_layout=grid&position=29&type=item&tracking_id=0ee7e719-828a-4536-9eff-c99c24daf641&sid=search
368,MLA3458508024,barrio-norte,barrio-norte_4,68000.0,32.0,,8.0,2125.0,3330.0,-36.2,True,False,True,False,1,False,False,0.62,https://departamento.mercadolibre.com.ar/MLA-3458508024-ambiente-nuevo-a-la-calle-con-cochera-34m2-_JM#polycard_client=search-desktop&price_drop=not_apply&be_origin=backend&overlay_label=not_apply&search_layout=grid&position=43&type=item&tracking_id=3d1f1a0c-fddc-4c15-9ec9-2eb26e01cd00&sid=search
369,MLA1957087545,liniers,liniers_4,53000.0,40.0,2.0,60.0,1325.0,2077.0,-36.2,True,True,False,False,1,False,False,1.0,https://departamento.mercadolibre.com.ar/MLA-1957087545-venta-departamento-2-ambientes-en-liniers-_JM#polycard_client=search-desktop&price_drop=not_apply&be_origin=backend&overlay_label=not_apply&search_layout=grid&position=4&type=item&tracking_id=46e06405-bf62-4ab1-ae30-54318163b896&sid=search
370,MLA3791553346,puerto-madero,puerto-madero,360000.0,102.0,3.0,14.0,3529.4117647058824,5530.0,-36.2,True,False,True,False,1,False,False,0.69,https://departamento.mercadolibre.com.ar/MLA-3791553346-departamentos-venta-puerto-madero-_JM#polycard_client=search-desktop&float_highlight=recent_publication&price_drop=not_apply&be_origin=backend&overlay_label=not_apply&search_layout=grid&position=30&type=item&tracking_id=2a3547eb-30e5-4919-8da1-719b40d2f3f1&sid=search
371,MLA1720793611,villa-soldati,villa-soldati,45000.0,71.0,5.0,45.0,633.8028169014085,992.0,-36.1,True,False,True,False,1,False,False,0.92,https://departamento.mercadolibre.com.ar/MLA-1720793611-av-lacarra-3700-2-v-soldati-5amb-cbalc-2ban-u45000-_JM#polycard_client=search-desktop&float_highlight=not_apply&price_drop=not_apply&be_origin=backend&overlay_label=not_apply&search_layout=grid&position=9&type=item&tracking_id=35baef4d-1ce4-4c1c-8fc4-11ee31c7901a&sid=search
372,MLA1841449279,balvanera,balvanera_1,62000.0,67.0,2.0,,925.3731343283582,1448.0,-36.1,True,False,True,False,1,False,False,0.35,https://departamento.mercadolibre.com.ar/MLA-1841449279-ubicado-en-la-estrategica-calle-rivadavia-en-el-corazon-de-balvanera-este-atractivo-departamento-en-venta-ofrece-una-superficie-total-de-70-m2-_JM#polycard_client=search-desktop&price_drop=not_apply&be_origin=backend&overlay_label=not_apply&search_layout=grid&position=15&type=item&tracking_id=4c4374ec-c2bf-44fc-ad14-dbbbd24e3e75&sid=search
373,MLA3624700934,villa-crespo,villa-crespo,98000.0,36.0,1.0,3.0,2722.222222222222,4259.0,-36.1,True,False,True,False,1,False,False,1.0,https://departamento.mercadolibre.com.ar/MLA-3624700934--hermoso-y-muy-amplio-depto-monoambienteccochera--_JM#polycard_client=search-desktop&price_drop=not_apply&be_origin=backend&overlay_label=not_apply&search_layout=grid&position=12&type=item&tracking_id=dfcea167-dad5-4466-bbb6-cf0dc076929c&sid=search
374,MLA2783150924,retiro,retiro_0,75000.0,48.0,2.0,60.0,1562.5,2444.0,-36.1,True,False,True,False,1,False,False,0.58,https://departamento.mercadolibre.com.ar/MLA-2783150924-monoambiente-grande-retiro-_JM#polycard_client=search-desktop&price_drop=not_apply&be_origin=backend&overlay_label=not_apply&search_layout=grid&position=40&type=item&tracking_id=23c075d7-2d6c-4f60-908f-cea23020a9fa&sid=search
375,MLA1895661645,la-boca,la-boca_0,52000.0,66.0,3.0,80.0,787.8787878787879,1231.0,-36.0,True,False,True,False,1,False,False,1.0,https://departamento.mercadolibre.com.ar/MLA-1895661645-venta-3-ambientes-antiguo-la-boca-_JM#polycard_client=search-desktop&price_drop=not_apply&be_origin=backend&overlay_label=not_apply&search_layout=grid&position=47&type=item&tracking_id=4c89be49-b4ff-4f88-b608-4ae89f97387f&sid=search
376,MLA3720665304,nunez,nunez_1,149900.0,67.0,4.0,41.0,2237.313432835821,3496.0,-36.0,True,False,True,False,1,False,False,0.81,https://departamento.mercadolibre.com.ar/MLA-3720665304-venta-departamento-4-ambientes-nunez-piso-alto-_JM#polycard_client=search-desktop&price_drop=not_apply&be_origin=backend&overlay_label=not_apply&search_layout=grid&position=11&type=item&tracking_id=1739b10d-969c-4203-8981-4072ecd549b2&sid=search
377,MLA3720659776,flores,flores_3,86000.0,88.0,3.0,74.0,977.2727272727273,1527.0,-36.0,True,False,True,False,1,False,False,0.85,https://departamento.mercadolibre.com.ar/MLA-3720659776-depto-en-venta-34-amb-_JM#polycard_client=search-desktop&price_drop=not_apply&be_origin=backend&overlay_label=not_apply&search_layout=grid&position=47&type=item&tracking_id=8d5a3667-2813-4bf3-be59-0921f46c5090&sid=search
378,MLA3152852148,caballito,caballito,70000.0,40.0,3.0,50.0,1750.0,2730.0,-35.9,True,True,False,False,1,False,False,0.92,https://departamento.mercadolibre.com.ar/MLA-3152852148-venta-de-departamento-3-ambientes-en-caballito-_JM#polycard_client=search-desktop&float_highlight=not_apply&price_drop=not_apply&be_origin=backend&overlay_label=not_apply&search_layout=grid&position=36&type=item&tracking_id=07da5ad8-b845-4f5c-b52e-209ba0de2214&sid=search
379,MLA3008757010,villa-del-parque,villa-del-parque,185000.0,100.0,4.0,15.0,1850.0,2886.0,-35.9,True,False,True,False,1,False,False,0.96,https://departamento.mercadolibre.com.ar/MLA-3008757010-venta-departamento-semipiso-villa-del-parque-4-ambientes-_JM#polycard_client=search-desktop&float_highlight=not_apply&price_drop=not_apply&be_origin=backend&overlay_label=not_apply&search_layout=grid&position=6&type=item&tracking_id=29638f89-b7fd-488f-a406-a8f09aa95329&sid=search
380,MLA1812211339,caballito,caballito,169000.0,126.0,4.0,50.0,1341.2698412698412,2092.0,-35.9,True,False,True,False,1,False,False,0.96,https://departamento.mercadolibre.com.ar/MLA-1812211339-departamento-cuatro-ambientes-con-balcon-vista-abierta-a-parque-rivadavia-caballito-baulera-_JM#polycard_client=search-desktop&price_drop=not_apply&be_origin=backend&overlay_label=not_apply&search_layout=grid&position=32&type=item&tracking_id=739dfc88-b4e0-467a-93a6-1c41305cade6&sid=search
381,MLA1849793181,villa-devoto,villa-devoto,95000.0,69.0,2.0,,1376.8115942028985,2148.0,-35.9,True,False,True,False,1,False,False,0.38,https://departamento.mercadolibre.com.ar/MLA-1849793181-venta-amplio-depto-2-amb-_JM#polycard_client=search-desktop&price_drop=not_apply&be_origin=backend&overlay_label=not_apply&search_layout=grid&position=20&type=item&tracking_id=6fa9d5ad-39e8-4ee1-999d-7a0dd03b712c&sid=search
382,MLA1945608045,balvanera,balvanera_4,205000.0,220.0,5.0,46.0,931.818181818182,1453.0,-35.9,True,False,True,False,1,False,False,0.85,https://departamento.mercadolibre.com.ar/MLA-1945608045-venta-semipiso-5-amb-estilo-frances-av-belgrano-_JM#polycard_client=search-desktop&price_drop=not_apply&be_origin=backend&overlay_label=not_apply&search_layout=grid&position=7&type=item&tracking_id=2f18d35a-d7ab-4b82-ad3b-4f6e9dfaba3c&sid=search
383,MLA1597111815,floresta,floresta_4,60000.0,35.0,2.0,5.0,1714.2857142857142,2674.0,-35.9,True,False,True,False,1,False,False,0.92,https://departamento.mercadolibre.com.ar/MLA-1597111815-departamento-en-venta-en-floresta-_JM#polycard_client=search-desktop&price_drop=not_apply&be_origin=backend&overlay_label=not_apply&search_layout=grid&position=2&type=item&tracking_id=b5c42540-aa08-49ca-b1fb-3a9a56625aac&sid=search
384,MLA1945080219,constitucion,constitucion,43000.0,55.0,2.0,66.0,781.8181818181819,1219.0,-35.9,True,False,True,False,1,False,False,0.81,https://departamento.mercadolibre.com.ar/MLA-1945080219-venta-departamento-2-amb-constitucion-_JM#polycard_client=search-desktop&price_drop=not_apply&be_origin=backend&overlay_label=not_apply&search_layout=grid&position=10&type=item&tracking_id=92dd969b-c4f4-4ba8-94f0-bfe6e726ff52&sid=search
385,MLA3503400134,flores,flores,135000.0,95.0,3.0,5.0,1421.0526315789473,2215.0,-35.8,True,False,True,False,1,False,False,0.81,https://departamento.mercadolibre.com.ar/MLA-3503400134-semipisos-4-ambientes-_JM#polycard_client=search-desktop&price_drop=not_apply&be_origin=backend&overlay_label=not_apply&search_layout=grid&position=29&type=item&tracking_id=6ba67f02-fbb6-4195-853c-df8c14d974b7&sid=search
386,MLA3654926516,san-nicolas,san-nicolas,55000.0,47.0,2.0,,1170.212765957447,1823.0,-35.8,True,False,True,False,1,False,False,0.23,https://departamento.mercadolibre.com.ar/MLA-3654926516-dueno-vende-2-ambientes-47-m-cerca-del-obelisco-sarmiento-al-1200-puerta-blindada-rejas-2-aire-acondicionado-friocalor-_JM#polycard_client=search-desktop&price_drop=not_apply&be_origin=backend&overlay_label=not_apply&search_layout=grid&position=20&type=item&tracking_id=f11ec73b-9c3f-4daa-af56-b2c679a9f919&sid=search
387,MLA3719600738,parque-chacabuco,parque-chacabuco,59000.0,53.0,3.0,59.0,1113.2075471698113,1734.0,-35.8,True,False,True,False,1,False,False,0.81,https://departamento.mercadolibre.com.ar/MLA-3719600738-departamento-ideal-para-empezar-a-ser-propietario-_JM#polycard_client=search-desktop&price_drop=not_apply&be_origin=backend&overlay_label=not_apply&search_layout=grid&position=24&type=item&tracking_id=f30ec411-3ebb-470a-9d5e-e89118fa5d29&sid=search
388,MLA2664442170,san-nicolas,san-nicolas,85000.0,93.0,4.0,70.0,913.978494623656,1423.0,-35.8,True,False,True,False,1,True,False,0.96,https://departamento.mercadolibre.com.ar/MLA-2664442170-departamento-a-reciclar-apto-profesional-centro-san-nicolas-_JM#polycard_client=search-desktop&price_drop=not_apply&be_origin=backend&overlay_label=not_apply&search_layout=grid&position=19&type=item&tracking_id=b2f79af3-05ae-4fec-93df-d7329b364d3d&sid=search
389,MLA1945605623,almagro,almagro,69000.0,33.0,2.0,1.0,2090.909090909091,3254.0,-35.7,True,False,True,False,1,False,False,0.92,https://departamento.mercadolibre.com.ar/MLA-1945605623-venta-2-ambientes-almagro-bano-y-toilette-en-obra-_JM#polycard_client=search-desktop&price_drop=not_apply&be_origin=backend&overlay_label=not_apply&search_layout=grid&position=44&type=item&tracking_id=94e6e5f3-103d-4fe2-8f08-8f4bc0adf0cd&sid=search
390,MLA3763834938,recoleta,recoleta,55000.0,29.0,1.0,40.0,1896.551724137931,2951.0,-35.7,True,False,True,False,1,False,False,0.46,https://departamento.mercadolibre.com.ar/MLA-3763834938-departamento-1-ambiente-monoambiente-en-recoleta-dueno-directo-6to-piso-a-la-calle-sobre-av-santa-fe-con-balcon-muy-luminoso-_JM#polycard_client=search-desktop&float_highlight=recent_publication&price_drop=not_apply&be_origin=backend&overlay_label=not_apply&search_layout=grid&position=30&type=item&tracking_id=aa027458-74da-469d-b3b2-73029c31a517&sid=search
391,MLA3183058604,balvanera,balvanera_1,300000.0,400.0,12.0,90.0,750.0,1167.0,-35.7,True,False,True,False,1,False,False,0.96,https://departamento.mercadolibre.com.ar/MLA-3183058604-departamento-en-venta-duplex-600-m2-en-balvanera-_JM#polycard_client=search-desktop&price_drop=not_apply&be_origin=backend&overlay_label=not_apply&search_layout=grid&position=43&type=item&tracking_id=2b16ef9a-9935-490b-857a-cd8fceb6c549&sid=search
392,MLA3720667748,recoleta,recoleta_3,129900.0,58.0,1.0,3.0,2239.655172413793,3484.0,-35.7,True,False,True,False,2,False,False,0.81,https://departamento.mercadolibre.com.ar/MLA-3720667748-departamento-consultorio-oficina-venta-recoleta-_JM#polycard_client=search-desktop&price_drop=not_apply&be_origin=backend&overlay_label=not_apply&search_layout=grid&position=19&type=item&tracking_id=f0331bd4-f15b-4b57-ab28-8d62b85cde8d&sid=search
393,MLA1841630887,boedo,boedo_0,60000.0,44.0,2.0,30.0,1363.6363636363635,2121.0,-35.7,True,False,True,False,1,False,False,0.5,https://departamento.mercadolibre.com.ar/MLA-1841630887-belgrano-4000-almagrodepartamento-2-ambientes-frente-lavadero-44-m2-us-60000-_JM#polycard_client=search-desktop&price_drop=not_apply&be_origin=backend&overlay_label=not_apply&search_layout=grid&position=9&type=item&tracking_id=a9820f5f-0f13-4277-9fa2-1a010caedf7f&sid=search
394,MLA1833489461,recoleta,recoleta,245000.0,123.0,4.0,40.0,1991.8699186991869,3098.0,-35.7,True,False,True,False,1,False,False,1.0,https://departamento.mercadolibre.com.ar/MLA-1833489461-departamento-venta-4-amb-frente-dependencia-cochera-y-baulera-_JM#polycard_client=search-desktop&price_drop=not_apply&be_origin=backend&overlay_label=not_apply&search_layout=grid&position=19&type=item&tracking_id=f6959873-e019-47d5-b6d3-e76853ff54bf&sid=search
395,MLA3686297294,caballito,caballito,119000.0,51.0,1.0,5.0,2333.333333333333,3627.0,-35.7,True,True,False,False,1,False,False,1.0,https://departamento.mercadolibre.com.ar/MLA-3686297294-venta-departamento-caballito-monoambiente-amenities-cochera-edificio-mova-51-metros-_JM#polycard_client=search-desktop&price_drop=not_apply&be_origin=backend&overlay_label=not_apply&search_layout=grid&position=5&type=item&tracking_id=b1d93c17-8548-4a0f-9166-7500b290c58b&sid=search
396,MLA3347088524,almagro,almagro,175000.0,136.0,4.0,55.0,1286.764705882353,2000.0,-35.6,True,True,False,False,1,False,False,0.88,https://departamento.mercadolibre.com.ar/MLA-3347088524-departamento-en-almagro-_JM#polycard_client=search-desktop&price_drop=not_apply&be_origin=backend&overlay_label=not_apply&search_layout=grid&position=44&type=item&tracking_id=4a682646-84e4-4de9-9970-3b3db15b9a0e&sid=search
397,MLA1983005407,villa-urquiza,villa-urquiza_2,490000.0,220.0,7.0,10.0,2227.2727272727275,3461.0,-35.6,True,True,False,False,2,False,False,0.69,https://departamento.mercadolibre.com.ar/MLA-1983005407-6-amb-2-cocheras-piso-alto-belgrano-r-permuta-_JM#polycard_client=search-desktop&float_highlight=recent_publication&price_drop=not_apply&be_origin=backend&overlay_label=not_apply&search_layout=grid&position=20&type=item&tracking_id=2ba4a610-89e4-4d52-95e4-5d1fab13b283&sid=search
398,MLA1782718913,monserrat,monserrat_2,63000.0,60.0,2.0,50.0,1050.0,1630.0,-35.6,True,False,True,False,1,False,False,0.62,https://departamento.mercadolibre.com.ar/MLA-1782718913-2-amb-al-frente-monserrat-oportunidad--_JM#polycard_client=search-desktop&price_drop=not_apply&be_origin=backend&overlay_label=not_apply&search_layout=grid&position=12&type=item&tracking_id=fc6602f9-8940-4545-9ddd-394929d560cb&sid=search
399,MLA3731215670,flores,flores,90000.0,64.0,3.0,25.0,1406.25,2183.0,-35.6,True,False,True,False,1,False,False,0.92,https://departamento.mercadolibre.com.ar/MLA-3731215670-3-ambientes-con-cochera-71-m-balcon-al-frente-apto-credito-parque-chacabuco-_JM#polycard_client=search-desktop&price_drop=not_apply&be_origin=backend&overlay_label=not_apply&search_layout=grid&position=37&type=item&tracking_id=bb8c697b-ae3d-4654-a1b6-de9068a338f2&sid=search
400,MLA1945704581,palermo,palermo_2,84900.0,54.0,1.0,19.0,1572.2222222222222,2440.0,-35.6,True,False,True,False,1,False,False,0.81,https://departamento.mercadolibre.com.ar/MLA-1945704581-venta-monoambiente-palermo-sanat-guemes-_JM#polycard_client=search-desktop&price_drop=not_apply&be_origin=backend&overlay_label=not_apply&search_layout=grid&position=24&type=item&tracking_id=4e7f1eb4-8f05-4ff8-be43-34acc33bf293&sid=search
401,MLA3721589982,villa-urquiza,villa-urquiza_2,98500.0,53.0,2.0,8.0,1858.490566037736,2881.0,-35.5,True,False,True,False,1,False,False,0.81,https://departamento.mercadolibre.com.ar/MLA-3721589982-venta-duplex-2-amb-excelente-v-urquiza-financia-_JM#polycard_client=search-desktop&price_drop=not_apply&be_origin=backend&overlay_label=not_apply&search_layout=grid&position=17&type=item&tracking_id=647d2c50-177a-49b0-8901-0564a229a158&sid=search
402,MLA3618038172,almagro,almagro,120000.0,101.0,4.0,50.0,1188.118811881188,1842.0,-35.5,True,False,True,False,1,True,False,0.81,https://departamento.mercadolibre.com.ar/MLA-3618038172-ph-almagro-venta-sin-expensas-refaccionado-y-pintado-_JM#polycard_client=search-desktop&price_drop=not_apply&be_origin=backend&overlay_label=not_apply&search_layout=grid&position=25&type=item&tracking_id=f0fb217f-c477-4cc8-912b-b2ea593ff5e8&sid=search
403,MLA3031848206,almagro,almagro,65000.0,57.0,2.0,80.0,1140.3508771929824,1766.0,-35.4,True,False,True,False,1,False,False,0.92,https://departamento.mercadolibre.com.ar/MLA-3031848206-departamento-en-almagro-_JM#polycard_client=search-desktop&float_highlight=not_apply&price_drop=not_apply&be_origin=backend&overlay_label=not_apply&search_layout=grid&position=25&type=item&tracking_id=974642f5-7f8b-489a-a9f6-8e4075a73058&sid=search
404,MLA1887748833,almagro,almagro,76000.0,55.0,3.0,20.0,1381.8181818181818,2140.0,-35.4,True,False,True,False,2,False,False,0.96,https://departamento.mercadolibre.com.ar/MLA-1887748833-venta-departamento-3ambientes-55m-lateral-mlum-2-entrepiso-altillo-pinotea-placard-aa-impecable-_JM#polycard_client=search-desktop&price_drop=not_apply&be_origin=backend&overlay_label=not_apply&search_layout=grid&position=20&type=item&tracking_id=c12d49cb-7c9b-441d-988d-42e9fa31c769&sid=search
405,MLA2785817288,retiro,retiro_0,133000.0,56.0,1.0,2.0,2375.0,3677.0,-35.4,True,False,True,False,1,False,False,0.88,https://departamento.mercadolibre.com.ar/MLA-2785817288-departamento-monoambiente-tipo-loft-en-venta-en-retiro-_JM#polycard_client=search-desktop&price_drop=not_apply&be_origin=backend&overlay_label=not_apply&search_layout=grid&position=17&type=item&tracking_id=23c075d7-2d6c-4f60-908f-cea23020a9fa&sid=search
406,MLA1945605505,constitucion,constitucion_4,30000.0,31.0,2.0,65.0,967.741935483871,1498.0,-35.4,True,False,True,False,1,False,False,0.77,https://departamento.mercadolibre.com.ar/MLA-1945605505-venta-depto-2-ambientes-constitucion-oportunidad-_JM#polycard_client=search-desktop&price_drop=not_apply&be_origin=backend&overlay_label=not_apply&search_layout=grid&position=2&type=item&tracking_id=92dd969b-c4f4-4ba8-94f0-bfe6e726ff52&sid=search
407,MLA3693530466,recoleta,recoleta_2,220000.0,139.0,4.0,56.0,1582.7338129496402,2450.0,-35.4,True,False,True,False,1,False,False,0.38,https://departamento.mercadolibre.com.ar/MLA-3693530466-recoleta-4-ambientes-con-cochera-y-baulera-_JM#polycard_client=search-desktop&price_drop=not_apply&be_origin=backend&overlay_label=not_apply&search_layout=grid&position=3&type=item&tracking_id=012eafb1-c2cc-4027-8a00-50108c99f431&sid=search
408,MLA1892769319,parque-chacabuco,parque-chacabuco,240000.0,212.0,8.0,100.0,1132.0754716981132,1752.0,-35.4,True,False,True,False,1,False,False,0.92,https://departamento.mercadolibre.com.ar/MLA-1892769319-venta-ph-8-ambientes-terraza-patio-parque-chacabuco-_JM#polycard_client=search-desktop&price_drop=not_apply&be_origin=backend&overlay_label=not_apply&search_layout=grid&position=3&type=item&tracking_id=af15e2f0-95d2-438d-b362-216d8441f472&sid=search
409,MLA3013580862,boedo,boedo_4,52000.0,33.0,2.0,13.0,1575.7575757575758,2438.0,-35.4,True,False,True,False,1,False,False,0.23,https://departamento.mercadolibre.com.ar/MLA-3013580862-departamento-tipo-loft-2-ambientes-con-cochera-boedo-inclan-al-3200-caba-escritura-por-parte-indivisa-_JM#polycard_client=search-desktop&float_highlight=not_apply&price_drop=not_apply&be_origin=backend&overlay_label=not_apply&search_layout=grid&position=3&type=item&tracking_id=27f4ac7a-f64a-48cd-92d5-9ec855542f31&sid=search
410,MLA3720096262,caballito,caballito,135000.0,116.0,4.0,70.0,1163.7931034482758,1800.0,-35.3,True,False,True,False,1,False,False,0.85,https://departamento.mercadolibre.com.ar/MLA-3720096262-venta-departamento-de-4-ambientes-caballito-_JM#polycard_client=search-desktop&price_drop=not_apply&be_origin=backend&overlay_label=not_apply&search_layout=grid&position=48&type=item&tracking_id=637c9200-cbdf-40e9-af4f-9bf4353be6d5&sid=search
411,MLA3524291090,recoleta,recoleta_3,190000.0,130.0,4.0,70.0,1461.5384615384614,2258.0,-35.3,True,True,False,False,1,True,False,1.0,https://departamento.mercadolibre.com.ar/MLA-3524291090-venta-3-dormitorios-dependencias-y-balcon-apto-profesional-a-reciclar-oportunidad-recoleta-_JM#polycard_client=search-desktop&price_drop=not_apply&be_origin=backend&overlay_label=not_apply&search_layout=grid&position=20&type=item&tracking_id=ffda6c59-85a6-45d2-aafd-1288cabda9a1&sid=search
412,MLA3771253430,recoleta,recoleta_3,170000.0,110.0,4.0,60.0,1545.4545454545455,2387.0,-35.2,True,False,True,False,2,False,False,0.96,https://departamento.mercadolibre.com.ar/MLA-3771253430-recoleta-venta-2-dormitorios-con-escritorio-ideal-estudiantes-cerca-de-facultades-_JM#polycard_client=search-desktop&float_highlight=recent_publication&price_drop=not_apply&be_origin=backend&overlay_label=not_apply&search_layout=grid&position=46&type=item&tracking_id=79490e47-82e5-4fea-b246-982300f4c386&sid=search
413,MLA3740990902,recoleta,recoleta_3,247000.0,176.0,8.0,50.0,1403.409090909091,2166.0,-35.2,True,False,True,False,1,False,False,0.58,https://departamento.mercadolibre.com.ar/MLA-3740990902-departamento-en-pb-en-esquina-en-calle-arenales-oportunidad-_JM#polycard_client=search-desktop&float_highlight=recent_publication&price_drop=not_apply&be_origin=backend&overlay_label=not_apply&search_layout=grid&position=47&type=item&tracking_id=f53e58cb-9f22-488b-b409-e27b79066c03&sid=search
414,MLA3720544794,nunez,nunez_0,85000.0,39.0,1.0,2.0,2179.48717948718,3364.0,-35.2,True,False,True,False,1,False,False,0.77,https://departamento.mercadolibre.com.ar/MLA-3720544794-venta-monoambiente-con-balcon-al-frente-en-nunez-_JM#polycard_client=search-desktop&price_drop=not_apply&be_origin=backend&overlay_label=not_apply&search_layout=grid&position=18&type=item&tracking_id=41ecfd41-0153-4be8-9f81-57e0ce25e91e&sid=search
415,MLA1945060677,palermo,palermo_1,185000.0,96.0,4.0,26.0,1927.0833333333333,2973.0,-35.2,True,False,True,False,1,False,False,0.81,https://departamento.mercadolibre.com.ar/MLA-1945060677-departamento-4-ambientes-venta-belgrano-_JM#polycard_client=search-desktop&price_drop=not_apply&be_origin=backend&overlay_label=not_apply&search_layout=grid&position=21&type=item&tracking_id=946da84f-b8a5-40b0-96a9-d49c84a23793&sid=search
416,MLA3375174158,constitucion,constitucion_2,38000.0,50.0,3.0,60.0,760.0,1173.0,-35.2,True,False,True,False,1,False,False,0.38,https://departamento.mercadolibre.com.ar/MLA-3375174158-3-amb-en-pavon-y-sgo-del-estero-amplio-oport-us-38000-_JM#polycard_client=search-desktop&price_drop=not_apply&be_origin=backend&overlay_label=not_apply&search_layout=grid&position=23&type=item&tracking_id=c0b8e835-0ccb-4f89-aae3-a1087ef961dc&sid=search
417,MLA1927300787,floresta,floresta_4,70000.0,50.0,2.0,30.0,1400.0,2159.0,-35.2,True,False,True,False,1,False,False,0.58,https://departamento.mercadolibre.com.ar/MLA-1927300787-ventacaracas-2100-caba-ph-2-ambientes-gran-terraza-balcon-50m2-us-70000-_JM#polycard_client=search-desktop&price_drop=not_apply&be_origin=backend&overlay_label=not_apply&search_layout=grid&position=46&type=item&tracking_id=8bea5c97-154b-4220-a4be-7965959a0fc0&sid=search
418,MLA1758858621,balvanera,balvanera_0,165000.0,160.0,5.0,55.0,1031.25,1589.0,-35.1,True,False,True,False,1,False,False,0.96,https://departamento.mercadolibre.com.ar/MLA-1758858621-departamento-en-venta-de-5-ambientes-con-patio-y-pileta-_JM#polycard_client=search-desktop&float_highlight=not_apply&price_drop=not_apply&be_origin=backend&overlay_label=not_apply&search_layout=grid&position=38&type=item&tracking_id=7c405415-292e-417d-8948-04d6b559b78a&sid=search
419,MLA3415299560,retiro,retiro,420000.0,217.0,8.0,36.0,1935.483870967742,2983.0,-35.1,True,False,True,False,1,False,False,0.69,https://departamento.mercadolibre.com.ar/MLA-3415299560-departamento-en-venta-en-retiro-capital-federal-buenos-aires-_JM#polycard_client=search-desktop&price_drop=not_apply&be_origin=backend&overlay_label=not_apply&search_layout=grid&position=45&type=item&tracking_id=aeec38f6-1ee9-4689-a949-e069297b710f&sid=search
420,MLA3739533282,saavedra,saavedra,183000.0,100.0,4.0,30.0,1830.0,2820.0,-35.1,True,False,True,False,1,False,False,0.54,https://departamento.mercadolibre.com.ar/MLA-3739533282-dueno-vende-departamento-4-ambientes-_JM#polycard_client=search-desktop&price_drop=not_apply&be_origin=backend&overlay_label=not_apply&search_layout=grid&position=36&type=item&tracking_id=ecac04a4-6957-4789-9bcd-437b72a10f48&sid=search
421,MLA3110878848,puerto-madero,puerto-madero,295000.0,58.0,1.0,1.0,5086.206896551724,7834.0,-35.1,True,False,True,False,1,False,False,0.42,https://departamento.mercadolibre.com.ar/MLA-3110878848-quartier-del-bajo-full-amenities-vista-al-rio-y-a-puerto-madero-con-cochera-_JM#polycard_client=search-desktop&float_highlight=not_apply&price_drop=not_apply&be_origin=backend&overlay_label=not_apply&search_layout=grid&position=11&type=item&tracking_id=6a500e76-6af1-4106-b097-4f01a1119448&sid=search
422,MLA3733336818,floresta,floresta_2,73700.0,65.0,4.0,50.0,1133.8461538461538,1746.0,-35.1,True,False,True,False,1,False,False,0.46,https://departamento.mercadolibre.com.ar/MLA-3733336818-venta-dpto-4-ambientes-en-floresta-apto-credito-2-banos-vista-panoramica-_JM#polycard_client=search-desktop&price_drop=not_apply&be_origin=backend&overlay_label=not_apply&search_layout=grid&position=2&type=item&tracking_id=466aedef-013c-43d5-9281-218de9e6442d&sid=search
423,MLA3777880524,villa-luro,villa-luro,89900.0,63.0,4.0,30.0,1426.984126984127,2198.0,-35.1,True,False,True,False,1,False,False,1.0,https://departamento.mercadolibre.com.ar/MLA-3777880524-departamento-4-ambientes-muy-luminoso-bajas-expensas-en-venta-en-villa-luro-_JM#polycard_client=search-desktop&float_highlight=recent_publication&price_drop=not_apply&be_origin=backend&overlay_label=not_apply&search_layout=grid&position=2&type=item&tracking_id=0f7b89ce-a36e-42ec-84cf-57e85eebedca&sid=search
424,MLA3778083776,villa-luro,villa-luro,89900.0,63.0,4.0,30.0,1426.984126984127,2198.0,-35.1,True,False,True,False,1,False,False,1.0,https://departamento.mercadolibre.com.ar/MLA-3778083776-departamento-4-ambientes-muy-luminoso-bajas-expensas-en-venta-en-versalles-_JM#polycard_client=search-desktop&float_highlight=recent_publication&price_drop=not_apply&be_origin=backend&overlay_label=not_apply&search_layout=grid&position=36&type=item&tracking_id=0f7b89ce-a36e-42ec-84cf-57e85eebedca&sid=search
425,MLA3132105496,belgrano,belgrano_0,290000.0,153.0,6.0,50.0,1895.424836601307,2918.0,-35.1,True,True,False,False,2,False,False,1.0,https://departamento.mercadolibre.com.ar/MLA-3132105496-departamento-en-belgrano-_JM#polycard_client=search-desktop&price_drop=not_apply&be_origin=backend&overlay_label=not_apply&search_layout=grid&position=24&type=item&tracking_id=7b4c323d-49b4-4acf-ac14-58b0fc29d8ec&sid=search
426,MLA1792427973,balvanera,balvanera_0,183000.0,214.0,11.0,60.0,855.1401869158879,1316.0,-35.0,True,True,False,False,1,False,False,0.96,https://departamento.mercadolibre.com.ar/MLA-1792427973-oportunidad-inversion-venta-departamento-214-m-11-habitaciones-tipo-hostel-en-balvanera-_JM#polycard_client=search-desktop&price_drop=not_apply&be_origin=backend&overlay_label=not_apply&search_layout=grid&position=12&type=item&tracking_id=2b16ef9a-9935-490b-857a-cd8fceb6c549&sid=search
427,MLA3235785204,recoleta,recoleta_2,399000.0,165.0,5.0,2.0,2418.181818181818,3720.0,-35.0,True,False,True,False,1,False,False,1.0,https://departamento.mercadolibre.com.ar/MLA-3235785204-aguero-1600-recoleta-5amb-ccoch-u399000-_JM#polycard_client=search-desktop&float_highlight=not_apply&price_drop=not_apply&be_origin=backend&overlay_label=not_apply&search_layout=grid&position=39&type=item&tracking_id=1ffd07f8-d400-4086-b35d-a2f7711b1dec&sid=search
428,MLA1820084691,colegiales,colegiales,165000.0,86.0,2.0,25.0,1918.6046511627908,2951.0,-35.0,True,False,True,False,1,False,False,0.88,https://departamento.mercadolibre.com.ar/MLA-1820084691-departamento-en-venta-dos-amb-amplio-luminoso-en-colegiales-_JM#polycard_client=search-desktop&price_drop=not_apply&be_origin=backend&overlay_label=not_apply&search_layout=grid&position=5&type=item&tracking_id=3118674f-d40c-409f-9fa8-69890c0b19ce&sid=search
429,MLA1895308739,belgrano,belgrano,132000.0,56.0,2.0,10.0,2357.1428571428573,3625.0,-35.0,True,False,True,False,1,False,False,0.62,https://departamento.mercadolibre.com.ar/MLA-1895308739-ciudad-de-la-paz-2743-depto-2-amb-con-balcon-belgrano-_JM#polycard_client=search-desktop&price_drop=not_apply&be_origin=backend&overlay_label=not_apply&search_layout=grid&position=8&type=item&tracking_id=3ca54848-d02f-4889-ab28-086928e588cb&sid=search
430,MLA1850383901,chacarita,chacarita_0,99000.0,75.0,4.0,50.0,1320.0,2029.0,-35.0,True,False,True,False,1,False,False,0.88,https://departamento.mercadolibre.com.ar/MLA-1850383901-departamento-en-chacarita-_JM#polycard_client=search-desktop&price_drop=not_apply&be_origin=backend&overlay_label=not_apply&search_layout=grid&position=26&type=item&tracking_id=c5c19306-4766-42cc-9d31-702339021cfa&sid=search
431,MLA3720660574,san-nicolas,san-nicolas,190000.0,227.0,7.0,76.0,837.0044052863436,1287.0,-35.0,True,False,True,False,1,False,False,0.81,https://departamento.mercadolibre.com.ar/MLA-3720660574-venta-depto-231-m-apto-profesional-san-nicolas-_JM#polycard_client=search-desktop&price_drop=not_apply&be_origin=backend&overlay_label=not_apply&search_layout=grid&position=2&type=item&tracking_id=2086a22b-e4bb-43b0-b3ca-c3afa6fb751b&sid=search
432,MLA3699096330,chacarita,chacarita_0,95000.0,60.0,3.0,6.0,1583.3333333333333,2434.0,-35.0,True,False,True,False,2,False,False,1.0,https://departamento.mercadolibre.com.ar/MLA-3699096330-venta-oportunidad-departamento-3-ambientes-con-balcon-al-frente-amenities-en-chacarita-_JM#polycard_client=search-desktop&price_drop=not_apply&be_origin=backend&overlay_label=not_apply&search_layout=grid&position=4&type=item&tracking_id=f999e557-0e41-4b11-a82a-de043e69caaa&sid=search
433,MLA1760609735,flores,flores_1,52900.0,40.0,2.0,30.0,1322.5,2033.0,-34.9,True,False,True,False,1,False,False,0.96,https://departamento.mercadolibre.com.ar/MLA-1760609735-venta-depto-2-amb-en-flores-_JM#polycard_client=search-desktop&price_drop=not_apply&be_origin=backend&overlay_label=not_apply&search_layout=grid&position=6&type=item&tracking_id=1591080d-1912-4103-9173-c2fe26621ea9&sid=search
434,MLA1681361675,monserrat,monserrat_2,255000.0,264.0,7.0,70.0,965.9090909090908,1484.0,-34.9,True,False,True,False,1,False,False,1.0,https://departamento.mercadolibre.com.ar/MLA-1681361675-departamento-en-venta-de-7-ambientes-apto-profesional-_JM#polycard_client=search-desktop&float_highlight=not_apply&price_drop=not_apply&be_origin=backend&overlay_label=not_apply&search_layout=grid&position=11&type=item&tracking_id=2304ee5c-2ebc-4b59-b55d-489ea3bfe5c7&sid=search
435,MLA1971734107,liniers,liniers_3,40000.0,25.0,1.0,1.0,1600.0,2457.0,-34.9,True,False,True,False,1,False,False,0.96,https://departamento.mercadolibre.com.ar/MLA-1971734107-venta-monoambiente-plaza-larrazabal-liniers-venta-por-cesion-de-boleto-de-compraventa-_JM#polycard_client=search-desktop&price_drop=not_apply&be_origin=backend&overlay_label=not_apply&search_layout=grid&position=30&type=item&tracking_id=e9f48bdd-821f-4a6a-b3aa-7b71a85d0f76&sid=search
436,MLA3309698640,recoleta,recoleta_4,75000.0,38.0,2.0,30.0,1973.684210526316,3030.0,-34.9,True,False,True,False,2,False,False,0.96,https://departamento.mercadolibre.com.ar/MLA-3309698640-moderno-departamento-2-amb-en-duplex-recoleta-_JM#polycard_client=search-desktop&price_drop=not_apply&be_origin=backend&overlay_label=not_apply&search_layout=grid&position=36&type=item&tracking_id=8eba97a3-ef44-4244-8756-a5822ca6cc4d&sid=search
437,MLA1780528431,recoleta,recoleta,79800.0,50.0,2.0,50.0,1596.0,2450.0,-34.9,True,False,True,False,1,False,False,0.5,https://departamento.mercadolibre.com.ar/MLA-1780528431-venta-departamento-2-ambientes-en-recoleta-barrio-norte-apto-profesional-_JM#polycard_client=search-desktop&price_drop=not_apply&be_origin=backend&overlay_label=not_apply&search_layout=grid&position=4&type=item&tracking_id=1ffd07f8-d400-4086-b35d-a2f7711b1dec&sid=search
438,MLA1833134213,flores,flores_3,289900.0,240.0,5.0,40.0,1207.9166666666667,1853.0,-34.8,True,False,True,False,1,False,False,0.92,https://departamento.mercadolibre.com.ar/MLA-1833134213-gran-oportunidad-apto-credito-amplio-5-ambientes-de-categoria-con-doble-balcon-en-flores-_JM#polycard_client=search-desktop&price_drop=not_apply&be_origin=backend&overlay_label=not_apply&search_layout=grid&position=27&type=item&tracking_id=2da077e6-1fa0-4dad-ba2c-602800fe5865&sid=search
439,MLA1829415591,villa-santa-rita,villa-santa-rita,92000.0,76.0,4.0,35.0,1210.5263157894738,1857.0,-34.8,True,False,True,False,1,False,False,0.96,https://departamento.mercadolibre.com.ar/MLA-1829415591-departamento-4-ambientes-en-villa-santa-rita-oportunidad-_JM#polycard_client=search-desktop&price_drop=not_apply&be_origin=backend&overlay_label=not_apply&search_layout=grid&position=41&type=item&tracking_id=bcf5187a-5a5a-4641-ab1d-c33bf35ac31f&sid=search
440,MLA3535253676,caballito,caballito,84000.0,59.0,3.0,50.0,1423.728813559322,2183.0,-34.8,True,False,True,False,1,False,False,0.85,https://departamento.mercadolibre.com.ar/MLA-3535253676-departamento-3-qambientes-en-caballito-venta-_JM#polycard_client=search-desktop&price_drop=not_apply&be_origin=backend&overlay_label=not_apply&search_layout=grid&position=9&type=item&tracking_id=f48bb936-0352-424a-a4b0-3b6669b96570&sid=search
441,MLA1689565301,flores,flores_4,69000.0,85.0,4.0,22.0,811.7647058823529,1245.0,-34.8,True,False,True,False,1,False,False,0.65,https://departamento.mercadolibre.com.ar/MLA-1689565301-departamento-4-ambientes-sobre-avda-lafuente-1500-_JM#polycard_client=search-desktop&price_drop=not_apply&be_origin=backend&overlay_label=not_apply&search_layout=grid&position=37&type=item&tracking_id=1591080d-1912-4103-9173-c2fe26621ea9&sid=search
442,MLA1971740155,liniers,liniers,47000.0,46.0,2.0,40.0,1021.7391304347826,1566.0,-34.8,True,False,True,False,1,False,True,0.92,https://departamento.mercadolibre.com.ar/MLA-1971740155-venta-depto-2-amb-en-liniers-venta-con-renta-_JM#polycard_client=search-desktop&price_drop=not_apply&be_origin=backend&overlay_label=not_apply&search_layout=grid&position=26&type=item&tracking_id=e9f48bdd-821f-4a6a-b3aa-7b71a85d0f76&sid=search
443,MLA1766797903,puerto-madero,puerto-madero,345000.0,77.0,3.0,26.0,4480.519480519481,6868.0,-34.8,True,False,True,False,1,False,False,0.96,https://departamento.mercadolibre.com.ar/MLA-1766797903-duplex-calido-y-luminoso-_JM#polycard_client=search-desktop&price_drop=not_apply&be_origin=backend&overlay_label=not_apply&search_layout=grid&position=37&type=item&tracking_id=650f0724-2e0c-42b2-8ad0-510f92c65e1e&sid=search
444,MLA1807356721,balvanera,balvanera_3,85000.0,97.0,3.0,65.0,876.2886597938144,1343.0,-34.7,True,True,False,False,1,False,False,0.96,https://departamento.mercadolibre.com.ar/MLA-1807356721-venta-departamento-3-ambientes-balvanera-_JM#polycard_client=search-desktop&price_drop=not_apply&be_origin=backend&overlay_label=not_apply&search_layout=grid&position=38&type=item&tracking_id=64a7e698-26cf-4b0c-b33a-ca2e09a10f9a&sid=search
445,MLA3461592248,villa-crespo,villa-crespo_1,68000.0,32.0,,2.0,2125.0,3256.0,-34.7,True,False,True,False,1,False,False,0.62,https://departamento.mercadolibre.com.ar/MLA-3461592248-ambiente-nuevo-a-la-calle-con-cochera-34m2-calidad-superior-_JM#polycard_client=search-desktop&price_drop=not_apply&be_origin=backend&overlay_label=not_apply&search_layout=grid&position=39&type=item&tracking_id=a33713f4-a8d9-44d1-ac4c-3f7475633d66&sid=search
446,MLA1922126147,la-boca,la-boca_1,59000.0,60.0,3.0,,983.3333333333334,1506.0,-34.7,True,False,True,False,1,False,False,0.15,https://departamento.mercadolibre.com.ar/MLA-1922126147-departamento-3-ambientes-urgente-_JM#polycard_client=search-desktop&price_drop=not_apply&be_origin=backend&overlay_label=not_apply&search_layout=grid&position=38&type=item&tracking_id=18e0ed07-2066-4dcc-abf1-76b7f45fad0a&sid=search
447,MLA3777501672,almagro,almagro,70000.0,39.0,2.0,1.0,1794.871794871795,2748.0,-34.7,True,False,True,False,1,False,False,0.77,https://departamento.mercadolibre.com.ar/MLA-3777501672-venta-2-ambientes-almagro-en-pozo-inversion-cuotas-_JM#polycard_client=search-desktop&float_highlight=recent_publication&price_drop=not_apply&be_origin=backend&overlay_label=not_apply&search_layout=grid&position=11&type=item&tracking_id=8063c064-7b64-4140-8174-6f8568383a82&sid=search
448,MLA2673050986,puerto-madero,puerto-madero,580000.0,218.0,3.0,30.0,2660.5504587155965,4072.0,-34.7,True,True,False,False,1,False,False,0.15,https://departamento.mercadolibre.com.ar/MLA-2673050986-departamento-de-3-ambientes-en-venta-en-puerto-madero-_JM#polycard_client=search-desktop&price_drop=not_apply&be_origin=backend&overlay_label=not_apply&search_layout=grid&position=19&type=item&tracking_id=8882af37-5e30-4d05-909d-b33452adb211&sid=search
449,MLA1829742929,belgrano,belgrano_3,240000.0,147.0,4.0,50.0,1632.65306122449,2499.0,-34.7,True,False,True,False,1,False,False,0.92,https://departamento.mercadolibre.com.ar/MLA-1829742929-venta-de-departamento-4-ambientes-en-belgrano-_JM#polycard_client=search-desktop&price_drop=not_apply&be_origin=backend&overlay_label=not_apply&search_layout=grid&position=48&type=item&tracking_id=691672a0-ea49-4d56-bb1a-17903dc34cae&sid=search
450,MLA3552499622,caballito,caballito,209000.0,180.0,4.0,50.0,1161.111111111111,1776.0,-34.6,True,False,True,True,1,False,False,0.88,https://departamento.mercadolibre.com.ar/MLA-3552499622-venta-de-4-ambientes-con-dependencia-en-caballito-_JM#polycard_client=search-desktop&price_drop=true&be_origin=backend&overlay_label=not_apply&search_layout=grid&position=29&type=item&tracking_id=6002a5b6-9f85-417e-bc02-401bd157fe1a&sid=search
451,MLA3274412772,villa-devoto,villa-devoto_2,98500.0,43.0,1.0,4.0,2290.6976744186045,3503.0,-34.6,True,False,True,False,1,False,False,0.42,https://departamento.mercadolibre.com.ar/MLA-3274412772-departamento-monoambiente-en-venta-villa-devoto-_JM#polycard_client=search-desktop&price_drop=not_apply&be_origin=backend&overlay_label=not_apply&search_layout=grid&position=46&type=item&tracking_id=6fa9d5ad-39e8-4ee1-999d-7a0dd03b712c&sid=search
452,MLA2676295468,villa-crespo,villa-crespo_1,69500.0,42.0,,13.0,1654.7619047619048,2530.0,-34.6,True,False,True,False,1,False,False,0.58,https://departamento.mercadolibre.com.ar/MLA-2676295468-venta-departamento-villa-crespo-monoambiente-luminoso-_JM#polycard_client=search-desktop&price_drop=not_apply&be_origin=backend&overlay_label=not_apply&search_layout=grid&position=23&type=item&tracking_id=b1d44463-4d99-4ddb-84bf-58a15c429e9b&sid=search
453,MLA3726708496,san-nicolas,san-nicolas,89000.0,72.0,3.0,41.0,1236.111111111111,1890.0,-34.6,True,False,True,False,1,False,False,0.96,https://departamento.mercadolibre.com.ar/MLA-3726708496-venta-3-ambientes-luminoso-con-cocina-y-lavadero-independiente-cochera-fija-_JM#polycard_client=search-desktop&price_drop=not_apply&be_origin=backend&overlay_label=not_apply&search_layout=grid&position=18&type=item&tracking_id=4ab16b8a-49c9-4b69-9bf4-f99bf0f164c9&sid=search
454,MLA3534610780,almagro,almagro,195000.0,146.0,4.0,44.0,1335.6164383561645,2042.0,-34.6,True,True,False,False,1,False,False,1.0,https://departamento.mercadolibre.com.ar/MLA-3534610780-venta-duplex-4-ambientes-en-almagro-dos-balcones-y-cochera-_JM#polycard_client=search-desktop&price_drop=not_apply&be_origin=backend&overlay_label=not_apply&search_layout=grid&position=47&type=item&tracking_id=e0889ac9-115e-4189-b301-ad6983d6e2b1&sid=search
455,MLA3804693298,barracas,barracas_1,60000.0,48.0,2.0,50.0,1250.0,1910.0,-34.6,True,False,True,False,1,False,False,0.88,https://departamento.mercadolibre.com.ar/MLA-3804693298-venta-departamento-2-ambientes-amplio-balcon-barracas-apto-credito-_JM#polycard_client=search-desktop&float_highlight=recent_publication&price_drop=not_apply&be_origin=backend&overlay_label=not_apply&search_layout=grid&position=46&type=item&tracking_id=73d19c7f-c1a3-4f56-aab6-a628aad60123&sid=search
456,MLA1972484803,recoleta,recoleta_1,550000.0,254.0,5.0,56.0,2165.3543307086616,3309.0,-34.6,True,False,True,False,1,False,False,0.96,https://departamento.mercadolibre.com.ar/MLA-1972484803-venta-recoleta-departamento-5-ambientes-cochera-dependencia-_JM#polycard_client=search-desktop&float_highlight=recent_publication&price_drop=not_apply&be_origin=backend&overlay_label=not_apply&search_layout=grid&position=10&type=item&tracking_id=384dad91-4fca-4a5d-a984-b826450d45da&sid=search
457,MLA3718593104,monserrat,monserrat_2,159000.0,226.0,2.0,80.0,703.5398230088496,1075.0,-34.5,True,True,False,True,1,False,False,1.0,https://departamento.mercadolibre.com.ar/MLA-3718593104-departamento-en-venta-monserrat-_JM#polycard_client=search-desktop&price_drop=true&be_origin=backend&overlay_label=not_apply&search_layout=grid&position=2&type=item&tracking_id=75f87929-e25e-4838-8f42-2e35c5e5ed4f&sid=search
458,MLA3747031202,villa-crespo,villa-crespo_4,89000.0,67.0,3.0,45.0,1328.358208955224,2028.0,-34.5,True,False,True,False,1,False,False,0.92,https://departamento.mercadolibre.com.ar/MLA-3747031202-venta-3-ambientes-con-escritorio-pb-con-patio-av-juan-b-justo-2700-villa-crespo-_JM#polycard_client=search-desktop&price_drop=not_apply&be_origin=backend&overlay_label=not_apply&search_layout=grid&position=34&type=item&tracking_id=c9f43b4f-3490-4712-b324-22cdacebe71e&sid=search
459,MLA1810230281,villa-luro,villa-luro,77000.0,58.0,3.0,30.0,1327.5862068965516,2027.0,-34.5,True,False,True,False,2,False,False,0.5,https://departamento.mercadolibre.com.ar/MLA-1810230281-departamento-3-ambientes-en-villa-luro-en-venta-_JM#polycard_client=search-desktop&price_drop=not_apply&be_origin=backend&overlay_label=not_apply&search_layout=grid&position=8&type=item&tracking_id=bd5700a8-1858-4282-b6db-c2dd5d3fb9f7&sid=search
460,MLA3424320392,villa-crespo,villa-crespo,135000.0,102.0,5.0,40.0,1323.529411764706,2020.0,-34.5,True,False,True,False,1,True,False,0.85,https://departamento.mercadolibre.com.ar/MLA-3424320392-juan-b-justo-3500-6-fte-a-reciclar-5-amb-c-balcon-sup-110m2-por-m2-usd-1136-_JM#polycard_client=search-desktop&price_drop=not_apply&be_origin=backend&overlay_label=not_apply&search_layout=grid&position=13&type=item&tracking_id=1e39e473-a34a-4270-a3f9-a2bf7cb7c425&sid=search
461,MLA3405133622,san-nicolas,san-nicolas,88000.0,65.0,4.0,49.0,1353.8461538461538,2066.0,-34.5,True,True,False,False,2,False,False,1.0,https://departamento.mercadolibre.com.ar/MLA-3405133622-departamento-en-venta-con-cochera-opcional-_JM#polycard_client=search-desktop&price_drop=not_apply&be_origin=backend&overlay_label=not_apply&search_layout=grid&position=40&type=item&tracking_id=2724f35b-8367-4ca0-8461-1304c6671ec9&sid=search
462,MLA3185780250,barracas,barracas_0,149999.0,84.0,2.0,10.0,1785.702380952381,2724.0,-34.5,True,False,True,False,1,False,False,0.92,https://departamento.mercadolibre.com.ar/MLA-3185780250-venta-loft-2-amb-cochera-amenitties-barracas-_JM#polycard_client=search-desktop&price_drop=not_apply&be_origin=backend&overlay_label=not_apply&search_layout=grid&position=8&type=item&tracking_id=41371b4a-fc3c-4934-9f0b-146cd6a28120&sid=search
463,MLA1843585197,barrio-norte,barrio-norte_1,115000.0,90.0,3.0,70.0,1277.7777777777778,1949.0,-34.4,True,False,True,False,1,False,False,0.96,https://departamento.mercadolibre.com.ar/MLA-1843585197-departamento-en-barrio-norte-_JM#polycard_client=search-desktop&price_drop=not_apply&be_origin=backend&overlay_label=not_apply&search_layout=grid&position=38&type=item&tracking_id=3d1f1a0c-fddc-4c15-9ec9-2eb26e01cd00&sid=search
464,MLA3740729424,caballito,caballito,138000.0,54.0,2.0,2.0,2555.555555555556,3896.0,-34.4,True,False,True,False,1,False,False,0.92,https://departamento.mercadolibre.com.ar/MLA-3740729424-av-san-martin-1700-pont-bleu-amplio-departamento-2-amb-cbalcon-64m2-ccochera-caballito-_JM#polycard_client=search-desktop&price_drop=not_apply&be_origin=backend&overlay_label=not_apply&search_layout=grid&position=30&type=item&tracking_id=a6ce78e3-3083-493a-ac65-50e5ed63d73f&sid=search
465,MLA3720663958,san-nicolas,san-nicolas,97000.0,100.0,3.0,56.0,970.0,1479.0,-34.4,True,False,True,False,1,False,False,0.81,https://departamento.mercadolibre.com.ar/MLA-3720663958-dto-3-amb-venta-san-nicolas-apto-profesional-_JM#polycard_client=search-desktop&price_drop=not_apply&be_origin=backend&overlay_label=not_apply&search_layout=grid&position=13&type=item&tracking_id=2ae8004f-9f6d-4887-8b11-dc8aef692e8b&sid=search
466,MLA3123843508,palermo,palermo_0,85000.0,35.0,1.0,10.0,2428.5714285714284,3702.0,-34.4,True,False,True,False,1,False,False,0.85,https://departamento.mercadolibre.com.ar/MLA-3123843508-venta-monoambiente-en-palermo-_JM#polycard_client=search-desktop&float_highlight=not_apply&price_drop=not_apply&be_origin=backend&overlay_label=not_apply&search_layout=grid&position=21&type=item&tracking_id=fdf22f3d-bf58-4d2c-95c2-51a886f586e8&sid=search
467,MLA3431153530,puerto-madero,puerto-madero,495000.0,118.0,4.0,20.0,4194.9152542372885,6388.0,-34.3,True,False,True,False,1,False,False,0.65,https://departamento.mercadolibre.com.ar/MLA-3431153530-departamento-en-venta-en-puerto-madero-capital-federal-buenos-aires-_JM#polycard_client=search-desktop&price_drop=not_apply&be_origin=backend&overlay_label=not_apply&search_layout=grid&position=13&type=item&tracking_id=e9f1c2ed-9737-4e71-aabe-633a873b044c&sid=search
468,MLA3770580330,belgrano,belgrano,160000.0,55.0,2.0,8.0,2909.090909090909,4429.0,-34.3,True,True,False,False,2,False,False,1.0,https://departamento.mercadolibre.com.ar/MLA-3770580330-venta-exclusivo-2-ambientes-en-suite-parrilla-propia-en-balcon-amenities-de-lujo-_JM#polycard_client=search-desktop&float_highlight=recent_publication&price_drop=not_apply&be_origin=backend&overlay_label=not_apply&search_layout=grid&position=41&type=item&tracking_id=f5885064-1677-4104-bd22-ff239dc7d721&sid=search
469,MLA3476717074,monserrat,monserrat_3,145000.0,132.0,11.0,70.0,1098.4848484848485,1672.0,-34.3,True,True,False,False,1,False,False,0.96,https://departamento.mercadolibre.com.ar/MLA-3476717074-venta-departamento-pension-10-ambientes-monserrat-permuta-_JM#polycard_client=search-desktop&price_drop=not_apply&be_origin=backend&overlay_label=not_apply&search_layout=grid&position=7&type=item&tracking_id=10b0da0e-2a50-4349-ab71-31099ad75e8e&sid=search
470,MLA2904284474,villa-urquiza,villa-urquiza,83000.0,32.0,1.0,13.0,2593.75,3948.0,-34.3,True,False,True,False,1,False,False,0.58,https://departamento.mercadolibre.com.ar/MLA-2904284474-depto-1-amb-y-medio-con-pileta-seguridad-24-hs-sum-parril-_JM#polycard_client=search-desktop&price_drop=not_apply&be_origin=backend&overlay_label=not_apply&search_layout=grid&position=28&type=item&tracking_id=a29d2f4f-7e4b-4c3a-826c-ae59c71fc9a1&sid=search
471,MLA1986926069,villa-urquiza,villa-urquiza_0,120000.0,84.0,2.0,25.0,1428.571428571429,2174.0,-34.3,True,False,True,False,1,False,False,0.77,https://departamento.mercadolibre.com.ar/MLA-1986926069-venta-duplex-2-ambientes-villa-urquiza-acredito-_JM#polycard_client=search-desktop&float_highlight=recent_publication&price_drop=not_apply&be_origin=backend&overlay_label=not_apply&search_layout=grid&position=10&type=item&tracking_id=313d0936-97f0-49ef-b13e-e1a0e15b7be5&sid=search
472,MLA1695960529,puerto-madero,puerto-madero,390000.0,90.0,2.0,15.0,4333.333333333333,6595.0,-34.3,False,True,False,False,1,False,False,0.92,https://departamento.mercadolibre.com.ar/MLA-1695960529-departamento-en-alquiler-2-amb-con-balcon-y-cochera-amoblado-_JM#polycard_client=search-desktop&price_drop=not_apply&be_origin=backend&overlay_label=not_apply&search_layout=grid&position=11&type=item&tracking_id=d9b1c699-de6a-4e8f-bbea-322d195aaad4&sid=search
473,MLA3788596556,retiro,retiro_1,360000.0,135.0,4.0,50.0,2666.6666666666665,4056.0,-34.2,True,False,True,False,1,False,False,0.65,https://departamento.mercadolibre.com.ar/MLA-3788596556-departamentos-venta-retiro-_JM#polycard_client=search-desktop&float_highlight=recent_publication&price_drop=not_apply&be_origin=backend&overlay_label=not_apply&search_layout=grid&position=12&type=item&tracking_id=a8b7d74d-89cb-4510-8284-a62c2fb15c46&sid=search
474,MLA3719602290,villa-ortuzar,villa-ortuzar,74940.0,35.0,1.0,1.0,2141.1428571428573,3256.0,-34.2,True,False,True,False,2,False,False,0.81,https://departamento.mercadolibre.com.ar/MLA-3719602290-monoambiente-a-estrenar-contrafrente-v-ortuzar-_JM#polycard_client=search-desktop&price_drop=not_apply&be_origin=backend&overlay_label=not_apply&search_layout=grid&position=21&type=item&tracking_id=7a6fe731-db12-4ce7-aa64-db4e1a2dbb4b&sid=search
475,MLA1801415337,retiro,retiro_0,143000.0,89.0,5.0,50.0,1606.741573033708,2443.0,-34.2,True,True,False,False,1,False,False,0.69,https://departamento.mercadolibre.com.ar/MLA-1801415337-venta-departamento-5-ambientes-apto-profesional-retiro-_JM#polycard_client=search-desktop&price_drop=not_apply&be_origin=backend&overlay_label=not_apply&search_layout=grid&position=12&type=item&tracking_id=6a7b949f-ea63-4b50-9365-1555620a129b&sid=search
476,MLA1862429169,puerto-madero,puerto-madero,520000.0,139.0,4.0,5.0,3741.007194244604,5688.0,-34.2,False,False,False,False,1,False,False,0.42,https://departamento.mercadolibre.com.ar/MLA-1862429169-departamento-en-venta-en-puerto-madero-capital-federal-buenos-aires-_JM#polycard_client=search-desktop&price_drop=not_apply&be_origin=backend&overlay_label=not_apply&search_layout=grid&position=13&type=item&tracking_id=650f0724-2e0c-42b2-8ad0-510f92c65e1e&sid=search
477,MLA1945491135,balvanera,balvanera_0,120000.0,119.0,3.0,32.0,1008.403361344538,1532.0,-34.2,True,False,True,False,1,False,False,0.85,https://departamento.mercadolibre.com.ar/MLA-1945491135-departamento-amplio-balcon-34-ambientes-balvanera-_JM#polycard_client=search-desktop&price_drop=not_apply&be_origin=backend&overlay_label=not_apply&search_layout=grid&position=4&type=item&tracking_id=ef900dd8-49e2-4e5f-b1da-dd2cddc68cc1&sid=search
478,MLA3720474196,san-nicolas,san-nicolas,138000.0,139.0,5.0,106.0,992.8057553956836,1508.0,-34.1,True,False,True,False,1,False,False,0.81,https://departamento.mercadolibre.com.ar/MLA-3720474196-venta-departamento-en-san-nicolas-_JM#polycard_client=search-desktop&price_drop=not_apply&be_origin=backend&overlay_label=not_apply&search_layout=grid&position=9&type=item&tracking_id=2ae8004f-9f6d-4887-8b11-dc8aef692e8b&sid=search
479,MLA2907746562,barracas,barracas,28000.0,25.0,1.0,70.0,1120.0,1700.0,-34.1,True,False,True,False,1,False,False,0.42,https://departamento.mercadolibre.com.ar/MLA-2907746562-departamento-en-venta-en-barracas-_JM#polycard_client=search-desktop&price_drop=not_apply&be_origin=backend&overlay_label=not_apply&search_layout=grid&position=13&type=item&tracking_id=24bc2579-5430-461b-8b77-eed22d28eea8&sid=search
480,MLA3685105610,floresta,floresta,69900.0,72.0,3.0,65.0,970.8333333333334,1474.0,-34.1,True,False,True,False,1,False,False,0.46,https://departamento.mercadolibre.com.ar/MLA-3685105610-departamento-3-ambientes-y-medio-al-frente-con-balcon-3er-piso-escalera-_JM#polycard_client=search-desktop&price_drop=not_apply&be_origin=backend&overlay_label=not_apply&search_layout=grid&position=42&type=item&tracking_id=466aedef-013c-43d5-9281-218de9e6442d&sid=search
481,MLA1724292093,chacarita,chacarita_2,56500.0,36.0,2.0,45.0,1569.4444444444443,2383.0,-34.1,True,True,False,False,1,False,False,0.73,https://departamento.mercadolibre.com.ar/MLA-1724292093-departamento-2-ambientes-venta-en-chacarita-_JM#polycard_client=search-desktop&price_drop=not_apply&be_origin=backend&overlay_label=not_apply&search_layout=grid&position=18&type=item&tracking_id=c5c19306-4766-42cc-9d31-702339021cfa&sid=search
482,MLA1946159085,villa-riachuelo,villa-riachuelo,87000.0,65.0,3.0,6.0,1338.4615384615386,2031.0,-34.1,True,False,True,False,1,False,False,0.85,https://departamento.mercadolibre.com.ar/MLA-1946159085-triplex-en-venta-en-lugano-barrio-olimpico-_JM#polycard_client=search-desktop&price_drop=not_apply&be_origin=backend&overlay_label=not_apply&search_layout=grid&position=7&type=item&tracking_id=63c310fb-56d8-4cc9-8490-b5ba9a7b6bf6&sid=search
483,MLA3383034572,parque-chacabuco,parque-chacabuco,52000.0,40.0,3.0,47.0,1300.0,1972.0,-34.1,True,True,False,False,1,False,False,0.96,https://departamento.mercadolibre.com.ar/MLA-3383034572-departamento-3-ambientes-parque-patricios-_JM#polycard_client=search-desktop&price_drop=not_apply&be_origin=backend&overlay_label=not_apply&search_layout=grid&position=43&type=item&tracking_id=f30ec411-3ebb-470a-9d5e-e89118fa5d29&sid=search
484,MLA1972305853,recoleta,recoleta,65000.0,32.0,1.0,,2031.25,3080.0,-34.1,True,False,True,False,1,False,False,0.77,https://departamento.mercadolibre.com.ar/MLA-1972305853-monoambiente-con-balcon-a-av-santa-fe-a-20-mts-de-la-9-de-julio-cocina-separada-del-ambiente-_JM#polycard_client=search-desktop&float_highlight=recent_publication&price_drop=not_apply&be_origin=backend&overlay_label=not_apply&search_layout=grid&position=31&type=item&tracking_id=aa027458-74da-469d-b3b2-73029c31a517&sid=search
485,MLA3702889342,palermo,palermo_1,60000.0,33.0,2.0,40.0,1818.1818181818185,2756.0,-34.0,True,False,True,False,1,False,False,0.96,https://departamento.mercadolibre.com.ar/MLA-3702889342-venta-departamento-2-ambientes-palermo-caba-_JM#polycard_client=search-desktop&price_drop=not_apply&be_origin=backend&overlay_label=not_apply&search_layout=grid&position=21&type=item&tracking_id=a9bd4bde-02df-4a4b-a9ad-f2ce9bc547fa&sid=search
486,MLA3501691728,parque-chacabuco,parque-chacabuco,35000.0,20.0,1.0,4.0,1750.0,2653.0,-34.0,True,False,True,False,1,False,False,0.85,https://departamento.mercadolibre.com.ar/MLA-3501691728-venta-de-departamento-1-ambiente-en-parque-chacabuco-_JM#polycard_client=search-desktop&price_drop=not_apply&be_origin=backend&overlay_label=not_apply&search_layout=grid&position=18&type=item&tracking_id=3c238052-452f-4011-b63f-1076de76f4ef&sid=search
487,MLA3706657592,palermo,palermo_1,240900.0,90.0,3.0,16.0,2676.6666666666665,4055.0,-34.0,True,False,True,False,1,False,False,0.92,https://departamento.mercadolibre.com.ar/MLA-3706657592-departamento-en-venta-3-ambientes-en-palermo-_JM#polycard_client=search-desktop&price_drop=not_apply&be_origin=backend&overlay_label=not_apply&search_layout=grid&position=37&type=item&tracking_id=c9f85421-b588-4c8b-ac5f-29baf211d7d9&sid=search
488,MLA1871120693,nunez,nunez_0,220000.0,97.0,5.0,20.0,2268.041237113402,3436.0,-34.0,True,False,True,False,1,False,False,0.96,https://departamento.mercadolibre.com.ar/MLA-1871120693-venta-departamento-4-ambientes-cochera-y-seguridad-nunez-_JM#polycard_client=search-desktop&price_drop=not_apply&be_origin=backend&overlay_label=not_apply&search_layout=grid&position=21&type=item&tracking_id=a5100a09-bfa8-4475-a9ab-79f78cc3b2a8&sid=search
489,MLA3677215028,parque-chacabuco,parque-chacabuco,76000.0,44.0,2.0,3.0,1727.2727272727273,2617.0,-34.0,True,False,True,False,1,False,False,0.69,https://departamento.mercadolibre.com.ar/MLA-3677215028-venta-2-ambientes-amoblado-con-amenities-parque-chacabuco-_JM#polycard_client=search-desktop&price_drop=not_apply&be_origin=backend&overlay_label=not_apply&search_layout=grid&position=34&type=item&tracking_id=186f6f09-7a63-4aca-9b77-4a487eab6762&sid=search
490,MLA1756030659,villa-crespo,villa-crespo_1,190000.0,100.0,4.0,5.0,1900.0,2877.0,-34.0,True,False,True,False,1,False,False,0.92,https://departamento.mercadolibre.com.ar/MLA-1756030659-venta-departamento-villa-crespo-con-cochera-_JM#polycard_client=search-desktop&price_drop=not_apply&be_origin=backend&overlay_label=not_apply&search_layout=grid&position=42&type=item&tracking_id=f2015fe1-0ed9-468b-b290-a75646b702d0&sid=search
491,MLA2636141910,villa-devoto,villa-devoto_2,90000.0,36.0,1.0,1.0,2500.0,3783.0,-33.9,True,False,True,False,2,False,False,0.96,https://departamento.mercadolibre.com.ar/MLA-2636141910-venta-monoambiente-en-villa-devoto-_JM#polycard_client=search-desktop&float_highlight=not_apply&price_drop=not_apply&be_origin=backend&overlay_label=not_apply&search_layout=grid&position=31&type=item&tracking_id=ea83e87c-ba66-4dcf-83b3-1db1df5696ee&sid=search
492,MLA3720659852,nueva-pompeya,nueva-pompeya,45000.0,54.0,3.0,46.0,833.3333333333334,1261.0,-33.9,True,False,True,False,1,False,False,0.88,https://departamento.mercadolibre.com.ar/MLA-3720659852-venta-3-amb-lav-bcon-brrio-espora-barracas-ap-cred-_JM#polycard_client=search-desktop&price_drop=not_apply&be_origin=backend&overlay_label=not_apply&search_layout=grid&position=31&type=item&tracking_id=0d117105-f9ed-44da-bbaf-9e3721f00c21&sid=search
493,MLA3739253142,caballito,caballito,82000.0,51.0,3.0,20.0,1607.843137254902,2432.0,-33.9,True,False,True,False,2,False,False,0.92,https://departamento.mercadolibre.com.ar/MLA-3739253142-venta-departamento-3-ambientes-51m-con-balcon-al-contrafrente-en-boedo-almagro-apto-credito-_JM#polycard_client=search-desktop&price_drop=not_apply&be_origin=backend&overlay_label=not_apply&search_layout=grid&position=10&type=item&tracking_id=a9f3b0f6-0d8d-4ad9-8c22-a6982c7dc58e&sid=search
494,MLA3185806360,constitucion,constitucion_3,28500.0,38.0,,50.0,750.0,1134.0,-33.9,True,False,True,False,1,False,False,0.85,https://departamento.mercadolibre.com.ar/MLA-3185806360-departamento-en-constitucion-_JM#polycard_client=search-desktop&float_highlight=not_apply&price_drop=not_apply&be_origin=backend&overlay_label=not_apply&search_layout=grid&position=25&type=item&tracking_id=c0b8e835-0ccb-4f89-aae3-a1087ef961dc&sid=search
495,MLA3180411666,parque-chacabuco,parque-chacabuco,98000.0,84.0,4.0,40.0,1166.6666666666667,1763.0,-33.8,True,False,True,False,1,False,False,0.88,https://departamento.mercadolibre.com.ar/MLA-3180411666-oportunidad-departamento-4-amb-muy-luminoso-con-2-balcones-y-mucho-verde-_JM#polycard_client=search-desktop&price_drop=not_apply&be_origin=backend&overlay_label=not_apply&search_layout=grid&position=41&type=item&tracking_id=3c238052-452f-4011-b63f-1076de76f4ef&sid=search
496,MLA2607667338,barrio-norte,barrio-norte,499000.0,200.0,6.0,27.0,2495.0,3770.0,-33.8,True,True,False,False,1,False,False,1.0,https://departamento.mercadolibre.com.ar/MLA-2607667338-duplex-en-venta-6-ambientes-cochera-y-baulera-dependencia-vista-al-rio-recoleta-_JM#polycard_client=search-desktop&float_highlight=not_apply&price_drop=not_apply&be_origin=backend&overlay_label=not_apply&search_layout=grid&position=30&type=item&tracking_id=81c16483-aa55-4a4d-a363-6bb8af7b75e6&sid=search
497,MLA1856035573,la-boca,la-boca,80000.0,74.0,4.0,,1081.081081081081,1633.0,-33.8,True,False,True,False,1,False,False,0.27,https://departamento.mercadolibre.com.ar/MLA-1856035573-venta-4-ambientes-la-boca-_JM#polycard_client=search-desktop&price_drop=not_apply&be_origin=backend&overlay_label=not_apply&search_layout=grid&position=37&type=item&tracking_id=4c89be49-b4ff-4f88-b608-4ae89f97387f&sid=search
498,MLA3105863998,mataderos,mataderos_0,65000.0,55.0,2.0,25.0,1181.8181818181818,1785.0,-33.8,True,False,True,False,1,False,False,0.96,https://departamento.mercadolibre.com.ar/MLA-3105863998-departamento-de-dos-ambientes-tipo-duplex-_JM#polycard_client=search-desktop&price_drop=not_apply&be_origin=backend&overlay_label=not_apply&search_layout=grid&position=9&type=item&tracking_id=d73b2591-5f27-4da5-b54e-47751419e620&sid=search
499,MLA1964334659,saavedra,saavedra,172000.0,92.0,4.0,,1869.5652173913045,2824.0,-33.8,True,False,True,False,1,False,False,0.46,https://departamento.mercadolibre.com.ar/MLA-1964334659-venta-en-saavedra-ruiz-huidobro-3900-4-amb-2-banos-cochera-92m2-_JM#polycard_client=search-desktop&price_drop=not_apply&be_origin=backend&overlay_label=not_apply&search_layout=grid&position=38&type=item&tracking_id=ecac04a4-6957-4789-9bcd-437b72a10f48&sid=search
500,MLA1945077895,versalles,versalles,129900.0,104.0,4.0,48.0,1249.0384615384614,1887.0,-33.8,False,False,False,False,1,False,False,0.88,https://departamento.mercadolibre.com.ar/MLA-1945077895-apto-credito-con-cochera-y-balcon-versalles-_JM#polycard_client=search-desktop&price_drop=not_apply&be_origin=backend&overlay_label=not_apply&search_layout=grid&position=2&type=item&tracking_id=8527550a-ab6b-4cdc-b469-7945fdb7baa9&sid=search
501,MLA3629226032,palermo,palermo_0,188000.0,95.0,4.0,50.0,1978.9473684210527,2989.0,-33.8,True,False,True,False,1,False,False,0.92,https://departamento.mercadolibre.com.ar/MLA-3629226032-departamento-4-ambientes-luminoso-dependencias-lavadero-balcon-cochera-en-palermo-_JM#polycard_client=search-desktop&price_drop=not_apply&be_origin=backend&overlay_label=not_apply&search_layout=grid&position=31&type=item&tracking_id=c98b21f5-0999-44bf-8841-777e7b382a79&sid=search
502,MLA1948700413,barracas,barracas_4,63500.0,42.0,2.0,50.0,1511.904761904762,2283.0,-33.8,True,False,True,False,1,False,False,0.96,https://departamento.mercadolibre.com.ar/MLA-1948700413-venta-departamento-2-ambientes-barracas-_JM#polycard_client=search-desktop&price_drop=not_apply&be_origin=backend&overlay_label=not_apply&search_layout=grid&position=16&type=item&tracking_id=c13089e2-c03e-4b53-b8f6-2d588029b8f1&sid=search
503,MLA3628909906,belgrano,belgrano,115000.0,56.0,3.0,30.0,2053.5714285714284,3099.0,-33.7,True,False,True,False,1,False,False,0.31,https://departamento.mercadolibre.com.ar/MLA-3628909906-venta-departamento-belgrano-_JM#polycard_client=search-desktop&price_drop=not_apply&be_origin=backend&overlay_label=not_apply&search_layout=grid&position=28&type=item&tracking_id=2c9e36d4-cd2f-4158-8019-4dbc16c62943&sid=search
504,MLA3324786532,balvanera,balvanera_4,165000.0,180.0,7.0,52.0,916.6666666666666,1383.0,-33.7,True,False,True,False,2,False,False,0.88,https://departamento.mercadolibre.com.ar/MLA-3324786532-oportunidad-valor-m2-us-917-venta-depto-8-amb-balvanera-_JM#polycard_client=search-desktop&price_drop=not_apply&be_origin=backend&overlay_label=not_apply&search_layout=grid&position=1&type=item&tracking_id=26b6c94c-358d-41ab-b432-072ada0cf517&sid=search
505,MLA1961920909,recoleta,recoleta,169000.0,104.0,4.0,75.0,1625.0,2451.0,-33.7,True,False,True,False,1,True,False,0.96,https://departamento.mercadolibre.com.ar/MLA-1961920909-amplio-departamento-en-recoleta-zona-facultades-a-reciclar-edificio-racionalista-oportunidad-_JM#polycard_client=search-desktop&float_highlight=recent_publication&price_drop=not_apply&be_origin=backend&overlay_label=not_apply&search_layout=grid&position=42&type=item&tracking_id=0fcc9e52-4a1b-4418-b15e-3ab1d0da9dc2&sid=search
506,MLA1986923011,villa-ortuzar,villa-ortuzar_0,79900.0,41.0,1.0,4.0,1948.780487804878,2939.0,-33.7,True,False,True,False,1,False,False,0.96,https://departamento.mercadolibre.com.ar/MLA-1986923011-venta-monoambiente-divisible-en-villa-ortuzar-_JM#polycard_client=search-desktop&float_highlight=recent_publication&price_drop=not_apply&be_origin=backend&overlay_label=not_apply&search_layout=grid&position=11&type=item&tracking_id=c29f819d-d3c8-42c8-be90-b7643a16c927&sid=search
507,MLA1868721433,nunez,nunez_1,138300.0,76.0,3.0,50.0,1819.7368421052631,2744.0,-33.7,True,False,True,False,1,False,False,0.88,https://departamento.mercadolibre.com.ar/MLA-1868721433-unico-departamento-3-ambientes-nunez-_JM#polycard_client=search-desktop&price_drop=not_apply&be_origin=backend&overlay_label=not_apply&search_layout=grid&position=23&type=item&tracking_id=a5100a09-bfa8-4475-a9ab-79f78cc3b2a8&sid=search
508,MLA1932679667,caballito,caballito,165000.0,84.0,2.0,1.0,1964.2857142857144,2961.0,-33.7,True,False,True,False,1,False,False,0.96,https://departamento.mercadolibre.com.ar/MLA-1932679667-venta-duplex-2-ambientes-a-estrenar-apto-credito-caballito-_JM#polycard_client=search-desktop&price_drop=not_apply&be_origin=backend&overlay_label=not_apply&search_layout=grid&position=28&type=item&tracking_id=74d8d34f-0625-4652-941d-5cd350da3f59&sid=search
509,MLA1827607507,nunez,nunez_0,220000.0,113.0,4.0,20.0,1946.9026548672568,2935.0,-33.7,True,False,True,False,2,False,False,0.88,https://departamento.mercadolibre.com.ar/MLA-1827607507-departamento-en-venta-de-4-ambientes-en-nunez-_JM#polycard_client=search-desktop&price_drop=not_apply&be_origin=backend&overlay_label=not_apply&search_layout=grid&position=1&type=item&tracking_id=858a7ec3-15db-4e2f-a48c-494e9f41a359&sid=search
510,MLA1831589769,puerto-madero,puerto-madero,263000.0,55.0,2.0,7.0,4781.818181818182,7208.0,-33.7,False,False,False,False,2,False,False,0.96,https://departamento.mercadolibre.com.ar/MLA-1831589769-azopardo-700-torre-la-prensa-amplio-departamento-2-ambientes-con-cochera-puerto-madero-_JM#polycard_client=search-desktop&price_drop=not_apply&be_origin=backend&overlay_label=not_apply&search_layout=grid&position=12&type=item&tracking_id=e9f1c2ed-9737-4e71-aabe-633a873b044c&sid=search
511,MLA3341783824,nunez,nunez_3,175000.0,106.0,4.0,30.0,1650.9433962264152,2488.0,-33.6,True,True,False,True,1,False,False,0.96,https://departamento.mercadolibre.com.ar/MLA-3341783824-venta-2-departamentos-frente-con-balcon-apto-profesional-esquina-cabildo-y-congreso-nunez-_JM#polycard_client=search-desktop&price_drop=true&be_origin=backend&overlay_label=not_apply&search_layout=grid&position=18&type=item&tracking_id=237fff92-0937-4ca9-b1a9-1d8cb1e4648f&sid=search
512,MLA3677510582,flores,flores_3,300000.0,222.0,5.0,35.0,1351.3513513513512,2036.0,-33.6,True,False,True,False,1,False,False,0.96,https://departamento.mercadolibre.com.ar/MLA-3677510582-penthause-de-5-ambientes-terraza-quincho-y-parrilla-flores-_JM#polycard_client=search-desktop&price_drop=not_apply&be_origin=backend&overlay_label=not_apply&search_layout=grid&position=9&type=item&tracking_id=ad69f152-21cf-4b28-ba83-27b9c1d71dd7&sid=search
513,MLA1972757389,balvanera,balvanera_4,46000.0,44.0,2.0,69.0,1045.4545454545455,1575.0,-33.6,True,False,True,False,1,False,False,0.81,https://departamento.mercadolibre.com.ar/MLA-1972757389-venta-departamento-2-ambientes-amplio-en-balvanera-_JM#polycard_client=search-desktop&float_highlight=recent_publication&price_drop=not_apply&be_origin=backend&overlay_label=not_apply&search_layout=grid&position=39&type=item&tracking_id=21e31df1-de99-4bfc-8765-bc00fa1a8e7f&sid=search
514,MLA3620113158,puerto-madero,puerto-madero,339000.0,74.0,2.0,1.0,4581.081081081081,6899.0,-33.6,False,False,False,False,1,False,False,0.96,https://departamento.mercadolibre.com.ar/MLA-3620113158-departamento-de-2-ambientes-en-duplex-con-cochera-lumiere-puerto-madero-_JM#polycard_client=search-desktop&price_drop=not_apply&be_origin=backend&overlay_label=not_apply&search_layout=grid&position=11&type=item&tracking_id=74ae6c22-e242-4039-a060-29acc413e56f&sid=search
515,MLA1849154383,almagro,almagro,52000.0,35.0,2.0,,1485.7142857142858,2237.0,-33.6,True,False,True,False,1,False,False,0.88,https://departamento.mercadolibre.com.ar/MLA-1849154383-venta-departamento-de-2-ambientes-_JM#polycard_client=search-desktop&price_drop=not_apply&be_origin=backend&overlay_label=not_apply&search_layout=grid&position=21&type=item&tracking_id=d50035c8-9174-4320-97ef-cd857c2682d0&sid=search
516,MLA1948342679,chacarita,chacarita_2,59000.0,38.0,2.0,50.0,1552.6315789473683,2337.0,-33.6,True,False,True,False,1,False,False,0.92,https://departamento.mercadolibre.com.ar/MLA-1948342679-venta-departamento-2-ambientes-en-chacarita-_JM#polycard_client=search-desktop&price_drop=not_apply&be_origin=backend&overlay_label=not_apply&search_layout=grid&position=45&type=item&tracking_id=f999e557-0e41-4b11-a82a-de043e69caaa&sid=search
517,MLA1945710741,recoleta,recoleta_3,142000.0,88.0,6.0,56.0,1613.6363636363635,2426.0,-33.5,True,False,True,False,1,False,False,0.92,https://departamento.mercadolibre.com.ar/MLA-1945710741-venta-departamento-6-ambientes-recoleta-baulera-_JM#polycard_client=search-desktop&price_drop=not_apply&be_origin=backend&overlay_label=not_apply&search_layout=grid&position=36&type=item&tracking_id=036ac00f-4dc0-4eee-af2c-40e7ef1601f9&sid=search
518,MLA1610580373,villa-crespo,villa-crespo_2,79000.0,60.0,3.0,50.0,1316.6666666666667,1980.0,-33.5,True,False,True,False,1,False,False,0.92,https://departamento.mercadolibre.com.ar/MLA-1610580373-departamento-villa-crespo-_JM#polycard_client=search-desktop&float_highlight=not_apply&price_drop=not_apply&be_origin=backend&overlay_label=not_apply&search_layout=grid&position=38&type=item&tracking_id=7a0d206d-e104-4a16-9d56-433f0039e820&sid=search
519,MLA1945606163,nunez,nunez_0,169000.0,95.0,6.0,45.0,1778.9473684210527,2674.0,-33.5,True,False,True,False,1,False,False,0.81,https://departamento.mercadolibre.com.ar/MLA-1945606163-venta-departamento-6-ambientes-nunez-_JM#polycard_client=search-desktop&price_drop=not_apply&be_origin=backend&overlay_label=not_apply&search_layout=grid&position=32&type=item&tracking_id=1e06f066-9462-45a7-8693-7d00f69f59d3&sid=search
520,MLA1899935673,flores,flores_3,68000.0,56.0,2.0,40.0,1214.2857142857142,1825.0,-33.5,True,False,True,False,1,False,False,0.92,https://departamento.mercadolibre.com.ar/MLA-1899935673-departamento-flores-_JM#polycard_client=search-desktop&price_drop=not_apply&be_origin=backend&overlay_label=not_apply&search_layout=grid&position=21&type=item&tracking_id=cd0ecee1-6a0d-4811-98a9-5c836fb8cc87&sid=search
521,MLA3770427108,caballito,caballito,119900.0,54.0,2.0,2.0,2220.3703703703704,3337.0,-33.5,True,False,True,False,1,False,False,0.92,https://departamento.mercadolibre.com.ar/MLA-3770427108-av-san-martin-1700-pont-bleu-amplio-departamento-2-amb-cbalcon-64m2-caballito-_JM#polycard_client=search-desktop&float_highlight=recent_publication&price_drop=not_apply&be_origin=backend&overlay_label=not_apply&search_layout=grid&position=27&type=item&tracking_id=b32fb920-6f4e-44d4-88e4-2e6d2a4c50de&sid=search
522,MLA3516869928,caballito,caballito,145000.0,100.0,4.0,50.0,1450.0,2179.0,-33.4,True,False,True,False,1,False,False,0.42,https://departamento.mercadolibre.com.ar/MLA-3516869928-departamento-en-venta-en-caballito-capital-federal-buenos-aires-_JM#polycard_client=search-desktop&price_drop=not_apply&be_origin=backend&overlay_label=not_apply&search_layout=grid&position=36&type=item&tracking_id=4cefc9de-7ff3-4e1a-9109-0ad80ac1b93f&sid=search
523,MLA3501362668,colegiales,colegiales,79900.0,45.0,3.0,50.0,1775.5555555555557,2667.0,-33.4,True,False,True,False,1,False,False,0.96,https://departamento.mercadolibre.com.ar/MLA-3501362668-departamento-en-colegiales-_JM#polycard_client=search-desktop&price_drop=not_apply&be_origin=backend&overlay_label=not_apply&search_layout=grid&position=46&type=item&tracking_id=b3110c56-14c0-4a81-a1b0-a1e81cbb4a85&sid=search
524,MLA3518864286,parque-chacabuco,parque-chacabuco,69900.0,55.0,3.0,,1270.909090909091,1909.0,-33.4,True,False,True,False,1,False,False,0.19,https://departamento.mercadolibre.com.ar/MLA-3518864286-departamento-de-3-amb-super-luminoso-_JM#polycard_client=search-desktop&price_drop=not_apply&be_origin=backend&overlay_label=not_apply&search_layout=grid&position=47&type=item&tracking_id=3c238052-452f-4011-b63f-1076de76f4ef&sid=search
525,MLA1791581423,san-nicolas,san-nicolas,69000.0,61.0,3.0,50.0,1131.1475409836066,1698.0,-33.4,True,False,True,False,1,False,False,0.96,https://departamento.mercadolibre.com.ar/MLA-1791581423-san-nicolas-oficina-apta-vivienda-con-excelente-ubicacion-a-metros-de-tribunales-con-seg-24hs-_JM#polycard_client=search-desktop&price_drop=not_apply&be_origin=backend&overlay_label=not_apply&search_layout=grid&position=43&type=item&tracking_id=c6ddcef5-2bc2-40f6-9fb6-7e5115678c62&sid=search
526,MLA1957074879,parque-avellaneda,parque-avellaneda,67000.0,59.0,3.0,13.0,1135.593220338983,1704.0,-33.4,True,False,True,False,1,False,False,0.92,https://departamento.mercadolibre.com.ar/MLA-1957074879-departamento-3-ambientes-apto-credito-parque-avellaneda-_JM#polycard_client=search-desktop&price_drop=not_apply&be_origin=backend&overlay_label=not_apply&search_layout=grid&position=10&type=item&tracking_id=0ca56838-3a83-45e9-8df6-f517fe5be0f5&sid=search
527,MLA1661734257,parque-avellaneda,parque-avellaneda_1,88000.0,88.0,4.0,53.0,1000.0,1500.0,-33.4,True,False,True,False,1,False,False,1.0,https://departamento.mercadolibre.com.ar/MLA-1661734257-departamento-4-ambientes-en-venta-parque-avellaneda-_JM#polycard_client=search-desktop&price_drop=not_apply&be_origin=backend&overlay_label=not_apply&search_layout=grid&position=38&type=item&tracking_id=0ca56838-3a83-45e9-8df6-f517fe5be0f5&sid=search
528,MLA3784626562,palermo,palermo_1,45000.0,24.0,1.0,36.0,1875.0,2812.0,-33.3,True,False,True,False,1,False,False,0.77,https://departamento.mercadolibre.com.ar/MLA-3784626562-venta-monoambiente-con-patio-en-palermo-arefac-_JM#polycard_client=search-desktop&float_highlight=recent_publication&price_drop=not_apply&be_origin=backend&overlay_label=not_apply&search_layout=grid&position=31&type=item&tracking_id=21eb8fd7-cb08-4808-ab5d-4cf8938a6a60&sid=search
529,MLA1685323209,monserrat,monserrat,179500.0,170.0,11.0,70.0,1055.8823529411766,1583.0,-33.3,True,True,False,False,1,False,False,0.88,https://departamento.mercadolibre.com.ar/MLA-1685323209-oportunidad-valor-m2-us-1048-venta-depto-10-amb-monserrat-_JM#polycard_client=search-desktop&price_drop=not_apply&be_origin=backend&overlay_label=not_apply&search_layout=grid&position=10&type=item&tracking_id=d096f3bf-4263-4826-9f8a-aa2840be4988&sid=search
530,MLA3788571156,retiro,retiro_1,420000.0,126.0,3.0,26.0,3333.333333333333,4998.0,-33.3,True,False,True,False,2,False,False,0.69,https://departamento.mercadolibre.com.ar/MLA-3788571156-departamentos-venta-retiro-_JM#polycard_client=search-desktop&float_highlight=recent_publication&price_drop=not_apply&be_origin=backend&overlay_label=not_apply&search_layout=grid&position=47&type=item&tracking_id=1d8372b8-6a10-43a6-be26-77e5e8b976b2&sid=search
531,MLA3727540968,villa-del-parque,villa-del-parque,81700.0,43.0,1.0,1.0,1900.0,2847.0,-33.3,True,False,True,False,1,False,False,0.92,https://departamento.mercadolibre.com.ar/MLA-3727540968-venta-monoambiente-villa-del-parque-_JM#polycard_client=search-desktop&price_drop=not_apply&be_origin=backend&overlay_label=not_apply&search_layout=grid&position=48&type=item&tracking_id=66a87712-a9b3-4781-9c35-5fce50d12ae5&sid=search
532,MLA3727540948,villa-del-parque,villa-del-parque,79900.0,41.0,1.0,1.0,1948.780487804878,2920.0,-33.3,True,False,True,False,1,False,False,0.88,https://departamento.mercadolibre.com.ar/MLA-3727540948-venta-monoambiente-villa-del-parque-_JM#polycard_client=search-desktop&price_drop=not_apply&be_origin=backend&overlay_label=not_apply&search_layout=grid&position=1&type=item&tracking_id=baa6c544-aefc-4c13-9d66-d7ae894bf028&sid=search
533,MLA2856637164,villa-del-parque,villa-del-parque,56900.0,32.0,2.0,15.0,1778.125,2663.0,-33.2,True,False,True,False,1,False,False,0.96,https://departamento.mercadolibre.com.ar/MLA-2856637164-venta-departamento-villa-del-parque-_JM#polycard_client=search-desktop&price_drop=not_apply&be_origin=backend&overlay_label=not_apply&search_layout=grid&position=27&type=item&tracking_id=ab54bab1-e5fb-4ffb-aa7d-03a737228132&sid=search
534,MLA3448150270,villa-devoto,villa-devoto_0,109000.0,62.0,2.0,25.0,1758.0645161290322,2632.0,-33.2,True,False,True,False,1,False,False,0.96,https://departamento.mercadolibre.com.ar/MLA-3448150270-departamento-en-duplex-de-2-ambientes-en-villa-devoto-full-amenities-_JM#polycard_client=search-desktop&price_drop=not_apply&be_origin=backend&overlay_label=not_apply&search_layout=grid&position=46&type=item&tracking_id=5d4cb01a-61dc-4882-9507-b604e9239f60&sid=search
535,MLA3551068742,flores,flores_3,140000.0,100.0,4.0,20.0,1400.0,2096.0,-33.2,True,False,True,False,1,False,False,0.58,https://departamento.mercadolibre.com.ar/MLA-3551068742-se-vende-dpto-4-amb-sobre-el-barrio-san-nicolas-_JM#polycard_client=search-desktop&price_drop=not_apply&be_origin=backend&overlay_label=not_apply&search_layout=grid&position=4&type=item&tracking_id=51021021-3c18-4b5c-8505-56a11b15cf25&sid=search
536,MLA3226817634,barracas,barracas_2,65000.0,39.0,2.0,15.0,1666.6666666666667,2494.0,-33.2,True,False,True,False,1,False,False,0.42,https://departamento.mercadolibre.com.ar/MLA-3226817634-departamento-en-venta-en-barracas-capital-federal-buenos-aires-_JM#polycard_client=search-desktop&price_drop=not_apply&be_origin=backend&overlay_label=not_apply&search_layout=grid&position=4&type=item&tracking_id=41371b4a-fc3c-4934-9f0b-146cd6a28120&sid=search
537,MLA3599403638,barracas,barracas,90000.0,80.0,3.0,25.0,1125.0,1683.0,-33.1,True,False,True,False,1,False,False,0.5,https://departamento.mercadolibre.com.ar/MLA-3599403638-departamento-en-venta-en-barracas-con-patio-_JM#polycard_client=search-desktop&price_drop=not_apply&be_origin=backend&overlay_label=not_apply&search_layout=grid&position=16&type=item&tracking_id=24bc2579-5430-461b-8b77-eed22d28eea8&sid=search
538,MLA3377589488,puerto-madero,puerto-madero,525000.0,118.0,4.0,15.0,4449.152542372882,6652.0,-33.1,False,False,False,False,1,False,False,0.85,https://departamento.mercadolibre.com.ar/MLA-3377589488-departamento-de-4-ambiente-con-2-cocheras-y-1-baulera-en-puerto-madero-_JM#polycard_client=search-desktop&price_drop=not_apply&be_origin=backend&overlay_label=not_apply&search_layout=grid&position=1&type=item&tracking_id=250f000c-3455-494e-a2d0-50a999a9b5f2&sid=search
539,MLA1786944075,villa-devoto,villa-devoto_3,205000.0,132.0,3.0,9.0,1553.030303030303,2322.0,-33.1,True,False,True,False,1,False,False,0.65,https://departamento.mercadolibre.com.ar/MLA-1786944075-exclusivo-triplex-en-venta-con-quincho-propio-y-amenities-_JM#polycard_client=search-desktop&price_drop=not_apply&be_origin=backend&overlay_label=not_apply&search_layout=grid&position=26&type=item&tracking_id=ec69fb74-7751-4f49-98fa-d1e46b137555&sid=search
540,MLA3489191478,balvanera,balvanera_1,199000.0,224.0,8.0,80.0,888.3928571428571,1328.0,-33.1,True,False,True,False,2,False,False,0.92,https://departamento.mercadolibre.com.ar/MLA-3489191478-venta-departamento-6-dorm-muy-luminoso-catamarca-al-100-_JM#polycard_client=search-desktop&price_drop=not_apply&be_origin=backend&overlay_label=not_apply&search_layout=grid&position=19&type=item&tracking_id=de161138-d832-4990-b691-ad307b5872e0&sid=search
541,MLA3762738314,belgrano,belgrano_0,78000.0,30.0,1.0,1.0,2600.0,3887.0,-33.1,True,False,True,False,1,False,False,0.85,https://departamento.mercadolibre.com.ar/MLA-3762738314-venta-monoambiente-en-pozo-con-balcon-en-belgrano-_JM#polycard_client=search-desktop&float_highlight=recent_publication&price_drop=not_apply&be_origin=backend&overlay_label=not_apply&search_layout=grid&position=18&type=item&tracking_id=f09145ae-17b7-46cc-847c-e6afa0fb9506&sid=search
542,MLA1636519751,san-nicolas,san-nicolas,175000.0,155.0,6.0,50.0,1129.032258064516,1688.0,-33.1,True,False,True,False,2,False,False,0.92,https://departamento.mercadolibre.com.ar/MLA-1636519751-departamento-apto-vivienda-176-m-totales-cochera-excelente-ubicacion-_JM#polycard_client=search-desktop&price_drop=not_apply&be_origin=backend&overlay_label=not_apply&search_layout=grid&position=13&type=item&tracking_id=b2f79af3-05ae-4fec-93df-d7329b364d3d&sid=search
543,MLA3719600796,villa-ortuzar,villa-ortuzar_4,119000.0,75.0,3.0,91.0,1586.6666666666667,2371.0,-33.1,True,False,True,False,1,False,False,0.81,https://departamento.mercadolibre.com.ar/MLA-3719600796-venta-hogar-obrero-3-amb-escritorio-y-mucha-luz-_JM#polycard_client=search-desktop&price_drop=not_apply&be_origin=backend&overlay_label=not_apply&search_layout=grid&position=25&type=item&tracking_id=7a6fe731-db12-4ce7-aa64-db4e1a2dbb4b&sid=search
544,MLA3695711478,almagro,almagro,165000.0,118.0,8.0,80.0,1398.3050847457628,2090.0,-33.1,True,True,False,False,1,False,False,0.81,https://departamento.mercadolibre.com.ar/MLA-3695711478-ph-7-ambientes-av-rivadavia-y-colombres-_JM#polycard_client=search-desktop&price_drop=not_apply&be_origin=backend&overlay_label=not_apply&search_layout=grid&position=15&type=item&tracking_id=d50035c8-9174-4320-97ef-cd857c2682d0&sid=search
545,MLA3726717140,monserrat,monserrat,68000.0,39.0,1.0,1.0,1743.5897435897436,2605.0,-33.1,True,False,True,False,1,False,False,0.96,https://departamento.mercadolibre.com.ar/MLA-3726717140-departamento-monoambientes-39m2a-estrenarmonserrat-entrega-inmediata-_JM#polycard_client=search-desktop&price_drop=not_apply&be_origin=backend&overlay_label=not_apply&search_layout=grid&position=15&type=item&tracking_id=7f53788f-e1fc-40a8-bdb4-04babb84f0bb&sid=search
546,MLA1805914211,puerto-madero,puerto-madero,429900.0,100.0,3.0,20.0,4299.0,6421.0,-33.0,False,True,False,False,1,False,False,1.0,https://departamento.mercadolibre.com.ar/MLA-1805914211-venta-departamento-3-ambientes-en-rio-plaza-con-cochera-en-puerto-madero-_JM#polycard_client=search-desktop&price_drop=not_apply&be_origin=backend&overlay_label=not_apply&search_layout=grid&position=26&type=item&tracking_id=e9f1c2ed-9737-4e71-aabe-633a873b044c&sid=search
547,MLA2794396638,barracas,barracas_4,48000.0,39.0,2.0,40.0,1230.7692307692307,1838.0,-33.0,True,False,True,False,1,False,False,0.92,https://departamento.mercadolibre.com.ar/MLA-2794396638-oportunidad-departamento-2-ambientes-luminoso-bien-ubicado-parque-espana-zona-hospitales-barracas-_JM#polycard_client=search-desktop&price_drop=not_apply&be_origin=backend&overlay_label=not_apply&search_layout=grid&position=11&type=item&tracking_id=b40b62ff-6787-44c4-a166-68b179683cc0&sid=search
548,MLA1895496679,palermo,palermo_2,76900.0,46.0,2.0,49.0,1671.7391304347825,2496.0,-33.0,True,False,True,False,1,False,False,0.58,https://departamento.mercadolibre.com.ar/MLA-1895496679-hermoso-departamento-2-ambientes-con-mucha-luz-balcon-y-apto-credito-en-palermo-_JM#polycard_client=search-desktop&price_drop=not_apply&be_origin=backend&overlay_label=not_apply&search_layout=grid&position=3&type=item&tracking_id=e8eba3b1-4429-49a1-b99a-62599ad41afd&sid=search
549,MLA1948342673,barrio-norte,barrio-norte_4,224900.0,102.0,4.0,6.0,2204.901960784314,3292.0,-33.0,True,False,True,False,1,False,False,0.88,https://departamento.mercadolibre.com.ar/MLA-1948342673-venta-departamento-4-ambientes-a-estrenar-opcional-cochera-_JM#polycard_client=search-desktop&price_drop=not_apply&be_origin=backend&overlay_label=not_apply&search_layout=grid&position=38&type=item&tracking_id=eebc7bfb-4766-4632-931f-b3bb0e15fe14&sid=search
550,MLA1841627713,palermo,palermo_1,114000.0,60.0,3.0,30.0,1900.0,2835.0,-33.0,True,False,True,False,1,False,False,0.5,https://departamento.mercadolibre.com.ar/MLA-1841627713-departamento-en-venta-en-palermo-capital-federal-buenos-aires-_JM#polycard_client=search-desktop&price_drop=not_apply&be_origin=backend&overlay_label=not_apply&search_layout=grid&position=12&type=item&tracking_id=3376d97b-d8ad-4ff4-89f5-0f61b58b426f&sid=search
551,MLA3099608018,recoleta,recoleta_3,57900.0,23.0,1.0,2.0,2517.391304347826,3756.0,-33.0,True,False,True,False,1,False,False,0.92,https://departamento.mercadolibre.com.ar/MLA-3099608018-departamento-monoambiente-con-balcon-vista-abierta-apto-profesional-en-venta-en-recoleta-_JM#polycard_client=search-desktop&float_highlight=not_apply&price_drop=not_apply&be_origin=backend&overlay_label=not_apply&search_layout=grid&position=10&type=item&tracking_id=506912bb-f295-4149-a4f4-fb65c86efcab&sid=search
552,MLA3721586676,liniers,liniers_2,94000.0,78.0,4.0,50.0,1205.128205128205,1798.0,-33.0,True,False,True,True,1,False,False,0.85,https://departamento.mercadolibre.com.ar/MLA-3721586676-venta-depto-de-4-amb-excelente-ubicacion-liniers-_JM#polycard_client=search-desktop&price_drop=true&be_origin=backend&overlay_label=not_apply&search_layout=grid&position=36&type=item&tracking_id=46e06405-bf62-4ab1-ae30-54318163b896&sid=search
553,MLA3320377474,velez-sarsfield,velez-sarsfield_0,189000.0,117.0,4.0,15.0,1615.3846153846157,2410.0,-33.0,True,True,False,False,1,False,False,0.92,https://departamento.mercadolibre.com.ar/MLA-3320377474-venta-semi-piso-cuatro-ambientes-dormitorio-en-suite-velez-sarfield-_JM#polycard_client=search-desktop&price_drop=not_apply&be_origin=backend&overlay_label=not_apply&search_layout=grid&position=22&type=item&tracking_id=e6756656-ef6c-42b4-8b3b-2305f467a440&sid=search
554,MLA1985885619,villa-devoto,villa-devoto_2,105000.0,40.0,2.0,5.0,2625.0,3916.0,-33.0,True,False,True,False,1,False,False,0.85,https://departamento.mercadolibre.com.ar/MLA-1985885619-dpto-2-amb-piso-altobalcon-y-cochera-saenz-pena-_JM#polycard_client=search-desktop&float_highlight=recent_publication&price_drop=not_apply&be_origin=backend&overlay_label=not_apply&search_layout=grid&position=46&type=item&tracking_id=0ee7e719-828a-4536-9eff-c99c24daf641&sid=search
555,MLA3747765814,recoleta,recoleta_1,500000.0,232.0,5.0,44.0,2155.1724137931037,3215.0,-33.0,True,False,True,False,1,False,False,0.77,https://departamento.mercadolibre.com.ar/MLA-3747765814-departamento-5-amb-venta-recoleta-patio-cochera-_JM#polycard_client=search-desktop&float_highlight=recent_publication&price_drop=not_apply&be_origin=backend&overlay_label=not_apply&search_layout=grid&position=14&type=item&tracking_id=857f3918-b69b-4307-b77a-9303bf3046f3&sid=search
556,MLA1729092389,san-nicolas,san-nicolas,58000.0,52.0,3.0,51.0,1115.3846153846157,1664.0,-33.0,True,False,True,False,1,False,False,0.31,https://departamento.mercadolibre.com.ar/MLA-1729092389-oportunidad-unica-departamento-oficina-de-3-ambientes-en-san-nicolas-tribunales-_JM#polycard_client=search-desktop&price_drop=not_apply&be_origin=backend&overlay_label=not_apply&search_layout=grid&position=25&type=item&tracking_id=35e59313-a60c-4e65-aa12-e5b96c85539a&sid=search
557,MLA1775570847,flores,flores,89700.0,84.0,4.0,50.0,1067.857142857143,1593.0,-32.9,True,False,True,False,1,False,False,0.88,https://departamento.mercadolibre.com.ar/MLA-1775570847-venta-departamento-4-ambientes-luminoso-en-flores-_JM#polycard_client=search-desktop&price_drop=not_apply&be_origin=backend&overlay_label=not_apply&search_layout=grid&position=22&type=item&tracking_id=ff1e1209-5d4b-4921-9946-e4866d26a027&sid=search
558,MLA3721803916,villa-devoto,villa-devoto_1,74900.0,57.0,2.0,56.0,1314.0350877192982,1960.0,-32.9,True,False,True,False,1,False,False,0.81,https://departamento.mercadolibre.com.ar/MLA-3721803916-venta-de-departamento-2-ambientes-v-devoto-financ-_JM#polycard_client=search-desktop&price_drop=not_apply&be_origin=backend&overlay_label=not_apply&search_layout=grid&position=37&type=item&tracking_id=05628068-e08d-4dcb-97b5-b9943b6c198c&sid=search
559,MLA1945705555,almagro,almagro,103000.0,77.0,4.0,65.0,1337.6623376623377,1994.0,-32.9,True,False,True,False,1,False,False,0.85,https://departamento.mercadolibre.com.ar/MLA-1945705555-depto-3-amb-en-venta-almagro-balcon-vista-abierta-_JM#polycard_client=search-desktop&price_drop=not_apply&be_origin=backend&overlay_label=not_apply&search_layout=grid&position=46&type=item&tracking_id=94e6e5f3-103d-4fe2-8f08-8f4bc0adf0cd&sid=search
560,MLA3478929468,liniers,liniers_0,65000.0,63.0,3.0,30.0,1031.7460317460318,1537.0,-32.9,True,False,True,False,1,False,False,0.85,https://departamento.mercadolibre.com.ar/MLA-3478929468-venta-departamento-3-ambientes-con-balcon-al-contrafrente-_JM#polycard_client=search-desktop&price_drop=not_apply&be_origin=backend&overlay_label=not_apply&search_layout=grid&position=3&type=item&tracking_id=b842129f-753c-4619-be97-de15a57ac586&sid=search
561,MLA3393593728,colegiales,colegiales,124000.0,59.0,3.0,,2101.694915254237,3131.0,-32.9,True,False,True,False,1,False,False,0.23,https://departamento.mercadolibre.com.ar/MLA-3393593728-se-vende-dpto-3-amb-con-cochera-en-colegiales-_JM#polycard_client=search-desktop&price_drop=not_apply&be_origin=backend&overlay_label=not_apply&search_layout=grid&position=24&type=item&tracking_id=a29cfe06-7e16-44cf-a003-a1e7264136e8&sid=search
562,MLA3785124570,liniers,liniers_4,128000.0,90.0,3.0,40.0,1422.2222222222222,2119.0,-32.9,True,False,True,False,1,False,False,0.5,https://departamento.mercadolibre.com.ar/MLA-3785124570-tipo-casa-3-amb-amplios-pb-al-frente-terraza-chabitacion-bano-y-quincho-_JM#polycard_client=search-desktop&price_drop=not_apply&be_origin=backend&overlay_label=not_apply&search_layout=grid&position=8&type=item&tracking_id=e9f48bdd-821f-4a6a-b3aa-7b71a85d0f76&sid=search
563,MLA3720093382,palermo,palermo_3,77000.0,41.0,2.0,50.0,1878.0487804878048,2797.0,-32.8,True,False,True,False,1,False,False,0.81,https://departamento.mercadolibre.com.ar/MLA-3720093382-venta-departamento-2-ambientes-palermobotanico-_JM#polycard_client=search-desktop&price_drop=not_apply&be_origin=backend&overlay_label=not_apply&search_layout=grid&position=18&type=item&tracking_id=e3e9160b-4371-4911-99fb-21b3fa6340c0&sid=search
564,MLA3638051614,belgrano,belgrano_3,320000.0,146.0,5.0,60.0,2191.780821917808,3263.0,-32.8,True,False,True,False,1,False,False,0.96,https://departamento.mercadolibre.com.ar/MLA-3638051614-oppel-departamento-en-venta-belgrano-capital-federal-cod-32592-_JM#polycard_client=search-desktop&price_drop=not_apply&be_origin=backend&overlay_label=not_apply&search_layout=grid&position=39&type=item&tracking_id=5af38a2b-211b-4ad6-9315-4ae21fbca5bf&sid=search
565,MLA1907799035,belgrano,belgrano_1,305000.0,139.0,6.0,50.0,2194.244604316547,3266.0,-32.8,True,False,True,True,1,False,False,0.96,https://departamento.mercadolibre.com.ar/MLA-1907799035-oppel-departamento-en-venta-belgrano-capital-federal-cod-33484-_JM#polycard_client=search-desktop&price_drop=true&be_origin=backend&overlay_label=not_apply&search_layout=grid&position=26&type=item&tracking_id=cd412bb5-596a-4101-92f5-da1a63c72914&sid=search
566,MLA1911334293,recoleta,recoleta_0,290000.0,130.0,4.0,50.0,2230.769230769231,3320.0,-32.8,True,False,True,False,1,False,False,0.85,https://departamento.mercadolibre.com.ar/MLA-1911334293-retasado-espectacular-triplex-con-hermosa-terraza-_JM#polycard_client=search-desktop&price_drop=not_apply&be_origin=backend&overlay_label=not_apply&search_layout=grid&position=10&type=item&tracking_id=aa027458-74da-469d-b3b2-73029c31a517&sid=search
567,MLA2837614832,villa-crespo,villa-crespo_4,98000.0,36.0,1.0,3.0,2722.222222222222,4051.0,-32.8,True,False,True,False,1,False,False,1.0,https://departamento.mercadolibre.com.ar/MLA-2837614832-av-juan-b-justo-2900-villa-crespo-1amb-u98000-_JM#polycard_client=search-desktop&float_highlight=not_apply&price_drop=not_apply&be_origin=backend&overlay_label=not_apply&search_layout=grid&position=12&type=item&tracking_id=abb08bbd-8748-4f40-bc48-af65e2547c74&sid=search
568,MLA1948883223,recoleta,recoleta_3,79800.0,50.0,2.0,46.0,1596.0,2374.0,-32.8,True,False,True,False,1,False,False,0.88,https://departamento.mercadolibre.com.ar/MLA-1948883223-venta-departamento-2-ambientes-en-recoleta-barrio-norte-apto-profesional-_JM#polycard_client=search-desktop&price_drop=not_apply&be_origin=backend&overlay_label=not_apply&search_layout=grid&position=21&type=item&tracking_id=5b7ebba6-717c-45fb-a641-8603c78482f7&sid=search
569,MLA1602193339,barracas,barracas_1,53000.0,37.0,2.0,,1432.4324324324325,2131.0,-32.8,True,False,True,False,2,False,False,0.46,https://departamento.mercadolibre.com.ar/MLA-1602193339-departamento-en-venta-en-barracas-_JM#polycard_client=search-desktop&price_drop=not_apply&be_origin=backend&overlay_label=not_apply&search_layout=grid&position=47&type=item&tracking_id=41371b4a-fc3c-4934-9f0b-146cd6a28120&sid=search
570,MLA1886667523,villa-crespo,villa-crespo_4,75000.0,39.0,1.0,20.0,1923.076923076923,2860.0,-32.8,True,False,True,False,1,False,False,0.96,https://departamento.mercadolibre.com.ar/MLA-1886667523-departamento-studio-movistar-arena-monoambiente-_JM#polycard_client=search-desktop&price_drop=not_apply&be_origin=backend&overlay_label=not_apply&search_layout=grid&position=44&type=item&tracking_id=c37c5519-4402-4f00-8857-803e7b80cc62&sid=search
571,MLA3462272148,balvanera,balvanera_0,52000.0,44.0,2.0,30.0,1181.8181818181818,1757.0,-32.7,True,False,True,False,1,False,False,0.92,https://departamento.mercadolibre.com.ar/MLA-3462272148-departamento-en-balvanera-_JM#polycard_client=search-desktop&price_drop=not_apply&be_origin=backend&overlay_label=not_apply&search_layout=grid&position=31&type=item&tracking_id=de161138-d832-4990-b691-ad307b5872e0&sid=search
572,MLA1846021469,caballito,caballito,110000.0,65.0,4.0,10.0,1692.3076923076924,2516.0,-32.7,True,False,True,False,2,False,False,0.77,https://departamento.mercadolibre.com.ar/MLA-1846021469-excelente-depto-con-balcon-en-2-plantas-_JM#polycard_client=search-desktop&price_drop=not_apply&be_origin=backend&overlay_label=not_apply&search_layout=grid&position=48&type=item&tracking_id=f48bb936-0352-424a-a4b0-3b6669b96570&sid=search
573,MLA3154590292,caballito,caballito,89000.0,38.0,1.0,5.0,2342.1052631578946,3482.0,-32.7,True,True,False,False,1,False,False,1.0,https://departamento.mercadolibre.com.ar/MLA-3154590292-monoambiente-superluminoso-con-cochera-propia-en-venta-ideal-primer-vivienda-o-inversion-_JM#polycard_client=search-desktop&price_drop=not_apply&be_origin=backend&overlay_label=not_apply&search_layout=grid&position=7&type=item&tracking_id=b7a40a6d-156e-4218-827a-aa6f5ded544b&sid=search
574,MLA1951921985,puerto-madero,puerto-madero,186000.0,35.0,1.0,1.0,5314.285714285715,7896.0,-32.7,False,False,False,False,1,False,False,0.88,https://departamento.mercadolibre.com.ar/MLA-1951921985-mono-en-venta-en-puerto-madero-a-estrenar-_JM#polycard_client=search-desktop&price_drop=not_apply&be_origin=backend&overlay_label=not_apply&search_layout=grid&position=25&type=item&tracking_id=879fca74-aa7e-405e-b7bd-69aaf51f3706&sid=search
575,MLA3692403840,recoleta,recoleta_3,60000.0,28.0,,8.0,2142.8571428571427,3184.0,-32.7,True,False,True,False,1,False,False,0.69,https://departamento.mercadolibre.com.ar/MLA-3692403840-monoambiente-en-venta-recoleta-anticipo-cuotas-fijas-_JM#polycard_client=search-desktop&price_drop=not_apply&be_origin=backend&overlay_label=not_apply&search_layout=grid&position=4&type=item&tracking_id=012eafb1-c2cc-4027-8a00-50108c99f431&sid=search
576,MLA1899936947,palermo,palermo_3,375000.0,205.0,4.0,65.0,1829.2682926829268,2718.0,-32.7,True,False,True,False,1,False,False,0.96,https://departamento.mercadolibre.com.ar/MLA-1899936947-departamento-4-ambientes-luminoso-impecable-frente-dependencias-balcon-baulera-y-cochera-en-palermo-_JM#polycard_client=search-desktop&price_drop=not_apply&be_origin=backend&overlay_label=not_apply&search_layout=grid&position=41&type=item&tracking_id=c98b21f5-0999-44bf-8841-777e7b382a79&sid=search
577,MLA1852300953,flores,flores_1,59900.0,40.0,2.0,12.0,1497.5,2225.0,-32.7,True,False,True,False,1,False,False,0.35,https://departamento.mercadolibre.com.ar/MLA-1852300953-venta-departamento-2-ambientes-tipo-loft-en-flores-edificio-historico-_JM#polycard_client=search-desktop&price_drop=not_apply&be_origin=backend&overlay_label=not_apply&search_layout=grid&position=27&type=item&tracking_id=764a59e2-46be-44ee-b7f1-454321c53e3e&sid=search
578,MLA3223340438,villa-real,villa-real,119000.0,85.0,5.0,50.0,1400.0,2080.0,-32.7,True,False,True,False,1,False,False,0.58,https://departamento.mercadolibre.com.ar/MLA-3223340438-departamento-en-venta-en-villa-real-capital-federal-buenos-aires-_JM#polycard_client=search-desktop&price_drop=not_apply&be_origin=backend&overlay_label=not_apply&search_layout=grid&position=17&type=item&tracking_id=2ed7ee14-4ccc-4e5c-9178-5e7d8fdc65c9&sid=search
579,MLA3550890182,palermo,palermo,238990.0,114.0,5.0,45.0,2096.40350877193,3114.0,-32.7,True,False,True,False,1,False,False,0.96,https://departamento.mercadolibre.com.ar/MLA-3550890182-departamento-en-palermo-_JM#polycard_client=search-desktop&price_drop=not_apply&be_origin=backend&overlay_label=not_apply&search_layout=grid&position=33&type=item&tracking_id=aa118468-1268-4a6f-8f03-efae5e4e2a23&sid=search
580,MLA1946332923,villa-soldati,villa-soldati,35000.0,62.0,4.0,47.0,564.516129032258,838.0,-32.7,True,False,True,False,1,False,False,0.77,https://departamento.mercadolibre.com.ar/MLA-1946332923-venta-departamento-4-ambientes-villa-soldati-_JM#polycard_client=search-desktop&price_drop=not_apply&be_origin=backend&overlay_label=not_apply&search_layout=grid&position=33&type=item&tracking_id=35baef4d-1ce4-4c1c-8fc4-11ee31c7901a&sid=search
581,MLA3655903912,villa-lugano,villa-lugano_0,68000.0,55.0,3.0,20.0,1236.3636363636365,1836.0,-32.7,True,False,True,False,1,False,False,1.0,https://departamento.mercadolibre.com.ar/MLA-3655903912-venta-departamento-villa-lugano-_JM#polycard_client=search-desktop&price_drop=not_apply&be_origin=backend&overlay_label=not_apply&search_layout=grid&position=20&type=item&tracking_id=b8efa984-0639-47fb-8ef1-0adf44366950&sid=search
582,MLA2811843776,san-telmo,san-telmo_3,89900.0,88.0,4.0,80.0,1021.5909090909092,1517.0,-32.6,True,False,True,False,1,False,False,0.96,https://departamento.mercadolibre.com.ar/MLA-2811843776-venta-departamento-de-4-ambientes-en-el-edificio-casa-america-_JM#polycard_client=search-desktop&float_highlight=not_apply&price_drop=not_apply&be_origin=backend&overlay_label=not_apply&search_layout=grid&position=41&type=item&tracking_id=2d17a86b-548a-433d-b7cd-d724a351d033&sid=search
583,MLA3720467398,floresta,floresta_4,149000.0,126.0,4.0,48.0,1182.5396825396826,1756.0,-32.6,True,True,False,False,1,False,False,0.92,https://departamento.mercadolibre.com.ar/MLA-3720467398-venta-departamento-floresta-4-ambientes-balcon-_JM#polycard_client=search-desktop&price_drop=not_apply&be_origin=backend&overlay_label=not_apply&search_layout=grid&position=32&type=item&tracking_id=466aedef-013c-43d5-9281-218de9e6442d&sid=search
584,MLA1792543397,chacarita,chacarita,99500.0,69.0,4.0,60.0,1442.0289855072465,2141.0,-32.6,True,False,True,False,1,False,False,0.15,https://departamento.mercadolibre.com.ar/MLA-1792543397-departamento-de-5-ambientes-en-venta-en-chacarita-_JM#polycard_client=search-desktop&price_drop=not_apply&be_origin=backend&overlay_label=not_apply&search_layout=grid&position=24&type=item&tracking_id=c5c19306-4766-42cc-9d31-702339021cfa&sid=search
585,MLA1972746687,nunez,nunez_0,69000.0,39.0,2.0,55.0,1769.2307692307693,2626.0,-32.6,True,False,True,False,2,False,False,0.88,https://departamento.mercadolibre.com.ar/MLA-1972746687-departamento-venta-nunez-2ambientes-bajas-expensas-x-escaleramlibertador-_JM#polycard_client=search-desktop&float_highlight=recent_publication&price_drop=not_apply&be_origin=backend&overlay_label=not_apply&search_layout=grid&position=13&type=item&tracking_id=53877ae9-85e2-4d1e-8ceb-07011a17a748&sid=search
586,MLA3219975288,almagro,almagro,98000.0,69.0,3.0,20.0,1420.2898550724638,2108.0,-32.6,True,False,True,True,1,False,False,0.88,https://departamento.mercadolibre.com.ar/MLA-3219975288-venta-departamento-3-ambientes-69m-con-balcon-al-frente-en-boedo-apto-credito-hipotecario-_JM#polycard_client=search-desktop&float_highlight=not_apply&price_drop=true&be_origin=backend&overlay_label=not_apply&search_layout=grid&position=39&type=item&tracking_id=ad0f3ca1-380e-49e8-b481-551dfe6e9ea1&sid=search
587,MLA3479122844,mataderos,mataderos_1,37900.0,33.0,1.0,20.0,1148.4848484848485,1705.0,-32.6,True,False,True,False,1,False,False,0.88,https://departamento.mercadolibre.com.ar/MLA-3479122844-venta-departamento-monoambiente-en-mataderos-_JM#polycard_client=search-desktop&price_drop=not_apply&be_origin=backend&overlay_label=not_apply&search_layout=grid&position=7&type=item&tracking_id=a90459bf-3b03-47b9-b2ca-642f3e3f080b&sid=search
588,MLA3673105156,recoleta,recoleta_3,330000.0,239.0,5.0,70.0,1380.7531380753137,2049.0,-32.6,True,False,True,False,1,False,False,0.96,https://departamento.mercadolibre.com.ar/MLA-3673105156-santa-fe-y-callao-piso-al-frente-4-dormitorios-240-m2-recoleta-_JM#polycard_client=search-desktop&price_drop=not_apply&be_origin=backend&overlay_label=not_apply&search_layout=grid&position=17&type=item&tracking_id=012eafb1-c2cc-4027-8a00-50108c99f431&sid=search
589,MLA2827797764,monserrat,monserrat_4,90000.0,90.0,4.0,40.0,1000.0,1484.0,-32.6,True,False,True,False,2,False,False,0.96,https://departamento.mercadolibre.com.ar/MLA-2827797764-departamento-en-venta-en-monserrat-_JM#polycard_client=search-desktop&price_drop=not_apply&be_origin=backend&overlay_label=not_apply&search_layout=grid&position=46&type=item&tracking_id=803fcb36-3ad6-4667-a7a7-ddf27a740927&sid=search
590,MLA1824436253,palermo,palermo_2,239000.0,102.0,4.0,30.0,2343.1372549019607,3475.0,-32.6,True,True,False,False,1,False,False,0.92,https://departamento.mercadolibre.com.ar/MLA-1824436253-venta-4-ambientes-con-balcon-dependencia-de-servicio-palermo-_JM#polycard_client=search-desktop&price_drop=not_apply&be_origin=backend&overlay_label=not_apply&search_layout=grid&position=10&type=item&tracking_id=3957d3a2-cb59-494d-845c-15c46aa8129e&sid=search
591,MLA1945604089,parque-avellaneda,parque-avellaneda,64900.0,53.0,3.0,10.0,1224.5283018867924,1816.0,-32.6,True,False,True,False,1,False,False,0.81,https://departamento.mercadolibre.com.ar/MLA-1945604089-departamento-3-ambientes-avellaneda-56-m2-bconpta-_JM#polycard_client=search-desktop&price_drop=not_apply&be_origin=backend&overlay_label=not_apply&search_layout=grid&position=5&type=item&tracking_id=6130b092-24fe-4617-a409-682a9b9a62de&sid=search
592,MLA1852299613,barracas,barracas_0,68000.0,56.0,3.0,50.0,1214.2857142857142,1801.0,-32.6,True,True,False,False,1,False,False,0.73,https://departamento.mercadolibre.com.ar/MLA-1852299613-3-ambientes-al-fte-cbalcon-refac-a-nuevo-2-pisoxescalera-_JM#polycard_client=search-desktop&price_drop=not_apply&be_origin=backend&overlay_label=not_apply&search_layout=grid&position=13&type=item&tracking_id=b0113096-9daf-4957-96b8-c2e5a050259e&sid=search
593,MLA1972170251,belgrano,belgrano_0,79900.0,31.0,1.0,4.0,2577.4193548387098,3820.0,-32.5,True,False,True,False,1,False,False,0.96,https://departamento.mercadolibre.com.ar/MLA-1972170251-venta-monoambiente-amoblado-balcon-2-piscina-belgrano-_JM#polycard_client=search-desktop&float_highlight=recent_publication&price_drop=not_apply&be_origin=backend&overlay_label=not_apply&search_layout=grid&position=5&type=item&tracking_id=f09145ae-17b7-46cc-847c-e6afa0fb9506&sid=search
594,MLA3720467440,san-nicolas,san-nicolas,157000.0,154.0,5.0,46.0,1019.4805194805194,1511.0,-32.5,True,False,True,False,1,False,False,0.85,https://departamento.mercadolibre.com.ar/MLA-3720467440-venta-departamento-5-ambientes-con-balcon-y-patio-_JM#polycard_client=search-desktop&price_drop=not_apply&be_origin=backend&overlay_label=not_apply&search_layout=grid&position=8&type=item&tracking_id=2086a22b-e4bb-43b0-b3ca-c3afa6fb751b&sid=search
595,MLA3770707682,monserrat,monserrat_3,120000.0,120.0,3.0,50.0,1000.0,1482.0,-32.5,True,False,True,False,1,False,False,0.54,https://departamento.mercadolibre.com.ar/MLA-3770707682-departamento-en-venta-en-ciudad-autonoma-de-buenos-aires-capital-federal-buenos-aires-_JM#polycard_client=search-desktop&float_highlight=recent_publication&price_drop=not_apply&be_origin=backend&overlay_label=not_apply&search_layout=grid&position=41&type=item&tracking_id=75f87929-e25e-4838-8f42-2e35c5e5ed4f&sid=search
596,MLA3501320386,balvanera,balvanera_0,105000.0,100.0,5.0,50.0,1050.0,1556.0,-32.5,True,False,True,False,1,False,False,0.88,https://departamento.mercadolibre.com.ar/MLA-3501320386-venta-departamento-5-ambientes-con-palier-privado-en-balvanera-_JM#polycard_client=search-desktop&price_drop=not_apply&be_origin=backend&overlay_label=not_apply&search_layout=grid&position=10&type=item&tracking_id=11e25eac-a1aa-428a-87fc-a1cd2cfbe142&sid=search
597,MLA1871045809,liniers,liniers,58000.0,60.0,3.0,60.0,966.6666666666666,1432.0,-32.5,True,False,True,False,1,False,False,0.92,https://departamento.mercadolibre.com.ar/MLA-1871045809-venta-depto-3-amb-apto-credito-en-liniers-oportunidad--_JM#polycard_client=search-desktop&price_drop=not_apply&be_origin=backend&overlay_label=not_apply&search_layout=grid&position=47&type=item&tracking_id=744d3668-5e36-4454-9b0f-96b5a7585a59&sid=search
598,MLA1842377133,liniers,liniers,48000.0,45.0,2.0,46.0,1066.6666666666667,1580.0,-32.5,True,False,True,False,1,False,False,0.69,https://departamento.mercadolibre.com.ar/MLA-1842377133-venta-de-departamento-en-liniers-_JM#polycard_client=search-desktop&price_drop=not_apply&be_origin=backend&overlay_label=not_apply&search_layout=grid&position=15&type=item&tracking_id=1dc32074-e4d2-4273-8f74-7a8f38788e67&sid=search
599,MLA1685374587,monserrat,monserrat,179500.0,170.0,11.0,70.0,1055.8823529411766,1564.0,-32.5,True,True,False,False,1,False,False,0.88,https://departamento.mercadolibre.com.ar/MLA-1685374587-oportunidad-valor-m2-us-1048-venta-depto-10-amb-centro-_JM#polycard_client=search-desktop&price_drop=not_apply&be_origin=backend&overlay_label=not_apply&search_layout=grid&position=9&type=item&tracking_id=d096f3bf-4263-4826-9f8a-aa2840be4988&sid=search
600,MLA1690807479,villa-del-parque,villa-del-parque,77000.0,40.0,1.0,5.0,1925.0,2851.0,-32.5,True,False,True,False,1,False,False,0.96,https://departamento.mercadolibre.com.ar/MLA-1690807479-super-amplio-placard-a-medida-aire-acondicionado-muy-luminoso-balcon-lavadero-_JM#polycard_client=search-desktop&price_drop=not_apply&be_origin=backend&overlay_label=not_apply&search_layout=grid&position=1&type=item&tracking_id=371920e5-7a40-49bf-9970-0f787735400b&sid=search
601,MLA3741025480,flores,flores_2,82000.0,72.0,3.0,26.0,1138.888888888889,1686.0,-32.5,True,False,True,False,1,False,False,0.92,https://departamento.mercadolibre.com.ar/MLA-3741025480-departamento-flores-_JM#polycard_client=search-desktop&price_drop=not_apply&be_origin=backend&overlay_label=not_apply&search_layout=grid&position=21&type=item&tracking_id=bb8c697b-ae3d-4654-a1b6-de9068a338f2&sid=search
602,MLA3578437814,saavedra,saavedra,172000.0,94.0,,36.0,1829.787234042553,2709.0,-32.5,True,False,True,False,1,False,False,0.46,https://departamento.mercadolibre.com.ar/MLA-3578437814-4-ambientes-con-cochera-balcon-cerrado-y-vista-abierta-_JM#polycard_client=search-desktop&price_drop=not_apply&be_origin=backend&overlay_label=not_apply&search_layout=grid&position=34&type=item&tracking_id=5d2e2de7-a9cc-4e45-b3bb-cc84edf63748&sid=search
603,MLA1805876551,belgrano,belgrano_0,360000.0,183.0,6.0,51.0,1967.2131147540983,2912.0,-32.4,True,False,True,True,1,False,False,0.81,https://departamento.mercadolibre.com.ar/MLA-1805876551-venta-apto-credito-departamento-4-ambientes-cochera-baulera-belgrano-_JM#polycard_client=search-desktop&price_drop=true&be_origin=backend&overlay_label=not_apply&search_layout=grid&position=45&type=item&tracking_id=ead645b1-988f-4a04-8c7a-e404886124f6&sid=search
604,MLA3721806648,flores,flores_1,84000.0,73.0,3.0,58.0,1150.6849315068494,1703.0,-32.4,True,False,True,False,1,False,False,0.77,https://departamento.mercadolibre.com.ar/MLA-3721806648-venta-dpto-100mts-a-reformar-patio-parrilla-flores-_JM#polycard_client=search-desktop&price_drop=not_apply&be_origin=backend&overlay_label=not_apply&search_layout=grid&position=37&type=item&tracking_id=3c641cce-7607-44ff-940c-f9ce5a0a3785&sid=search
605,MLA1596050905,balvanera,balvanera_2,128000.0,108.0,5.0,50.0,1185.1851851851852,1754.0,-32.4,True,True,False,False,1,False,False,1.0,https://departamento.mercadolibre.com.ar/MLA-1596050905-venta-5-ambientes-con-dependencias-de-epoca-_JM#polycard_client=search-desktop&float_highlight=not_apply&price_drop=not_apply&be_origin=backend&overlay_label=not_apply&search_layout=grid&position=34&type=item&tracking_id=c0b47374-130e-417f-9c27-9aad949ef254&sid=search
606,MLA3720473516,san-nicolas,san-nicolas,114900.0,109.0,4.0,50.0,1054.1284403669724,1560.0,-32.4,True,False,True,False,1,False,False,0.88,https://departamento.mercadolibre.com.ar/MLA-3720473516-oficina-en-venta-cocina-fichero-y-2-despachos-_JM#polycard_client=search-desktop&price_drop=not_apply&be_origin=backend&overlay_label=not_apply&search_layout=grid&position=12&type=item&tracking_id=2ae8004f-9f6d-4887-8b11-dc8aef692e8b&sid=search
607,MLA3328467852,parque-avellaneda,parque-avellaneda,53000.0,56.0,3.0,,946.4285714285714,1400.0,-32.4,True,False,True,False,1,False,False,0.27,https://departamento.mercadolibre.com.ar/MLA-3328467852-tres-ambientes-en-nagera-en-venta-_JM#polycard_client=search-desktop&price_drop=not_apply&be_origin=backend&overlay_label=not_apply&search_layout=grid&position=31&type=item&tracking_id=0ca56838-3a83-45e9-8df6-f517fe5be0f5&sid=search
608,MLA3620113118,caballito,caballito,114000.0,89.0,3.0,40.0,1280.8988764044943,1895.0,-32.4,True,False,True,False,1,False,False,0.92,https://departamento.mercadolibre.com.ar/MLA-3620113118-semip-cdep-en-bacacay-al-2500-89-m2-impec-dentrada-amplio-living-espect-cocina-comedor-_JM#polycard_client=search-desktop&price_drop=not_apply&be_origin=backend&overlay_label=not_apply&search_layout=grid&position=8&type=item&tracking_id=ccf595d2-8225-46d3-b55e-114616ad54e9&sid=search
609,MLA1946157533,nueva-pompeya,nueva-pompeya,55000.0,72.0,4.0,22.0,763.8888888888889,1130.0,-32.4,True,False,True,False,1,False,False,0.85,https://departamento.mercadolibre.com.ar/MLA-1946157533-departamento-4-amb-en-venta-en-pompeya-_JM#polycard_client=search-desktop&price_drop=not_apply&be_origin=backend&overlay_label=not_apply&search_layout=grid&position=25&type=item&tracking_id=0d117105-f9ed-44da-bbaf-9e3721f00c21&sid=search
610,MLA3471112568,villa-devoto,villa-devoto,78000.0,57.0,2.0,63.0,1368.421052631579,2025.0,-32.4,True,True,False,False,1,False,False,0.96,https://departamento.mercadolibre.com.ar/MLA-3471112568-alquiler-amplio-departamento-2-ambientes-villa-devoto-_JM#polycard_client=search-desktop&price_drop=not_apply&be_origin=backend&overlay_label=not_apply&search_layout=grid&position=42&type=item&tracking_id=5d4cb01a-61dc-4882-9507-b604e9239f60&sid=search
611,MLA1833134451,flores,flores_3,290000.0,239.0,4.0,40.0,1213.3891213389122,1795.0,-32.4,True,False,True,False,1,False,False,0.92,https://departamento.mercadolibre.com.ar/MLA-1833134451-gran-oportunidad-apto-credito-amplio-4-ambientes-de-categoria-con-doble-balcon-en-flores-_JM#polycard_client=search-desktop&price_drop=not_apply&be_origin=backend&overlay_label=not_apply&search_layout=grid&position=22&type=item&tracking_id=ad69f152-21cf-4b28-ba83-27b9c1d71dd7&sid=search
612,MLA1850627901,caballito,caballito,110000.0,65.0,3.0,10.0,1692.3076923076924,2503.0,-32.4,True,False,True,False,1,False,False,0.69,https://departamento.mercadolibre.com.ar/MLA-1850627901-excelente-depto-con-balcon-en-2-plantas-_JM#polycard_client=search-desktop&price_drop=not_apply&be_origin=backend&overlay_label=not_apply&search_layout=grid&position=34&type=item&tracking_id=f48bb936-0352-424a-a4b0-3b6669b96570&sid=search
613,MLA1610509607,balvanera,balvanera,73000.0,74.0,3.0,60.0,986.4864864864865,1459.0,-32.4,True,False,True,False,1,False,False,0.96,https://departamento.mercadolibre.com.ar/MLA-1610509607-venta-balvanera-3-ambientes-con-dependencia-_JM#polycard_client=search-desktop&price_drop=not_apply&be_origin=backend&overlay_label=not_apply&search_layout=grid&position=22&type=item&tracking_id=7c8ea88c-0bd0-44e8-b3dd-086f171f1071&sid=search
614,MLA3488286778,puerto-madero,puerto-madero,500000.0,112.0,4.0,18.0,4464.285714285715,6603.0,-32.4,False,False,False,True,1,False,False,0.96,https://departamento.mercadolibre.com.ar/MLA-3488286778-departamento-en-puerto-madero-_JM#polycard_client=search-desktop&price_drop=true&be_origin=backend&overlay_label=not_apply&search_layout=grid&position=28&type=item&tracking_id=c965acd3-09eb-4916-b120-5c0803cbe443&sid=search
615,MLA1595835031,nunez,nunez_0,178000.0,92.0,3.0,10.0,1934.782608695652,2861.0,-32.4,True,False,True,False,1,False,False,0.96,https://departamento.mercadolibre.com.ar/MLA-1595835031-departamento-en-venta-en-nunez-de-3-amb-_JM#polycard_client=search-desktop&price_drop=not_apply&be_origin=backend&overlay_label=not_apply&search_layout=grid&position=23&type=item&tracking_id=a8fc847b-abde-4e5d-b1a4-ec132e61b7f6&sid=search
616,MLA1719234587,caballito,caballito,68000.0,35.0,1.0,10.0,1942.857142857143,2872.0,-32.4,True,False,True,False,1,False,False,0.85,https://departamento.mercadolibre.com.ar/MLA-1719234587-monoambiente-dividido-con-balcon-en-caballito-excelente-luz-vista-abierta-y-amenities-_JM#polycard_client=search-desktop&price_drop=not_apply&be_origin=backend&overlay_label=not_apply&search_layout=grid&position=4&type=item&tracking_id=d9c15d2b-7ba4-46b3-a920-6fef6e459ba9&sid=search
617,MLA1864488307,flores,flores_0,177000.0,172.0,6.0,100.0,1029.0697674418604,1521.0,-32.4,True,False,True,False,1,False,False,0.96,https://departamento.mercadolibre.com.ar/MLA-1864488307-venta-departamento-tipo-casa-4-dormitorios-con-cochera-y-patio-oportunidad-_JM#polycard_client=search-desktop&price_drop=not_apply&be_origin=backend&overlay_label=not_apply&search_layout=grid&position=25&type=item&tracking_id=764a59e2-46be-44ee-b7f1-454321c53e3e&sid=search
618,MLA3459477800,recoleta,recoleta_2,179000.0,108.0,5.0,50.0,1657.4074074074074,2450.0,-32.3,True,False,True,False,1,False,False,0.96,https://departamento.mercadolibre.com.ar/MLA-3459477800-recoleta-piso-completo-6-ambientes-108-m-_JM#polycard_client=search-desktop&price_drop=not_apply&be_origin=backend&overlay_label=not_apply&search_layout=grid&position=13&type=item&tracking_id=f6959873-e019-47d5-b6d3-e76853ff54bf&sid=search
619,MLA1935502705,palermo,palermo,135900.0,52.0,1.0,3.0,2613.4615384615386,3863.0,-32.3,True,False,True,False,1,False,False,0.96,https://departamento.mercadolibre.com.ar/MLA-1935502705-deptartamento-en-palermo-hoollywood-_JM#polycard_client=search-desktop&price_drop=not_apply&be_origin=backend&overlay_label=not_apply&search_layout=grid&position=29&type=item&tracking_id=490924cf-d256-42e8-b93e-d7ce76b75886&sid=search
620,MLA3488310962,flores,flores_0,160000.0,121.0,4.0,40.0,1322.314049586777,1954.0,-32.3,True,True,False,True,1,False,False,0.96,https://departamento.mercadolibre.com.ar/MLA-3488310962-venta-permuta-departamento-de-4-ambientes-con-dependencia-baulera-y-cochera-_JM#polycard_client=search-desktop&price_drop=true&be_origin=backend&overlay_label=not_apply&search_layout=grid&position=18&type=item&tracking_id=2da077e6-1fa0-4dad-ba2c-602800fe5865&sid=search
621,MLA1907794615,villa-del-parque,villa-del-parque,77000.0,35.0,1.0,1.0,2200.0,3251.0,-32.3,True,False,True,False,2,False,False,1.0,https://departamento.mercadolibre.com.ar/MLA-1907794615-departamento-en-venta-monoambiente-frente-villa-del-parque-con-amenities-_JM#polycard_client=search-desktop&price_drop=not_apply&be_origin=backend&overlay_label=not_apply&search_layout=grid&position=9&type=item&tracking_id=25a4cc7b-09d0-4f4d-b668-489d685dc174&sid=search
622,MLA3618440278,palermo,palermo_3,70000.0,36.0,2.0,50.0,1944.4444444444443,2872.0,-32.3,True,False,True,False,2,False,False,0.88,https://departamento.mercadolibre.com.ar/MLA-3618440278-departamento-en-palermo-2-ambientes-salguero-y-santa-fe-_JM#polycard_client=search-desktop&price_drop=not_apply&be_origin=backend&overlay_label=not_apply&search_layout=grid&position=39&type=item&tracking_id=c98b21f5-0999-44bf-8841-777e7b382a79&sid=search
623,MLA3720672332,caballito,caballito,115000.0,77.0,4.0,46.0,1493.5064935064936,2205.0,-32.3,True,False,True,False,1,True,False,0.81,https://departamento.mercadolibre.com.ar/MLA-3720672332-venta-semipiso-3-4-ambientes-cabalito-refaccionar-_JM#polycard_client=search-desktop&price_drop=not_apply&be_origin=backend&overlay_label=not_apply&search_layout=grid&position=44&type=item&tracking_id=661a31dc-2bc2-484b-9335-63533b03673f&sid=search
624,MLA1854642285,villa-urquiza,villa-urquiza_0,117000.0,52.0,2.0,9.0,2250.0,3321.0,-32.3,True,False,True,False,3,False,False,0.96,https://departamento.mercadolibre.com.ar/MLA-1854642285-venta-departamento-2-ambientes-contrafrente-piso-3-y-4-quincho-terraza-parrilla-cochera-coghlan-_JM#polycard_client=search-desktop&price_drop=not_apply&be_origin=backend&overlay_label=not_apply&search_layout=grid&position=40&type=item&tracking_id=bb5c425b-ef03-4908-b0e3-7fa3e46451d4&sid=search
625,MLA3607327496,monserrat,monserrat_3,230000.0,200.0,7.0,70.0,1150.0,1697.0,-32.2,True,True,False,False,1,False,False,0.96,https://departamento.mercadolibre.com.ar/MLA-3607327496-piso-completo-de-211-m-en-edificio-historico-categoria-y-estilo-en-monserrat-_JM#polycard_client=search-desktop&price_drop=not_apply&be_origin=backend&overlay_label=not_apply&search_layout=grid&position=36&type=item&tracking_id=b536da17-9717-4c36-998b-94925fe91fb9&sid=search
626,MLA1945483979,balvanera,balvanera,74000.0,72.0,3.0,66.0,1027.7777777777778,1516.0,-32.2,True,False,True,False,1,False,False,0.81,https://departamento.mercadolibre.com.ar/MLA-1945483979-venta-paso-al-100-caba-3-amb-luminoso-balcon-_JM#polycard_client=search-desktop&price_drop=not_apply&be_origin=backend&overlay_label=not_apply&search_layout=grid&position=19&type=item&tracking_id=ef900dd8-49e2-4e5f-b1da-dd2cddc68cc1&sid=search
627,MLA3809474920,barracas,barracas,89000.0,90.0,3.0,52.0,988.8888888888888,1459.0,-32.2,True,False,True,False,1,False,False,0.77,https://departamento.mercadolibre.com.ar/MLA-3809474920-en-venta-dpto-palacios-al-1200-barracas-_JM#polycard_client=search-desktop&float_highlight=recent_publication&price_drop=not_apply&be_origin=backend&overlay_label=not_apply&search_layout=grid&position=28&type=item&tracking_id=b40b62ff-6787-44c4-a166-68b179683cc0&sid=search
628,MLA1730511471,boedo,boedo_4,129000.0,65.0,3.0,15.0,1984.6153846153843,2928.0,-32.2,True,False,True,False,1,False,False,0.85,https://departamento.mercadolibre.com.ar/MLA-1730511471-venta-dpto-3-ambientes-con-balcon-cochera-pileta-sum-parrilla-_JM#polycard_client=search-desktop&price_drop=not_apply&be_origin=backend&overlay_label=not_apply&search_layout=grid&position=7&type=item&tracking_id=a9820f5f-0f13-4277-9fa2-1a010caedf7f&sid=search
629,MLA3786548916,villa-pueyrredon,villa-pueyrredon,64000.0,34.0,1.0,5.0,1882.3529411764705,2776.0,-32.2,True,False,True,False,1,False,False,0.92,https://departamento.mercadolibre.com.ar/MLA-3786548916-venta-monoambiente-divisible-con-balcon-_JM#polycard_client=search-desktop&float_highlight=recent_publication&price_drop=not_apply&be_origin=backend&overlay_label=not_apply&search_layout=grid&position=48&type=item&tracking_id=ab2d1f92-7396-4b86-b88c-23fe22808ee4&sid=search
630,MLA1976884103,mataderos,mataderos_1,73000.0,56.0,4.0,29.0,1303.571428571429,1922.0,-32.2,True,False,True,False,1,False,False,0.85,https://departamento.mercadolibre.com.ar/MLA-1976884103-depto-3-dorm-venta-pque-avellaneda-apto-credito-_JM#polycard_client=search-desktop&price_drop=not_apply&be_origin=backend&overlay_label=not_apply&search_layout=grid&position=16&type=item&tracking_id=d73b2591-5f27-4da5-b54e-47751419e620&sid=search
631,MLA3721583010,colegiales,colegiales,100000.0,58.0,3.0,26.0,1724.1379310344828,2541.0,-32.2,True,False,True,False,1,False,False,0.81,https://departamento.mercadolibre.com.ar/MLA-3721583010-venta-3-ambientes-en-colegialesapto-credito-_JM#polycard_client=search-desktop&price_drop=not_apply&be_origin=backend&overlay_label=not_apply&search_layout=grid&position=26&type=item&tracking_id=5d95bde8-cb0a-43bb-bb44-8862b6b4c1b3&sid=search
632,MLA1945712189,almagro,almagro,62000.0,49.0,3.0,66.0,1265.3061224489795,1865.0,-32.1,True,False,True,False,1,False,False,0.19,https://inmueble.mercadolibre.com.ar/MLA-1945712189-venta-departamento-tipo-ph-3-ambientes-en-almagro-_JM#polycard_client=search-desktop&price_drop=not_apply&be_origin=backend&overlay_label=not_apply&search_layout=grid&position=45&type=item&tracking_id=f67a34c6-f6b6-4fbb-a48b-a5e478beb868&sid=search
633,MLA3219560338,palermo,palermo_1,249000.0,131.0,5.0,62.0,1900.7633587786256,2801.0,-32.1,True,False,True,False,1,False,False,1.0,https://departamento.mercadolibre.com.ar/MLA-3219560338-av-cabildo-600-2-palermo-4amb-c-dep-coch-u-249000-_JM#polycard_client=search-desktop&float_highlight=not_apply&price_drop=not_apply&be_origin=backend&overlay_label=not_apply&search_layout=grid&position=41&type=item&tracking_id=d4ff7fa5-daa2-45aa-b9c9-5a85a0dcb1ac&sid=search
634,MLA2774388216,recoleta,recoleta_1,485000.0,194.0,5.0,50.0,2500.0,3684.0,-32.1,True,False,True,False,1,False,False,0.77,https://departamento.mercadolibre.com.ar/MLA-2774388216-callao-al-2000-piso-7-203-m2-5-amb-3-dorm-1-en-suite-con-vest-3-banos-2-complet-toilette-seg-24-hs-escritorio-cochera-balcon-corrido-vista-espectac-cocina-grande-comed-diario-losa-radian-_JM#polycard_client=search-desktop&price_drop=not_apply&be_origin=backend&overlay_label=not_apply&search_layout=grid&position=34&type=item&tracking_id=647eae91-c683-4e17-b0b0-201f8f247124&sid=search
635,MLA3223337032,belgrano,belgrano,579000.0,260.0,6.0,53.0,2226.923076923077,3281.0,-32.1,True,False,True,False,1,False,False,0.92,https://departamento.mercadolibre.com.ar/MLA-3223337032-departamento-duplex-6-ambientes-con-cochera-en-belgrano-impecable-apto-credito-_JM#polycard_client=search-desktop&float_highlight=not_apply&price_drop=not_apply&be_origin=backend&overlay_label=not_apply&search_layout=grid&position=27&type=item&tracking_id=1c28a8b8-3d3d-4dbc-9ded-c29129a05bd2&sid=search
636,MLA3411952304,villa-devoto,villa-devoto,330000.0,274.0,5.0,51.0,1204.3795620437957,1774.0,-32.1,True,False,True,True,1,True,False,0.19,https://departamento.mercadolibre.com.ar/MLA-3411952304-villa-devoto-casa-a-refaccionar-triplex-con-jardin-terraza-y-3-cocheras-_JM#polycard_client=search-desktop&price_drop=true&be_origin=backend&overlay_label=not_apply&search_layout=grid&position=4&type=item&tracking_id=ec69fb74-7751-4f49-98fa-d1e46b137555&sid=search
637,MLA3309596728,la-boca,la-boca_0,43000.0,54.0,2.0,80.0,796.2962962962963,1173.0,-32.1,True,False,True,False,1,False,False,0.69,https://departamento.mercadolibre.com.ar/MLA-3309596728-departamento-de-2-ambientes-al-frente-con-balcon-_JM#polycard_client=search-desktop&price_drop=not_apply&be_origin=backend&overlay_label=not_apply&search_layout=grid&position=37&type=item&tracking_id=3f981589-12f0-4f73-8231-e8f7a70ead8c&sid=search
638,MLA1906142463,constitucion,constitucion_2,35000.0,33.0,1.0,15.0,1060.6060606060605,1562.0,-32.1,True,False,True,False,1,False,False,0.96,https://departamento.mercadolibre.com.ar/MLA-1906142463-venta-departamento-1-dormitorio-constitucion-_JM#polycard_client=search-desktop&price_drop=not_apply&be_origin=backend&overlay_label=not_apply&search_layout=grid&position=13&type=item&tracking_id=67a87e88-6840-4b6c-9ab0-f3ead60b0003&sid=search
639,MLA1892793469,recoleta,recoleta_2,220000.0,110.0,4.0,35.0,2000.0,2945.0,-32.1,True,False,True,False,2,False,False,0.88,https://departamento.mercadolibre.com.ar/MLA-1892793469-av-pueyrredon-y-av-santa-fe-semipiso-de-4-amb-cdep-balcon-cochera-fija-y-seguridad-_JM#polycard_client=search-desktop&price_drop=not_apply&be_origin=backend&overlay_label=not_apply&search_layout=grid&position=42&type=item&tracking_id=2b6976fc-dca2-4488-a272-40642232328f&sid=search
640,MLA1607168327,flores,flores_0,120000.0,120.0,4.0,50.0,1000.0,1473.0,-32.1,True,True,False,False,1,False,False,0.96,https://departamento.mercadolibre.com.ar/MLA-1607168327-departamento-en-venta-en-flores-_JM#polycard_client=search-desktop&price_drop=not_apply&be_origin=backend&overlay_label=not_apply&search_layout=grid&position=27&type=item&tracking_id=4f49140c-1997-4323-9e18-7fe7529328de&sid=search
641,MLA1972679625,mataderos,mataderos,80000.0,80.0,4.0,40.0,1000.0,1472.0,-32.1,True,False,True,False,1,False,False,0.85,https://departamento.mercadolibre.com.ar/MLA-1972679625-venta-departamento-_JM#polycard_client=search-desktop&price_drop=not_apply&be_origin=backend&overlay_label=not_apply&search_layout=grid&position=27&type=item&tracking_id=9833ae9b-2255-4b70-bf0d-e5fb019e5d6e&sid=search
642,MLA3571943468,constitucion,constitucion_3,345000.0,545.0,25.0,45.0,633.0275229357799,932.0,-32.1,True,False,True,False,1,False,False,0.77,https://departamento.mercadolibre.com.ar/MLA-3571943468-venta-hotel-24-habilitado-constitucion-permuta-financia-_JM#polycard_client=search-desktop&price_drop=not_apply&be_origin=backend&overlay_label=not_apply&search_layout=grid&position=23&type=item&tracking_id=67a87e88-6840-4b6c-9ab0-f3ead60b0003&sid=search
643,MLA1703640565,san-telmo,san-telmo_3,89999.0,68.0,2.0,12.0,1323.514705882353,1948.0,-32.1,True,False,True,False,1,False,False,0.58,https://departamento.mercadolibre.com.ar/MLA-1703640565-cochabamba-al-400-entre-bolivar-y-defensa-san-telmo-impecable-piso-1-x-escalera-loft-duplex-2-ambientes-grande-68-m-totales-y-cubiertos-balcon-al-frente-totalmente-reciclado-ultra-luminoso-_JM#polycard_client=search-desktop&price_drop=not_apply&be_origin=backend&overlay_label=not_apply&search_layout=grid&position=25&type=item&tracking_id=073ea793-950a-4ca5-b0e5-cec00c3cbb55&sid=search
644,MLA3246034172,flores,flores_2,120000.0,120.0,4.0,40.0,1000.0,1472.0,-32.1,True,False,True,False,1,False,False,0.5,https://departamento.mercadolibre.com.ar/MLA-3246034172-departamento-en-venta-en-flores-_JM#polycard_client=search-desktop&price_drop=not_apply&be_origin=backend&overlay_label=not_apply&search_layout=grid&position=30&type=item&tracking_id=0933f9eb-957d-49b4-94b2-66227a62f008&sid=search
645,MLA2900039524,belgrano,belgrano,479999.0,190.0,5.0,25.0,2526.310526315789,3718.0,-32.0,True,False,True,False,1,False,False,0.92,https://departamento.mercadolibre.com.ar/MLA-2900039524-departamento-en-venta-de-4-ambientes-con-dependencia-y-cochera-en-belgrano-oportunidad-_JM#polycard_client=search-desktop&float_highlight=not_apply&price_drop=not_apply&be_origin=backend&overlay_label=not_apply&search_layout=grid&position=39&type=item&tracking_id=d3a58b35-a436-44c3-aec7-9917ec78cf88&sid=search
646,MLA2819028172,saavedra,saavedra,73500.0,38.0,1.0,5.0,1934.2105263157891,2844.0,-32.0,True,False,True,False,1,False,False,1.0,https://departamento.mercadolibre.com.ar/MLA-2819028172-1-amb-apto-credito-impecable-patio-muy-luminoso--_JM#polycard_client=search-desktop&float_highlight=not_apply&price_drop=not_apply&be_origin=backend&overlay_label=not_apply&search_layout=grid&position=2&type=item&tracking_id=fb2a81d3-be2b-4f0a-9359-8dc8056c17b6&sid=search
647,MLA3720659640,palermo,palermo_1,134000.0,68.0,4.0,48.0,1970.5882352941176,2897.0,-32.0,True,False,True,False,1,False,False,0.88,https://departamento.mercadolibre.com.ar/MLA-3720659640-venta-depto-4-ambientes-con-cochera-en-palermo-_JM#polycard_client=search-desktop&price_drop=not_apply&be_origin=backend&overlay_label=not_apply&search_layout=grid&position=8&type=item&tracking_id=946da84f-b8a5-40b0-96a9-d49c84a23793&sid=search
648,MLA3246231460,belgrano,belgrano,83000.0,43.0,2.0,45.0,1930.2325581395348,2837.0,-32.0,True,False,True,True,1,False,False,0.96,https://departamento.mercadolibre.com.ar/MLA-3246231460-2-ambientes-planta-baja-al-frente-con-patio-muy-luminoso-bajas-expensas-_JM#polycard_client=search-desktop&price_drop=true&be_origin=backend&overlay_label=not_apply&search_layout=grid&position=29&type=item&tracking_id=671b337f-488c-402b-9475-80606129062a&sid=search
649,MLA1929665731,nueva-pompeya,nueva-pompeya,60000.0,81.0,4.0,40.0,740.7407407407408,1089.0,-32.0,True,False,True,False,1,False,False,0.88,https://departamento.mercadolibre.com.ar/MLA-1929665731-departamento-en-pompeya-_JM#polycard_client=search-desktop&price_drop=not_apply&be_origin=backend&overlay_label=not_apply&search_layout=grid&position=14&type=item&tracking_id=0d117105-f9ed-44da-bbaf-9e3721f00c21&sid=search
650,MLA3360151574,belgrano,belgrano,83000.0,42.0,2.0,45.0,1976.190476190476,2903.0,-31.9,True,False,True,False,1,False,False,0.92,https://departamento.mercadolibre.com.ar/MLA-3360151574-departamento-2-ambientes-venta-nunez-_JM#polycard_client=search-desktop&price_drop=not_apply&be_origin=backend&overlay_label=not_apply&search_layout=grid&position=35&type=item&tracking_id=de1e087c-0ebf-4810-8e80-0ec9bb3e7edc&sid=search
651,MLA1946146941,saavedra,saavedra,93000.0,39.0,1.0,5.0,2384.6153846153848,3503.0,-31.9,True,False,True,False,1,False,False,0.81,https://departamento.mercadolibre.com.ar/MLA-1946146941-venta-amplio-monoambiente-con-cochera-en-saavedra-_JM#polycard_client=search-desktop&price_drop=not_apply&be_origin=backend&overlay_label=not_apply&search_layout=grid&position=32&type=item&tracking_id=fb2a81d3-be2b-4f0a-9359-8dc8056c17b6&sid=search
652,MLA3184071810,caballito,caballito,57000.0,33.0,1.0,20.0,1727.2727272727273,2537.0,-31.9,True,False,True,False,1,False,False,0.88,https://departamento.mercadolibre.com.ar/MLA-3184071810-colpayo-600-monoambiente-en-caballito-bano-completo-_JM#polycard_client=search-desktop&price_drop=not_apply&be_origin=backend&overlay_label=not_apply&search_layout=grid&position=29&type=item&tracking_id=07da5ad8-b845-4f5c-b52e-209ba0de2214&sid=search
653,MLA3599410082,recoleta,recoleta_1,490000.0,238.0,6.0,60.0,2058.823529411765,3024.0,-31.9,True,False,True,False,1,False,False,0.96,https://departamento.mercadolibre.com.ar/MLA-3599410082-av-callao-piso-en-venta-recoleta-excelente-piso-4-dormitorios-1-cochera-_JM#polycard_client=search-desktop&price_drop=not_apply&be_origin=backend&overlay_label=not_apply&search_layout=grid&position=41&type=item&tracking_id=2b6976fc-dca2-4488-a272-40642232328f&sid=search
654,MLA3721454514,villa-devoto,villa-devoto_3,75000.0,52.0,3.0,58.0,1442.3076923076924,2118.0,-31.9,True,False,True,False,1,False,False,0.81,https://departamento.mercadolibre.com.ar/MLA-3721454514-departamento-3-ambientes-en-venta-en-villa-devoto-_JM#polycard_client=search-desktop&price_drop=not_apply&be_origin=backend&overlay_label=not_apply&search_layout=grid&position=6&type=item&tracking_id=8b44841d-4813-4b33-ad44-1f534a4b337b&sid=search
655,MLA3720091726,paternal,paternal_0,52000.0,38.0,2.0,30.0,1368.421052631579,2009.0,-31.9,True,False,True,False,1,False,False,0.85,https://departamento.mercadolibre.com.ar/MLA-3720091726-venta-departamento-2-ambientes-paternal-con-balcon-_JM#polycard_client=search-desktop&price_drop=not_apply&be_origin=backend&overlay_label=not_apply&search_layout=grid&position=30&type=item&tracking_id=8b300fd5-9e6d-4b29-a346-35f02ae4b5f1&sid=search
656,MLA2909499264,puerto-madero,puerto-madero,237100.0,44.0,2.0,1.0,5388.636363636364,7910.0,-31.9,False,False,False,False,1,False,False,0.92,https://departamento.mercadolibre.com.ar/MLA-2909499264-departamento-2-amb-en-el-mejor-edificio-de-puerto-madero-proeyecto-constantini-_JM#polycard_client=search-desktop&float_highlight=not_apply&price_drop=not_apply&be_origin=backend&overlay_label=not_apply&search_layout=grid&position=29&type=item&tracking_id=6a500e76-6af1-4106-b097-4f01a1119448&sid=search
657,MLA2907442148,villa-del-parque,villa-del-parque,280000.0,154.0,3.0,5.0,1818.1818181818185,2669.0,-31.9,True,False,True,False,1,False,False,0.69,https://departamento.mercadolibre.com.ar/MLA-2907442148-venta-ph-3-ambientes-marcos-sastre-3000-villa-del-parque-us-280000-_JM#polycard_client=search-desktop&price_drop=not_apply&be_origin=backend&overlay_label=not_apply&search_layout=grid&position=19&type=item&tracking_id=371920e5-7a40-49bf-9970-0f787735400b&sid=search
658,MLA1951241395,monserrat,monserrat_3,42500.0,38.0,2.0,60.0,1118.421052631579,1641.0,-31.9,True,False,True,False,1,False,False,1.0,https://departamento.mercadolibre.com.ar/MLA-1951241395-oportunidad-2-amb-en-venta-departamento-monserrat-_JM#polycard_client=search-desktop&price_drop=not_apply&be_origin=backend&overlay_label=not_apply&search_layout=grid&position=6&type=item&tracking_id=7f53788f-e1fc-40a8-bdb4-04babb84f0bb&sid=search
659,MLA1825127081,villa-urquiza,villa-urquiza_4,72000.0,30.0,1.0,10.0,2400.0,3520.0,-31.8,True,False,True,False,2,False,False,0.96,https://departamento.mercadolibre.com.ar/MLA-1825127081-departamento-en-villa-urquiza-zona-doho-edificio-full-amenities-apto-profesional-_JM#polycard_client=search-desktop&price_drop=not_apply&be_origin=backend&overlay_label=not_apply&search_layout=grid&position=38&type=item&tracking_id=4e12aebd-ac84-48ce-a41c-cd6c2e4c6a13&sid=search
660,MLA3746100420,recoleta,recoleta_4,220000.0,123.0,5.0,50.0,1788.6178861788617,2623.0,-31.8,True,False,True,False,1,False,False,1.0,https://departamento.mercadolibre.com.ar/MLA-3746100420-departamento-piso-11-completo-5-ambientes-con-dependencia-con-balcon-terraza-en-venta-en-recoleta-gran-oportunidad-_JM#polycard_client=search-desktop&float_highlight=recent_publication&price_drop=not_apply&be_origin=backend&overlay_label=not_apply&search_layout=grid&position=1&type=item&tracking_id=74ed8021-f909-4b60-81bd-3f9d2cf1cb9a&sid=search
661,MLA3720473488,belgrano,belgrano,185000.0,83.0,4.0,46.0,2228.9156626506024,3268.0,-31.8,True,False,True,True,1,False,False,0.81,https://departamento.mercadolibre.com.ar/MLA-3720473488-venta-depto-piso-alto-con-cochera-belgrano-_JM#polycard_client=search-desktop&price_drop=true&be_origin=backend&overlay_label=not_apply&search_layout=grid&position=4&type=item&tracking_id=32447186-0bbd-4ce5-97c4-774fc180f88e&sid=search
662,MLA3250923222,belgrano,belgrano_2,290000.0,148.0,4.0,30.0,1959.4594594594596,2872.0,-31.8,True,False,True,False,1,False,False,0.38,https://departamento.mercadolibre.com.ar/MLA-3250923222-departamento-en-venta-en-belgrano-capital-federal-buenos-aires-_JM#polycard_client=search-desktop&price_drop=not_apply&be_origin=backend&overlay_label=not_apply&search_layout=grid&position=28&type=item&tracking_id=671b337f-488c-402b-9475-80606129062a&sid=search
663,MLA3410289778,recoleta,recoleta_0,395000.0,242.0,6.0,65.0,1632.2314049586778,2392.0,-31.8,True,False,True,False,1,False,False,0.96,https://departamento.mercadolibre.com.ar/MLA-3410289778-venta-departamento-6-ambientes-recoleta-_JM#polycard_client=search-desktop&price_drop=not_apply&be_origin=backend&overlay_label=not_apply&search_layout=grid&position=11&type=item&tracking_id=3513baff-203a-4c79-afcd-4f2927d8203d&sid=search
664,MLA3454959638,almagro,almagro,44000.0,34.0,,40.0,1294.1176470588234,1896.0,-31.8,True,False,True,False,1,False,False,0.62,https://departamento.mercadolibre.com.ar/MLA-3454959638-1-amb-congreso-rivadavia-1900-cfte-34-m2-a-nuevo-_JM#polycard_client=search-desktop&price_drop=not_apply&be_origin=backend&overlay_label=not_apply&search_layout=grid&position=7&type=item&tracking_id=4a682646-84e4-4de9-9970-3b3db15b9a0e&sid=search
665,MLA1605283659,coghlan,coghlan,179000.0,70.0,3.0,10.0,2557.1428571428573,3746.0,-31.7,True,False,True,False,1,False,False,0.85,https://departamento.mercadolibre.com.ar/MLA-1605283659-departamento-en-coghlan-de-3-amb-con-cochera-dos-dormitorios-1suite-lc-con-balcon-_JM#polycard_client=search-desktop&price_drop=not_apply&be_origin=backend&overlay_label=not_apply&search_layout=grid&position=16&type=item&tracking_id=2a5357dd-2b46-4a53-ad8c-5da2f54df1ab&sid=search
666,MLA1914634545,barracas,barracas_0,75000.0,63.0,3.0,70.0,1190.4761904761904,1744.0,-31.7,True,False,True,False,1,False,False,0.96,https://departamento.mercadolibre.com.ar/MLA-1914634545-av-reg-de-patricios-600-barracas-4amb-u75000-_JM#polycard_client=search-desktop&price_drop=not_apply&be_origin=backend&overlay_label=not_apply&search_layout=grid&position=45&type=item&tracking_id=b311d4ae-62d6-41c1-bf9a-c37903d677d6&sid=search
667,MLA3724581918,recoleta,recoleta,98000.0,60.0,2.0,60.0,1633.3333333333333,2392.0,-31.7,True,True,False,False,1,False,False,0.46,https://departamento.mercadolibre.com.ar/MLA-3724581918-se-vende-departamento-de-2-12-de-60-metros-en-el-btribunales-_JM#polycard_client=search-desktop&price_drop=not_apply&be_origin=backend&overlay_label=not_apply&search_layout=grid&position=4&type=item&tracking_id=6b84c6d5-86d1-46e7-80c8-e5f5863ceca2&sid=search
668,MLA1945706275,palermo,palermo_1,420000.0,223.0,7.0,66.0,1883.408071748879,2759.0,-31.7,True,False,True,False,1,False,False,0.81,https://departamento.mercadolibre.com.ar/MLA-1945706275-venta-depto-semi-piso-de-5-amb-ccoche-en-palermo-_JM#polycard_client=search-desktop&price_drop=not_apply&be_origin=backend&overlay_label=not_apply&search_layout=grid&position=17&type=item&tracking_id=e06d42d2-ec1d-48e7-a712-58024419777b&sid=search
669,MLA1889442193,palermo,palermo_0,115000.0,63.0,3.0,55.0,1825.3968253968253,2673.0,-31.7,True,False,True,True,1,False,False,0.62,https://departamento.mercadolibre.com.ar/MLA-1889442193-venta-depto-3-amb-palermo-balcon-lavadero-oportunidad-_JM#polycard_client=search-desktop&price_drop=true&be_origin=backend&overlay_label=not_apply&search_layout=grid&position=16&type=item&tracking_id=e8eba3b1-4429-49a1-b99a-62599ad41afd&sid=search
670,MLA1738138801,villa-del-parque,villa-del-parque,95000.0,73.0,3.0,40.0,1301.3698630136987,1905.0,-31.7,True,True,False,False,2,False,False,0.65,https://departamento.mercadolibre.com.ar/MLA-1738138801-3-ambientes-con-balcon-al-contrafrente-atipico-_JM#polycard_client=search-desktop&price_drop=not_apply&be_origin=backend&overlay_label=not_apply&search_layout=grid&position=27&type=item&tracking_id=371920e5-7a40-49bf-9970-0f787735400b&sid=search
671,MLA1911270761,barrio-norte,barrio-norte_3,59000.0,36.0,1.0,55.0,1638.888888888889,2399.0,-31.7,True,False,True,True,1,False,False,0.96,https://departamento.mercadolibre.com.ar/MLA-1911270761-dueno-directo-vende-apto-profesional-cap-fed--_JM#polycard_client=search-desktop&price_drop=true&be_origin=backend&overlay_label=not_apply&search_layout=grid&position=29&type=item&tracking_id=d5cd9375-dc59-405d-8d75-9ea255d33808&sid=search
672,MLA2769445034,versalles,versalles,175000.0,151.0,3.0,25.0,1158.9403973509934,1696.0,-31.7,False,False,False,False,1,False,False,0.96,https://departamento.mercadolibre.com.ar/MLA-2769445034-departamento-en-venta-en-versalles-_JM#polycard_client=search-desktop&float_highlight=not_apply&price_drop=not_apply&be_origin=backend&overlay_label=not_apply&search_layout=grid&position=13&type=item&tracking_id=6d0a864c-3062-49f9-9e8a-cd58f2291638&sid=search
673,MLA1983338823,villa-crespo,villa-crespo_2,75000.0,51.0,3.0,30.0,1470.5882352941176,2152.0,-31.7,True,False,True,False,1,False,False,0.96,https://departamento.mercadolibre.com.ar/MLA-1983338823-excelente-ubicacion-del-barrio-prox-al-parq-centenario-_JM#polycard_client=search-desktop&float_highlight=not_apply&price_drop=not_apply&be_origin=backend&overlay_label=not_apply&search_layout=grid&position=23&type=item&tracking_id=abb08bbd-8748-4f40-bc48-af65e2547c74&sid=search
674,MLA2681055098,flores,flores_1,69000.0,58.0,3.0,60.0,1189.655172413793,1741.0,-31.7,True,False,True,False,1,False,False,0.96,https://departamento.mercadolibre.com.ar/MLA-2681055098-venta-departamento-flores-_JM#polycard_client=search-desktop&price_drop=not_apply&be_origin=backend&overlay_label=not_apply&search_layout=grid&position=4&type=item&tracking_id=4f49140c-1997-4323-9e18-7fe7529328de&sid=search
675,MLA1624960365,almagro,almagro,112000.0,89.0,4.0,60.0,1258.426966292135,1841.0,-31.7,True,False,True,False,1,False,False,0.92,https://departamento.mercadolibre.com.ar/MLA-1624960365-semipiso-en-bartolome-mitre-al-3400-frente-96-m2-balcon-vista-abierta-todo-sol-gran-living-_JM#polycard_client=search-desktop&float_highlight=not_apply&price_drop=not_apply&be_origin=backend&overlay_label=not_apply&search_layout=grid&position=22&type=item&tracking_id=da846ab6-d69f-4aad-8958-1bd9b64e912d&sid=search
676,MLA3260091078,flores,flores_0,75000.0,64.0,3.0,30.0,1171.875,1715.0,-31.7,True,False,True,False,1,False,False,0.73,https://departamento.mercadolibre.com.ar/MLA-3260091078-venta-departamento-3-ambientes-flores-_JM#polycard_client=search-desktop&price_drop=not_apply&be_origin=backend&overlay_label=not_apply&search_layout=grid&position=42&type=item&tracking_id=9b2d5898-3791-4b12-bba0-1e72aa462e18&sid=search
677,MLA3677485246,la-boca,la-boca,48000.0,42.0,2.0,14.0,1142.857142857143,1672.0,-31.6,True,False,True,False,1,False,False,0.96,https://departamento.mercadolibre.com.ar/MLA-3677485246-departamento-en-boca-_JM#polycard_client=search-desktop&price_drop=not_apply&be_origin=backend&overlay_label=not_apply&search_layout=grid&position=33&type=item&tracking_id=4c89be49-b4ff-4f88-b608-4ae89f97387f&sid=search
678,MLA3788583948,recoleta,recoleta_3,385000.0,238.0,8.0,65.0,1617.6470588235295,2366.0,-31.6,True,False,True,False,1,False,False,0.65,https://departamento.mercadolibre.com.ar/MLA-3788583948-departamentos-venta-recoleta-_JM#polycard_client=search-desktop&float_highlight=recent_publication&price_drop=not_apply&be_origin=backend&overlay_label=not_apply&search_layout=grid&position=19&type=item&tracking_id=3b034614-cb9d-4537-bcef-b0d85590e5f9&sid=search
679,MLA1754422139,villa-lugano,villa-lugano,45000.0,74.0,4.0,,608.1081081081081,889.0,-31.6,True,False,True,False,1,False,False,0.19,https://departamento.mercadolibre.com.ar/MLA-1754422139-cuatro-ambientes-en-venta-barrio-piedrabuena-escalera-11-_JM#polycard_client=search-desktop&price_drop=not_apply&be_origin=backend&overlay_label=not_apply&search_layout=grid&position=4&type=item&tracking_id=a311306c-e703-4943-8281-ca5871531cfc&sid=search
680,MLA3552686346,barracas,barracas_2,265000.0,300.0,6.0,60.0,883.3333333333334,1292.0,-31.6,True,False,True,False,1,False,False,0.65,https://departamento.mercadolibre.com.ar/MLA-3552686346-7-ambientes-al-frente-5-dormitorios-terraza-dependencia-_JM#polycard_client=search-desktop&price_drop=not_apply&be_origin=backend&overlay_label=not_apply&search_layout=grid&position=5&type=item&tracking_id=a02ea609-32eb-433d-ad55-8fc5097af430&sid=search
681,MLA1965025087,puerto-madero,puerto-madero,390000.0,86.0,3.0,20.0,4534.883720930233,6631.0,-31.6,False,False,False,False,1,False,False,0.88,https://departamento.mercadolibre.com.ar/MLA-1965025087-venta-departamento-2-dormitorios-puerto-madero-con-cochera-_JM#polycard_client=search-desktop&float_highlight=recent_publication&price_drop=not_apply&be_origin=backend&overlay_label=not_apply&search_layout=grid&position=44&type=item&tracking_id=d9b1c699-de6a-4e8f-bbea-322d195aaad4&sid=search
682,MLA1957500503,barrio-norte,barrio-norte_4,198000.0,161.0,3.0,55.0,1229.8136645962734,1798.0,-31.6,True,False,True,False,1,False,False,0.85,https://departamento.mercadolibre.com.ar/MLA-1957500503-departamento-en-barrio-norte-_JM#polycard_client=search-desktop&price_drop=not_apply&be_origin=backend&overlay_label=not_apply&search_layout=grid&position=14&type=item&tracking_id=01b7d9e2-9d4c-4b83-847a-f4389dbfb21a&sid=search
683,MLA1945710231,parque-chacabuco,parque-chacabuco,75000.0,61.0,3.0,45.0,1229.5081967213114,1798.0,-31.6,True,False,True,False,1,False,False,0.77,https://departamento.mercadolibre.com.ar/MLA-1945710231-depto-3-amb-fte-bcon-toil-69m2-pque-chacabuco-_JM#polycard_client=search-desktop&price_drop=not_apply&be_origin=backend&overlay_label=not_apply&search_layout=grid&position=5&type=item&tracking_id=f0f1f385-cff2-49b2-b0e7-1d0600df2c07&sid=search
684,MLA3328512498,san-nicolas,san-nicolas,180000.0,180.0,6.0,75.0,1000.0,1462.0,-31.6,True,False,True,False,1,False,False,0.96,https://departamento.mercadolibre.com.ar/MLA-3328512498-departamento-en-venta-_JM#polycard_client=search-desktop&price_drop=not_apply&be_origin=backend&overlay_label=not_apply&search_layout=grid&position=8&type=item&tracking_id=25dce603-5daf-43dc-9017-9e635d44da7b&sid=search
685,MLA1587460145,villa-devoto,villa-devoto_1,75000.0,51.0,3.0,60.0,1470.5882352941176,2150.0,-31.6,True,False,True,False,1,False,False,0.46,https://departamento.mercadolibre.com.ar/MLA-1587460145-departamento-de-3-ambientes-en-venta-en-devoto-_JM#polycard_client=search-desktop&price_drop=not_apply&be_origin=backend&overlay_label=not_apply&search_layout=grid&position=20&type=item&tracking_id=ea83e87c-ba66-4dcf-83b3-1db1df5696ee&sid=search
686,MLA1782144973,puerto-madero,puerto-madero,519900.0,130.0,4.0,16.0,3999.230769230769,5846.0,-31.6,False,False,False,False,1,False,False,0.62,https://departamento.mercadolibre.com.ar/MLA-1782144973-venta-hermoso-departamento-4-ambientes-mas-2-cocheras-rio-plaza-puerto-madero-_JM#polycard_client=search-desktop&price_drop=not_apply&be_origin=backend&overlay_label=not_apply&search_layout=grid&position=8&type=item&tracking_id=8882af37-5e30-4d05-909d-b33452adb211&sid=search
687,MLA3473067084,san-nicolas,san-nicolas,99000.0,101.0,4.0,135.0,980.1980198019802,1432.0,-31.6,True,False,True,False,1,True,False,0.85,https://departamento.mercadolibre.com.ar/MLA-3473067084-departamento-entrada-independiente-a-reciclar-pasaje-de-la-piedad-_JM#polycard_client=search-desktop&price_drop=not_apply&be_origin=backend&overlay_label=not_apply&search_layout=grid&position=16&type=item&tracking_id=2724f35b-8367-4ca0-8461-1304c6671ec9&sid=search
688,MLA1808947375,liniers,liniers_3,52000.0,39.0,2.0,,1333.3333333333333,1948.0,-31.6,True,False,True,False,1,True,False,0.31,https://departamento.mercadolibre.com.ar/MLA-1808947375-depto-2-amb-con-balcon-frances-interno-a-refaccionar-_JM#polycard_client=search-desktop&price_drop=not_apply&be_origin=backend&overlay_label=not_apply&search_layout=grid&position=44&type=item&tracking_id=b842129f-753c-4619-be97-de15a57ac586&sid=search
689,MLA3692901360,barracas,barracas_1,220000.0,125.0,4.0,12.0,1760.0,2572.0,-31.6,True,True,False,False,1,False,False,1.0,https://departamento.mercadolibre.com.ar/MLA-3692901360-duplex-4-ambientes-con-terraza-privada-quincho-y-2-cocheras-_JM#polycard_client=search-desktop&price_drop=not_apply&be_origin=backend&overlay_label=not_apply&search_layout=grid&position=40&type=item&tracking_id=b311d4ae-62d6-41c1-bf9a-c37903d677d6&sid=search
690,MLA1952085071,puerto-madero,puerto-madero,201600.0,38.0,1.0,1.0,5305.263157894737,7751.0,-31.6,False,False,False,False,1,False,False,0.85,https://departamento.mercadolibre.com.ar/MLA-1952085071-monoambiente-en-venta-en-puerto-madero-estrenar-_JM#polycard_client=search-desktop&price_drop=not_apply&be_origin=backend&overlay_label=not_apply&search_layout=grid&position=24&type=item&tracking_id=879fca74-aa7e-405e-b7bd-69aaf51f3706&sid=search
691,MLA2900536850,san-telmo,san-telmo_4,470000.0,393.0,5.0,40.0,1195.9287531806615,1747.0,-31.5,True,True,False,False,1,False,False,0.92,https://departamento.mercadolibre.com.ar/MLA-2900536850-venta-piso-390m2-en-san-telmo-terraza-quincho-y-cocheras-_JM#polycard_client=search-desktop&price_drop=not_apply&be_origin=backend&overlay_label=not_apply&search_layout=grid&position=21&type=item&tracking_id=a7da77bd-c680-4733-ae70-5bb1e3dc803d&sid=search
692,MLA1945066251,palermo,palermo_2,58900.0,28.0,1.0,12.0,2103.5714285714284,3072.0,-31.5,True,False,True,False,1,False,False,0.81,https://departamento.mercadolibre.com.ar/MLA-1945066251-monoambiente-en-palermo-apto-credito-_JM#polycard_client=search-desktop&price_drop=not_apply&be_origin=backend&overlay_label=not_apply&search_layout=grid&position=18&type=item&tracking_id=4ad412cf-4451-4fa4-949f-33a4afdd9f09&sid=search
693,MLA1945069289,recoleta,recoleta_0,63000.0,34.0,1.0,59.0,1852.9411764705883,2706.0,-31.5,True,False,True,False,1,False,False,0.81,https://departamento.mercadolibre.com.ar/MLA-1945069289-departamento-al-frente-piso-alto-_JM#polycard_client=search-desktop&price_drop=not_apply&be_origin=backend&overlay_label=not_apply&search_layout=grid&position=11&type=item&tracking_id=7a4d9f2a-0eae-42d1-9e72-7d94eff1aa47&sid=search
694,MLA1948771479,paternal,paternal,142000.0,102.0,4.0,47.0,1392.156862745098,2033.0,-31.5,True,False,True,False,1,False,False,0.81,https://departamento.mercadolibre.com.ar/MLA-1948771479-venta-4-ambientes-vista-depend-cochera-paternal-_JM#polycard_client=search-desktop&price_drop=not_apply&be_origin=backend&overlay_label=not_apply&search_layout=grid&position=18&type=item&tracking_id=56c0eb69-83c8-47ee-8c85-1811a89eb456&sid=search
695,MLA3721457264,palermo,palermo_0,89500.0,34.0,1.0,2.0,2632.3529411764707,3844.0,-31.5,True,False,True,False,1,False,False,0.85,https://departamento.mercadolibre.com.ar/MLA-3721457264-departamento-en-palermo-apto-credito-_JM#polycard_client=search-desktop&price_drop=not_apply&be_origin=backend&overlay_label=not_apply&search_layout=grid&position=34&type=item&tracking_id=e82407e6-d0d9-4c0b-9a24-e3a740aee95d&sid=search
696,MLA1929690409,belgrano,belgrano,115000.0,35.0,1.0,8.0,3285.714285714286,4797.0,-31.5,True,False,True,False,1,False,False,0.96,https://departamento.mercadolibre.com.ar/MLA-1929690409-venta-belgrano-monoambiente-cochera-_JM#polycard_client=search-desktop&price_drop=not_apply&be_origin=backend&overlay_label=not_apply&search_layout=grid&position=33&type=item&tracking_id=5af38a2b-211b-4ad6-9315-4ae21fbca5bf&sid=search
697,MLA3323606504,almagro,almagro,75000.0,60.0,3.0,80.0,1250.0,1824.0,-31.5,True,False,True,False,1,False,False,0.92,https://departamento.mercadolibre.com.ar/MLA-3323606504-venta-ph-sin-expensas-_JM#polycard_client=search-desktop&price_drop=not_apply&be_origin=backend&overlay_label=not_apply&search_layout=grid&position=18&type=item&tracking_id=ad0f3ca1-380e-49e8-b481-551dfe6e9ea1&sid=search
698,MLA3761588406,villa-luro,villa-luro,70000.0,44.0,2.0,31.0,1590.909090909091,2321.0,-31.5,True,False,True,False,1,False,False,0.85,https://departamento.mercadolibre.com.ar/MLA-3761588406-venta-depto-2-ambientes-con-cochera-villa-luro-_JM#polycard_client=search-desktop&price_drop=not_apply&be_origin=backend&overlay_label=not_apply&search_layout=grid&position=1&type=item&tracking_id=7d622120-74c6-4846-b9a0-bfd75f31cc02&sid=search
699,MLA3727515232,villa-del-parque,villa-del-parque,75000.0,36.0,1.0,1.0,2083.333333333333,3039.0,-31.5,True,False,True,False,1,False,False,0.96,https://departamento.mercadolibre.com.ar/MLA-3727515232-venta-monoambiente-villa-del-parque-_JM#polycard_client=search-desktop&price_drop=not_apply&be_origin=backend&overlay_label=not_apply&search_layout=grid&position=39&type=item&tracking_id=66a87712-a9b3-4781-9c35-5fce50d12ae5&sid=search
700,MLA1710114417,villa-lugano,villa-lugano_0,84000.0,81.0,4.0,50.0,1037.037037037037,1513.0,-31.4,True,False,True,False,1,False,False,0.96,https://departamento.mercadolibre.com.ar/MLA-1710114417-venta-departamento-villa-lugano-_JM#polycard_client=search-desktop&price_drop=not_apply&be_origin=backend&overlay_label=not_apply&search_layout=grid&position=40&type=item&tracking_id=b8efa984-0639-47fb-8ef1-0adf44366950&sid=search
701,MLA1945491055,puerto-madero,puerto-madero,310000.0,64.0,3.0,2.0,4843.75,7062.0,-31.4,False,False,False,False,1,False,False,0.92,https://departamento.mercadolibre.com.ar/MLA-1945491055-departamento-3-ambientes-piso-3-con-vista-al-rio-_JM#polycard_client=search-desktop&price_drop=not_apply&be_origin=backend&overlay_label=not_apply&search_layout=grid&position=40&type=item&tracking_id=39a964bc-3a84-4e8b-b227-a359f1526466&sid=search
702,MLA1945604173,palermo,palermo_1,129900.0,66.0,4.0,51.0,1968.1818181818185,2869.0,-31.4,True,False,True,False,1,False,False,0.81,https://departamento.mercadolibre.com.ar/MLA-1945604173-depto-4-amb-c-cochera-venta-palermo-_JM#polycard_client=search-desktop&price_drop=not_apply&be_origin=backend&overlay_label=not_apply&search_layout=grid&position=26&type=item&tracking_id=e82407e6-d0d9-4c0b-9a24-e3a740aee95d&sid=search
703,MLA1945610875,constitucion,constitucion_2,65000.0,94.0,3.0,71.0,691.4893617021277,1008.0,-31.4,True,False,True,False,1,False,False,0.81,https://departamento.mercadolibre.com.ar/MLA-1945610875-venta-departamento-3-ambientes-constitucion-_JM#polycard_client=search-desktop&price_drop=not_apply&be_origin=backend&overlay_label=not_apply&search_layout=grid&position=32&type=item&tracking_id=4e71d895-470c-4de4-bb00-dd0f11799729&sid=search
704,MLA1944460365,flores,flores_3,99000.0,89.0,4.0,80.0,1112.3595505617975,1622.0,-31.4,True,False,True,False,1,False,False,0.96,https://departamento.mercadolibre.com.ar/MLA-1944460365-venta-departamento-4-ambientes-caballito-flores-apto-credito-_JM#polycard_client=search-desktop&price_drop=not_apply&be_origin=backend&overlay_label=not_apply&search_layout=grid&position=16&type=item&tracking_id=764a59e2-46be-44ee-b7f1-454321c53e3e&sid=search
705,MLA1940649905,barracas,barracas_4,99000.0,57.0,2.0,4.0,1736.842105263158,2532.0,-31.4,True,False,True,False,1,False,False,0.85,https://departamento.mercadolibre.com.ar/MLA-1940649905-departamento-barracas-_JM#polycard_client=search-desktop&price_drop=not_apply&be_origin=backend&overlay_label=not_apply&search_layout=grid&position=20&type=item&tracking_id=24bc2579-5430-461b-8b77-eed22d28eea8&sid=search
706,MLA3705925840,almagro,almagro,55000.0,45.0,3.0,89.0,1222.2222222222222,1782.0,-31.4,True,False,True,False,1,True,False,0.96,https://departamento.mercadolibre.com.ar/MLA-3705925840-amplio-depto-con-techos-altos-de-3-ambientes-con-galeria-muy-luminoso-en-edificio-antiguo-oportunidad-para-refaccionar-_JM#polycard_client=search-desktop&price_drop=not_apply&be_origin=backend&overlay_label=not_apply&search_layout=grid&position=41&type=item&tracking_id=5cac762a-1078-42e3-a04b-b7f7cb1935a3&sid=search
707,MLA3285927652,palermo,palermo_1,275000.0,121.0,4.0,55.0,2272.7272727272725,3313.0,-31.4,True,True,False,False,1,False,False,1.0,https://departamento.mercadolibre.com.ar/MLA-3285927652-departamento-en-venta-de-4-ambientes-en-palermo-con-amenities-_JM#polycard_client=search-desktop&price_drop=not_apply&be_origin=backend&overlay_label=not_apply&search_layout=grid&position=36&type=item&tracking_id=3376d97b-d8ad-4ff4-89f5-0f61b58b426f&sid=search
708,MLA1788425867,caballito,caballito,59000.0,42.0,2.0,51.0,1404.7619047619048,2047.0,-31.4,True,False,True,False,1,False,False,0.96,https://departamento.mercadolibre.com.ar/MLA-1788425867-departamento-en-venta-en-parque-centenario-_JM#polycard_client=search-desktop&price_drop=not_apply&be_origin=backend&overlay_label=not_apply&search_layout=grid&position=26&type=item&tracking_id=e21dcebb-ae07-47d6-8189-17af930b0487&sid=search
709,MLA3720542652,palermo,palermo_1,129500.0,57.0,3.0,27.0,2271.929824561404,3311.0,-31.4,True,False,True,False,1,False,False,0.85,https://departamento.mercadolibre.com.ar/MLA-3720542652-venta-dpto-3-amb-palermo-con-balcon-cochera--_JM#polycard_client=search-desktop&price_drop=not_apply&be_origin=backend&overlay_label=not_apply&search_layout=grid&position=20&type=item&tracking_id=e3e9160b-4371-4911-99fb-21b3fa6340c0&sid=search
710,MLA1762016359,caballito,caballito,148000.0,88.0,4.0,45.0,1681.8181818181818,2451.0,-31.4,True,True,False,False,1,False,False,1.0,https://departamento.mercadolibre.com.ar/MLA-1762016359-departamento-de-4-ambientes-con-cochera-a-2-cuadras-del-parque-rivadavia-_JM#polycard_client=search-desktop&float_highlight=not_apply&price_drop=not_apply&be_origin=backend&overlay_label=not_apply&search_layout=grid&position=7&type=item&tracking_id=07da5ad8-b845-4f5c-b52e-209ba0de2214&sid=search
711,MLA1840881823,monte-castro,monte-castro_4,104000.0,80.0,4.0,,1300.0,1894.0,-31.4,True,False,True,True,1,False,False,0.19,https://departamento.mercadolibre.com.ar/MLA-1840881823-se-vende-dpto-4-amb-al-frente-con-balcon-en-monte-castro-_JM#polycard_client=search-desktop&price_drop=true&be_origin=backend&overlay_label=not_apply&search_layout=grid&position=28&type=item&tracking_id=c619500d-81ee-445a-9de4-2f7a6bbec9d8&sid=search
712,MLA3424289998,nueva-pompeya,nueva-pompeya,52000.0,73.0,4.0,40.0,712.3287671232877,1037.0,-31.3,True,False,True,False,1,False,False,0.96,https://departamento.mercadolibre.com.ar/MLA-3424289998-apto-credito-departamento-de-4-ambientes-en-venta-en-pompeya-con-balcon-_JM#polycard_client=search-desktop&price_drop=not_apply&be_origin=backend&overlay_label=not_apply&search_layout=grid&position=20&type=item&tracking_id=0d117105-f9ed-44da-bbaf-9e3721f00c21&sid=search
713,MLA3608458934,palermo,palermo_3,180000.0,90.0,5.0,30.0,2000.0,2912.0,-31.3,True,False,True,False,1,False,False,0.92,https://departamento.mercadolibre.com.ar/MLA-3608458934-venta-departamento-palermo-caba-3-dormitorios-_JM#polycard_client=search-desktop&float_highlight=not_apply&price_drop=not_apply&be_origin=backend&overlay_label=not_apply&search_layout=grid&position=34&type=item&tracking_id=12bad883-5ed0-4e38-af84-0b7393390801&sid=search
714,MLA1841593573,balvanera,balvanera_3,59000.0,57.0,3.0,40.0,1035.0877192982457,1507.0,-31.3,True,False,True,False,1,False,False,0.92,https://departamento.mercadolibre.com.ar/MLA-1841593573-departamento-3-amb-cbalcon-balvanera-_JM#polycard_client=search-desktop&price_drop=not_apply&be_origin=backend&overlay_label=not_apply&search_layout=grid&position=29&type=item&tracking_id=de161138-d832-4990-b691-ad307b5872e0&sid=search
715,MLA3308870034,villa-luro,villa-luro,60000.0,38.0,1.0,15.0,1578.9473684210527,2299.0,-31.3,True,True,False,False,1,False,False,1.0,https://departamento.mercadolibre.com.ar/MLA-3308870034-departamento-monoambiente-en-villa-luro-_JM#polycard_client=search-desktop&price_drop=not_apply&be_origin=backend&overlay_label=not_apply&search_layout=grid&position=38&type=item&tracking_id=1b4dd682-f580-47d2-8257-ae89f31f6157&sid=search
716,MLA1945079329,boedo,boedo_4,40000.0,30.0,2.0,38.0,1333.3333333333333,1941.0,-31.3,True,False,True,False,1,False,False,0.85,https://departamento.mercadolibre.com.ar/MLA-1945079329-venta-departamento-2-ambientes-boedo-_JM#polycard_client=search-desktop&price_drop=not_apply&be_origin=backend&overlay_label=not_apply&search_layout=grid&position=42&type=item&tracking_id=7cc1c6b8-9224-437a-b5cb-dbf217757b44&sid=search
717,MLA1887497901,belgrano,belgrano_2,73000.0,40.0,,47.0,1825.0,2657.0,-31.3,True,False,True,False,1,False,False,0.77,https://departamento.mercadolibre.com.ar/MLA-1887497901-venta-cespedes-2400-departamento-2-ambientes-belgrano-_JM#polycard_client=search-desktop&price_drop=not_apply&be_origin=backend&overlay_label=not_apply&search_layout=grid&position=3&type=item&tracking_id=320139cf-ad91-4f07-a898-2cebfa1af6f3&sid=search
718,MLA3726578750,chacarita,chacarita,74000.0,50.0,3.0,40.0,1480.0,2155.0,-31.3,True,False,True,False,1,False,False,0.96,https://departamento.mercadolibre.com.ar/MLA-3726578750-fraga-al-1000-contrafrente-50-m2-luminoso-bano-completo-a-nuevo-_JM#polycard_client=search-desktop&price_drop=not_apply&be_origin=backend&overlay_label=not_apply&search_layout=grid&position=23&type=item&tracking_id=f999e557-0e41-4b11-a82a-de043e69caaa&sid=search
719,MLA3786542784,retiro,retiro_0,390000.0,210.0,6.0,50.0,1857.142857142857,2703.0,-31.3,True,False,True,False,1,False,False,0.96,https://departamento.mercadolibre.com.ar/MLA-3786542784-venta-semipiso-cochera-y-baulera-retiro-suipacha-entre-juncal-y-arroyo-caba-_JM#polycard_client=search-desktop&float_highlight=recent_publication&price_drop=not_apply&be_origin=backend&overlay_label=not_apply&search_layout=grid&position=1&type=item&tracking_id=aeec38f6-1ee9-4689-a949-e069297b710f&sid=search
720,MLA3492963506,recoleta,recoleta_3,75000.0,46.0,3.0,80.0,1630.4347826086955,2373.0,-31.3,True,False,True,False,1,True,False,0.92,https://departamento.mercadolibre.com.ar/MLA-3492963506-venta-departamento-dos-ambientes-refaccionado-luminoso-con-terraza-compartida-av-cordoba-recoleta-_JM#polycard_client=search-desktop&price_drop=not_apply&be_origin=backend&overlay_label=not_apply&search_layout=grid&position=47&type=item&tracking_id=aa027458-74da-469d-b3b2-73029c31a517&sid=search
721,MLA3702889466,constitucion,constitucion_4,32000.0,34.0,1.0,60.0,941.1764705882352,1370.0,-31.3,True,False,True,False,1,False,False,0.85,https://departamento.mercadolibre.com.ar/MLA-3702889466-mono-ambiente-divisible-en-venta-2do-piso-por-escalera-_JM#polycard_client=search-desktop&price_drop=not_apply&be_origin=backend&overlay_label=not_apply&search_layout=grid&position=36&type=item&tracking_id=92dd969b-c4f4-4ba8-94f0-bfe6e726ff52&sid=search
722,MLA3720094188,san-nicolas,san-nicolas,68000.0,61.0,3.0,63.0,1114.7540983606557,1622.0,-31.3,True,False,True,False,1,False,False,0.85,https://departamento.mercadolibre.com.ar/MLA-3720094188-departamento-3-ambientes-en-venta-en-congreso-_JM#polycard_client=search-desktop&price_drop=not_apply&be_origin=backend&overlay_label=not_apply&search_layout=grid&position=32&type=item&tracking_id=2ae8004f-9f6d-4887-8b11-dc8aef692e8b&sid=search
723,MLA3727525044,balvanera,balvanera_4,135000.0,135.0,4.0,66.0,1000.0,1455.0,-31.3,True,False,True,False,1,False,False,0.92,https://departamento.mercadolibre.com.ar/MLA-3727525044-departamento-4-ambientes-apto-credito-_JM#polycard_client=search-desktop&price_drop=not_apply&be_origin=backend&overlay_label=not_apply&search_layout=grid&position=29&type=item&tracking_id=dd66a2f8-fa80-4fa8-b67c-799a218ab557&sid=search
724,MLA1948554233,san-nicolas,san-nicolas,79900.0,63.0,4.0,76.0,1268.2539682539682,1844.0,-31.2,True,False,True,False,1,False,False,0.92,https://departamento.mercadolibre.com.ar/MLA-1948554233-venta-departamento-4-ambientes-san-nicolas-centro-porteno-caba-_JM#polycard_client=search-desktop&price_drop=not_apply&be_origin=backend&overlay_label=not_apply&search_layout=grid&position=31&type=item&tracking_id=6724aaac-6ca7-4b52-aee7-64e5c818e350&sid=search
725,MLA3030527376,liniers,liniers_4,80000.0,40.0,1.0,,2000.0,2908.0,-31.2,True,False,True,False,1,False,False,0.31,https://departamento.mercadolibre.com.ar/MLA-3030527376-departamento-monoambiente-divisible-en-venta-_JM#polycard_client=search-desktop&price_drop=not_apply&be_origin=backend&overlay_label=not_apply&search_layout=grid&position=38&type=item&tracking_id=0db82592-827a-4280-a710-4a070938b193&sid=search
726,MLA3720090290,villa-crespo,villa-crespo_4,60000.0,30.0,1.0,1.0,2000.0,2907.0,-31.2,True,False,True,False,1,False,False,0.77,https://departamento.mercadolibre.com.ar/MLA-3720090290-venta-a-estrenar-monoambiente-luminoso-apto-prof-_JM#polycard_client=search-desktop&price_drop=not_apply&be_origin=backend&overlay_label=not_apply&search_layout=grid&position=29&type=item&tracking_id=ffc72e24-b364-410e-b32f-e2be334be413&sid=search
727,MLA3761590222,mataderos,mataderos_2,260000.0,299.0,4.0,6.0,869.5652173913044,1264.0,-31.2,True,True,False,False,1,False,False,0.88,https://departamento.mercadolibre.com.ar/MLA-3761590222-depto-piso-unico-4-amb-en-mataderos-c-garage-pvarios-autos-_JM#polycard_client=search-desktop&price_drop=not_apply&be_origin=backend&overlay_label=not_apply&search_layout=grid&position=22&type=item&tracking_id=d73b2591-5f27-4da5-b54e-47751419e620&sid=search
728,MLA1610477029,belgrano,belgrano_3,98000.0,44.0,1.0,10.0,2227.2727272727275,3238.0,-31.2,True,False,True,False,1,False,False,1.0,https://departamento.mercadolibre.com.ar/MLA-1610477029-departamento-en-venta-en-belgrano-apto-profesional-con-balon-_JM#polycard_client=search-desktop&price_drop=not_apply&be_origin=backend&overlay_label=not_apply&search_layout=grid&position=10&type=item&tracking_id=2c9e36d4-cd2f-4158-8019-4dbc16c62943&sid=search
729,MLA1945067131,caballito,caballito,119900.0,56.0,2.0,16.0,2141.0714285714284,3112.0,-31.2,True,False,True,False,1,False,False,0.96,https://departamento.mercadolibre.com.ar/MLA-1945067131-reservado-depto-duplex-2-amb-ccoch-caballito-_JM#polycard_client=search-desktop&price_drop=not_apply&be_origin=backend&overlay_label=not_apply&search_layout=grid&position=13&type=item&tracking_id=a9d44d42-e097-4448-9852-5b48ec61b6e6&sid=search
730,MLA1666876411,floresta,floresta_1,85000.0,84.0,4.0,60.0,1011.904761904762,1471.0,-31.2,True,False,True,False,1,False,False,0.81,https://departamento.mercadolibre.com.ar/MLA-1666876411-departamento-en-venta-en-floresta-_JM#polycard_client=search-desktop&price_drop=not_apply&be_origin=backend&overlay_label=not_apply&search_layout=grid&position=20&type=item&tracking_id=569ea35b-4bfb-496d-b812-bfc3bfa5e293&sid=search
731,MLA3549901814,liniers,liniers,60000.0,60.0,3.0,40.0,1000.0,1453.0,-31.2,True,False,True,False,1,False,False,0.88,https://departamento.mercadolibre.com.ar/MLA-3549901814-excelente-3-amb-en-liniers-con-cocina-separada-muy-luminoso-_JM#polycard_client=search-desktop&price_drop=not_apply&be_origin=backend&overlay_label=not_apply&search_layout=grid&position=45&type=item&tracking_id=744d3668-5e36-4454-9b0f-96b5a7585a59&sid=search
732,MLA1645811161,flores,flores_0,198000.0,169.0,4.0,50.0,1171.5976331360946,1702.0,-31.2,True,False,True,False,1,False,False,1.0,https://departamento.mercadolibre.com.ar/MLA-1645811161-departamento-4-ambientes-en-flores-con-dep-de-serv-y-cochera-_JM#polycard_client=search-desktop&price_drop=not_apply&be_origin=backend&overlay_label=not_apply&search_layout=grid&position=46&type=item&tracking_id=ad69f152-21cf-4b28-ba83-27b9c1d71dd7&sid=search
733,MLA1947770685,san-telmo,san-telmo_0,70000.0,52.0,3.0,30.0,1346.1538461538462,1955.0,-31.1,True,False,True,False,1,False,False,0.46,https://departamento.mercadolibre.com.ar/MLA-1947770685-departamento-3-ambientes-con-balcon-en-venta-_JM#polycard_client=search-desktop&price_drop=not_apply&be_origin=backend&overlay_label=not_apply&search_layout=grid&position=43&type=item&tracking_id=8ef302ca-5195-4545-a0dd-adf62b157a4f&sid=search
734,MLA3763266996,caballito,caballito,56000.0,34.0,2.0,,1647.0588235294117,2392.0,-31.1,True,False,True,False,1,False,False,0.15,https://departamento.mercadolibre.com.ar/MLA-3763266996-departamento-2amb-sobre-la-avenida-hermosa-zona-conexion-para-lavarropa-_JM#polycard_client=search-desktop&price_drop=not_apply&be_origin=backend&overlay_label=not_apply&search_layout=grid&position=43&type=item&tracking_id=b1d93c17-8548-4a0f-9166-7500b290c58b&sid=search
735,MLA1816305525,liniers,liniers_2,94000.0,78.0,4.0,40.0,1205.128205128205,1750.0,-31.1,True,False,True,False,3,False,False,0.88,https://departamento.mercadolibre.com.ar/MLA-1816305525-departamento-de-4-ambientes-excelente-ubicacion-_JM#polycard_client=search-desktop&price_drop=not_apply&be_origin=backend&overlay_label=not_apply&search_layout=grid&position=20&type=item&tracking_id=1dc32074-e4d2-4273-8f74-7a8f38788e67&sid=search
736,MLA1900212711,puerto-madero,puerto-madero,910000.0,210.0,4.0,15.0,4333.333333333333,6292.0,-31.1,False,False,False,False,1,False,False,0.88,https://departamento.mercadolibre.com.ar/MLA-1900212711-venta-4-ambientes-dependencias-en-la-portena-ii-puerto-madero-_JM#polycard_client=search-desktop&price_drop=not_apply&be_origin=backend&overlay_label=not_apply&search_layout=grid&position=7&type=item&tracking_id=c965acd3-09eb-4916-b120-5c0803cbe443&sid=search
737,MLA3721590874,monserrat,monserrat_2,60000.0,58.0,3.0,70.0,1034.4827586206898,1501.0,-31.1,True,False,True,False,1,False,False,0.81,https://departamento.mercadolibre.com.ar/MLA-3721590874-venta-departamento-3-amb-cbalcon-_JM#polycard_client=search-desktop&price_drop=not_apply&be_origin=backend&overlay_label=not_apply&search_layout=grid&position=8&type=item&tracking_id=8a10ef52-3dab-4e91-be42-0a8c8ce94e28&sid=search
738,MLA3199466208,recoleta,recoleta,148900.0,68.0,3.0,50.0,2189.705882352941,3177.0,-31.1,True,True,False,False,1,True,False,0.85,https://departamento.mercadolibre.com.ar/MLA-3199466208-recoleta-venta-3-ambientes-con-cochera-y-dependencia-a-reciclar-apto-credito-_JM#polycard_client=search-desktop&float_highlight=not_apply&price_drop=not_apply&be_origin=backend&overlay_label=not_apply&search_layout=grid&position=9&type=item&tracking_id=9e916f21-76b7-48b9-b6ed-2a56b10bbd38&sid=search
739,MLA3726125566,almagro,almagro,170000.0,142.0,4.0,50.0,1197.1830985915492,1737.0,-31.1,True,False,True,False,1,False,False,0.96,https://departamento.mercadolibre.com.ar/MLA-3726125566-vent-4-ambientes-cdep-y-escritorio-en-almagro-_JM#polycard_client=search-desktop&price_drop=not_apply&be_origin=backend&overlay_label=not_apply&search_layout=grid&position=34&type=item&tracking_id=d5e3aca4-b7a8-4350-af12-3f24fb470943&sid=search
740,MLA3065514650,balvanera,balvanera_3,49900.0,45.0,2.0,50.0,1108.888888888889,1609.0,-31.1,True,True,False,False,1,False,False,1.0,https://departamento.mercadolibre.com.ar/MLA-3065514650-vende-2-ambientes-con-cocina-independiente-en-balvanera-_JM#polycard_client=search-desktop&price_drop=not_apply&be_origin=backend&overlay_label=not_apply&search_layout=grid&position=11&type=item&tracking_id=7c8ea88c-0bd0-44e8-b3dd-086f171f1071&sid=search
741,MLA3762174790,palermo,palermo_2,67000.0,40.0,2.0,56.0,1675.0,2428.0,-31.0,True,False,True,False,1,False,False,0.92,https://departamento.mercadolibre.com.ar/MLA-3762174790-venta-2-ambientes-palermo-_JM#polycard_client=search-desktop&float_highlight=recent_publication&price_drop=not_apply&be_origin=backend&overlay_label=not_apply&search_layout=grid&position=15&type=item&tracking_id=6ebda8f2-31d5-479d-af89-85d43b199d41&sid=search
742,MLA3659703396,barracas,barracas_2,30000.0,25.0,1.0,40.0,1200.0,1739.0,-31.0,True,False,True,False,1,False,False,0.92,https://departamento.mercadolibre.com.ar/MLA-3659703396-venta-departamento-1-amb-en-barracas-_JM#polycard_client=search-desktop&price_drop=not_apply&be_origin=backend&overlay_label=not_apply&search_layout=grid&position=38&type=item&tracking_id=f4a18a07-2478-4044-a485-83238a0836ce&sid=search
743,MLA3013593768,puerto-madero,puerto-madero,795000.0,172.0,4.0,23.0,4622.093023255814,6699.0,-31.0,False,False,False,False,2,False,False,0.92,https://departamento.mercadolibre.com.ar/MLA-3013593768-venta-departamento-191-m2-3-dorm-en-suites-escritorio-y-dependencia-2-cocheras-y-baulera-_JM#polycard_client=search-desktop&price_drop=not_apply&be_origin=backend&overlay_label=not_apply&search_layout=grid&position=30&type=item&tracking_id=74ae6c22-e242-4039-a060-29acc413e56f&sid=search
744,MLA3368954932,caballito,caballito,119900.0,63.0,4.0,45.0,1903.1746031746031,2758.0,-31.0,True,False,True,False,1,False,False,0.85,https://departamento.mercadolibre.com.ar/MLA-3368954932-venta-departamento-4-ambientes-caballito-vista-abierta-apto-credito-financia-actualizado-_JM#polycard_client=search-desktop&price_drop=not_apply&be_origin=backend&overlay_label=not_apply&search_layout=grid&position=7&type=item&tracking_id=b3173dd2-9c36-4ac5-a37e-8605273be4d1&sid=search
745,MLA3590945790,barrio-norte,barrio-norte_3,67000.0,32.0,1.0,7.0,2093.75,3034.0,-31.0,True,False,True,False,1,False,False,1.0,https://departamento.mercadolibre.com.ar/MLA-3590945790-departamento-en-barrio-norte-_JM#polycard_client=search-desktop&price_drop=not_apply&be_origin=backend&overlay_label=not_apply&search_layout=grid&position=12&type=item&tracking_id=4dd5989f-6cf5-407f-8dc6-e9852ad6267d&sid=search
746,MLA3608783648,belgrano,belgrano,355000.0,110.0,4.0,4.0,3227.2727272727275,4676.0,-31.0,True,False,True,False,1,False,False,0.96,https://departamento.mercadolibre.com.ar/MLA-3608783648-oportunidad-piso-4-ambientes-amoblado-con-balcon-parrilla-2-patios-y-cochera-en-belgrano-_JM#polycard_client=search-desktop&price_drop=not_apply&be_origin=backend&overlay_label=not_apply&search_layout=grid&position=3&type=item&tracking_id=3ca54848-d02f-4889-ab28-086928e588cb&sid=search
747,MLA3160067038,villa-crespo,villa-crespo_0,99000.0,78.0,4.0,52.0,1269.2307692307693,1839.0,-31.0,True,False,True,False,1,False,False,0.96,https://departamento.mercadolibre.com.ar/MLA-3160067038-departamento-en-villa-crespo-_JM#polycard_client=search-desktop&float_highlight=not_apply&price_drop=not_apply&be_origin=backend&overlay_label=not_apply&search_layout=grid&position=48&type=item&tracking_id=f2015fe1-0ed9-468b-b290-a75646b702d0&sid=search
748,MLA1945712347,villa-lugano,villa-lugano,48000.0,66.0,4.0,16.0,727.2727272727273,1053.0,-31.0,True,False,True,False,1,False,False,0.77,https://departamento.mercadolibre.com.ar/MLA-1945712347-departamento-venta-4-ambientes-lugano-apto-credito-_JM#polycard_client=search-desktop&price_drop=not_apply&be_origin=backend&overlay_label=not_apply&search_layout=grid&position=36&type=item&tracking_id=d32168ef-ddef-4383-a0f2-da3abf43f709&sid=search
749,MLA1957497167,villa-crespo,villa-crespo,138000.0,54.0,2.0,2.0,2555.555555555556,3701.0,-30.9,True,False,True,False,1,False,False,0.92,https://departamento.mercadolibre.com.ar/MLA-1957497167-av-san-martin-1700-pont-bleu-amplio-departamento-2-amb-cbalcon-64m2-ccochera-villa-crespo-_JM#polycard_client=search-desktop&price_drop=not_apply&be_origin=backend&overlay_label=not_apply&search_layout=grid&position=36&type=item&tracking_id=c9f43b4f-3490-4712-b324-22cdacebe71e&sid=search
750,MLA1947680159,balvanera,balvanera_0,45000.0,42.0,2.0,71.0,1071.428571428571,1551.0,-30.9,True,False,True,False,1,False,False,0.81,https://departamento.mercadolibre.com.ar/MLA-1947680159-departamento-2amb-venta-balvanera-apto-profesional-_JM#polycard_client=search-desktop&price_drop=not_apply&be_origin=backend&overlay_label=not_apply&search_layout=grid&position=39&type=item&tracking_id=914954f1-56cc-4cb7-843d-1c2a05ddb4c3&sid=search
751,MLA3271094680,la-boca,la-boca_4,41000.0,54.0,3.0,70.0,759.2592592592592,1099.0,-30.9,True,False,True,False,1,False,False,0.92,https://departamento.mercadolibre.com.ar/MLA-3271094680-departamento-en-boca-_JM#polycard_client=search-desktop&price_drop=not_apply&be_origin=backend&overlay_label=not_apply&search_layout=grid&position=11&type=item&tracking_id=af5a7618-628e-4e41-ab3d-acaae6df72f9&sid=search
752,MLA1910780943,puerto-madero,puerto-madero,310000.0,50.0,3.0,4.0,6200.0,8975.0,-30.9,False,False,False,False,1,False,False,0.77,https://departamento.mercadolibre.com.ar/MLA-1910780943-venta-dpto-3-amb-puerto-madero-_JM#polycard_client=search-desktop&price_drop=not_apply&be_origin=backend&overlay_label=not_apply&search_layout=grid&position=30&type=item&tracking_id=e1134041-6364-4908-8844-de0842bb07ce&sid=search
753,MLA1675740947,balvanera,balvanera,114000.0,86.0,3.0,15.0,1325.5813953488373,1919.0,-30.9,True,False,True,False,1,False,False,1.0,https://departamento.mercadolibre.com.ar/MLA-1675740947-venta-3-ambientes-con-dependencia-balvanera-_JM#polycard_client=search-desktop&float_highlight=not_apply&price_drop=not_apply&be_origin=backend&overlay_label=not_apply&search_layout=grid&position=16&type=item&tracking_id=914954f1-56cc-4cb7-843d-1c2a05ddb4c3&sid=search
754,MLA1992220743,puerto-madero,puerto-madero,350000.0,60.0,2.0,5.0,5833.333333333333,8443.0,-30.9,False,False,False,False,1,False,False,0.69,https://departamento.mercadolibre.com.ar/MLA-1992220743-departamentos-venta-puerto-madero-_JM#polycard_client=search-desktop&price_drop=not_apply&be_origin=backend&overlay_label=not_apply&search_layout=grid&position=40&type=item&tracking_id=2a3547eb-30e5-4919-8da1-719b40d2f3f1&sid=search
755,MLA3540268604,palermo,palermo,125000.0,54.0,2.0,10.0,2314.814814814815,3350.0,-30.9,True,False,True,False,1,False,False,0.96,https://departamento.mercadolibre.com.ar/MLA-3540268604-amplio-2-ambientes-con-patio-apto-profesional-_JM#polycard_client=search-desktop&price_drop=not_apply&be_origin=backend&overlay_label=not_apply&search_layout=grid&position=6&type=item&tracking_id=dcd86cd7-bb72-4415-a28f-671df5c0929d&sid=search
756,MLA1791585521,villa-del-parque,villa-del-parque,360000.0,198.0,5.0,26.0,1818.1818181818185,2631.0,-30.9,True,True,False,False,1,False,False,0.96,https://departamento.mercadolibre.com.ar/MLA-1791585521-venta-departamento-duplex-5-amb-terraza-propia-con-quincho-y-parrilla-en-villa-del-parque-_JM#polycard_client=search-desktop&price_drop=not_apply&be_origin=backend&overlay_label=not_apply&search_layout=grid&position=34&type=item&tracking_id=788d4111-bbae-40a8-94b3-a05a81a7ed80&sid=search
757,MLA1908044939,caballito,caballito,60000.0,34.0,2.0,20.0,1764.7058823529412,2554.0,-30.9,True,False,True,False,1,False,False,0.92,https://departamento.mercadolibre.com.ar/MLA-1908044939-venta-departamento-2-ambientes-34m-al-contrafrente-con-balcon-interno-en-boedo-apto-credito-_JM#polycard_client=search-desktop&price_drop=not_apply&be_origin=backend&overlay_label=not_apply&search_layout=grid&position=8&type=item&tracking_id=2d26aa8f-bc65-4dcb-bb9f-d1132355b6e3&sid=search
758,MLA3065843928,villa-luro,villa-luro,119900.0,108.0,4.0,57.0,1110.1851851851852,1606.0,-30.9,True,True,False,False,1,False,False,0.73,https://departamento.mercadolibre.com.ar/MLA-3065843928-digno-de-emular-semipiso-al-frente-3-amb-hab-de-servicio-_JM#polycard_client=search-desktop&price_drop=not_apply&be_origin=backend&overlay_label=not_apply&search_layout=grid&position=24&type=item&tracking_id=bd5700a8-1858-4282-b6db-c2dd5d3fb9f7&sid=search
759,MLA3721582854,saavedra,saavedra,195000.0,96.0,5.0,36.0,2031.25,2939.0,-30.9,True,False,True,False,1,False,False,0.88,https://departamento.mercadolibre.com.ar/MLA-3721582854-venta-depto-saavedra-5-amb-pis0-13-con-cochera-_JM#polycard_client=search-desktop&price_drop=not_apply&be_origin=backend&overlay_label=not_apply&search_layout=grid&position=11&type=item&tracking_id=1795c444-6c95-4b1b-8cc3-fe4a130296b5&sid=search
760,MLA2655758862,san-nicolas,san-nicolas,79000.0,73.0,4.0,99.0,1082.1917808219175,1566.0,-30.9,True,False,True,False,2,False,False,0.96,https://departamento.mercadolibre.com.ar/MLA-2655758862-venta-departamento-4-ambientes-o-3-ambientes-altillo-73m-edificio-de-mario-palanti-en-monserrat-_JM#polycard_client=search-desktop&price_drop=not_apply&be_origin=backend&overlay_label=not_apply&search_layout=grid&position=21&type=item&tracking_id=b2f79af3-05ae-4fec-93df-d7329b364d3d&sid=search
761,MLA1878511085,balvanera,balvanera_0,82000.0,68.0,3.0,,1205.8823529411766,1744.0,-30.9,True,False,True,False,1,False,False,0.23,https://departamento.mercadolibre.com.ar/MLA-1878511085-se-vende-dpto-3-amb-con-dep-en-balvanera-_JM#polycard_client=search-desktop&price_drop=not_apply&be_origin=backend&overlay_label=not_apply&search_layout=grid&position=34&type=item&tracking_id=7a6c1be9-d1ce-48d8-aa6a-50b3d633bdee&sid=search
762,MLA2922604306,villa-ortuzar,villa-ortuzar_4,76658.0,30.0,,10.0,2555.266666666667,3696.0,-30.9,True,False,True,False,1,False,False,0.62,https://departamento.mercadolibre.com.ar/MLA-2922604306-moderno-monoambiente-con-vestidor-y-amenities-_JM#polycard_client=search-desktop&price_drop=not_apply&be_origin=backend&overlay_label=not_apply&search_layout=grid&position=20&type=item&tracking_id=c29f819d-d3c8-42c8-be90-b7643a16c927&sid=search
763,MLA3718599610,san-nicolas,san-nicolas,132000.0,96.0,5.0,80.0,1375.0,1989.0,-30.9,True,False,True,True,1,True,False,1.0,https://departamento.mercadolibre.com.ar/MLA-3718599610-depto-5-ambientes-a-refaccionar-con-cochera-_JM#polycard_client=search-desktop&price_drop=true&be_origin=backend&overlay_label=not_apply&search_layout=grid&position=3&type=item&tracking_id=f6a568c0-d875-4c32-8ce5-7cdf4dc4e74a&sid=search
764,MLA3721584744,recoleta,recoleta_0,125000.0,50.0,3.0,1.0,2500.0,3616.0,-30.9,True,False,True,False,2,False,False,0.81,https://departamento.mercadolibre.com.ar/MLA-3721584744-venta-dpto-3-amb-recoleta-full-reciclado-luminoso-_JM#polycard_client=search-desktop&price_drop=not_apply&be_origin=backend&overlay_label=not_apply&search_layout=grid&position=29&type=item&tracking_id=7d977e9e-55f2-4f4e-8637-d9265b0a65bf&sid=search
765,MLA3421812480,retiro,retiro,430000.0,217.0,8.0,36.0,1981.5668202764975,2864.0,-30.8,True,False,True,False,1,False,False,0.96,https://departamento.mercadolibre.com.ar/MLA-3421812480-departamento-6-ambientes-vista-panoramica-retiro-_JM#polycard_client=search-desktop&price_drop=not_apply&be_origin=backend&overlay_label=not_apply&search_layout=grid&position=27&type=item&tracking_id=f1d4d93b-8431-4570-8894-555a60f9635e&sid=search
766,MLA3770425632,villa-crespo,villa-crespo,119900.0,54.0,2.0,2.0,2220.3703703703704,3208.0,-30.8,True,False,True,False,1,False,False,0.92,https://departamento.mercadolibre.com.ar/MLA-3770425632-av-san-martin-1700-pont-bleu-amplio-departamento-2-amb-cbalcon-64m2-villa-crespo-_JM#polycard_client=search-desktop&float_highlight=recent_publication&price_drop=not_apply&be_origin=backend&overlay_label=not_apply&search_layout=grid&position=8&type=item&tracking_id=c9f43b4f-3490-4712-b324-22cdacebe71e&sid=search
767,MLA1919546987,barracas,barracas_3,52000.0,58.0,3.0,60.0,896.551724137931,1295.0,-30.8,True,False,True,False,1,False,False,0.31,https://departamento.mercadolibre.com.ar/MLA-1919546987-reservado-ph-3-ambientes-con-entrepisos-y-patio-cubierto-barracas-_JM#polycard_client=search-desktop&price_drop=not_apply&be_origin=backend&overlay_label=not_apply&search_layout=grid&position=39&type=item&tracking_id=b0113096-9daf-4957-96b8-c2e5a050259e&sid=search
768,MLA1811238537,nunez,nunez_1,385000.0,116.0,4.0,15.0,3318.9655172413795,4794.0,-30.8,True,False,True,False,1,False,False,0.96,https://departamento.mercadolibre.com.ar/MLA-1811238537-venta-4-amb-amenities-seg-pres-24-coch-baul-upgrade-_JM#polycard_client=search-desktop&price_drop=not_apply&be_origin=backend&overlay_label=not_apply&search_layout=grid&position=38&type=item&tracking_id=ae9e50ef-f6dd-4312-b6a7-237eb2ff80a3&sid=search
769,MLA3552600640,palermo,palermo_2,115000.0,40.0,1.0,5.0,2875.0,4151.0,-30.7,True,False,True,False,3,False,False,0.96,https://departamento.mercadolibre.com.ar/MLA-3552600640-venta-permuta-financiacion-directa-departamento-en-recoleta-un-ambiente-balcon-_JM#polycard_client=search-desktop&price_drop=not_apply&be_origin=backend&overlay_label=not_apply&search_layout=grid&position=32&type=item&tracking_id=b175f859-237b-4860-b21d-4335fd2540fc&sid=search
770,MLA1945491977,flores,flores,169000.0,141.0,4.0,65.0,1198.5815602836878,1730.0,-30.7,True,False,True,False,1,False,False,0.88,https://departamento.mercadolibre.com.ar/MLA-1945491977-depto-en-venta-4-amb-flores-cochera-baulera-_JM#polycard_client=search-desktop&price_drop=not_apply&be_origin=backend&overlay_label=not_apply&search_layout=grid&position=2&type=item&tracking_id=8d5a3667-2813-4bf3-be59-0921f46c5090&sid=search
771,MLA1952100319,villa-riachuelo,villa-riachuelo,87900.0,52.0,3.0,10.0,1690.3846153846157,2439.0,-30.7,True,False,True,False,1,False,False,0.92,https://departamento.mercadolibre.com.ar/MLA-1952100319-venta-departamento-3-ambientes-villa-riachuelo-con-cochera-_JM#polycard_client=search-desktop&price_drop=not_apply&be_origin=backend&overlay_label=not_apply&search_layout=grid&position=1&type=item&tracking_id=63c310fb-56d8-4cc9-8490-b5ba9a7b6bf6&sid=search
772,MLA1972576585,recoleta,recoleta_0,199000.0,101.0,4.0,,1970.2970297029703,2843.0,-30.7,True,False,True,False,1,False,False,0.12,https://departamento.mercadolibre.com.ar/MLA-1972576585-oportunidad-dueno-directo-vende-silencioso-y-luminoso-dpto-_JM#polycard_client=search-desktop&price_drop=not_apply&be_origin=backend&overlay_label=not_apply&search_layout=grid&position=6&type=item&tracking_id=74ed8021-f909-4b60-81bd-3f9d2cf1cb9a&sid=search
773,MLA3386287364,saavedra,saavedra,332000.0,146.0,2.0,3.0,2273.972602739726,3281.0,-30.7,True,True,False,False,1,False,False,0.92,https://departamento.mercadolibre.com.ar/MLA-3386287364-venta-triplex-dos-cocheras-terreza-solarium-parrilla-saavedra-_JM#polycard_client=search-desktop&price_drop=not_apply&be_origin=backend&overlay_label=not_apply&search_layout=grid&position=3&type=item&tracking_id=83511ff0-e2ad-4156-8787-8d580bf99b31&sid=search
774,MLA3699751326,villa-urquiza,villa-urquiza_3,69000.0,40.0,2.0,,1725.0,2488.0,-30.7,True,False,True,False,1,False,False,0.42,https://departamento.mercadolibre.com.ar/MLA-3699751326-uf-6-ceretti-3153-monoambiente-26m2-estrenar-portero-visor-porcelanto-villa-urquiza-_JM#polycard_client=search-desktop&price_drop=not_apply&be_origin=backend&overlay_label=not_apply&search_layout=grid&position=8&type=item&tracking_id=b844170b-bace-47a2-816b-3cb4aa5ae2a0&sid=search
775,MLA3409977888,monserrat,monserrat_4,36000.0,32.0,2.0,60.0,1125.0,1622.0,-30.6,True,False,True,False,1,False,False,0.69,https://departamento.mercadolibre.com.ar/MLA-3409977888-por-escalera-depto-de-2-ambientes-en-el-corazon-de-monserrat-_JM#polycard_client=search-desktop&price_drop=not_apply&be_origin=backend&overlay_label=not_apply&search_layout=grid&position=16&type=item&tracking_id=10b0da0e-2a50-4349-ab71-31099ad75e8e&sid=search
776,MLA3361591046,monserrat,monserrat_2,72000.0,69.0,3.0,82.0,1043.4782608695652,1504.0,-30.6,True,True,False,False,1,False,False,1.0,https://departamento.mercadolibre.com.ar/MLA-3361591046-venta-departamento-en-monserrat-_JM#polycard_client=search-desktop&price_drop=not_apply&be_origin=backend&overlay_label=not_apply&search_layout=grid&position=27&type=item&tracking_id=10b0da0e-2a50-4349-ab71-31099ad75e8e&sid=search
777,MLA3164013090,barrio-norte,barrio-norte_4,125000.0,42.0,1.0,1.0,2976.190476190476,4290.0,-30.6,True,True,False,False,1,False,False,1.0,https://departamento.mercadolibre.com.ar/MLA-3164013090-venta-departamento-monoambiente-en-barrio-norte-con-cochera-fija-apto-credito-_JM#polycard_client=search-desktop&float_highlight=not_apply&price_drop=not_apply&be_origin=backend&overlay_label=not_apply&search_layout=grid&position=41&type=item&tracking_id=f0dfd3a6-a67a-4779-87d8-9caac533b52d&sid=search
778,MLA2904568574,almagro,almagro,66900.0,46.0,2.0,,1454.3478260869565,2096.0,-30.6,True,False,True,False,1,False,False,0.31,https://departamento.mercadolibre.com.ar/MLA-2904568574-departamento-en-venta-en-almagro-_JM#polycard_client=search-desktop&price_drop=not_apply&be_origin=backend&overlay_label=not_apply&search_layout=grid&position=7&type=item&tracking_id=5cac762a-1078-42e3-a04b-b7f7cb1935a3&sid=search
779,MLA1777213117,recoleta,recoleta_4,59000.0,34.0,2.0,50.0,1735.2941176470588,2501.0,-30.6,True,False,True,False,1,False,False,0.88,https://departamento.mercadolibre.com.ar/MLA-1777213117-departamento-en-recoleta-_JM#polycard_client=search-desktop&price_drop=not_apply&be_origin=backend&overlay_label=not_apply&search_layout=grid&position=40&type=item&tracking_id=8eba97a3-ef44-4244-8756-a5822ca6cc4d&sid=search
780,MLA2794540764,barrio-norte,barrio-norte,170000.0,109.0,4.0,70.0,1559.633027522936,2247.0,-30.6,True,True,False,False,1,False,False,0.96,https://departamento.mercadolibre.com.ar/MLA-2794540764-4-ambientes-en-barrio-norte-_JM#polycard_client=search-desktop&price_drop=not_apply&be_origin=backend&overlay_label=not_apply&search_layout=grid&position=36&type=item&tracking_id=b68a5886-31ff-4953-9f52-2bc66c14bdbc&sid=search
781,MLA3806420624,parque-patricios,parque-patricios,59000.0,57.0,3.0,55.0,1035.0877192982457,1491.0,-30.6,True,False,True,False,2,False,False,0.69,https://departamento.mercadolibre.com.ar/MLA-3806420624-3-ambientes-cocina-y-bano-completo-_JM#polycard_client=search-desktop&float_highlight=recent_publication&price_drop=not_apply&be_origin=backend&overlay_label=not_apply&search_layout=grid&position=12&type=item&tracking_id=d8c21601-6a4f-4241-a8ae-240e3ae4929f&sid=search
782,MLA2890787166,palermo,palermo_3,298000.0,150.0,5.0,60.0,1986.6666666666667,2861.0,-30.6,True,True,False,False,1,False,False,1.0,https://departamento.mercadolibre.com.ar/MLA-2890787166-venta-departamento-palermo-_JM#polycard_client=search-desktop&price_drop=not_apply&be_origin=backend&overlay_label=not_apply&search_layout=grid&position=10&type=item&tracking_id=8baee857-0cd2-41e8-8c8e-c4c6da58cc21&sid=search
783,MLA3563049462,villa-urquiza,villa-urquiza_1,130000.0,56.0,1.0,2.0,2321.428571428572,3343.0,-30.6,True,False,True,False,1,False,False,0.92,https://departamento.mercadolibre.com.ar/MLA-3563049462-venta-imperdible-monoambiente-con-balcon-y-terraza-en-villa-urquiza-_JM#polycard_client=search-desktop&price_drop=not_apply&be_origin=backend&overlay_label=not_apply&search_layout=grid&position=40&type=item&tracking_id=97d48c05-7871-43aa-8748-2e524acbbf88&sid=search
784,MLA3732452022,recoleta,recoleta,278000.0,130.0,4.0,40.0,2138.4615384615386,3079.0,-30.5,True,False,True,False,1,False,False,0.92,https://departamento.mercadolibre.com.ar/MLA-3732452022-venta-departamento-4-ambientes-con-cochera-en-recoleta-acepta-permuta-_JM#polycard_client=search-desktop&price_drop=not_apply&be_origin=backend&overlay_label=not_apply&search_layout=grid&position=18&type=item&tracking_id=e4864b54-f12d-4d03-b6f7-e585575e001e&sid=search
785,MLA1956591165,puerto-madero,puerto-madero,440000.0,91.0,3.0,15.0,4835.164835164836,6961.0,-30.5,False,True,False,False,2,False,False,1.0,https://departamento.mercadolibre.com.ar/MLA-1956591165-3-amb-con-cochera-en-puerto-madero-vista-abierta-_JM#polycard_client=search-desktop&price_drop=not_apply&be_origin=backend&overlay_label=not_apply&search_layout=grid&position=22&type=item&tracking_id=879fca74-aa7e-405e-b7bd-69aaf51f3706&sid=search
786,MLA3777462842,almagro,almagro,90000.0,49.0,2.0,1.0,1836.734693877551,2644.0,-30.5,True,False,True,False,1,False,False,0.77,https://departamento.mercadolibre.com.ar/MLA-3777462842-venta-departamento-2-ambientes-en-pozo-almagro-_JM#polycard_client=search-desktop&float_highlight=recent_publication&price_drop=not_apply&be_origin=backend&overlay_label=not_apply&search_layout=grid&position=9&type=item&tracking_id=8063c064-7b64-4140-8174-6f8568383a82&sid=search
787,MLA1662979917,villa-del-parque,villa-del-parque,85000.0,40.0,10.0,1.0,2125.0,3059.0,-30.5,True,True,False,False,1,False,False,0.88,https://departamento.mercadolibre.com.ar/MLA-1662979917-monoambiente-con-balcon-en-venta-en-villa-del-parque-_JM#polycard_client=search-desktop&price_drop=not_apply&be_origin=backend&overlay_label=not_apply&search_layout=grid&position=17&type=item&tracking_id=29638f89-b7fd-488f-a406-a8f09aa95329&sid=search
788,MLA1613054299,boedo,boedo_1,53000.0,40.0,2.0,20.0,1325.0,1907.0,-30.5,True,False,True,False,2,False,False,0.96,https://departamento.mercadolibre.com.ar/MLA-1613054299-venta-departamento-2-ambientes-40m-por-escaleras-en-san-cristobal-terraza-de-uso-comun-a-3-uf-_JM#polycard_client=search-desktop&price_drop=not_apply&be_origin=backend&overlay_label=not_apply&search_layout=grid&position=34&type=item&tracking_id=af7ee175-9ce2-4d3d-a323-7d00522772ee&sid=search
789,MLA3643081818,colegiales,colegiales,174000.0,74.0,2.0,2.0,2351.3513513513512,3385.0,-30.5,True,False,True,True,1,False,False,0.92,https://departamento.mercadolibre.com.ar/MLA-3643081818-venta-2-ambientes-en-colegiales-_JM#polycard_client=search-desktop&price_drop=true&be_origin=backend&overlay_label=not_apply&search_layout=grid&position=33&type=item&tracking_id=3118674f-d40c-409f-9fa8-69890c0b19ce&sid=search
790,MLA1792618119,palermo,palermo_2,54500.0,30.0,1.0,45.0,1816.6666666666667,2615.0,-30.5,True,False,True,False,1,False,False,0.15,https://departamento.mercadolibre.com.ar/MLA-1792618119-departamento-de-1-ambiente-en-venta-en-palermo-_JM#polycard_client=search-desktop&price_drop=not_apply&be_origin=backend&overlay_label=not_apply&search_layout=grid&position=13&type=item&tracking_id=ab0ae31b-c235-4445-9e7e-2dfe48d16c49&sid=search
791,MLA3623859796,boedo,boedo,89000.0,69.0,4.0,50.0,1289.855072463768,1857.0,-30.5,True,True,False,True,1,False,False,1.0,https://departamento.mercadolibre.com.ar/MLA-3623859796-departamento-4-ambientes-con-lavadero-balcon-corrido-piso-alto-luminoso-bajas-expensas-en-boedo-_JM#polycard_client=search-desktop&price_drop=true&be_origin=backend&overlay_label=not_apply&search_layout=grid&position=39&type=item&tracking_id=cd9fc1bc-ff6e-4a76-9851-994398576594&sid=search
792,MLA1887669401,belgrano,belgrano,480000.0,132.0,4.0,14.0,3636.363636363637,5233.0,-30.5,True,False,True,False,1,False,False,0.96,https://departamento.mercadolibre.com.ar/MLA-1887669401-venta-piso-3-dormitorios-4-banos-cochera-amenities-pileta-terraza-parrilla-jardin-belgrano-_JM#polycard_client=search-desktop&price_drop=not_apply&be_origin=backend&overlay_label=not_apply&search_layout=grid&position=2&type=item&tracking_id=320139cf-ad91-4f07-a898-2cebfa1af6f3&sid=search
793,MLA3785110890,recoleta,recoleta_1,195000.0,94.0,4.0,50.0,2074.468085106383,2985.0,-30.5,True,False,True,False,1,False,False,1.0,https://departamento.mercadolibre.com.ar/MLA-3785110890-departamento-4-ambientes-con-balcon-y-dependencia-en-recoleta-_JM#polycard_client=search-desktop&float_highlight=recent_publication&price_drop=not_apply&be_origin=backend&overlay_label=not_apply&search_layout=grid&position=26&type=item&tracking_id=79490e47-82e5-4fea-b246-982300f4c386&sid=search
794,MLA1987503659,balvanera,balvanera_2,43000.0,35.0,2.0,60.0,1228.571428571429,1768.0,-30.5,True,False,True,False,1,False,False,0.96,https://departamento.mercadolibre.com.ar/MLA-1987503659-venta-departamento-2-ambientes-en-balvanera-_JM#polycard_client=search-desktop&float_highlight=recent_publication&price_drop=not_apply&be_origin=backend&overlay_label=not_apply&search_layout=grid&position=17&type=item&tracking_id=dc01cf6a-e60a-4394-a06e-1d5759fb22cf&sid=search
795,MLA1948698115,villa-crespo,villa-crespo_4,73000.0,36.0,1.0,1.0,2027.7777777777776,2918.0,-30.5,True,False,True,False,1,False,False,0.92,https://departamento.mercadolibre.com.ar/MLA-1948698115-departamento-de-1-ambiente-amplio-todo-luz-entrega-estimada-agostooctubre-2026-_JM#polycard_client=search-desktop&price_drop=not_apply&be_origin=backend&overlay_label=not_apply&search_layout=grid&position=20&type=item&tracking_id=ba224409-09fa-4b3a-9fb0-c035c2125b1a&sid=search
796,MLA1847430121,balvanera,balvanera_0,89000.0,70.0,4.0,,1271.428571428571,1829.0,-30.5,True,False,True,False,1,False,False,0.27,https://departamento.mercadolibre.com.ar/MLA-1847430121-se-vende-dpto-4-amb-al-frente-con-balcon-_JM#polycard_client=search-desktop&price_drop=not_apply&be_origin=backend&overlay_label=not_apply&search_layout=grid&position=11&type=item&tracking_id=11e25eac-a1aa-428a-87fc-a1cd2cfbe142&sid=search
797,MLA3727524798,san-nicolas,san-nicolas,84000.0,78.0,3.0,126.0,1076.923076923077,1549.0,-30.5,True,False,True,False,1,False,False,0.92,https://departamento.mercadolibre.com.ar/MLA-3727524798-venta-departamento-3-ambientes-plaza-del-congreso-_JM#polycard_client=search-desktop&price_drop=not_apply&be_origin=backend&overlay_label=not_apply&search_layout=grid&position=28&type=item&tracking_id=6724aaac-6ca7-4b52-aee7-64e5c818e350&sid=search
798,MLA3719602528,nunez,nunez_0,81833.0,26.0,1.0,1.0,3147.423076923077,4526.0,-30.5,True,False,True,False,1,False,False,0.81,https://departamento.mercadolibre.com.ar/MLA-3719602528-venta-monoambiente-con-balcon-en-nunez-_JM#polycard_client=search-desktop&price_drop=not_apply&be_origin=backend&overlay_label=not_apply&search_layout=grid&position=25&type=item&tracking_id=47644716-1f2c-4343-8bc5-377a75a44135&sid=search
799,MLA1945603213,retiro,retiro_0,370000.0,195.0,6.0,76.0,1897.4358974358972,2728.0,-30.5,True,False,True,False,3,True,False,0.96,https://departamento.mercadolibre.com.ar/MLA-1945603213-venta-dpto-6-amb-balcon-coch-retiro-a-refaccionar-_JM#polycard_client=search-desktop&price_drop=not_apply&be_origin=backend&overlay_label=not_apply&search_layout=grid&position=46&type=item&tracking_id=816728ae-ee94-4ac3-b093-b840553e6d4b&sid=search
800,MLA3489182994,parque-chacabuco,parque-chacabuco,160000.0,75.0,3.0,10.0,2133.333333333333,3067.0,-30.5,True,True,False,False,1,False,False,0.96,https://departamento.mercadolibre.com.ar/MLA-3489182994-departamento-en-parque-chacabuco-_JM#polycard_client=search-desktop&price_drop=not_apply&be_origin=backend&overlay_label=not_apply&search_layout=grid&position=10&type=item&tracking_id=af15e2f0-95d2-438d-b362-216d8441f472&sid=search
801,MLA3174309582,liniers,liniers_3,130000.0,108.0,4.0,50.0,1203.7037037037037,1731.0,-30.4,True,False,True,False,1,False,False,0.96,https://departamento.mercadolibre.com.ar/MLA-3174309582-venta-departamento-4-ambientes-en-liniers-_JM#polycard_client=search-desktop&float_highlight=not_apply&price_drop=not_apply&be_origin=backend&overlay_label=not_apply&search_layout=grid&position=34&type=item&tracking_id=1dc32074-e4d2-4273-8f74-7a8f38788e67&sid=search
802,MLA3721457494,villa-urquiza,villa-urquiza_1,69500.0,41.0,2.0,47.0,1695.121951219512,2437.0,-30.4,True,False,True,False,1,False,False,0.81,https://departamento.mercadolibre.com.ar/MLA-3721457494-venta-departamento-2-ambientes-villa-urquiza-_JM#polycard_client=search-desktop&price_drop=not_apply&be_origin=backend&overlay_label=not_apply&search_layout=grid&position=47&type=item&tracking_id=e2dd1914-92fb-488b-a256-ddea31e4bd2a&sid=search
803,MLA3721463972,monserrat,monserrat,130000.0,134.0,4.0,76.0,970.1492537313432,1394.0,-30.4,True,False,True,False,1,False,False,0.85,https://departamento.mercadolibre.com.ar/MLA-3721463972-depto-estilo-frances-4-amb-congreso-apto-credito-_JM#polycard_client=search-desktop&price_drop=not_apply&be_origin=backend&overlay_label=not_apply&search_layout=grid&position=37&type=item&tracking_id=f199a1cc-2bd7-4914-a40f-6d18c5f80098&sid=search
804,MLA3726708818,puerto-madero,puerto-madero,195000.0,42.0,1.0,1.0,4642.857142857143,6671.0,-30.4,False,False,False,False,1,False,False,0.96,https://departamento.mercadolibre.com.ar/MLA-3726708818-venta-monoambiente-a-estrenar-en-torre-exclusiva-huergo-475puerto-madero-_JM#polycard_client=search-desktop&price_drop=not_apply&be_origin=backend&overlay_label=not_apply&search_layout=grid&position=26&type=item&tracking_id=879fca74-aa7e-405e-b7bd-69aaf51f3706&sid=search
805,MLA2847783948,palermo,palermo_3,318000.0,146.0,4.0,60.0,2178.082191780822,3130.0,-30.4,True,False,True,False,2,False,False,0.92,https://departamento.mercadolibre.com.ar/MLA-2847783948-departamento-4-ambientes-en-venta-en-palermo-_JM#polycard_client=search-desktop&price_drop=not_apply&be_origin=backend&overlay_label=not_apply&search_layout=grid&position=48&type=item&tracking_id=ab0ae31b-c235-4445-9e7e-2dfe48d16c49&sid=search
806,MLA1973630339,belgrano,belgrano,76000.0,35.0,2.0,,2171.428571428572,3119.0,-30.4,True,False,True,False,1,False,False,0.42,https://departamento.mercadolibre.com.ar/MLA-1973630339-departamento-en-venta-en-belgrano-_JM#polycard_client=search-desktop&float_highlight=recent_publication&price_drop=not_apply&be_origin=backend&overlay_label=not_apply&search_layout=grid&position=48&type=item&tracking_id=f5885064-1677-4104-bd22-ff239dc7d721&sid=search
807,MLA1713161259,balvanera,balvanera_2,85000.0,75.0,3.0,50.0,1133.3333333333333,1628.0,-30.4,True,False,True,False,1,False,False,0.31,https://departamento.mercadolibre.com.ar/MLA-1713161259-departamento-en-venta-en-balvanera-capital-federal-buenos-aires-_JM#polycard_client=search-desktop&float_highlight=not_apply&price_drop=not_apply&be_origin=backend&overlay_label=not_apply&search_layout=grid&position=28&type=item&tracking_id=5b9c29c9-45bc-42d6-b7d6-13265455dd95&sid=search
808,MLA1811230299,caballito,caballito,289000.0,161.0,5.0,59.0,1795.0310559006211,2578.0,-30.4,True,True,False,False,1,False,False,1.0,https://departamento.mercadolibre.com.ar/MLA-1811230299-departamento-en-venta-caballito-de-4-ambientes-cochera-y-baulera-vista-panoramica-_JM#polycard_client=search-desktop&price_drop=not_apply&be_origin=backend&overlay_label=not_apply&search_layout=grid&position=35&type=item&tracking_id=92bd09fe-a63b-4f97-ac46-c914ce80c679&sid=search
809,MLA3726889008,boedo,boedo_0,79000.0,40.0,2.0,15.0,1975.0,2835.0,-30.3,True,False,True,False,1,False,False,0.77,https://departamento.mercadolibre.com.ar/MLA-3726889008-departamento-2-ambientes-cbalcon-y-cochera-boedo-_JM#polycard_client=search-desktop&price_drop=not_apply&be_origin=backend&overlay_label=not_apply&search_layout=grid&position=27&type=item&tracking_id=7cc1c6b8-9224-437a-b5cb-dbf217757b44&sid=search
810,MLA1868989781,villa-luro,villa-luro,78000.0,56.0,3.0,20.0,1392.857142857143,1999.0,-30.3,True,False,True,False,1,False,False,0.81,https://departamento.mercadolibre.com.ar/MLA-1868989781-departamento-3-ambientes-en-villa-luro-_JM#polycard_client=search-desktop&price_drop=not_apply&be_origin=backend&overlay_label=not_apply&search_layout=grid&position=41&type=item&tracking_id=7d622120-74c6-4846-b9a0-bfd75f31cc02&sid=search
811,MLA3536452334,nueva-pompeya,nueva-pompeya,45000.0,59.0,3.0,40.0,762.7118644067797,1095.0,-30.3,True,False,True,False,1,False,False,0.88,https://departamento.mercadolibre.com.ar/MLA-3536452334-iguazu-al-1500-59-m2-impecable-amplio-balcon-tsol-texterno-espectacular-living-_JM#polycard_client=search-desktop&price_drop=not_apply&be_origin=backend&overlay_label=not_apply&search_layout=grid&position=37&type=item&tracking_id=0d117105-f9ed-44da-bbaf-9e3721f00c21&sid=search
812,MLA3720664916,caballito,caballito,138000.0,66.0,2.0,9.0,2090.909090909091,3001.0,-30.3,True,False,True,False,1,False,False,0.81,https://departamento.mercadolibre.com.ar/MLA-3720664916-venta-depto-2-amb-con-balcon-terraza-y-cochera-_JM#polycard_client=search-desktop&price_drop=not_apply&be_origin=backend&overlay_label=not_apply&search_layout=grid&position=25&type=item&tracking_id=dad3fe87-719e-4572-a6ec-9c9be18670f8&sid=search
813,MLA3434710752,balvanera,balvanera_0,59900.0,53.0,3.0,40.0,1130.188679245283,1622.0,-30.3,True,False,True,True,1,False,False,0.88,https://departamento.mercadolibre.com.ar/MLA-3434710752-oportunidad-en-balvanera-3-ambientes-comodos-_JM#polycard_client=search-desktop&price_drop=true&be_origin=backend&overlay_label=not_apply&search_layout=grid&position=43&type=item&tracking_id=feaf20cd-c80d-4405-8707-aab5d7964713&sid=search
814,MLA3553384852,palermo,palermo,99000.0,46.0,3.0,30.0,2152.1739130434785,3089.0,-30.3,True,False,True,False,1,False,False,0.96,https://departamento.mercadolibre.com.ar/MLA-3553384852-venta-departamento-3-ambientes-palermo-_JM#polycard_client=search-desktop&price_drop=not_apply&be_origin=backend&overlay_label=not_apply&search_layout=grid&position=26&type=item&tracking_id=b175f859-237b-4860-b21d-4335fd2540fc&sid=search
815,MLA1776531927,belgrano,belgrano,70000.0,33.0,1.0,40.0,2121.212121212121,3044.0,-30.3,True,False,True,False,1,False,False,0.92,https://departamento.mercadolibre.com.ar/MLA-1776531927-oppel-departamento-en-venta-belgrano-capital-federal-cod-33825-_JM#polycard_client=search-desktop&price_drop=not_apply&be_origin=backend&overlay_label=not_apply&search_layout=grid&position=35&type=item&tracking_id=63c06481-b06c-430f-9e39-4e2b16d1aee7&sid=search
816,MLA3726471652,palermo,palermo,119000.0,46.0,2.0,12.0,2586.9565217391305,3712.0,-30.3,True,False,True,False,1,False,False,0.85,https://departamento.mercadolibre.com.ar/MLA-3726471652-venta-departamento-2-ambientes-con-patio-y-2-banos-completos-en-excelente-ubicacion-_JM#polycard_client=search-desktop&price_drop=not_apply&be_origin=backend&overlay_label=not_apply&search_layout=grid&position=6&type=item&tracking_id=4c6e1077-9dfb-498a-928e-4de5b4a74d4b&sid=search
817,MLA1786944565,flores,flores_1,84000.0,72.0,3.0,50.0,1166.6666666666667,1674.0,-30.3,True,False,True,False,1,False,False,0.96,https://departamento.mercadolibre.com.ar/MLA-1786944565-departamento-en-venta-3-ambientes-muy-luminoso-_JM#polycard_client=search-desktop&price_drop=not_apply&be_origin=backend&overlay_label=not_apply&search_layout=grid&position=36&type=item&tracking_id=9b2d5898-3791-4b12-bba0-1e72aa462e18&sid=search
818,MLA3721593768,caballito,caballito,70000.0,35.0,1.0,3.0,2000.0,2869.0,-30.3,True,False,True,False,1,False,False,0.81,https://departamento.mercadolibre.com.ar/MLA-3721593768-venta-departamento-monoambiente-caballito-norte-_JM#polycard_client=search-desktop&price_drop=not_apply&be_origin=backend&overlay_label=not_apply&search_layout=grid&position=42&type=item&tracking_id=4672e200-bf48-48f0-a676-cda363340daa&sid=search
819,MLA1986529123,balvanera,balvanera_0,89000.0,82.0,3.0,60.0,1085.3658536585365,1557.0,-30.3,True,False,True,False,1,False,False,1.0,https://departamento.mercadolibre.com.ar/MLA-1986529123-departamento-duplex-3-ambientes-balvanera-luminoso-y-amplios-espacios-_JM#polycard_client=search-desktop&float_highlight=recent_publication&price_drop=not_apply&be_origin=backend&overlay_label=not_apply&search_layout=grid&position=22&type=item&tracking_id=21e31df1-de99-4bfc-8765-bc00fa1a8e7f&sid=search
820,MLA1849165563,monserrat,monserrat_3,64000.0,64.0,2.0,50.0,1000.0,1434.0,-30.3,True,False,True,True,1,False,False,0.92,https://departamento.mercadolibre.com.ar/MLA-1849165563-departamento-1-habitacion-con-patio-apto-profesional-_JM#polycard_client=search-desktop&price_drop=true&be_origin=backend&overlay_label=not_apply&search_layout=grid&position=29&type=item&tracking_id=cf152ffb-4861-450f-99fc-f19d90f2f54d&sid=search
821,MLA1803983273,constitucion,constitucion,65000.0,77.0,3.0,60.0,844.1558441558442,1211.0,-30.3,True,False,True,True,1,False,False,0.96,https://departamento.mercadolibre.com.ar/MLA-1803983273-departamento-3-ambientes-en-venta-en-bernardo-de-irigoyen-al-1300-constitucion-caba-_JM#polycard_client=search-desktop&price_drop=true&be_origin=backend&overlay_label=not_apply&search_layout=grid&position=8&type=item&tracking_id=a60f14bb-83a1-46ad-9b12-fc519685ef1a&sid=search
822,MLA1809184945,san-nicolas,san-nicolas,55000.0,47.0,2.0,50.0,1170.212765957447,1678.0,-30.3,True,False,True,False,1,False,False,0.92,https://departamento.mercadolibre.com.ar/MLA-1809184945-departamento-en-san-nicolas-47-m-a-pasos-del-obelisco-con-puerta-de-seguridad-blindada-y-dos-equipos-de-aire-acondicionado-friocalor-_JM#polycard_client=search-desktop&price_drop=not_apply&be_origin=backend&overlay_label=not_apply&search_layout=grid&position=6&type=item&tracking_id=25dce603-5daf-43dc-9017-9e635d44da7b&sid=search
823,MLA2832162082,belgrano,belgrano,72000.0,32.0,2.0,,2250.0,3227.0,-30.3,True,False,True,False,1,False,False,0.19,https://departamento.mercadolibre.com.ar/MLA-2832162082-departamento-en-planta-baja-en-venta-en-belgrano-_JM#polycard_client=search-desktop&price_drop=not_apply&be_origin=backend&overlay_label=not_apply&search_layout=grid&position=22&type=item&tracking_id=b2b53a1f-8e23-45ae-abb0-6491ce29f601&sid=search
824,MLA3617038300,san-telmo,san-telmo_0,298000.0,310.0,13.0,80.0,961.2903225806452,1378.0,-30.3,True,True,False,False,1,False,False,1.0,https://departamento.mercadolibre.com.ar/MLA-3617038300-venta-departamento-ph-en-san-telmo-_JM#polycard_client=search-desktop&price_drop=not_apply&be_origin=backend&overlay_label=not_apply&search_layout=grid&position=10&type=item&tracking_id=d566583d-3908-4d68-963f-db27d60fa0f1&sid=search
825,MLA1729075897,villa-del-parque,villa-del-parque,175000.0,130.0,6.0,60.0,1346.1538461538462,1929.0,-30.2,True,False,True,False,1,False,False,0.88,https://departamento.mercadolibre.com.ar/MLA-1729075897-departamento-ph-6-ambientes-venta-villa-del-parque-_JM#polycard_client=search-desktop&price_drop=not_apply&be_origin=backend&overlay_label=not_apply&search_layout=grid&position=8&type=item&tracking_id=8890950f-e2c7-423b-8ea3-5ac92e7c2ca2&sid=search
826,MLA1945492327,san-nicolas,san-nicolas,70000.0,64.0,4.0,73.0,1093.75,1568.0,-30.2,True,False,True,False,1,False,True,0.77,https://departamento.mercadolibre.com.ar/MLA-1945492327-venta-dept-4-amb-centro-con-renta-hasta-octubre-_JM#polycard_client=search-desktop&price_drop=not_apply&be_origin=backend&overlay_label=not_apply&search_layout=grid&position=5&type=item&tracking_id=4d7ac638-8b13-41a3-8e54-6c03c504b726&sid=search
827,MLA3740194676,barrio-norte,barrio-norte_1,139000.0,86.0,3.0,55.0,1616.2790697674418,2316.0,-30.2,True,True,False,False,1,False,False,0.96,https://departamento.mercadolibre.com.ar/MLA-3740194676-3-ambientes-con-dependencia-balcon-corrido-y-vista-abierta-barrio-norte-_JM#polycard_client=search-desktop&price_drop=not_apply&be_origin=backend&overlay_label=not_apply&search_layout=grid&position=35&type=item&tracking_id=5ffc2dd4-bb0b-433a-893e-b13ae11d3986&sid=search
828,MLA3164478820,boedo,boedo,83000.0,48.0,2.0,2.0,1729.1666666666667,2477.0,-30.2,True,False,True,False,1,False,False,0.92,https://departamento.mercadolibre.com.ar/MLA-3164478820-apto-credito-2-ambientes-en-av-chiclana-al-3600-_JM#polycard_client=search-desktop&float_highlight=not_apply&price_drop=not_apply&be_origin=backend&overlay_label=not_apply&search_layout=grid&position=14&type=item&tracking_id=a9820f5f-0f13-4277-9fa2-1a010caedf7f&sid=search
829,MLA1748838671,villa-crespo,villa-crespo,135000.0,102.0,5.0,40.0,1323.529411764706,1896.0,-30.2,True,False,True,False,1,False,False,1.0,https://departamento.mercadolibre.com.ar/MLA-1748838671-departamento-5-amb-venta-villa-crespo-amplio-living-cocina-comedor-diario-_JM#polycard_client=search-desktop&price_drop=not_apply&be_origin=backend&overlay_label=not_apply&search_layout=grid&position=27&type=item&tracking_id=9700af6a-bc48-4301-9eb8-36deb662736b&sid=search
830,MLA3514605056,barrio-norte,barrio-norte_1,125000.0,64.0,3.0,40.0,1953.125,2797.0,-30.2,True,True,False,False,1,False,False,1.0,https://departamento.mercadolibre.com.ar/MLA-3514605056-departamento-3-ambientes-mas-dependencia-en-barrio-norte-_JM#polycard_client=search-desktop&price_drop=not_apply&be_origin=backend&overlay_label=not_apply&search_layout=grid&position=29&type=item&tracking_id=4dd5989f-6cf5-407f-8dc6-e9852ad6267d&sid=search
831,MLA3692667836,saavedra,saavedra,58000.0,35.0,2.0,40.0,1657.142857142857,2373.0,-30.2,True,False,True,False,1,True,False,0.5,https://departamento.mercadolibre.com.ar/MLA-3692667836-departamento-a-refaccionar-oportunidad-inversion-en-saavedra-capital-federal-buenos-aires-_JM#polycard_client=search-desktop&price_drop=not_apply&be_origin=backend&overlay_label=not_apply&search_layout=grid&position=23&type=item&tracking_id=a5148f41-0ba7-469e-908b-022b6c554913&sid=search
832,MLA1780663889,palermo,palermo_2,189000.0,120.0,4.0,50.0,1575.0,2255.0,-30.1,True,False,True,False,1,False,False,0.92,https://departamento.mercadolibre.com.ar/MLA-1780663889-venta-departamento-4-ambientes-con-balcon-palermo-_JM#polycard_client=search-desktop&price_drop=not_apply&be_origin=backend&overlay_label=not_apply&search_layout=grid&position=43&type=item&tracking_id=a3937b95-7838-4d0b-a4df-bc337b2be1e5&sid=search
833,MLA1819785335,villa-lugano,villa-lugano_2,40000.0,92.0,5.0,50.0,434.7826086956522,622.0,-30.1,True,True,False,True,1,False,False,0.96,https://departamento.mercadolibre.com.ar/MLA-1819785335-venta-departamento-5-ambientes-lugano-barrio-piedrabuena-_JM#polycard_client=search-desktop&price_drop=true&be_origin=backend&overlay_label=not_apply&search_layout=grid&position=36&type=item&tracking_id=47094cc6-4309-4916-bcff-e4bbdf38d8c7&sid=search
834,MLA1795044545,retiro,retiro_3,75000.0,42.0,2.0,30.0,1785.7142857142858,2556.0,-30.1,True,False,True,False,1,False,False,0.92,https://departamento.mercadolibre.com.ar/MLA-1795044545-departamento-dos-ambientes-con-patio-en-retiro-_JM#polycard_client=search-desktop&price_drop=not_apply&be_origin=backend&overlay_label=not_apply&search_layout=grid&position=30&type=item&tracking_id=673bf528-ffbf-4453-90bb-9b10cc8ec7f6&sid=search
835,MLA1741278399,barracas,barracas_0,70000.0,55.0,3.0,70.0,1272.7272727272727,1821.0,-30.1,True,False,True,False,1,False,False,0.5,https://departamento.mercadolibre.com.ar/MLA-1741278399-departamento-en-venta-en-barracas-con-galeria-_JM#polycard_client=search-desktop&float_highlight=not_apply&price_drop=not_apply&be_origin=backend&overlay_label=not_apply&search_layout=grid&position=9&type=item&tracking_id=24bc2579-5430-461b-8b77-eed22d28eea8&sid=search
836,MLA3704735002,belgrano,belgrano_2,90000.0,38.0,1.0,10.0,2368.4210526315787,3388.0,-30.1,True,False,True,False,1,False,False,0.96,https://departamento.mercadolibre.com.ar/MLA-3704735002-venta-departamento-1-ambiente-c-balcon-belgrano-_JM#polycard_client=search-desktop&price_drop=not_apply&be_origin=backend&overlay_label=not_apply&search_layout=grid&position=33&type=item&tracking_id=14b773bc-9a89-4f74-a219-d494b949b527&sid=search
837,MLA3562263276,caballito,caballito,290000.0,172.0,4.0,40.0,1686.046511627907,2411.0,-30.1,True,False,True,False,1,False,False,0.92,https://departamento.mercadolibre.com.ar/MLA-3562263276-venta-departamento-4-ambientes-con-dependencia-y-cochera-caballito-_JM#polycard_client=search-desktop&price_drop=not_apply&be_origin=backend&overlay_label=not_apply&search_layout=grid&position=48&type=item&tracking_id=a69cde67-6cad-42b9-a6b4-4adabd462dfd&sid=search
838,MLA1848240177,san-telmo,san-telmo,219000.0,180.0,6.0,115.0,1216.6666666666667,1740.0,-30.1,True,False,True,False,1,False,False,0.96,https://departamento.mercadolibre.com.ar/MLA-1848240177-departamento-4-ambientes-en-san-telmo-_JM#polycard_client=search-desktop&price_drop=not_apply&be_origin=backend&overlay_label=not_apply&search_layout=grid&position=19&type=item&tracking_id=d566583d-3908-4d68-963f-db27d60fa0f1&sid=search
839,MLA2843161628,floresta,floresta_0,95000.0,88.0,4.0,50.0,1079.5454545454545,1544.0,-30.1,True,False,True,False,1,False,False,1.0,https://departamento.mercadolibre.com.ar/MLA-2843161628-venta-departamento-3-dormitorios-floresta-_JM#polycard_client=search-desktop&price_drop=not_apply&be_origin=backend&overlay_label=not_apply&search_layout=grid&position=19&type=item&tracking_id=569ea35b-4bfb-496d-b812-bfc3bfa5e293&sid=search
840,MLA3720544658,villa-general-mitre,villa-general-mitre,195000.0,194.0,6.0,47.0,1005.1546391752578,1437.0,-30.1,True,False,True,False,1,False,False,0.81,https://departamento.mercadolibre.com.ar/MLA-3720544658-venta-departamento-semipiso-villa-general-mitre-_JM#polycard_client=search-desktop&price_drop=not_apply&be_origin=backend&overlay_label=not_apply&search_layout=grid&position=14&type=item&tracking_id=20d05038-58b0-4d81-a1c3-5e12a99a3699&sid=search
841,MLA3546784918,saavedra,saavedra,183000.0,103.0,4.0,40.0,1776.6990291262136,2540.0,-30.1,True,False,True,False,1,False,False,0.35,https://departamento.mercadolibre.com.ar/MLA-3546784918-venta-departamento-4-ambientes-con-cochera-en-saavedra-con-vista-panoramica-_JM#polycard_client=search-desktop&price_drop=not_apply&be_origin=backend&overlay_label=not_apply&search_layout=grid&position=24&type=item&tracking_id=01d00f9c-b8d2-447e-9dd5-383cec624aed&sid=search
842,MLA3742410756,belgrano,belgrano_3,149500.0,72.0,4.0,40.0,2076.3888888888887,2969.0,-30.1,True,False,True,False,1,False,False,0.92,https://departamento.mercadolibre.com.ar/MLA-3742410756-departamento-3-ambientes-con-dependencia-inmejorable-ubicacion-_JM#polycard_client=search-desktop&float_highlight=recent_publication&price_drop=not_apply&be_origin=backend&overlay_label=not_apply&search_layout=grid&position=36&type=item&tracking_id=f09145ae-17b7-46cc-847c-e6afa0fb9506&sid=search
843,MLA1850353697,belgrano,belgrano_0,330000.0,150.0,5.0,40.0,2200.0,3144.0,-30.0,True,True,False,False,1,False,False,1.0,https://departamento.mercadolibre.com.ar/MLA-1850353697-departamento-en-venta-de-5-ambientes-en-belgrano-con-balcon-terraza-_JM#polycard_client=search-desktop&price_drop=not_apply&be_origin=backend&overlay_label=not_apply&search_layout=grid&position=36&type=item&tracking_id=7598c98c-ad3a-4472-a1ab-195db97e5041&sid=search
844,MLA3039896350,liniers,liniers,80000.0,61.0,3.0,30.0,1311.4754098360656,1874.0,-30.0,True,False,True,False,1,False,False,0.15,https://departamento.mercadolibre.com.ar/MLA-3039896350-venta-departamento-3-ambientes-con-balcon-y-cochera-incluida-61m2-bajas-expensas-_JM#polycard_client=search-desktop&float_highlight=not_apply&price_drop=not_apply&be_origin=backend&overlay_label=not_apply&search_layout=grid&position=18&type=item&tracking_id=34cd30cc-bfc7-4381-bd90-1cb617d139a5&sid=search
845,MLA1976783947,monserrat,monserrat_0,168000.0,149.0,12.0,116.0,1127.5167785234898,1611.0,-30.0,True,True,False,False,1,True,False,0.96,https://departamento.mercadolibre.com.ar/MLA-1976783947-unico-piso-5-al-frente-en-edificio-de-categoria-ideal-inversores-227m-totales-a-reciclar-mon-_JM#polycard_client=search-desktop&float_highlight=recent_publication&price_drop=not_apply&be_origin=backend&overlay_label=not_apply&search_layout=grid&position=26&type=item&tracking_id=d096f3bf-4263-4826-9f8a-aa2840be4988&sid=search
846,MLA2776901776,mataderos,mataderos_0,250000.0,180.0,5.0,20.0,1388.888888888889,1985.0,-30.0,True,False,True,False,1,False,False,0.92,https://departamento.mercadolibre.com.ar/MLA-2776901776-departamento-en-venta-en-mataderos-barrio-naon-_JM#polycard_client=search-desktop&price_drop=not_apply&be_origin=backend&overlay_label=not_apply&search_layout=grid&position=44&type=item&tracking_id=2f2f7182-abad-46f4-a241-fcf02fc303b2&sid=search
847,MLA3578400638,mataderos,mataderos_3,69999.0,40.0,2.0,1.0,1749.975,2500.0,-30.0,True,False,True,False,1,False,False,0.92,https://departamento.mercadolibre.com.ar/MLA-3578400638-departamento-2-ambientes-en-venta-con-pileta-mataderos-_JM#polycard_client=search-desktop&price_drop=not_apply&be_origin=backend&overlay_label=not_apply&search_layout=grid&position=11&type=item&tracking_id=9766efc8-2c61-47b3-be83-ab01b2ee93b5&sid=search
848,MLA3782871030,palermo,palermo_3,79900.0,41.0,2.0,47.0,1948.780487804878,2784.0,-30.0,True,False,True,False,1,False,False,0.88,https://departamento.mercadolibre.com.ar/MLA-3782871030-departamento-2-ambientes-venta-palermo-botanico-_JM#polycard_client=search-desktop&float_highlight=recent_publication&price_drop=not_apply&be_origin=backend&overlay_label=not_apply&search_layout=grid&position=22&type=item&tracking_id=df1a7411-6435-410a-8efb-da57cf1544c8&sid=search
849,MLA3770700012,belgrano,belgrano_2,550000.0,289.0,5.0,40.0,1903.1141868512111,2718.0,-30.0,True,True,False,False,1,False,False,0.92,https://departamento.mercadolibre.com.ar/MLA-3770700012-venta-duplex-en-belgrano-de-5-ambientes-cacceso-por-ascensor-en-ambas-plantas-cochera-y-seguridad-_JM#polycard_client=search-desktop&float_highlight=recent_publication&price_drop=not_apply&be_origin=backend&overlay_label=not_apply&search_layout=grid&position=7&type=item&tracking_id=5bcec6da-ee05-4bd9-ac52-e10954c479f5&sid=search
850,MLA1948506087,villa-devoto,villa-devoto_0,230000.0,112.0,5.0,25.0,2053.5714285714284,2933.0,-30.0,True,False,True,False,1,False,False,0.96,https://departamento.mercadolibre.com.ar/MLA-1948506087-venta-departamento-45-ambientes-villa-devoto-amenities-cochera-balcon-terraza-_JM#polycard_client=search-desktop&price_drop=not_apply&be_origin=backend&overlay_label=not_apply&search_layout=grid&position=38&type=item&tracking_id=d03eaa7d-828e-4d95-a1fb-ea97c08f99b6&sid=search
851,MLA1805809817,palermo,palermo_1,109000.0,48.0,2.0,,2270.833333333333,3242.0,-30.0,True,False,True,False,1,False,False,0.38,https://departamento.mercadolibre.com.ar/MLA-1805809817-dos-ambientes-con-cochera-fija-guatemala-y-bonpland-_JM#polycard_client=search-desktop&price_drop=not_apply&be_origin=backend&overlay_label=not_apply&search_layout=grid&position=41&type=item&tracking_id=3957d3a2-cb59-494d-845c-15c46aa8129e&sid=search
852,MLA3637208026,monserrat,monserrat_0,140000.0,145.0,8.0,110.0,965.5172413793103,1379.0,-30.0,True,True,False,False,1,False,False,1.0,https://departamento.mercadolibre.com.ar/MLA-3637208026-venta-departamento-8-ambientes-balcon-apto-credito-monserrat-_JM#polycard_client=search-desktop&price_drop=not_apply&be_origin=backend&overlay_label=not_apply&search_layout=grid&position=39&type=item&tracking_id=d0915b9c-b8d9-4a2e-addf-1ca798e0fc02&sid=search
853,MLA3199313044,almagro,almagro,55000.0,42.0,1.0,65.0,1309.5238095238096,1870.0,-30.0,True,False,True,False,1,False,False,0.92,https://departamento.mercadolibre.com.ar/MLA-3199313044-departamento-en-almagro-_JM#polycard_client=search-desktop&price_drop=not_apply&be_origin=backend&overlay_label=not_apply&search_layout=grid&position=3&type=item&tracking_id=7158bdc8-0eaa-4f76-aca7-968c3f77922b&sid=search
854,MLA1771011985,villa-devoto,villa-devoto_0,108000.0,56.0,2.0,25.0,1928.571428571429,2753.0,-30.0,True,False,True,False,2,False,False,0.88,https://departamento.mercadolibre.com.ar/MLA-1771011985-depto-2-amb-en-condominio-casa-del-sol-villa-devoto-_JM#polycard_client=search-desktop&price_drop=not_apply&be_origin=backend&overlay_label=not_apply&search_layout=grid&position=32&type=item&tracking_id=ec69fb74-7751-4f49-98fa-d1e46b137555&sid=search
855,MLA1961120517,constitucion,constitucion_3,35000.0,30.0,1.0,5.0,1166.6666666666667,1665.0,-29.9,True,True,False,False,1,False,False,1.0,https://departamento.mercadolibre.com.ar/MLA-1961120517-en-venta-monoambiente-moderno-con-balcon-en-brasil-1500-_JM#polycard_client=search-desktop&price_drop=not_apply&be_origin=backend&overlay_label=not_apply&search_layout=grid&position=29&type=item&tracking_id=a60f14bb-83a1-46ad-9b12-fc519685ef1a&sid=search
856,MLA1897856209,palermo,palermo_0,95000.0,56.0,3.0,60.0,1696.428571428571,2421.0,-29.9,True,False,True,False,2,False,False,0.92,https://departamento.mercadolibre.com.ar/MLA-1897856209-venta-departamento-3-ambientes-palermo-_JM#polycard_client=search-desktop&price_drop=not_apply&be_origin=backend&overlay_label=not_apply&search_layout=grid&position=14&type=item&tracking_id=aa118468-1268-4a6f-8f03-efae5e4e2a23&sid=search
857,MLA3742344522,boedo,boedo_4,50000.0,45.0,2.0,60.0,1111.111111111111,1586.0,-29.9,True,False,True,False,1,False,False,0.88,https://departamento.mercadolibre.com.ar/MLA-3742344522-departamento-en-venta-en-boedo-tarija-al-3900-de-2-amb-_JM#polycard_client=search-desktop&price_drop=not_apply&be_origin=backend&overlay_label=not_apply&search_layout=grid&position=7&type=item&tracking_id=de489d11-8693-43a2-b2fc-97ae40f9d677&sid=search
858,MLA3732693494,caballito,caballito,140000.0,88.0,4.0,45.0,1590.909090909091,2270.0,-29.9,True,False,True,False,1,False,False,0.96,https://departamento.mercadolibre.com.ar/MLA-3732693494-venta-duplex-4-ambientes-en-caballito-apto-profesional-_JM#polycard_client=search-desktop&price_drop=not_apply&be_origin=backend&overlay_label=not_apply&search_layout=grid&position=46&type=item&tracking_id=a6ce78e3-3083-493a-ac65-50e5ed63d73f&sid=search
859,MLA1712987647,barrio-norte,barrio-norte,65000.0,37.0,2.0,60.0,1756.7567567567569,2507.0,-29.9,True,False,True,False,1,True,False,0.35,https://departamento.mercadolibre.com.ar/MLA-1712987647-paraguay-ecuador-2ambientes-37m-a-reciclar-_JM#polycard_client=search-desktop&price_drop=not_apply&be_origin=backend&overlay_label=not_apply&search_layout=grid&position=25&type=item&tracking_id=eebd7351-a4a4-4597-af8c-73a7f7224f79&sid=search
860,MLA1981332341,recoleta,recoleta_4,280000.0,183.0,5.0,90.0,1530.0546448087432,2183.0,-29.9,True,False,True,False,2,False,False,0.96,https://departamento.mercadolibre.com.ar/MLA-1981332341-semipiso-de-186m2-en-edificio-estilo-frances-5-ambientes-recoleta-_JM#polycard_client=search-desktop&float_highlight=recent_publication&price_drop=not_apply&be_origin=backend&overlay_label=not_apply&search_layout=grid&position=34&type=item&tracking_id=6093e160-6d07-4c92-bc46-8e48431b2d9a&sid=search
861,MLA1845433173,nunez,nunez,65000.0,35.0,2.0,50.0,1857.142857142857,2649.0,-29.9,True,False,True,False,1,False,False,0.96,https://departamento.mercadolibre.com.ar/MLA-1845433173-casa-en-coghlan-_JM#polycard_client=search-desktop&price_drop=not_apply&be_origin=backend&overlay_label=not_apply&search_layout=grid&position=32&type=item&tracking_id=e9d794d2-eb20-47b1-9496-9312ab5b139d&sid=search
862,MLA3132194024,belgrano,belgrano_0,54000.0,26.0,1.0,30.0,2076.923076923077,2962.0,-29.9,True,False,True,False,1,False,False,0.38,https://departamento.mercadolibre.com.ar/MLA-3132194024-departamento-en-venta-en-belgrano-capital-federal-buenos-aires-_JM#polycard_client=search-desktop&price_drop=not_apply&be_origin=backend&overlay_label=not_apply&search_layout=grid&position=15&type=item&tracking_id=22378742-8768-4af3-b891-54199877de68&sid=search
863,MLA1869279197,san-nicolas,san-nicolas,145000.0,135.0,5.0,38.0,1074.074074074074,1532.0,-29.9,True,False,True,False,1,False,False,0.92,https://departamento.mercadolibre.com.ar/MLA-1869279197-venta-departamento-5-ambientes-balcon-san-nicolas-_JM#polycard_client=search-desktop&price_drop=not_apply&be_origin=backend&overlay_label=not_apply&search_layout=grid&position=43&type=item&tracking_id=1360fdfa-94f0-40ed-b5f9-48412c0d96c3&sid=search
864,MLA3720093154,barrio-norte,barrio-norte_4,58000.0,32.0,2.0,46.0,1812.5,2585.0,-29.9,True,False,True,False,1,False,False,0.81,https://departamento.mercadolibre.com.ar/MLA-3720093154-venta-departamento-2ambientes-lateral-barrio-norte-_JM#polycard_client=search-desktop&price_drop=not_apply&be_origin=backend&overlay_label=not_apply&search_layout=grid&position=15&type=item&tracking_id=8a1ba398-7224-45b1-8cc6-27674ee548c9&sid=search
865,MLA1925791481,barracas,barracas_2,57000.0,52.0,3.0,65.0,1096.1538461538462,1563.0,-29.9,True,True,False,False,1,True,False,0.96,https://departamento.mercadolibre.com.ar/MLA-1925791481-venta-departamento-3-ambientes-en-barracas-bajas-expensas-a-reciclar-_JM#polycard_client=search-desktop&price_drop=not_apply&be_origin=backend&overlay_label=not_apply&search_layout=grid&position=8&type=item&tracking_id=b0113096-9daf-4957-96b8-c2e5a050259e&sid=search
866,MLA1810731355,belgrano,belgrano_0,230000.0,105.0,5.0,20.0,2190.4761904761904,3124.0,-29.9,True,False,True,False,3,False,False,0.92,https://departamento.mercadolibre.com.ar/MLA-1810731355-venta-departamento-5-ambientes-con-cochera-105m-con-balcon-al-frente-en-coghlan-villa-urquiza-_JM#polycard_client=search-desktop&price_drop=not_apply&be_origin=backend&overlay_label=not_apply&search_layout=grid&position=15&type=item&tracking_id=de1e087c-0ebf-4810-8e80-0ec9bb3e7edc&sid=search
867,MLA1889505663,colegiales,colegiales,119000.0,65.0,3.0,25.0,1830.7692307692307,2610.0,-29.9,True,False,True,False,1,False,False,0.96,https://departamento.mercadolibre.com.ar/MLA-1889505663-departamento-en-venta-en-colegiales-_JM#polycard_client=search-desktop&price_drop=not_apply&be_origin=backend&overlay_label=not_apply&search_layout=grid&position=24&type=item&tracking_id=4efb0a90-8fec-437d-be93-0795599a31c3&sid=search
868,MLA1836268839,villa-crespo,villa-crespo_2,55000.0,36.0,2.0,46.0,1527.7777777777778,2178.0,-29.8,True,False,True,False,1,False,False,0.54,https://departamento.mercadolibre.com.ar/MLA-1836268839-venta-departamento-2-amb-parque-centenario-_JM#polycard_client=search-desktop&price_drop=not_apply&be_origin=backend&overlay_label=not_apply&search_layout=grid&position=37&type=item&tracking_id=a33713f4-a8d9-44d1-ac4c-3f7475633d66&sid=search
869,MLA1932345613,belgrano,belgrano_1,579000.0,260.0,6.0,53.0,2226.923076923077,3173.0,-29.8,True,False,True,False,1,False,False,0.92,https://departamento.mercadolibre.com.ar/MLA-1932345613-departamento-duplex-6-ambientes-con-cochera-en-belgrano-impecable-apto-credito-_JM#polycard_client=search-desktop&price_drop=not_apply&be_origin=backend&overlay_label=not_apply&search_layout=grid&position=14&type=item&tracking_id=9e87283d-6d13-4cb3-91a8-23d57359a582&sid=search
870,MLA2623307522,flores,flores_3,299000.0,239.0,6.0,50.0,1251.0460251046024,1782.0,-29.8,True,True,False,False,1,False,False,0.42,https://departamento.mercadolibre.com.ar/MLA-2623307522-espectacular-piso-departamento-en-venta-6-ambientes-muy-luminoso-en-flores-_JM#polycard_client=search-desktop&float_highlight=not_apply&price_drop=not_apply&be_origin=backend&overlay_label=not_apply&search_layout=grid&position=13&type=item&tracking_id=ff1e1209-5d4b-4921-9946-e4866d26a027&sid=search
871,MLA1946334043,colegiales,colegiales,75000.0,37.0,2.0,10.0,2027.027027027027,2887.0,-29.8,True,False,True,False,1,False,False,0.81,https://departamento.mercadolibre.com.ar/MLA-1946334043-oportunidad-venta-dos-ambientes-en-colegiales-_JM#polycard_client=search-desktop&price_drop=not_apply&be_origin=backend&overlay_label=not_apply&search_layout=grid&position=4&type=item&tracking_id=5d95bde8-cb0a-43bb-bb44-8862b6b4c1b3&sid=search
872,MLA3718066016,palermo,palermo_0,80000.0,43.0,1.0,45.0,1860.4651162790697,2650.0,-29.8,True,True,False,False,1,False,False,1.0,https://departamento.mercadolibre.com.ar/MLA-3718066016-venta-monoambiente-divisible-con-balcon-en-palermo-_JM#polycard_client=search-desktop&price_drop=not_apply&be_origin=backend&overlay_label=not_apply&search_layout=grid&position=12&type=item&tracking_id=e9d91cb0-2c54-48a1-86c0-2561351c9ea7&sid=search
873,MLA3720099254,barrio-norte,barrio-norte_4,69000.0,34.0,2.0,14.0,2029.4117647058824,2890.0,-29.8,True,False,True,False,1,False,False,0.81,https://departamento.mercadolibre.com.ar/MLA-3720099254-venta-dos-ambientes-barrio-norte-_JM#polycard_client=search-desktop&price_drop=not_apply&be_origin=backend&overlay_label=not_apply&search_layout=grid&position=25&type=item&tracking_id=8a1ba398-7224-45b1-8cc6-27674ee548c9&sid=search
874,MLA3720466614,recoleta,recoleta_3,275000.0,129.0,4.0,46.0,2131.782945736434,3036.0,-29.8,True,False,True,False,1,False,False,0.92,https://departamento.mercadolibre.com.ar/MLA-3720466614-venta-4-amb-cdep-coch-balcon-apto-cred-recoleta-_JM#polycard_client=search-desktop&price_drop=not_apply&be_origin=backend&overlay_label=not_apply&search_layout=grid&position=15&type=item&tracking_id=fd392006-ea09-43dc-a718-d081398197ee&sid=search
875,MLA3593489612,belgrano,belgrano_2,163000.0,97.0,4.0,46.0,1680.4123711340203,2393.0,-29.8,True,True,False,False,1,False,False,0.96,https://departamento.mercadolibre.com.ar/MLA-3593489612-departamento-3-ambientes-en-belgrano-97-m-cerca-subte-d-_JM#polycard_client=search-desktop&price_drop=not_apply&be_origin=backend&overlay_label=not_apply&search_layout=grid&position=48&type=item&tracking_id=5ee5f3a8-1498-414a-a687-1dcf8a31f74c&sid=search
876,MLA3720665052,san-nicolas,san-nicolas,68000.0,64.0,2.0,44.0,1062.5,1513.0,-29.8,True,False,True,False,1,False,False,0.81,https://departamento.mercadolibre.com.ar/MLA-3720665052-venta-depto-2-ambientes-con-patio-san-nicolas-_JM#polycard_client=search-desktop&price_drop=not_apply&be_origin=backend&overlay_label=not_apply&search_layout=grid&position=11&type=item&tracking_id=2ae8004f-9f6d-4887-8b11-dc8aef692e8b&sid=search
877,MLA3261879324,palermo,palermo,440000.0,175.0,7.0,50.0,2514.285714285714,3580.0,-29.8,True,False,True,False,1,False,False,0.73,https://departamento.mercadolibre.com.ar/MLA-3261879324-terraza-propia-parrlla-quincho-pileta-_JM#polycard_client=search-desktop&price_drop=not_apply&be_origin=backend&overlay_label=not_apply&search_layout=grid&position=13&type=item&tracking_id=d4ff7fa5-daa2-45aa-b9c9-5a85a0dcb1ac&sid=search
878,MLA1945490461,saavedra,saavedra,158000.0,75.0,3.0,1.0,2106.6666666666665,2998.0,-29.7,True,False,True,False,1,False,False,0.88,https://departamento.mercadolibre.com.ar/MLA-1945490461-venta-departamento-3-amb-a-estrenar-en-saavedra-_JM#polycard_client=search-desktop&price_drop=not_apply&be_origin=backend&overlay_label=not_apply&search_layout=grid&position=44&type=item&tracking_id=0e4a026f-f1a3-48b6-9bd7-94d85bf55f91&sid=search
879,MLA2843136254,parque-patricios,parque-patricios,70000.0,73.0,3.0,70.0,958.9041095890412,1364.0,-29.7,True,False,True,False,1,False,False,0.92,https://departamento.mercadolibre.com.ar/MLA-2843136254-departamento-en-venta-en-parque-patricios-_JM#polycard_client=search-desktop&price_drop=not_apply&be_origin=backend&overlay_label=not_apply&search_layout=grid&position=44&type=item&tracking_id=d8c21601-6a4f-4241-a8ae-240e3ae4929f&sid=search
880,MLA3720667002,recoleta,recoleta_4,239000.0,128.0,5.0,50.0,1867.1875,2657.0,-29.7,True,True,False,False,1,False,False,0.77,https://departamento.mercadolibre.com.ar/MLA-3720667002-vta-depto-recoleta-56-amb-cfte-luz-a-prof-balcon-_JM#polycard_client=search-desktop&price_drop=not_apply&be_origin=backend&overlay_label=not_apply&search_layout=grid&position=22&type=item&tracking_id=f0331bd4-f15b-4b57-ab28-8d62b85cde8d&sid=search
881,MLA1882905683,almagro,almagro,135000.0,115.0,4.0,60.0,1173.9130434782608,1670.0,-29.7,True,False,True,False,1,False,False,1.0,https://departamento.mercadolibre.com.ar/MLA-1882905683-gran-4-ambientes-en-almagro-venta-_JM#polycard_client=search-desktop&price_drop=not_apply&be_origin=backend&overlay_label=not_apply&search_layout=grid&position=37&type=item&tracking_id=02cf004f-dbc2-47ed-abb8-00cd1ca6c840&sid=search
882,MLA3688224044,palermo,palermo_3,340000.0,158.0,4.0,45.0,2151.8987341772154,3061.0,-29.7,True,False,True,False,1,True,False,0.96,https://departamento.mercadolibre.com.ar/MLA-3688224044-departamento-4-ambientes-semipiso-dependencias-en-torre-al-frente-a-reciclar-luminoso-en-palermo-_JM#polycard_client=search-desktop&price_drop=not_apply&be_origin=backend&overlay_label=not_apply&search_layout=grid&position=34&type=item&tracking_id=a9bd4bde-02df-4a4b-a9ad-f2ce9bc547fa&sid=search
883,MLA1742736837,retiro,retiro_0,160000.0,83.0,3.0,25.0,1927.710843373494,2741.0,-29.7,True,True,False,False,1,False,False,0.96,https://departamento.mercadolibre.com.ar/MLA-1742736837-venta-semipiso-de-3-ambientes-con-balcon-en-retiro-_JM#polycard_client=search-desktop&float_highlight=not_apply&price_drop=not_apply&be_origin=backend&overlay_label=not_apply&search_layout=grid&position=3&type=item&tracking_id=1d8372b8-6a10-43a6-be26-77e5e8b976b2&sid=search
884,MLA3721583248,monserrat,monserrat_3,50000.0,41.0,2.0,59.0,1219.5121951219512,1734.0,-29.7,True,False,True,False,1,False,False,0.85,https://departamento.mercadolibre.com.ar/MLA-3721583248-venta-departamento-2-amb-vista-interna-monserrat-_JM#polycard_client=search-desktop&price_drop=not_apply&be_origin=backend&overlay_label=not_apply&search_layout=grid&position=40&type=item&tracking_id=f199a1cc-2bd7-4914-a40f-6d18c5f80098&sid=search
885,MLA1737790727,retiro,retiro_3,115000.0,96.0,4.0,50.0,1197.9166666666667,1701.0,-29.6,True,False,True,False,1,False,False,1.0,https://departamento.mercadolibre.com.ar/MLA-1737790727-depto-retiro-2-plantas-3-dorm-bajas-expensas-_JM#polycard_client=search-desktop&price_drop=not_apply&be_origin=backend&overlay_label=not_apply&search_layout=grid&position=28&type=item&tracking_id=f50deb3d-79e7-4508-a560-d766ddb29b46&sid=search
886,MLA3261884290,almagro,almagro,159000.0,102.0,4.0,,1558.8235294117646,2214.0,-29.6,True,False,True,False,1,False,False,0.35,https://departamento.mercadolibre.com.ar/MLA-3261884290-se-vende-duplex-con-balcon-al-frente-en-almagro-_JM#polycard_client=search-desktop&price_drop=not_apply&be_origin=backend&overlay_label=not_apply&search_layout=grid&position=28&type=item&tracking_id=ad0f3ca1-380e-49e8-b481-551dfe6e9ea1&sid=search
887,MLA1982361745,saavedra,saavedra,82000.0,39.0,1.0,1.0,2102.5641025641025,2985.0,-29.6,True,False,True,False,1,False,False,0.81,https://departamento.mercadolibre.com.ar/MLA-1982361745-venta-monoambiente-saavedra-divisible-luminoso-_JM#polycard_client=search-desktop&float_highlight=recent_publication&price_drop=not_apply&be_origin=backend&overlay_label=not_apply&search_layout=grid&position=12&type=item&tracking_id=fb2a81d3-be2b-4f0a-9359-8dc8056c17b6&sid=search
888,MLA3403823228,palermo,palermo_0,185000.0,61.0,3.0,13.0,3032.786885245901,4306.0,-29.6,True,False,True,False,1,False,False,1.0,https://departamento.mercadolibre.com.ar/MLA-3403823228-venta-depto-3-ambientes-palermo-balcon-y-cochera-_JM#polycard_client=search-desktop&price_drop=not_apply&be_origin=backend&overlay_label=not_apply&search_layout=grid&position=28&type=item&tracking_id=3957d3a2-cb59-494d-845c-15c46aa8129e&sid=search
889,MLA1769646717,san-nicolas,san-nicolas,95000.0,80.0,3.0,40.0,1187.5,1686.0,-29.6,True,False,True,False,1,False,False,0.96,https://departamento.mercadolibre.com.ar/MLA-1769646717-departamento-en-venta-3-ambientes-en-retiro-san-nicolas-caba-_JM#polycard_client=search-desktop&price_drop=not_apply&be_origin=backend&overlay_label=not_apply&search_layout=grid&position=6&type=item&tracking_id=35e59313-a60c-4e65-aa12-e5b96c85539a&sid=search
890,MLA1936976269,villa-urquiza,villa-urquiza,136000.0,76.0,3.0,10.0,1789.4736842105262,2540.0,-29.5,True,False,True,False,1,False,False,0.5,https://departamento.mercadolibre.com.ar/MLA-1936976269-departamento-3-ambientes-con-patio-y-terraza-propia-_JM#polycard_client=search-desktop&price_drop=not_apply&be_origin=backend&overlay_label=not_apply&search_layout=grid&position=2&type=item&tracking_id=97d48c05-7871-43aa-8748-2e524acbbf88&sid=search
891,MLA3607009022,monserrat,monserrat_3,65000.0,54.0,2.0,50.0,1203.7037037037037,1708.0,-29.5,True,False,True,False,1,True,False,0.69,https://departamento.mercadolibre.com.ar/MLA-3607009022-departamento-2-ambientes-al-frente-a-reciclar-_JM#polycard_client=search-desktop&price_drop=not_apply&be_origin=backend&overlay_label=not_apply&search_layout=grid&position=48&type=item&tracking_id=d0915b9c-b8d9-4a2e-addf-1ca798e0fc02&sid=search
892,MLA3721814104,almagro,almagro,55000.0,42.0,2.0,64.0,1309.5238095238096,1858.0,-29.5,True,False,True,False,1,False,False,0.81,https://departamento.mercadolibre.com.ar/MLA-3721814104-venta-ph-2-ambientes-1-piso-por-escalera-almagro-_JM#polycard_client=search-desktop&price_drop=not_apply&be_origin=backend&overlay_label=not_apply&search_layout=grid&position=42&type=item&tracking_id=7c9d857e-d9cb-4a0a-9548-12d1f2a5fb59&sid=search
893,MLA3724731268,san-nicolas,san-nicolas,135000.0,110.0,4.0,40.0,1227.2727272727273,1741.0,-29.5,True,False,True,False,1,False,False,0.81,https://departamento.mercadolibre.com.ar/MLA-3724731268-oficina-113m-divisible-venta-flipping-airbnb-_JM#polycard_client=search-desktop&price_drop=not_apply&be_origin=backend&overlay_label=not_apply&search_layout=grid&position=23&type=item&tracking_id=4ab16b8a-49c9-4b69-9bf4-f99bf0f164c9&sid=search
894,MLA1808932731,flores,flores_3,145000.0,122.0,6.0,55.0,1188.5245901639344,1686.0,-29.5,True,False,True,False,1,False,False,0.92,https://departamento.mercadolibre.com.ar/MLA-1808932731-departamento-en-venta-en-flores-_JM#polycard_client=search-desktop&price_drop=not_apply&be_origin=backend&overlay_label=not_apply&search_layout=grid&position=27&type=item&tracking_id=f2cc5dbe-9bac-4186-8b29-299b4facd260&sid=search
895,MLA3546659154,san-nicolas,san-nicolas,85000.0,62.0,4.0,20.0,1370.967741935484,1944.0,-29.5,True,False,True,False,1,False,False,0.92,https://departamento.mercadolibre.com.ar/MLA-3546659154-venta-departamento-4-ambientes-planta-baja-patio-interno-san-nicolas-caba-_JM#polycard_client=search-desktop&price_drop=not_apply&be_origin=backend&overlay_label=not_apply&search_layout=grid&position=44&type=item&tracking_id=1360fdfa-94f0-40ed-b5f9-48412c0d96c3&sid=search
896,MLA3778068528,san-telmo,san-telmo_0,115000.0,100.0,3.0,50.0,1150.0,1631.0,-29.5,True,True,False,False,1,False,False,0.92,https://departamento.mercadolibre.com.ar/MLA-3778068528-departamento-en-san-telmo-_JM#polycard_client=search-desktop&float_highlight=recent_publication&price_drop=not_apply&be_origin=backend&overlay_label=not_apply&search_layout=grid&position=26&type=item&tracking_id=6b256ce6-3714-432b-b84d-fff9d6918655&sid=search
897,MLA3533634138,palermo,palermo_2,69900.0,36.0,2.0,40.0,1941.6666666666667,2753.0,-29.5,True,False,True,False,1,False,False,0.88,https://departamento.mercadolibre.com.ar/MLA-3533634138-departamento-de-dos-ambientes-en-venta-en-palermo-_JM#polycard_client=search-desktop&price_drop=not_apply&be_origin=backend&overlay_label=not_apply&search_layout=grid&position=44&type=item&tracking_id=b175f859-237b-4860-b21d-4335fd2540fc&sid=search
898,MLA3720476772,nunez,nunez_3,77990.0,28.0,1.0,1.0,2785.3571428571427,3948.0,-29.5,True,False,True,False,1,False,False,0.85,https://departamento.mercadolibre.com.ar/MLA-3720476772-venta-departaemento-estudio-nunez-pozo-_JM#polycard_client=search-desktop&price_drop=not_apply&be_origin=backend&overlay_label=not_apply&search_layout=grid&position=11&type=item&tracking_id=ae9e50ef-f6dd-4312-b6a7-237eb2ff80a3&sid=search
899,MLA1882854347,saavedra,saavedra,172000.0,87.0,4.0,40.0,1977.0114942528733,2802.0,-29.4,True,False,True,False,1,False,False,0.77,https://departamento.mercadolibre.com.ar/MLA-1882854347-4-ambientes-con-cochera-balcon-cerrado-y-vista-abierta-_JM#polycard_client=search-desktop&price_drop=not_apply&be_origin=backend&overlay_label=not_apply&search_layout=grid&position=33&type=item&tracking_id=5d2e2de7-a9cc-4e45-b3bb-cc84edf63748&sid=search
900,MLA1945491945,liniers,liniers_1,53000.0,59.0,3.0,49.0,898.3050847457627,1273.0,-29.4,True,False,True,False,1,False,False,0.88,https://departamento.mercadolibre.com.ar/MLA-1945491945-venta-depto-3-amb-en-liniers-_JM#polycard_client=search-desktop&price_drop=not_apply&be_origin=backend&overlay_label=not_apply&search_layout=grid&position=31&type=item&tracking_id=744d3668-5e36-4454-9b0f-96b5a7585a59&sid=search
901,MLA1785928177,recoleta,recoleta_2,240000.0,133.0,4.0,45.0,1804.5112781954888,2557.0,-29.4,True,True,False,False,1,False,False,1.0,https://departamento.mercadolibre.com.ar/MLA-1785928177-departamento-en-venta-en-piso-10-con-tremenda-luz-y-vista-en-barrio-norte-_JM#polycard_client=search-desktop&price_drop=not_apply&be_origin=backend&overlay_label=not_apply&search_layout=grid&position=40&type=item&tracking_id=ffda6c59-85a6-45d2-aafd-1288cabda9a1&sid=search
902,MLA1775085447,belgrano,belgrano,111500.0,38.0,1.0,5.0,2934.2105263157896,4156.0,-29.4,True,True,False,False,1,False,False,0.88,https://departamento.mercadolibre.com.ar/MLA-1775085447-departamento-mono-ambiente-en-alquiler-amueblado-en-belgrano-_JM#polycard_client=search-desktop&price_drop=not_apply&be_origin=backend&overlay_label=not_apply&search_layout=grid&position=40&type=item&tracking_id=05c740f5-910c-4e11-a5bd-6f11d52105f1&sid=search
903,MLA3790106382,parque-chacabuco,parque-chacabuco,75000.0,40.0,1.0,7.0,1875.0,2656.0,-29.4,False,False,False,False,1,False,False,0.92,https://departamento.mercadolibre.com.ar/MLA-3790106382-venta-monoamb-divisible-patio-cochera-p-chacabuco-_JM#polycard_client=search-desktop&float_highlight=recent_publication&price_drop=not_apply&be_origin=backend&overlay_label=not_apply&search_layout=grid&position=10&type=item&tracking_id=efdd351d-5f6d-42b0-8400-1687377f0803&sid=search
904,MLA1692745443,mataderos,mataderos_1,80000.0,83.0,3.0,,963.855421686747,1365.0,-29.4,True,False,True,False,1,False,False,0.23,https://departamento.mercadolibre.com.ar/MLA-1692745443-venta-de-ph-en-mataderos-sin-expensas-y-patio-_JM#polycard_client=search-desktop&price_drop=not_apply&be_origin=backend&overlay_label=not_apply&search_layout=grid&position=6&type=item&tracking_id=2f2f7182-abad-46f4-a241-fcf02fc303b2&sid=search
905,MLA1893228387,villa-devoto,villa-devoto_1,105000.0,80.0,3.0,35.0,1312.5,1859.0,-29.4,True,False,True,True,1,False,False,0.92,https://departamento.mercadolibre.com.ar/MLA-1893228387-venta-departamento-devoto-francisco-beiro-3-ambientes-oportunidad-balcon-_JM#polycard_client=search-desktop&price_drop=true&be_origin=backend&overlay_label=not_apply&search_layout=grid&position=3&type=item&tracking_id=e026be74-7aaf-40d8-ac8e-2d07b9007946&sid=search
906,MLA1952098149,villa-urquiza,villa-urquiza_2,150000.0,54.0,2.0,2.0,2777.777777777778,3935.0,-29.4,True,False,True,False,1,False,False,0.77,https://departamento.mercadolibre.com.ar/MLA-1952098149-depto-2-amb-a-estrenar-c-balcon-amenities-cochera-_JM#polycard_client=search-desktop&price_drop=not_apply&be_origin=backend&overlay_label=not_apply&search_layout=grid&position=22&type=item&tracking_id=56e90b6d-2785-4bf5-b4a9-4ee5c10f244e&sid=search
907,MLA3435787448,barrio-norte,barrio-norte_4,80990.0,41.0,1.0,15.0,1975.3658536585365,2798.0,-29.4,True,False,True,False,1,False,False,0.96,https://departamento.mercadolibre.com.ar/MLA-3435787448-venta-departamento-en-recoleta-luminoso-oportunidad-apto-credito-_JM#polycard_client=search-desktop&price_drop=not_apply&be_origin=backend&overlay_label=not_apply&search_layout=grid&position=21&type=item&tracking_id=81c16483-aa55-4a4d-a363-6bb8af7b75e6&sid=search
908,MLA1879132001,san-telmo,san-telmo_4,67500.0,55.0,3.0,49.0,1227.2727272727273,1738.0,-29.4,True,False,True,False,1,False,False,0.42,https://departamento.mercadolibre.com.ar/MLA-1879132001-amplio-3-ambientes-i-con-dependencia-i-san-telmo-_JM#polycard_client=search-desktop&price_drop=not_apply&be_origin=backend&overlay_label=not_apply&search_layout=grid&position=20&type=item&tracking_id=b2e90114-c9e2-40bb-bc50-799979ff0ea7&sid=search
909,MLA1739566985,palermo,palermo_0,89000.0,42.0,1.0,24.0,2119.0476190476197,3000.0,-29.4,True,False,True,False,1,False,False,0.73,https://departamento.mercadolibre.com.ar/MLA-1739566985-venta-departamento-monoambiente-divisible-en-palermo-_JM#polycard_client=search-desktop&price_drop=not_apply&be_origin=backend&overlay_label=not_apply&search_layout=grid&position=10&type=item&tracking_id=fdf22f3d-bf58-4d2c-95c2-51a886f586e8&sid=search
910,MLA2794710012,villa-crespo,villa-crespo_0,86900.0,65.0,3.0,40.0,1336.923076923077,1893.0,-29.4,True,False,True,False,1,False,False,0.88,https://departamento.mercadolibre.com.ar/MLA-2794710012-venta-departamento-3-ambientes-en-villa-crespo-_JM#polycard_client=search-desktop&price_drop=not_apply&be_origin=backend&overlay_label=not_apply&search_layout=grid&position=34&type=item&tracking_id=e31d580b-1524-42aa-a3d9-1e7f30a4d229&sid=search
911,MLA1937290365,caballito,caballito,423000.0,206.0,5.0,10.0,2053.3980582524277,2906.0,-29.3,True,False,True,False,2,False,False,1.0,https://departamento.mercadolibre.com.ar/MLA-1937290365-piso-de-5-ambientes-con-doble-dependencia-cochera-fija-cubierta-y-baulera-edificio-con-amenities-_JM#polycard_client=search-desktop&price_drop=not_apply&be_origin=backend&overlay_label=not_apply&search_layout=grid&position=15&type=item&tracking_id=f8e25846-9413-43b0-8a59-3fd1d6a7f951&sid=search
912,MLA2660316798,caballito,caballito,76000.0,33.0,1.0,2.0,2303.030303030303,3259.0,-29.3,True,False,True,False,1,False,False,0.96,https://departamento.mercadolibre.com.ar/MLA-2660316798-departamento-en-venta-en-caballito-_JM#polycard_client=search-desktop&price_drop=not_apply&be_origin=backend&overlay_label=not_apply&search_layout=grid&position=23&type=item&tracking_id=9173becf-d5cc-44eb-864a-4a148c846e85&sid=search
913,MLA1945495027,palermo,palermo_1,61500.0,21.0,1.0,2.0,2928.5714285714284,4144.0,-29.3,True,False,True,False,1,False,False,0.81,https://departamento.mercadolibre.com.ar/MLA-1945495027-venta-monoamb-palermo-amenities-a-estrenar-_JM#polycard_client=search-desktop&price_drop=not_apply&be_origin=backend&overlay_label=not_apply&search_layout=grid&position=23&type=item&tracking_id=4e7f1eb4-8f05-4ff8-be43-34acc33bf293&sid=search
914,MLA3769349214,almagro,almagro,79000.0,67.0,2.0,75.0,1179.1044776119404,1668.0,-29.3,True,False,True,False,1,False,False,0.92,https://departamento.mercadolibre.com.ar/MLA-3769349214-sin-expensas-mexico-al-3700-tal-frente-impecable-baulera-balcon-todo-sol-_JM#polycard_client=search-desktop&float_highlight=recent_publication&price_drop=not_apply&be_origin=backend&overlay_label=not_apply&search_layout=grid&position=18&type=item&tracking_id=8063c064-7b64-4140-8174-6f8568383a82&sid=search
915,MLA3771262666,palermo,palermo,134800.0,66.0,3.0,,2042.4242424242425,2889.0,-29.3,True,False,True,False,1,False,False,0.31,https://departamento.mercadolibre.com.ar/MLA-3771262666-se-vende-dpto-3-amb-en-palermo-_JM#polycard_client=search-desktop&float_highlight=recent_publication&price_drop=not_apply&be_origin=backend&overlay_label=not_apply&search_layout=grid&position=3&type=item&tracking_id=36c3174f-cb59-403d-8e86-005fc34dbe31&sid=search
916,MLA3762174624,flores,flores_4,59000.0,62.0,4.0,17.0,951.6129032258063,1346.0,-29.3,True,False,True,False,1,False,False,0.85,https://departamento.mercadolibre.com.ar/MLA-3762174624-depto-4-ambientes-en-venta-con-balcon-en-flores-_JM#polycard_client=search-desktop&float_highlight=recent_publication&price_drop=not_apply&be_origin=backend&overlay_label=not_apply&search_layout=grid&position=10&type=item&tracking_id=bb8c697b-ae3d-4654-a1b6-de9068a338f2&sid=search
917,MLA3718590282,villa-crespo,villa-crespo_4,106000.0,57.0,2.0,15.0,1859.6491228070176,2630.0,-29.3,True,True,False,False,1,False,False,1.0,https://departamento.mercadolibre.com.ar/MLA-3718590282-venta-departamento-u-oficina-2-ambientes-sin-division-con-cochera-fija-cubierta-villa-crespo-_JM#polycard_client=search-desktop&price_drop=not_apply&be_origin=backend&overlay_label=not_apply&search_layout=grid&position=17&type=item&tracking_id=08c769c7-c0a4-49ca-a87c-ed1fd8b1c8b0&sid=search
918,MLA1902530417,caballito,caballito,230000.0,177.0,5.0,40.0,1299.4350282485875,1837.0,-29.3,True,False,True,False,2,False,False,0.92,https://departamento.mercadolibre.com.ar/MLA-1902530417-departamento-en-venta-5-ambientes-con-dependencia-en-caballito-_JM#polycard_client=search-desktop&price_drop=not_apply&be_origin=backend&overlay_label=not_apply&search_layout=grid&position=3&type=item&tracking_id=ccf595d2-8225-46d3-b55e-114616ad54e9&sid=search
919,MLA1916945943,recoleta,recoleta_1,460000.0,212.0,5.0,60.0,2169.811320754717,3068.0,-29.3,True,False,True,False,1,False,False,0.96,https://departamento.mercadolibre.com.ar/MLA-1916945943-vicente-lopez-al-1800-recoleta-caba-piso-de-5-ambientes-en-venta-_JM#polycard_client=search-desktop&price_drop=not_apply&be_origin=backend&overlay_label=not_apply&search_layout=grid&position=32&type=item&tracking_id=012eafb1-c2cc-4027-8a00-50108c99f431&sid=search
920,MLA1846023467,nunez,nunez,155000.0,86.0,4.0,40.0,1802.3255813953488,2548.0,-29.3,True,False,True,False,2,False,False,0.96,https://departamento.mercadolibre.com.ar/MLA-1846023467-en-venta-cabildo-3011-4-ambientes-_JM#polycard_client=search-desktop&price_drop=not_apply&be_origin=backend&overlay_label=not_apply&search_layout=grid&position=43&type=item&tracking_id=dfdab19e-a213-4e3f-98c2-308d55f50790&sid=search
921,MLA1699749331,balvanera,balvanera_0,63000.0,44.0,1.0,15.0,1431.8181818181818,2024.0,-29.3,True,False,True,False,2,False,False,0.92,https://departamento.mercadolibre.com.ar/MLA-1699749331-venta-departamento-monoambiente-balvanera-_JM#polycard_client=search-desktop&float_highlight=not_apply&price_drop=not_apply&be_origin=backend&overlay_label=not_apply&search_layout=grid&position=36&type=item&tracking_id=5b9c29c9-45bc-42d6-b7d6-13265455dd95&sid=search
922,MLA3361577966,puerto-madero,puerto-madero,429000.0,92.0,3.0,15.0,4663.04347826087,6590.0,-29.2,False,False,False,False,1,False,False,1.0,https://departamento.mercadolibre.com.ar/MLA-3361577966-departamento-de-3-ambientes-en-bayres-madero-con-cochera-_JM#polycard_client=search-desktop&price_drop=not_apply&be_origin=backend&overlay_label=not_apply&search_layout=grid&position=18&type=item&tracking_id=74ae6c22-e242-4039-a060-29acc413e56f&sid=search
923,MLA2708340346,barrio-norte,barrio-norte_3,430000.0,287.0,7.0,65.0,1498.2578397212544,2117.0,-29.2,True,False,True,False,1,False,False,0.5,https://departamento.mercadolibre.com.ar/MLA-2708340346-espectatular-departamento-en-venta-en-recoleta-piso-entero-de-4-dormitorios-con-terraza-propia-_JM#polycard_client=search-desktop&price_drop=not_apply&be_origin=backend&overlay_label=not_apply&search_layout=grid&position=24&type=item&tracking_id=8d7d621d-c391-4f5b-9682-993a6623dd80&sid=search
924,MLA3761934288,puerto-madero,puerto-madero,450000.0,102.0,3.0,18.0,4411.764705882353,6233.0,-29.2,False,False,False,False,1,False,False,0.96,https://departamento.mercadolibre.com.ar/MLA-3761934288-venta-3-ambientes-con-cochera-puerto-madero-_JM#polycard_client=search-desktop&float_highlight=recent_publication&price_drop=not_apply&be_origin=backend&overlay_label=not_apply&search_layout=grid&position=4&type=item&tracking_id=74ae6c22-e242-4039-a060-29acc413e56f&sid=search
925,MLA3720243722,flores,flores_4,60000.0,80.0,3.0,47.0,750.0,1059.0,-29.2,True,False,True,False,1,False,False,0.81,https://departamento.mercadolibre.com.ar/MLA-3720243722-venta-departamento-4-amb-flores-_JM#polycard_client=search-desktop&price_drop=not_apply&be_origin=backend&overlay_label=not_apply&search_layout=grid&position=23&type=item&tracking_id=11a4f1e6-1a2b-42b1-a24a-ca663d547c62&sid=search
926,MLA3769058874,san-telmo,san-telmo_4,80000.0,46.0,1.0,6.0,1739.1304347826087,2456.0,-29.2,True,False,True,False,1,False,False,0.88,https://departamento.mercadolibre.com.ar/MLA-3769058874-venta-departamento-monoambiente-con-cochera-baulera-parrilla-sum-y-pileta-_JM#polycard_client=search-desktop&float_highlight=recent_publication&price_drop=not_apply&be_origin=backend&overlay_label=not_apply&search_layout=grid&position=32&type=item&tracking_id=6b256ce6-3714-432b-b84d-fff9d6918655&sid=search
927,MLA1795863247,parque-patricios,parque-patricios,69000.0,60.0,3.0,,1150.0,1624.0,-29.2,True,False,True,False,1,False,False,0.31,https://departamento.mercadolibre.com.ar/MLA-1795863247-se-vende-dpto-3-amben-pompeya-_JM#polycard_client=search-desktop&price_drop=not_apply&be_origin=backend&overlay_label=not_apply&search_layout=grid&position=6&type=item&tracking_id=b32b8ee1-e0ad-4195-b3d6-45c4fdf25874&sid=search
928,MLA1644191695,villa-devoto,villa-devoto,520000.0,219.0,4.0,3.0,2374.4292237442924,3353.0,-29.2,True,False,True,False,1,False,False,0.65,https://departamento.mercadolibre.com.ar/MLA-1644191695-departamento-en-venta-en-villa-devoto-_JM#polycard_client=search-desktop&price_drop=not_apply&be_origin=backend&overlay_label=not_apply&search_layout=grid&position=38&type=item&tracking_id=ea83e87c-ba66-4dcf-83b3-1db1df5696ee&sid=search
929,MLA3721815544,nueva-pompeya,nueva-pompeya,95000.0,126.0,4.0,55.0,753.968253968254,1065.0,-29.2,True,False,True,False,1,False,False,0.85,https://departamento.mercadolibre.com.ar/MLA-3721815544-depto-4-amb-venta-pompeya-cdep-y-baulera--_JM#polycard_client=search-desktop&price_drop=not_apply&be_origin=backend&overlay_label=not_apply&search_layout=grid&position=9&type=item&tracking_id=0d117105-f9ed-44da-bbaf-9e3721f00c21&sid=search
930,MLA1951197531,coghlan,coghlan,220000.0,161.0,4.0,35.0,1366.4596273291925,1930.0,-29.2,True,False,True,False,1,False,False,0.92,https://departamento.mercadolibre.com.ar/MLA-1951197531-departamento-apto-profesional-y-comercial-en-superi-y-balbin-_JM#polycard_client=search-desktop&price_drop=not_apply&be_origin=backend&overlay_label=not_apply&search_layout=grid&position=21&type=item&tracking_id=2a5357dd-2b46-4a53-ad8c-5da2f54df1ab&sid=search
931,MLA2802159628,belgrano,belgrano_0,130000.0,47.0,2.0,5.0,2765.9574468085107,3905.0,-29.2,True,True,False,False,1,False,False,1.0,https://departamento.mercadolibre.com.ar/MLA-2802159628-venta-departamento-1-dormitorio-belgrano-con-cochera-_JM#polycard_client=search-desktop&float_highlight=not_apply&price_drop=not_apply&be_origin=backend&overlay_label=not_apply&search_layout=grid&position=36&type=item&tracking_id=b2b53a1f-8e23-45ae-abb0-6491ce29f601&sid=search
932,MLA1952563599,barrio-norte,barrio-norte_4,89000.0,48.0,2.0,50.0,1854.1666666666667,2617.0,-29.2,True,False,True,False,1,False,False,0.96,https://departamento.mercadolibre.com.ar/MLA-1952563599-venta-departamento-2-ambientes-en-barrio-norte-ideal-vivir-o-inversion-apto-credito-_JM#polycard_client=search-desktop&price_drop=not_apply&be_origin=backend&overlay_label=not_apply&search_layout=grid&position=34&type=item&tracking_id=216987b0-836d-4562-92f9-dd37c4b20761&sid=search
933,MLA3791565612,puerto-madero,puerto-madero,500000.0,112.0,4.0,18.0,4464.285714285715,6300.0,-29.1,False,False,False,False,3,False,False,0.73,https://departamento.mercadolibre.com.ar/MLA-3791565612-departamentos-venta-puerto-madero-_JM#polycard_client=search-desktop&float_highlight=recent_publication&price_drop=not_apply&be_origin=backend&overlay_label=not_apply&search_layout=grid&position=32&type=item&tracking_id=2a3547eb-30e5-4919-8da1-719b40d2f3f1&sid=search
934,MLA1644395931,villa-urquiza,villa-urquiza,100000.0,40.0,1.0,5.0,2500.0,3528.0,-29.1,True,False,True,False,1,False,False,0.96,https://departamento.mercadolibre.com.ar/MLA-1644395931-departamento-en-venta-en-villa-urquiza-_JM#polycard_client=search-desktop&price_drop=not_apply&be_origin=backend&overlay_label=not_apply&search_layout=grid&position=5&type=item&tracking_id=2e49e9f3-ec59-40ee-b704-d6d1219b9608&sid=search
935,MLA3715162530,recoleta,recoleta_0,199000.0,98.0,5.0,30.0,2030.6122448979595,2864.0,-29.1,True,False,True,False,2,False,False,0.88,https://departamento.mercadolibre.com.ar/MLA-3715162530-oportunidad-recoleta-venta-dos-departamentos-unidos-2-y-3-amb-apto-profesional-consultorio-_JM#polycard_client=search-desktop&price_drop=not_apply&be_origin=backend&overlay_label=not_apply&search_layout=grid&position=23&type=item&tracking_id=7a4d9f2a-0eae-42d1-9e72-7d94eff1aa47&sid=search
936,MLA1945612719,monserrat,monserrat_3,56000.0,43.0,3.0,46.0,1302.3255813953488,1837.0,-29.1,True,True,False,False,1,True,False,0.81,https://departamento.mercadolibre.com.ar/MLA-1945612719-venta-3-ambientes-en-monserrat-a-refaccionar-_JM#polycard_client=search-desktop&price_drop=not_apply&be_origin=backend&overlay_label=not_apply&search_layout=grid&position=27&type=item&tracking_id=7f53788f-e1fc-40a8-bdb4-04babb84f0bb&sid=search
937,MLA1982648653,balvanera,balvanera_0,59900.0,53.0,3.0,40.0,1130.188679245283,1594.0,-29.1,True,False,True,False,1,False,False,0.96,https://departamento.mercadolibre.com.ar/MLA-1982648653-departamento-en-venta-en-balvanera-_JM#polycard_client=search-desktop&float_highlight=recent_publication&price_drop=not_apply&be_origin=backend&overlay_label=not_apply&search_layout=grid&position=11&type=item&tracking_id=feaf20cd-c80d-4405-8707-aab5d7964713&sid=search
938,MLA3155097432,belgrano,belgrano_0,115000.0,56.0,3.0,30.0,2053.5714285714284,2896.0,-29.1,True,False,True,False,1,False,False,1.0,https://departamento.mercadolibre.com.ar/MLA-3155097432-av-monroe-3600-belgrano-3amb-u115000-_JM#polycard_client=search-desktop&price_drop=not_apply&be_origin=backend&overlay_label=not_apply&search_layout=grid&position=15&type=item&tracking_id=f5885064-1677-4104-bd22-ff239dc7d721&sid=search
939,MLA3746091316,almagro,almagro,114500.0,79.0,4.0,40.0,1449.367088607595,2044.0,-29.1,True,False,True,False,1,False,False,0.96,https://departamento.mercadolibre.com.ar/MLA-3746091316-4-ambientes-excelente-ubicacion-ideal-inversor-_JM#polycard_client=search-desktop&float_highlight=recent_publication&price_drop=not_apply&be_origin=backend&overlay_label=not_apply&search_layout=grid&position=43&type=item&tracking_id=2f548abe-e6cc-45e5-99dd-700d4d41622d&sid=search
940,MLA3777459832,palermo,palermo,190000.0,96.0,4.0,53.0,1979.1666666666667,2791.0,-29.1,True,True,False,False,1,False,False,1.0,https://departamento.mercadolibre.com.ar/MLA-3777459832-venta-departamento-4-ambientes-c-dependencia-en-palermo-opcional-cochera-_JM#polycard_client=search-desktop&float_highlight=recent_publication&price_drop=not_apply&be_origin=backend&overlay_label=not_apply&search_layout=grid&position=39&type=item&tracking_id=21eb8fd7-cb08-4808-ab5d-4cf8938a6a60&sid=search
941,MLA1939520913,flores,flores_0,39000.0,24.0,1.0,5.0,1625.0,2291.0,-29.1,True,False,True,False,1,False,False,0.27,https://departamento.mercadolibre.com.ar/MLA-1939520913-ph-a-nuevo-impecable-luminoso-a-3-cuadras-plaza-flores-subte-listo-para-mudarse-oportunidad-_JM#polycard_client=search-desktop&price_drop=not_apply&be_origin=backend&overlay_label=not_apply&search_layout=grid&position=8&type=item&tracking_id=7556b855-576e-4afa-805e-7e95ebcbe069&sid=search
942,MLA1674225073,nunez,nunez,75000.0,29.0,2.0,1.0,2586.206896551724,3646.0,-29.1,True,False,True,False,1,False,False,0.96,https://departamento.mercadolibre.com.ar/MLA-1674225073-departamento-2-ambientes-apto-credito-venta-nunez-_JM#polycard_client=search-desktop&float_highlight=not_apply&price_drop=not_apply&be_origin=backend&overlay_label=not_apply&search_layout=grid&position=19&type=item&tracking_id=9e725dfa-fb76-4c03-bc9b-ead2f31d5fbc&sid=search
943,MLA1922186059,barrio-norte,barrio-norte,95000.0,49.0,3.0,46.0,1938.7755102040817,2733.0,-29.1,True,False,True,False,1,False,False,0.96,https://departamento.mercadolibre.com.ar/MLA-1922186059-dueno-directo-3-ambientes-barrio-norte-recoleta-sin-comision--_JM#polycard_client=search-desktop&price_drop=not_apply&be_origin=backend&overlay_label=not_apply&search_layout=grid&position=28&type=item&tracking_id=d5cd9375-dc59-405d-8d75-9ea255d33808&sid=search
944,MLA1783120333,belgrano,belgrano,220000.0,123.0,3.0,70.0,1788.6178861788617,2521.0,-29.1,True,False,True,False,1,False,False,0.96,https://departamento.mercadolibre.com.ar/MLA-1783120333-departamento-3-ambientes-venta-belgrano-_JM#polycard_client=search-desktop&price_drop=not_apply&be_origin=backend&overlay_label=not_apply&search_layout=grid&position=19&type=item&tracking_id=05c740f5-910c-4e11-a5bd-6f11d52105f1&sid=search
945,MLA1867658855,retiro,retiro_3,59800.0,40.0,1.0,,1495.0,2107.0,-29.1,True,False,True,False,1,False,False,0.23,https://departamento.mercadolibre.com.ar/MLA-1867658855-se-vende-dpto-en-retiro-apto-profesional-_JM#polycard_client=search-desktop&price_drop=not_apply&be_origin=backend&overlay_label=not_apply&search_layout=grid&position=46&type=item&tracking_id=94db6b9e-9541-4d10-97f4-568f5ee1d913&sid=search
946,MLA2759884940,parque-chacabuco,parque-chacabuco,73000.0,39.0,1.0,6.0,1871.794871794872,2638.0,-29.0,False,False,False,False,1,False,False,0.88,https://departamento.mercadolibre.com.ar/MLA-2759884940-departamento-en-venta-en-parque-chacabuco-_JM#polycard_client=search-desktop&price_drop=not_apply&be_origin=backend&overlay_label=not_apply&search_layout=grid&position=14&type=item&tracking_id=3c238052-452f-4011-b63f-1076de76f4ef&sid=search
947,MLA1735127931,balvanera,balvanera_2,112000.0,100.0,4.0,46.0,1120.0,1578.0,-29.0,True,False,True,False,1,False,False,0.23,https://departamento.mercadolibre.com.ar/MLA-1735127931-depto-4-ambientes-con-dependencia-venta-_JM#polycard_client=search-desktop&float_highlight=not_apply&price_drop=not_apply&be_origin=backend&overlay_label=not_apply&search_layout=grid&position=17&type=item&tracking_id=5b9c29c9-45bc-42d6-b7d6-13265455dd95&sid=search
948,MLA3769606616,recoleta,recoleta_1,165000.0,70.0,4.0,20.0,2357.1428571428573,3321.0,-29.0,True,False,True,False,1,False,False,0.85,https://departamento.mercadolibre.com.ar/MLA-3769606616-departamento-en-venta-4-ambientes-en-recoleta-apto-profesional-reciclado-a-nuevo-apto-credito-_JM#polycard_client=search-desktop&float_highlight=recent_publication&price_drop=not_apply&be_origin=backend&overlay_label=not_apply&search_layout=grid&position=10&type=item&tracking_id=857f3918-b69b-4307-b77a-9303bf3046f3&sid=search
949,MLA3523113898,barrio-norte,barrio-norte_1,70000.0,45.0,2.0,50.0,1555.5555555555557,2191.0,-29.0,True,False,True,False,1,False,False,0.46,https://departamento.mercadolibre.com.ar/MLA-3523113898-departamento-en-venta-en-barrio-norte-capital-federal-buenos-aires-_JM#polycard_client=search-desktop&price_drop=not_apply&be_origin=backend&overlay_label=not_apply&search_layout=grid&position=28&type=item&tracking_id=3d1f1a0c-fddc-4c15-9ec9-2eb26e01cd00&sid=search
950,MLA3552677134,almagro,almagro,84900.0,40.0,1.0,5.0,2122.5,2990.0,-29.0,True,True,False,False,1,False,False,1.0,https://departamento.mercadolibre.com.ar/MLA-3552677134-venta-departamento-monoambiente-con-balcon-amenities-en-almagro-_JM#polycard_client=search-desktop&price_drop=not_apply&be_origin=backend&overlay_label=not_apply&search_layout=grid&position=25&type=item&tracking_id=c12d49cb-7c9b-441d-988d-42e9fa31c769&sid=search
951,MLA3348200484,villa-crespo,villa-crespo_2,139900.0,99.0,5.0,50.0,1413.1313131313132,1990.0,-29.0,True,False,True,False,1,False,False,0.92,https://departamento.mercadolibre.com.ar/MLA-3348200484-venta-de-departamento-en-villa-crespo-de-5-ambientes-y-dependencia-_JM#polycard_client=search-desktop&price_drop=not_apply&be_origin=backend&overlay_label=not_apply&search_layout=grid&position=28&type=item&tracking_id=e31d580b-1524-42aa-a3d9-1e7f30a4d229&sid=search
952,MLA1904158115,villa-urquiza,villa-urquiza_1,78879.0,47.0,2.0,49.0,1678.276595744681,2364.0,-29.0,True,False,True,False,1,False,False,0.96,https://departamento.mercadolibre.com.ar/MLA-1904158115-departamento-en-villa-urquiza-_JM#polycard_client=search-desktop&price_drop=not_apply&be_origin=backend&overlay_label=not_apply&search_layout=grid&position=25&type=item&tracking_id=97d48c05-7871-43aa-8748-2e524acbbf88&sid=search
953,MLA3778457948,recoleta,recoleta_0,149000.0,76.0,2.0,50.0,1960.5263157894735,2761.0,-29.0,True,True,False,False,1,False,False,1.0,https://departamento.mercadolibre.com.ar/MLA-3778457948-venta-23-ambientes-reciclado-hidromasaje-toilette-recoleta-_JM#polycard_client=search-desktop&float_highlight=recent_publication&price_drop=not_apply&be_origin=backend&overlay_label=not_apply&search_layout=grid&position=31&type=item&tracking_id=79490e47-82e5-4fea-b246-982300f4c386&sid=search
954,MLA1960836799,boedo,boedo_2,57000.0,44.0,2.0,62.0,1295.4545454545455,1824.0,-29.0,True,False,True,False,1,False,False,0.92,https://departamento.mercadolibre.com.ar/MLA-1960836799-departamento-en-venta-de-2-ambientes-muy-luminoso-3er-piso-por-escalera-boedo-_JM#polycard_client=search-desktop&price_drop=not_apply&be_origin=backend&overlay_label=not_apply&search_layout=grid&position=1&type=item&tracking_id=7b10384f-6ba0-4594-a186-aa1529f8017a&sid=search
955,MLA3784259710,san-nicolas,san-nicolas,73000.0,64.0,3.0,66.0,1140.625,1605.0,-29.0,True,False,True,False,1,False,False,0.77,https://departamento.mercadolibre.com.ar/MLA-3784259710-venta-depto-3-amb-cescritorio-san-nicolas-_JM#polycard_client=search-desktop&float_highlight=recent_publication&price_drop=not_apply&be_origin=backend&overlay_label=not_apply&search_layout=grid&position=2&type=item&tracking_id=6724aaac-6ca7-4b52-aee7-64e5c818e350&sid=search
956,MLA3462958450,villa-pueyrredon,villa-pueyrredon_0,69000.0,42.0,2.0,60.0,1642.857142857143,2312.0,-28.9,True,False,True,False,1,False,False,0.96,https://departamento.mercadolibre.com.ar/MLA-3462958450-departamento-2-ambientes-en-tercer-piso-por-escalera-en-villa-pueyrredon-balcon-frances-_JM#polycard_client=search-desktop&price_drop=not_apply&be_origin=backend&overlay_label=not_apply&search_layout=grid&position=4&type=item&tracking_id=7b2d7a12-e122-4ca4-8cc7-adc74b98feb2&sid=search
957,MLA1882349073,caballito,caballito,66000.0,46.0,2.0,50.0,1434.7826086956522,2019.0,-28.9,True,False,True,False,1,True,False,0.96,https://departamento.mercadolibre.com.ar/MLA-1882349073-venta-departamento-2-ambientes-46m-con-balcon-al-contrafrente-en-boedo-a-reciclar-apto-credito-_JM#polycard_client=search-desktop&price_drop=not_apply&be_origin=backend&overlay_label=not_apply&search_layout=grid&position=6&type=item&tracking_id=6002a5b6-9f85-417e-bc02-401bd157fe1a&sid=search
958,MLA3650713548,almagro,almagro,55000.0,40.0,2.0,65.0,1375.0,1934.0,-28.9,True,False,True,False,1,False,False,0.92,https://departamento.mercadolibre.com.ar/MLA-3650713548-departamento-de-2-ambientes-en-venta-en-almagro-_JM#polycard_client=search-desktop&price_drop=not_apply&be_origin=backend&overlay_label=not_apply&search_layout=grid&position=29&type=item&tracking_id=bf381678-fe82-4492-a30e-9dc43b56ea96&sid=search
959,MLA3720090196,boedo,boedo_4,89000.0,64.0,3.0,51.0,1390.625,1956.0,-28.9,True,False,True,False,1,False,False,0.88,https://departamento.mercadolibre.com.ar/MLA-3720090196-vista-abierta-3-ambientes-boedo-con-cochera-_JM#polycard_client=search-desktop&price_drop=not_apply&be_origin=backend&overlay_label=not_apply&search_layout=grid&position=5&type=item&tracking_id=16c3b18f-921d-4ef1-8917-3793b53f30d3&sid=search
960,MLA3111931396,mataderos,mataderos_2,48000.0,50.0,3.0,30.0,960.0,1350.0,-28.9,True,False,True,False,2,False,False,0.88,https://departamento.mercadolibre.com.ar/MLA-3111931396-venta-departamento-3-ambientes-al-frente-con-balcon-_JM#polycard_client=search-desktop&price_drop=not_apply&be_origin=backend&overlay_label=not_apply&search_layout=grid&position=17&type=item&tracking_id=a90459bf-3b03-47b9-b2ca-642f3e3f080b&sid=search
961,MLA3232819840,villa-urquiza,villa-urquiza_0,65000.0,42.0,2.0,40.0,1547.6190476190477,2177.0,-28.9,True,False,True,True,1,False,False,0.81,https://departamento.mercadolibre.com.ar/MLA-3232819840-2-ambientes-en-zona-inmejorable-_JM#polycard_client=search-desktop&float_highlight=not_apply&price_drop=true&be_origin=backend&overlay_label=not_apply&search_layout=grid&position=26&type=item&tracking_id=48465034-c055-4c1a-9e42-db67396d205a&sid=search
962,MLA3786571820,san-telmo,san-telmo_0,110000.0,85.0,4.0,25.0,1294.1176470588234,1820.0,-28.9,True,False,True,False,1,False,False,1.0,https://departamento.mercadolibre.com.ar/MLA-3786571820-venta-departamento-4-ambientes-85-m2-av-9-de-julio-cerca-de-san-telmo-_JM#polycard_client=search-desktop&float_highlight=recent_publication&price_drop=not_apply&be_origin=backend&overlay_label=not_apply&search_layout=grid&position=2&type=item&tracking_id=6b256ce6-3714-432b-b84d-fff9d6918655&sid=search
963,MLA3458528072,barracas,barracas_2,45000.0,35.0,1.0,,1285.7142857142858,1807.0,-28.9,True,False,True,False,1,False,False,0.23,https://departamento.mercadolibre.com.ar/MLA-3458528072-departamento-monoambiente-en-venta-luminoso-vieytes-e-iriarte-_JM#polycard_client=search-desktop&price_drop=not_apply&be_origin=backend&overlay_label=not_apply&search_layout=grid&position=17&type=item&tracking_id=b0113096-9daf-4957-96b8-c2e5a050259e&sid=search
964,MLA2006328881,monte-castro,monte-castro,59000.0,39.0,1.0,13.0,1512.820512820513,2126.0,-28.9,True,True,False,False,1,False,False,0.5,https://departamento.mercadolibre.com.ar/MLA-2006328881-interesante-monoambiente-al-contrafrente-con-patio-_JM#polycard_client=search-desktop&float_highlight=recent_publication&price_drop=not_apply&be_origin=backend&overlay_label=not_apply&search_layout=grid&position=4&type=item&tracking_id=262c9e70-d16e-402a-b506-707f4094267d&sid=search
965,MLA1769209005,palermo,palermo,440000.0,175.0,7.0,50.0,2514.285714285714,3534.0,-28.9,True,False,True,False,1,False,False,0.73,https://departamento.mercadolibre.com.ar/MLA-1769209005-palermo-casa-en-venta-tza-ppia-parr-quincho-pisc-34-dorm-_JM#polycard_client=search-desktop&price_drop=not_apply&be_origin=backend&overlay_label=not_apply&search_layout=grid&position=19&type=item&tracking_id=d4ff7fa5-daa2-45aa-b9c9-5a85a0dcb1ac&sid=search
966,MLA1743058357,balvanera,balvanera_4,115000.0,97.0,3.0,20.0,1185.5670103092784,1666.0,-28.8,True,False,True,False,2,False,False,0.92,https://departamento.mercadolibre.com.ar/MLA-1743058357-venta-departamento-3-ambientes-con-dependencia-97m-en-monserrat-congreso-balvanera-gran-categoria-_JM#polycard_client=search-desktop&float_highlight=not_apply&price_drop=not_apply&be_origin=backend&overlay_label=not_apply&search_layout=grid&position=45&type=item&tracking_id=64a7e698-26cf-4b0c-b33a-ca2e09a10f9a&sid=search
967,MLA1717428151,belgrano,belgrano,195000.0,82.0,4.0,54.0,2378.048780487805,3342.0,-28.8,True,True,False,False,1,False,False,0.81,https://departamento.mercadolibre.com.ar/MLA-1717428151-alquiler-o-venta-departamento-belgrano-_JM#polycard_client=search-desktop&price_drop=not_apply&be_origin=backend&overlay_label=not_apply&search_layout=grid&position=37&type=item&tracking_id=2c9e36d4-cd2f-4158-8019-4dbc16c62943&sid=search
968,MLA3783761136,puerto-madero,puerto-madero,560000.0,118.0,3.0,15.0,4745.762711864407,6666.0,-28.8,False,False,False,False,1,False,False,0.96,https://departamento.mercadolibre.com.ar/MLA-3783761136-la-portena-venta-departamento-3-ambientes-en-puerto-madero-_JM#polycard_client=search-desktop&float_highlight=recent_publication&price_drop=not_apply&be_origin=backend&overlay_label=not_apply&search_layout=grid&position=38&type=item&tracking_id=74ae6c22-e242-4039-a060-29acc413e56f&sid=search
969,MLA1945484449,san-nicolas,san-nicolas,67000.0,59.0,2.0,44.0,1135.593220338983,1595.0,-28.8,True,False,True,False,2,False,False,0.81,https://departamento.mercadolibre.com.ar/MLA-1945484449-venta-depto-2-ambientes-san-nicolas-_JM#polycard_client=search-desktop&price_drop=not_apply&be_origin=backend&overlay_label=not_apply&search_layout=grid&position=39&type=item&tracking_id=4ab16b8a-49c9-4b69-9bf4-f99bf0f164c9&sid=search
970,MLA1850378057,puerto-madero,puerto-madero,198000.0,42.0,1.0,10.0,4714.285714285715,6621.0,-28.8,False,False,False,False,1,False,False,1.0,https://departamento.mercadolibre.com.ar/MLA-1850378057-venta-monoambiente-divisible-amueblado-balcon-cochera-full-amenities-puerto-madero-_JM#polycard_client=search-desktop&price_drop=not_apply&be_origin=backend&overlay_label=not_apply&search_layout=grid&position=25&type=item&tracking_id=c965acd3-09eb-4916-b120-5c0803cbe443&sid=search
971,MLA1945612233,palermo,palermo_3,470000.0,245.0,6.0,62.0,1918.3673469387757,2693.0,-28.8,True,False,True,False,1,False,False,0.92,https://departamento.mercadolibre.com.ar/MLA-1945612233-venta-departamento-semipiso-6-ambientes-palermo-_JM#polycard_client=search-desktop&price_drop=not_apply&be_origin=backend&overlay_label=not_apply&search_layout=grid&position=2&type=item&tracking_id=4e7f1eb4-8f05-4ff8-be43-34acc33bf293&sid=search
972,MLA3233162476,belgrano,belgrano_0,460000.0,140.0,4.0,1.0,3285.714285714286,4613.0,-28.8,True,False,True,False,1,False,False,1.0,https://departamento.mercadolibre.com.ar/MLA-3233162476-semipiso-4-ambientes-con-cochera-en-belgrano-_JM#polycard_client=search-desktop&price_drop=not_apply&be_origin=backend&overlay_label=not_apply&search_layout=grid&position=43&type=item&tracking_id=63c06481-b06c-430f-9e39-4e2b16d1aee7&sid=search
973,MLA1897234235,flores,flores_0,95000.0,71.0,3.0,40.0,1338.0281690140846,1878.0,-28.8,True,False,True,False,1,False,False,0.54,https://departamento.mercadolibre.com.ar/MLA-1897234235-departamento-en-venta-en-flores-_JM#polycard_client=search-desktop&price_drop=not_apply&be_origin=backend&overlay_label=not_apply&search_layout=grid&position=23&type=item&tracking_id=cd0ecee1-6a0d-4811-98a9-5c836fb8cc87&sid=search
974,MLA3770011898,balvanera,balvanera_4,68500.0,58.0,2.0,56.0,1181.0344827586207,1658.0,-28.8,True,False,True,False,1,False,False,0.92,https://departamento.mercadolibre.com.ar/MLA-3770011898-depto-en-venta-2-amb-balvanera-patio-cub-parrilla-_JM#polycard_client=search-desktop&float_highlight=recent_publication&price_drop=not_apply&be_origin=backend&overlay_label=not_apply&search_layout=grid&position=38&type=item&tracking_id=21e31df1-de99-4bfc-8765-bc00fa1a8e7f&sid=search
975,MLA1945705493,caballito,caballito,275000.0,122.0,4.0,1.0,2254.098360655738,3164.0,-28.8,True,False,True,False,1,False,False,0.77,https://departamento.mercadolibre.com.ar/MLA-1945705493-4-ambientes-cescritorio-parque-y-cochera-_JM#polycard_client=search-desktop&price_drop=not_apply&be_origin=backend&overlay_label=not_apply&search_layout=grid&position=14&type=item&tracking_id=94ac118c-87e8-4258-abbf-aa90c6579d95&sid=search
976,MLA3720474550,floresta,floresta_2,75000.0,63.0,4.0,50.0,1190.4761904761904,1671.0,-28.7,True,False,True,False,1,False,False,0.81,https://departamento.mercadolibre.com.ar/MLA-3720474550-venta-departamento-4-amb-en-floresta-_JM#polycard_client=search-desktop&price_drop=not_apply&be_origin=backend&overlay_label=not_apply&search_layout=grid&position=15&type=item&tracking_id=191e83af-5673-43ac-9fcd-d47b82614982&sid=search
977,MLA3497856244,retiro,retiro,380000.0,228.0,5.0,75.0,1666.6666666666667,2339.0,-28.7,True,False,True,False,1,False,False,0.92,https://departamento.mercadolibre.com.ar/MLA-3497856244-marcelo-t-de-alvear-y-maipu-frente-a-plaza-san-martin--_JM#polycard_client=search-desktop&price_drop=not_apply&be_origin=backend&overlay_label=not_apply&search_layout=grid&position=6&type=item&tracking_id=f1d4d93b-8431-4570-8894-555a60f9635e&sid=search
978,MLA3732450860,almagro,almagro,85000.0,64.0,3.0,60.0,1328.125,1864.0,-28.7,True,False,True,False,1,False,False,0.96,https://departamento.mercadolibre.com.ar/MLA-3732450860-departamento-en-almagro-sur-_JM#polycard_client=search-desktop&price_drop=not_apply&be_origin=backend&overlay_label=not_apply&search_layout=grid&position=21&type=item&tracking_id=5cac762a-1078-42e3-a04b-b7f7cb1935a3&sid=search
979,MLA1948698207,villa-luro,villa-luro,140000.0,113.0,5.0,66.0,1238.9380530973451,1739.0,-28.7,True,False,True,False,1,False,False,0.85,https://departamento.mercadolibre.com.ar/MLA-1948698207-ph-4-ambientes-en-villa-luro-113-mts-sin-expensas-terraza-propia-con-parrilla-apto-credito-_JM#polycard_client=search-desktop&price_drop=not_apply&be_origin=backend&overlay_label=not_apply&search_layout=grid&position=10&type=item&tracking_id=9b311b1f-1ef3-49fd-92fe-9d7c384c705e&sid=search
980,MLA3720666794,liniers,liniers_3,49000.0,40.0,2.0,56.0,1225.0,1718.0,-28.7,True,False,True,False,1,False,False,0.81,https://departamento.mercadolibre.com.ar/MLA-3720666794-venta-2-ambientes-mucha-luz-liniers-oportunidad-_JM#polycard_client=search-desktop&price_drop=not_apply&be_origin=backend&overlay_label=not_apply&search_layout=grid&position=37&type=item&tracking_id=46e06405-bf62-4ab1-ae30-54318163b896&sid=search
981,MLA1945488051,flores,flores_1,85000.0,66.0,4.0,50.0,1287.878787878788,1807.0,-28.7,True,False,True,False,1,False,False,0.85,https://departamento.mercadolibre.com.ar/MLA-1945488051-venta-depto-3-ambientes-con-dependencia-flores-_JM#polycard_client=search-desktop&price_drop=not_apply&be_origin=backend&overlay_label=not_apply&search_layout=grid&position=22&type=item&tracking_id=ea2cfa94-1b03-43f4-99fe-aa14669a419f&sid=search
982,MLA1992023925,puerto-madero,puerto-madero,500000.0,112.0,4.0,18.0,4464.285714285715,6262.0,-28.7,False,False,False,False,1,False,False,0.85,https://departamento.mercadolibre.com.ar/MLA-1992023925-departamento-en-puerto-madero-_JM#polycard_client=search-desktop&float_highlight=recent_publication&price_drop=not_apply&be_origin=backend&overlay_label=not_apply&search_layout=grid&position=39&type=item&tracking_id=f3515b1c-c26a-4265-ad2b-e0c6934ae21f&sid=search
983,MLA3720467336,villa-crespo,villa-crespo_4,192000.0,109.0,3.0,15.0,1761.467889908257,2470.0,-28.7,True,True,False,False,1,False,False,1.0,https://departamento.mercadolibre.com.ar/MLA-3720467336-venta-3-ambientes-con-cochera-fija-cubierta-doble-orientacion-dos-balcones-villa-crespo-_JM#polycard_client=search-desktop&price_drop=not_apply&be_origin=backend&overlay_label=not_apply&search_layout=grid&position=2&type=item&tracking_id=08c769c7-c0a4-49ca-a87c-ed1fd8b1c8b0&sid=search
984,MLA3624343688,san-nicolas,san-nicolas,157000.0,153.0,5.0,80.0,1026.1437908496732,1439.0,-28.7,True,False,True,False,1,False,False,0.96,https://departamento.mercadolibre.com.ar/MLA-3624343688-venta-departamento-5-ambientes-san-nicolas-frente-escritorio-balcon-corrido-patio-parrilla-_JM#polycard_client=search-desktop&price_drop=not_apply&be_origin=backend&overlay_label=not_apply&search_layout=grid&position=42&type=item&tracking_id=2086a22b-e4bb-43b0-b3ca-c3afa6fb751b&sid=search
985,MLA3435847870,balvanera,balvanera_3,150000.0,150.0,8.0,50.0,1000.0,1402.0,-28.7,True,False,True,False,1,False,False,0.31,https://departamento.mercadolibre.com.ar/MLA-3435847870-en-venta-oportunidad-ph-150m2-en-block-balvanera-_JM#polycard_client=search-desktop&price_drop=not_apply&be_origin=backend&overlay_label=not_apply&search_layout=grid&position=5&type=item&tracking_id=dc01cf6a-e60a-4394-a06e-1d5759fb22cf&sid=search
986,MLA3420539708,flores,flores_3,89900.0,83.0,3.0,55.0,1083.132530120482,1519.0,-28.7,True,False,True,True,1,False,False,0.96,https://departamento.mercadolibre.com.ar/MLA-3420539708-venta-departamento-3-ambientes-dependencia-flores-4-amb-convertido-a-3-amb-apto-credito-_JM#polycard_client=search-desktop&price_drop=true&be_origin=backend&overlay_label=not_apply&search_layout=grid&position=25&type=item&tracking_id=ad69f152-21cf-4b28-ba83-27b9c1d71dd7&sid=search
987,MLA1951899763,puerto-madero,puerto-madero,250000.0,55.0,1.0,15.0,4545.454545454545,6372.0,-28.7,False,True,False,False,1,False,False,0.96,https://departamento.mercadolibre.com.ar/MLA-1951899763-alquiler-monoambiente-precio-paquete-en-puerto-madero-_JM#polycard_client=search-desktop&price_drop=not_apply&be_origin=backend&overlay_label=not_apply&search_layout=grid&position=21&type=item&tracking_id=39a964bc-3a84-4e8b-b227-a359f1526466&sid=search
988,MLA3644315012,palermo,palermo_2,400000.0,169.0,5.0,30.0,2366.863905325444,3318.0,-28.7,True,False,True,False,1,False,False,0.92,https://departamento.mercadolibre.com.ar/MLA-3644315012-departamento-en-venta-en-palermo-_JM#polycard_client=search-desktop&price_drop=not_apply&be_origin=backend&overlay_label=not_apply&search_layout=grid&position=5&type=item&tracking_id=ab0ae31b-c235-4445-9e7e-2dfe48d16c49&sid=search
989,MLA1921483375,palermo,palermo,139000.0,53.0,2.0,10.0,2622.6415094339623,3675.0,-28.6,True,False,True,False,1,False,False,1.0,https://departamento.mercadolibre.com.ar/MLA-1921483375-depto-venta-2-amb-palermo-duplex-apto-credito-_JM#polycard_client=search-desktop&price_drop=not_apply&be_origin=backend&overlay_label=not_apply&search_layout=grid&position=38&type=item&tracking_id=ab0ae31b-c235-4445-9e7e-2dfe48d16c49&sid=search
990,MLA1947392419,palermo,palermo_3,240000.0,124.0,4.0,50.0,1935.483870967742,2712.0,-28.6,True,False,True,False,1,False,False,0.96,https://departamento.mercadolibre.com.ar/MLA-1947392419-venta-departamento-4-ambientes-palermo-_JM#polycard_client=search-desktop&price_drop=not_apply&be_origin=backend&overlay_label=not_apply&search_layout=grid&position=15&type=item&tracking_id=4c6e1077-9dfb-498a-928e-4de5b4a74d4b&sid=search
991,MLA3200541280,balvanera,balvanera,85000.0,78.0,3.0,40.0,1089.7435897435898,1527.0,-28.6,True,False,True,True,1,False,False,0.92,https://departamento.mercadolibre.com.ar/MLA-3200541280-catamarca-y-av-independencia-frente-balcon-todo-sol-cocina-comedor-_JM#polycard_client=search-desktop&float_highlight=not_apply&price_drop=true&be_origin=backend&overlay_label=not_apply&search_layout=grid&position=3&type=item&tracking_id=5b9c29c9-45bc-42d6-b7d6-13265455dd95&sid=search
992,MLA1947425139,belgrano,belgrano,89000.0,35.0,1.0,8.0,2542.8571428571427,3563.0,-28.6,True,False,True,False,1,False,False,0.96,https://departamento.mercadolibre.com.ar/MLA-1947425139-venta-monoambiente-en-edificio-premium-c-amenities-en-belgrano-_JM#polycard_client=search-desktop&price_drop=not_apply&be_origin=backend&overlay_label=not_apply&search_layout=grid&position=34&type=item&tracking_id=cd4b8c6b-c628-41b1-8606-7270f0c3cbf0&sid=search
993,MLA3449651608,retiro,retiro_0,590000.0,261.0,5.0,60.0,2260.536398467433,3167.0,-28.6,True,True,False,False,1,False,False,0.92,https://departamento.mercadolibre.com.ar/MLA-3449651608-semipiso-venta-retiro-4-suites-balcon-cochera-_JM#polycard_client=search-desktop&price_drop=not_apply&be_origin=backend&overlay_label=not_apply&search_layout=grid&position=15&type=item&tracking_id=673bf528-ffbf-4453-90bb-9b10cc8ec7f6&sid=search
994,MLA3243931704,flores,flores_1,46000.0,37.0,2.0,80.0,1243.2432432432431,1741.0,-28.6,True,False,True,False,1,False,False,0.92,https://departamento.mercadolibre.com.ar/MLA-3243931704-departamento-en-flores-_JM#polycard_client=search-desktop&float_highlight=not_apply&price_drop=not_apply&be_origin=backend&overlay_label=not_apply&search_layout=grid&position=45&type=item&tracking_id=9b2d5898-3791-4b12-bba0-1e72aa462e18&sid=search
995,MLA1873542897,balvanera,balvanera_2,122000.0,113.0,3.0,80.0,1079.646017699115,1512.0,-28.6,True,True,False,False,2,False,False,0.92,https://departamento.mercadolibre.com.ar/MLA-1873542897-venta-departamento-4-ambientes-en-balvanera-_JM#polycard_client=search-desktop&price_drop=not_apply&be_origin=backend&overlay_label=not_apply&search_layout=grid&position=48&type=item&tracking_id=e9139e20-b9c5-4aa0-9e7d-bea56f01d855&sid=search
996,MLA1945704819,barrio-norte,barrio-norte_2,229000.0,92.0,3.0,36.0,2489.1304347826085,3485.0,-28.6,True,False,True,False,1,False,False,0.81,https://departamento.mercadolibre.com.ar/MLA-1945704819-venta-depto-3-amb-recoleta-cochera-balcon-depend-_JM#polycard_client=search-desktop&price_drop=not_apply&be_origin=backend&overlay_label=not_apply&search_layout=grid&position=2&type=item&tracking_id=232f3cf8-2d2c-454b-a45e-fc56435c8462&sid=search
997,MLA1944543465,caballito,caballito,105000.0,75.0,4.0,51.0,1400.0,1960.0,-28.6,True,True,False,False,1,False,False,1.0,https://departamento.mercadolibre.com.ar/MLA-1944543465-venta-departamento-4-ambientes-en-caballito-luminoso-_JM#polycard_client=search-desktop&price_drop=not_apply&be_origin=backend&overlay_label=not_apply&search_layout=grid&position=19&type=item&tracking_id=a69cde67-6cad-42b9-a6b4-4adabd462dfd&sid=search
998,MLA1946331669,velez-sarsfield,velez-sarsfield_1,85000.0,79.0,3.0,86.0,1075.9493670886077,1506.0,-28.6,True,False,True,True,1,False,False,0.85,https://departamento.mercadolibre.com.ar/MLA-1946331669-venta-depto-3-amb-floresta-con-patio-apto-credito-_JM#polycard_client=search-desktop&price_drop=true&be_origin=backend&overlay_label=not_apply&search_layout=grid&position=29&type=item&tracking_id=b54d9d73-67a5-4b00-b9b8-2c80c81bbb8e&sid=search
999,MLA1899802631,recoleta,recoleta_3,169000.0,98.0,4.0,68.0,1724.4897959183672,2414.0,-28.6,True,False,True,False,1,False,False,0.92,https://departamento.mercadolibre.com.ar/MLA-1899802631-departamento-de-4-ambientes-frente-balcon-sol-recoleta-_JM#polycard_client=search-desktop&price_drop=not_apply&be_origin=backend&overlay_label=not_apply&search_layout=grid&position=23&type=item&tracking_id=2b6976fc-dca2-4488-a272-40642232328f&sid=search
1000,MLA3490361078,balvanera,balvanera_2,98000.0,75.0,4.0,,1306.6666666666667,1828.0,-28.5,True,False,True,False,1,True,False,0.27,https://departamento.mercadolibre.com.ar/MLA-3490361078-se-vende-dpto-4-amb-con-terraza-a-reciclar-_JM#polycard_client=search-desktop&price_drop=not_apply&be_origin=backend&overlay_label=not_apply&search_layout=grid&position=13&type=item&tracking_id=11e25eac-a1aa-428a-87fc-a1cd2cfbe142&sid=search
1001,MLA3769356752,palermo,palermo,440000.0,160.0,7.0,50.0,2750.0,3847.0,-28.5,True,False,True,False,1,False,False,0.85,https://departamento.mercadolibre.com.ar/MLA-3769356752-palermo-casa-en-venta-palermo-277-m2-de-superficie-terraza-propia-parrilla-para-asados-al-aire-libre-y-hamaca-paraguaya-_JM#polycard_client=search-desktop&price_drop=not_apply&be_origin=backend&overlay_label=not_apply&search_layout=grid&position=46&type=item&tracking_id=12bad883-5ed0-4e38-af84-0b7393390801&sid=search
1002,MLA1741233545,villa-del-parque,villa-del-parque,85000.0,53.0,2.0,30.0,1603.7735849056603,2244.0,-28.5,True,True,False,False,1,False,False,0.96,https://departamento.mercadolibre.com.ar/MLA-1741233545-venta-departamento-2-ambientes-en-villa-del-parque-_JM#polycard_client=search-desktop&float_highlight=not_apply&price_drop=not_apply&be_origin=backend&overlay_label=not_apply&search_layout=grid&position=45&type=item&tracking_id=788d4111-bbae-40a8-94b3-a05a81a7ed80&sid=search
1003,MLA3521015592,belgrano,belgrano_0,345000.0,170.0,4.0,40.0,2029.4117647058824,2839.0,-28.5,True,False,True,False,1,False,False,0.65,https://departamento.mercadolibre.com.ar/MLA-3521015592-departamento-piso-en-venta-en-belgrano-capital-federal-buenos-aires-_JM#polycard_client=search-desktop&price_drop=not_apply&be_origin=backend&overlay_label=not_apply&search_layout=grid&position=31&type=item&tracking_id=7598c98c-ad3a-4472-a1ab-195db97e5041&sid=search
1004,MLA3628725170,recoleta,recoleta_3,135000.0,83.0,4.0,90.0,1626.5060240963855,2275.0,-28.5,True,False,True,False,1,False,False,0.85,https://departamento.mercadolibre.com.ar/MLA-3628725170-ideal-flipping-edificio-estilo-frances-oportunidad-departamento-de-4-amb-c-2-patios-_JM#polycard_client=search-desktop&price_drop=not_apply&be_origin=backend&overlay_label=not_apply&search_layout=grid&position=11&type=item&tracking_id=2b6976fc-dca2-4488-a272-40642232328f&sid=search
1005,MLA3378137710,puerto-madero,puerto-madero,500000.0,112.0,3.0,18.0,4464.285714285715,6243.0,-28.5,False,False,False,True,1,False,False,0.88,https://departamento.mercadolibre.com.ar/MLA-3378137710-3-amb-2-suite-cochera-y-baulera-en-venta-en-juana-manso-puerto-madero-_JM#polycard_client=search-desktop&price_drop=true&be_origin=backend&overlay_label=not_apply&search_layout=grid&position=48&type=item&tracking_id=c965acd3-09eb-4916-b120-5c0803cbe443&sid=search
1006,MLA1997959163,monserrat,monserrat_2,280000.0,300.0,9.0,90.0,933.3333333333334,1305.0,-28.5,True,False,True,False,1,False,False,0.96,https://departamento.mercadolibre.com.ar/MLA-1997959163-departamento-_JM#polycard_client=search-desktop&float_highlight=recent_publication&price_drop=not_apply&be_origin=backend&overlay_label=not_apply&search_layout=grid&position=23&type=item&tracking_id=75f87929-e25e-4838-8f42-2e35c5e5ed4f&sid=search
1007,MLA1914544571,parque-avellaneda,parque-avellaneda,67900.0,57.0,3.0,15.0,1191.2280701754387,1666.0,-28.5,False,False,False,False,1,False,False,0.96,https://departamento.mercadolibre.com.ar/MLA-1914544571-departamento-en-parque-avellaneda-_JM#polycard_client=search-desktop&price_drop=not_apply&be_origin=backend&overlay_label=not_apply&search_layout=grid&position=22&type=item&tracking_id=0ca56838-3a83-45e9-8df6-f517fe5be0f5&sid=search
1008,MLA3633226950,constitucion,constitucion_2,60000.0,74.0,4.0,60.0,810.8108108108108,1134.0,-28.5,True,False,True,True,1,False,False,0.88,https://departamento.mercadolibre.com.ar/MLA-3633226950-departamento-4-ambientes-en-el-barrio-de-constitucion-_JM#polycard_client=search-desktop&price_drop=true&be_origin=backend&overlay_label=not_apply&search_layout=grid&position=34&type=item&tracking_id=a60f14bb-83a1-46ad-9b12-fc519685ef1a&sid=search
1009,MLA3775827156,villa-del-parque,villa-del-parque,79000.0,42.0,2.0,15.0,1880.952380952381,2630.0,-28.5,True,False,True,False,1,False,False,0.85,https://departamento.mercadolibre.com.ar/MLA-3775827156-2-ambientes-amenities-apcredito-villa-del-parque-_JM#polycard_client=search-desktop&float_highlight=recent_publication&price_drop=not_apply&be_origin=backend&overlay_label=not_apply&search_layout=grid&position=16&type=item&tracking_id=003c3677-e728-4f05-94ed-ea4dc474da7f&sid=search
1010,MLA1779565313,palermo,palermo_0,108000.0,47.0,2.0,12.0,2297.872340425532,3212.0,-28.5,True,False,True,False,1,False,False,0.92,https://departamento.mercadolibre.com.ar/MLA-1779565313-departamento-en-venta-en-palermo-2-ambientes-con-balcon-_JM#polycard_client=search-desktop&price_drop=not_apply&be_origin=backend&overlay_label=not_apply&search_layout=grid&position=45&type=item&tracking_id=a3937b95-7838-4d0b-a4df-bc337b2be1e5&sid=search
1011,MLA1675747133,retiro,retiro_3,159999.0,106.0,4.0,15.0,1509.4245283018868,2110.0,-28.5,False,False,False,False,2,False,False,0.92,https://departamento.mercadolibre.com.ar/MLA-1675747133-venta-departamento-5-ambientes-retiro-estilo-frances-_JM#polycard_client=search-desktop&float_highlight=not_apply&price_drop=not_apply&be_origin=backend&overlay_label=not_apply&search_layout=grid&position=7&type=item&tracking_id=23c075d7-2d6c-4f60-908f-cea23020a9fa&sid=search
1012,MLA3738695000,caballito,caballito,85000.0,61.0,3.0,76.0,1393.4426229508197,1947.0,-28.4,True,False,True,False,1,False,False,0.81,https://departamento.mercadolibre.com.ar/MLA-3738695000-venta-departamento-3-ambientes-en-caballito-_JM#polycard_client=search-desktop&price_drop=not_apply&be_origin=backend&overlay_label=not_apply&search_layout=grid&position=38&type=item&tracking_id=a6ce78e3-3083-493a-ac65-50e5ed63d73f&sid=search
1013,MLA1873561739,villa-lugano,villa-lugano_3,57000.0,70.0,4.0,30.0,814.2857142857143,1138.0,-28.4,False,False,False,False,1,False,False,0.92,https://departamento.mercadolibre.com.ar/MLA-1873561739-departamento-en-venta-en-villa-lugano-_JM#polycard_client=search-desktop&price_drop=not_apply&be_origin=backend&overlay_label=not_apply&search_layout=grid&position=16&type=item&tracking_id=47094cc6-4309-4916-bcff-e4bbdf38d8c7&sid=search
1014,MLA3719347008,villa-crespo,villa-crespo_4,93000.0,52.0,2.0,15.0,1788.4615384615386,2499.0,-28.4,True,True,False,False,1,False,False,1.0,https://departamento.mercadolibre.com.ar/MLA-3719347008-venta-departamento-2-ambientes-sin-division-piso-10-opcion-cochera-villa-crespo-_JM#polycard_client=search-desktop&price_drop=not_apply&be_origin=backend&overlay_label=not_apply&search_layout=grid&position=16&type=item&tracking_id=08c769c7-c0a4-49ca-a87c-ed1fd8b1c8b0&sid=search
1015,MLA1945495551,barrio-norte,barrio-norte_3,99000.0,68.0,3.0,41.0,1455.8823529411766,2034.0,-28.4,True,False,True,False,1,False,False,0.81,https://departamento.mercadolibre.com.ar/MLA-1945495551-venta-departamento-3-ambientes-en-barrio-norte-_JM#polycard_client=search-desktop&price_drop=not_apply&be_origin=backend&overlay_label=not_apply&search_layout=grid&position=46&type=item&tracking_id=216987b0-836d-4562-92f9-dd37c4b20761&sid=search
1016,MLA3289061662,san-nicolas,san-nicolas,270000.0,282.0,12.0,75.0,957.4468085106384,1338.0,-28.4,True,False,True,True,1,False,False,1.0,https://departamento.mercadolibre.com.ar/MLA-3289061662-10-ambientes-apto-profesional-y-vivienda-ideal-inversion-san-nicolas-300mts2-_JM#polycard_client=search-desktop&price_drop=true&be_origin=backend&overlay_label=not_apply&search_layout=grid&position=48&type=item&tracking_id=c6ddcef5-2bc2-40f6-9fb6-7e5115678c62&sid=search
1017,MLA3535848874,san-nicolas,san-nicolas,60000.0,50.0,1.0,20.0,1200.0,1676.0,-28.4,True,True,False,False,1,False,False,0.96,https://departamento.mercadolibre.com.ar/MLA-3535848874-departamento-en-san-nicolas-_JM#polycard_client=search-desktop&price_drop=not_apply&be_origin=backend&overlay_label=not_apply&search_layout=grid&position=12&type=item&tracking_id=2724f35b-8367-4ca0-8461-1304c6671ec9&sid=search
1018,MLA3327484506,palermo,palermo,109000.0,54.0,3.0,50.0,2018.5185185185185,2820.0,-28.4,True,False,True,True,1,False,False,0.92,https://departamento.mercadolibre.com.ar/MLA-3327484506-venta-3-ambientes-lavadero-planta-baja-palermo-_JM#polycard_client=search-desktop&price_drop=true&be_origin=backend&overlay_label=not_apply&search_layout=grid&position=22&type=item&tracking_id=a3937b95-7838-4d0b-a4df-bc337b2be1e5&sid=search
1019,MLA3607005682,barrio-norte,barrio-norte_3,46500.0,27.0,,40.0,1722.2222222222222,2406.0,-28.4,True,True,False,False,1,False,False,0.73,https://departamento.mercadolibre.com.ar/MLA-3607005682-excelente-monoambiente-en-l-_JM#polycard_client=search-desktop&price_drop=not_apply&be_origin=backend&overlay_label=not_apply&search_layout=grid&position=14&type=item&tracking_id=3d1f1a0c-fddc-4c15-9ec9-2eb26e01cd00&sid=search
1020,MLA3607349302,caballito,caballito,70000.0,45.0,3.0,40.0,1555.5555555555557,2173.0,-28.4,True,False,True,False,1,False,False,0.54,https://departamento.mercadolibre.com.ar/MLA-3607349302-departamento-3-ambientes-amplio-us70000-y-c-metros-parque-centenario-leer-la-descripcion-_JM#polycard_client=search-desktop&price_drop=not_apply&be_origin=backend&overlay_label=not_apply&search_layout=grid&position=18&type=item&tracking_id=9173becf-d5cc-44eb-864a-4a148c846e85&sid=search
1021,MLA3201494882,retiro,retiro,85000.0,50.0,2.0,,1700.0,2374.0,-28.4,False,False,False,False,1,False,False,0.31,https://departamento.mercadolibre.com.ar/MLA-3201494882-departamento-a-la-venta-de-dos-ambientes-en-cordoba-y-esmeralda-caba-_JM#polycard_client=search-desktop&price_drop=not_apply&be_origin=backend&overlay_label=not_apply&search_layout=grid&position=10&type=item&tracking_id=6a7b949f-ea63-4b50-9365-1555620a129b&sid=search
1022,MLA3184030604,villa-crespo,villa-crespo_2,122500.0,62.0,2.0,1.0,1975.8064516129032,2759.0,-28.4,True,False,True,False,1,False,False,0.81,https://departamento.mercadolibre.com.ar/MLA-3184030604-depto-2-amb-a-estrenar-con-balcon-apto-profesional-villa-crespo-_JM#polycard_client=search-desktop&float_highlight=not_apply&price_drop=not_apply&be_origin=backend&overlay_label=not_apply&search_layout=grid&position=26&type=item&tracking_id=abb08bbd-8748-4f40-bc48-af65e2547c74&sid=search
1023,MLA3721591352,retiro,retiro_3,139000.0,97.0,4.0,60.0,1432.9896907216496,2001.0,-28.4,False,False,False,False,1,False,False,0.81,https://departamento.mercadolibre.com.ar/MLA-3721591352-venta-dpto-4-amb-apto-prof-_JM#polycard_client=search-desktop&price_drop=not_apply&be_origin=backend&overlay_label=not_apply&search_layout=grid&position=18&type=item&tracking_id=e8ecd553-6134-4b43-8f3d-0f8c9514ac1a&sid=search
1024,MLA3608783632,balvanera,balvanera_3,110000.0,101.0,3.0,20.0,1089.1089108910892,1521.0,-28.4,True,False,True,False,3,False,False,0.92,https://departamento.mercadolibre.com.ar/MLA-3608783632-venta-departamento-3-ambientes-101m-balvanera-bano-toilette-oportunidad-apto-credito-balcon-frente-_JM#polycard_client=search-desktop&price_drop=not_apply&be_origin=backend&overlay_label=not_apply&search_layout=grid&position=13&type=item&tracking_id=7a6c1be9-d1ce-48d8-aa6a-50b3d633bdee&sid=search
1025,MLA2902807444,barrio-norte,barrio-norte_4,365000.0,195.0,5.0,50.0,1871.794871794872,2614.0,-28.4,True,False,True,False,1,False,False,0.96,https://departamento.mercadolibre.com.ar/MLA-2902807444-departamento-5-ambientes-piso-balcon-patio-dependencias-baulera-y-cochera-en-barrio-norte-_JM#polycard_client=search-desktop&float_highlight=not_apply&price_drop=not_apply&be_origin=backend&overlay_label=not_apply&search_layout=grid&position=21&type=item&tracking_id=b68a5886-31ff-4953-9f52-2bc66c14bdbc&sid=search
1026,MLA1971734805,villa-ortuzar,villa-ortuzar_1,169000.0,84.0,4.0,30.0,2011.904761904762,2809.0,-28.4,True,False,True,False,1,False,False,0.96,https://departamento.mercadolibre.com.ar/MLA-1971734805-departamento-en-villa-ortuzar-_JM#polycard_client=search-desktop&price_drop=not_apply&be_origin=backend&overlay_label=not_apply&search_layout=grid&position=14&type=item&tracking_id=5357b223-6c13-451a-8650-538f2d544fd5&sid=search
1027,MLA1813119861,recoleta,recoleta,540000.0,259.0,9.0,75.0,2084.942084942085,2910.0,-28.4,True,False,True,True,1,False,False,0.96,https://departamento.mercadolibre.com.ar/MLA-1813119861-departamento-recoleta-_JM#polycard_client=search-desktop&price_drop=true&be_origin=backend&overlay_label=not_apply&search_layout=grid&position=12&type=item&tracking_id=3513baff-203a-4c79-afcd-4f2927d8203d&sid=search
1028,MLA1769241955,puerto-madero,puerto-madero,168000.0,35.0,1.0,1.0,4800.0,6698.0,-28.3,False,False,False,False,1,False,False,0.35,https://departamento.mercadolibre.com.ar/MLA-1769241955-quartier-del-bajo-full-amenities-_JM#polycard_client=search-desktop&float_highlight=not_apply&price_drop=not_apply&be_origin=backend&overlay_label=not_apply&search_layout=grid&position=40&type=item&tracking_id=e9f1c2ed-9737-4e71-aabe-633a873b044c&sid=search
1029,MLA1945491769,barracas,barracas_0,215000.0,138.0,1.0,19.0,1557.9710144927535,2173.0,-28.3,False,True,False,False,1,False,False,0.88,https://departamento.mercadolibre.com.ar/MLA-1945491769-venta-dpto-loft-cochera-full-amenities-barracas-_JM#polycard_client=search-desktop&price_drop=not_apply&be_origin=backend&overlay_label=not_apply&search_layout=grid&position=31&type=item&tracking_id=c13089e2-c03e-4b53-b8f6-2d588029b8f1&sid=search
1030,MLA3576666580,villa-lugano,villa-lugano_3,45000.0,65.0,4.0,,692.3076923076923,965.0,-28.3,False,False,False,False,1,False,False,0.27,https://departamento.mercadolibre.com.ar/MLA-3576666580-cuatro-ambientes-en-venta-en-lugano-1-y-2-edificio-23-_JM#polycard_client=search-desktop&price_drop=not_apply&be_origin=backend&overlay_label=not_apply&search_layout=grid&position=13&type=item&tracking_id=47094cc6-4309-4916-bcff-e4bbdf38d8c7&sid=search
1031,MLA1948885263,almagro,almagro,80000.0,43.0,2.0,4.0,1860.4651162790697,2595.0,-28.3,True,False,True,False,1,False,True,0.96,https://departamento.mercadolibre.com.ar/MLA-1948885263-venta-departamento-2-ambientes-almagro-46-m2-con-renta-_JM#polycard_client=search-desktop&price_drop=not_apply&be_origin=backend&overlay_label=not_apply&search_layout=grid&position=12&type=item&tracking_id=d5e3aca4-b7a8-4350-af12-3f24fb470943&sid=search
1032,MLA1991316477,retiro,retiro_0,99000.0,57.0,2.0,50.0,1736.842105263158,2422.0,-28.3,False,False,False,False,1,False,False,0.85,https://departamento.mercadolibre.com.ar/MLA-1991316477-venta-apmlio-2-amb-en-retiro-ubicacion-estrategica-_JM#polycard_client=search-desktop&float_highlight=recent_publication&price_drop=not_apply&be_origin=backend&overlay_label=not_apply&search_layout=grid&position=1&type=item&tracking_id=816728ae-ee94-4ac3-b093-b840553e6d4b&sid=search
1033,MLA3692914332,barracas,barracas_1,125000.0,85.0,3.0,12.0,1470.5882352941176,2050.0,-28.3,False,True,False,False,1,False,False,1.0,https://departamento.mercadolibre.com.ar/MLA-3692914332-amplio-duplex-3-ambientes-con-balcon-al-frente-en-barracas-_JM#polycard_client=search-desktop&price_drop=not_apply&be_origin=backend&overlay_label=not_apply&search_layout=grid&position=41&type=item&tracking_id=b311d4ae-62d6-41c1-bf9a-c37903d677d6&sid=search
1034,MLA1946148921,san-telmo,san-telmo_0,85000.0,75.0,2.0,60.0,1133.3333333333333,1580.0,-28.3,True,False,True,False,1,False,False,0.88,https://departamento.mercadolibre.com.ar/MLA-1946148921-venta-dpto-2-amb-en-san-telmo-con-dep-y-balcon-_JM#polycard_client=search-desktop&price_drop=not_apply&be_origin=backend&overlay_label=not_apply&search_layout=grid&position=7&type=item&tracking_id=aac50554-8e93-4043-885a-a3ef1ed29257&sid=search
1035,MLA1851963791,mataderos,mataderos_0,85000.0,73.0,3.0,40.0,1164.3835616438355,1623.0,-28.3,True,False,True,False,1,False,False,0.96,https://departamento.mercadolibre.com.ar/MLA-1851963791-venta-mataderos-3-ambs-con-balcon-av-alberdi-al-7200-_JM#polycard_client=search-desktop&price_drop=not_apply&be_origin=backend&overlay_label=not_apply&search_layout=grid&position=16&type=item&tracking_id=9766efc8-2c61-47b3-be83-ab01b2ee93b5&sid=search
1036,MLA3721814744,caballito,caballito,57000.0,38.0,2.0,66.0,1500.0,2091.0,-28.3,True,False,True,False,1,False,False,0.85,https://departamento.mercadolibre.com.ar/MLA-3721814744-venta-depto-2-ambientes-caballito-apto-credito-_JM#polycard_client=search-desktop&price_drop=not_apply&be_origin=backend&overlay_label=not_apply&search_layout=grid&position=13&type=item&tracking_id=1ab57a1f-c6c2-4c4d-bcb8-6b4e38798443&sid=search
1037,MLA1946332239,puerto-madero,puerto-madero,185000.0,32.0,1.0,1.0,5781.25,8056.0,-28.2,False,False,False,False,1,False,False,0.88,https://departamento.mercadolibre.com.ar/MLA-1946332239-monoambiente-en-venta-en-puerto-madero-amenities-_JM#polycard_client=search-desktop&price_drop=not_apply&be_origin=backend&overlay_label=not_apply&search_layout=grid&position=26&type=item&tracking_id=39a964bc-3a84-4e8b-b227-a359f1526466&sid=search
1038,MLA3688223000,parque-patricios,parque-patricios,118000.0,81.0,4.0,6.0,1456.79012345679,2030.0,-28.2,True,False,True,False,1,False,False,0.54,https://departamento.mercadolibre.com.ar/MLA-3688223000-venta-dpto-4-amb-tipo-duplex-c-cochera-parque-p-_JM#polycard_client=search-desktop&price_drop=not_apply&be_origin=backend&overlay_label=not_apply&search_layout=grid&position=33&type=item&tracking_id=2bcaf3a9-443c-4bc3-b4f4-6dae7293d7d0&sid=search
1039,MLA1945604417,villa-lugano,villa-lugano,32000.0,51.0,3.0,56.0,627.4509803921569,874.0,-28.2,False,False,False,False,1,False,False,0.77,https://departamento.mercadolibre.com.ar/MLA-1945604417-venta-departamento-3-ambientes-villa-lugano-_JM#polycard_client=search-desktop&price_drop=not_apply&be_origin=backend&overlay_label=not_apply&search_layout=grid&position=39&type=item&tracking_id=d32168ef-ddef-4383-a0f2-da3abf43f709&sid=search
1040,MLA3218677220,recoleta,recoleta_4,55000.0,29.0,2.0,68.0,1896.551724137931,2642.0,-28.2,True,False,True,True,1,False,False,0.88,https://departamento.mercadolibre.com.ar/MLA-3218677220-departamento-en-recoleta-_JM#polycard_client=search-desktop&float_highlight=not_apply&price_drop=true&be_origin=backend&overlay_label=not_apply&search_layout=grid&position=48&type=item&tracking_id=1ffd07f8-d400-4086-b35d-a2f7711b1dec&sid=search
1041,MLA3726365444,villa-crespo,villa-crespo_4,80000.0,38.0,1.0,3.0,2105.2631578947367,2933.0,-28.2,True,False,True,False,1,False,False,0.85,https://departamento.mercadolibre.com.ar/MLA-3726365444-venta-monoambiente-con-balcon-al-frente-en-villa-crespo-a-metros-de-palermo-_JM#polycard_client=search-desktop&price_drop=not_apply&be_origin=backend&overlay_label=not_apply&search_layout=grid&position=2&type=item&tracking_id=0bc629fc-7234-413f-a6e6-661e9a52c5ed&sid=search
1042,MLA3777310822,palermo,palermo_0,87000.0,40.0,1.0,16.0,2175.0,3030.0,-28.2,True,False,True,False,1,False,False,0.77,https://departamento.mercadolibre.com.ar/MLA-3777310822-venta-monoambiente-42mts2-balcon-luminoso-palermo-_JM#polycard_client=search-desktop&float_highlight=recent_publication&price_drop=not_apply&be_origin=backend&overlay_label=not_apply&search_layout=grid&position=42&type=item&tracking_id=21eb8fd7-cb08-4808-ab5d-4cf8938a6a60&sid=search
1043,MLA3373530736,belgrano,belgrano_2,189000.0,122.0,3.0,60.0,1549.1803278688524,2158.0,-28.2,True,False,True,False,1,False,False,0.92,https://departamento.mercadolibre.com.ar/MLA-3373530736-departamento-en-colegiales-_JM#polycard_client=search-desktop&price_drop=not_apply&be_origin=backend&overlay_label=not_apply&search_layout=grid&position=46&type=item&tracking_id=ead645b1-988f-4a04-8c7a-e404886124f6&sid=search
1044,MLA3173653370,recoleta,recoleta,245000.0,129.0,4.0,50.0,1899.2248062015503,2646.0,-28.2,True,False,True,False,1,True,False,1.0,https://departamento.mercadolibre.com.ar/MLA-3173653370-4-amb-a-reciclar-4-banos-frente-balcon--_JM#polycard_client=search-desktop&float_highlight=not_apply&price_drop=not_apply&be_origin=backend&overlay_label=not_apply&search_layout=grid&position=12&type=item&tracking_id=ffda6c59-85a6-45d2-aafd-1288cabda9a1&sid=search
1045,MLA3517180302,barracas,barracas_1,370000.0,211.0,7.0,12.0,1753.5545023696682,2443.0,-28.2,False,True,False,False,1,False,False,0.92,https://departamento.mercadolibre.com.ar/MLA-3517180302-exclusivo-7-ambientes-con-terraza-privada-y-2-cocheras-_JM#polycard_client=search-desktop&price_drop=not_apply&be_origin=backend&overlay_label=not_apply&search_layout=grid&position=11&type=item&tracking_id=9777c480-6961-454e-9a22-df9f34b92aea&sid=search
1046,MLA1900324017,san-nicolas,san-nicolas,39000.0,32.0,2.0,80.0,1218.75,1698.0,-28.2,True,False,True,False,1,False,False,0.69,https://departamento.mercadolibre.com.ar/MLA-1900324017-departamento-2-ambientes-duplex-san-nicolas-venta-_JM#polycard_client=search-desktop&price_drop=not_apply&be_origin=backend&overlay_label=not_apply&search_layout=grid&position=43&type=item&tracking_id=2086a22b-e4bb-43b0-b3ca-c3afa6fb751b&sid=search
1047,MLA2898705764,caballito,caballito,645000.0,240.0,6.0,12.0,2687.5,3743.0,-28.2,True,True,False,False,2,False,False,0.96,https://departamento.mercadolibre.com.ar/MLA-2898705764-venta-6-ambientes-piso-alto-se-toma-deptos-o-lote-en-parte-de-pago-caballito-_JM#polycard_client=search-desktop&float_highlight=not_apply&price_drop=not_apply&be_origin=backend&overlay_label=not_apply&search_layout=grid&position=32&type=item&tracking_id=d9c15d2b-7ba4-46b3-a920-6fef6e459ba9&sid=search
1048,MLA1948695045,palermo,palermo_0,79500.0,40.0,2.0,46.0,1987.5,2768.0,-28.2,True,False,True,False,2,False,False,0.96,https://departamento.mercadolibre.com.ar/MLA-1948695045-venta-2-ambientes-apto-profesional-en-palermo-piso-alto-godoy-cruz-y-cervino-apto-credito-_JM#polycard_client=search-desktop&price_drop=not_apply&be_origin=backend&overlay_label=not_apply&search_layout=grid&position=1&type=item&tracking_id=2e80e577-a0ba-4a89-991a-50cc442ca46a&sid=search
1049,MLA3577772362,villa-devoto,villa-devoto,89000.0,58.0,3.0,55.0,1534.4827586206898,2137.0,-28.2,True,False,True,False,1,False,False,0.92,https://departamento.mercadolibre.com.ar/MLA-3577772362-venta-departamento-3-ambientes-con-balcon-al-frente-apto-credito-villa-devoto-_JM#polycard_client=search-desktop&price_drop=not_apply&be_origin=backend&overlay_label=not_apply&search_layout=grid&position=11&type=item&tracking_id=6fa9d5ad-39e8-4ee1-999d-7a0dd03b712c&sid=search
1050,MLA3310534428,san-nicolas,san-nicolas,159000.0,153.0,6.0,40.0,1039.2156862745098,1447.0,-28.2,True,False,True,False,1,False,False,0.96,https://departamento.mercadolibre.com.ar/MLA-3310534428-venta-departamento-u-oficina-tribunales-amoblado-apto-credito-apto-profesional-_JM#polycard_client=search-desktop&price_drop=not_apply&be_origin=backend&overlay_label=not_apply&search_layout=grid&position=24&type=item&tracking_id=b942646f-4c15-4788-be8f-a7a78ab4f156&sid=search
1051,MLA3721806720,palermo,palermo_3,169000.0,95.0,3.0,46.0,1778.9473684210527,2477.0,-28.2,True,False,True,False,1,False,True,0.81,https://departamento.mercadolibre.com.ar/MLA-3721806720-venta-depto-3-amb-palermo-botanico-95m2-con-renta-_JM#polycard_client=search-desktop&price_drop=not_apply&be_origin=backend&overlay_label=not_apply&search_layout=grid&position=7&type=item&tracking_id=e06d42d2-ec1d-48e7-a712-58024419777b&sid=search
1052,MLA1948791547,belgrano,belgrano_1,328000.0,144.0,4.0,44.0,2277.777777777778,3172.0,-28.2,True,False,True,False,1,False,False,0.88,https://departamento.mercadolibre.com.ar/MLA-1948791547-venta-3-dormitorios-dep-c-balcon-cochera-belgrano-_JM#polycard_client=search-desktop&price_drop=not_apply&be_origin=backend&overlay_label=not_apply&search_layout=grid&position=24&type=item&tracking_id=ef46ed7d-05d1-484d-a2c8-888b4a359771&sid=search
1053,MLA1809182589,villa-devoto,villa-devoto_2,67000.0,35.0,2.0,30.0,1914.2857142857144,2665.0,-28.2,True,False,True,False,1,False,False,0.38,https://departamento.mercadolibre.com.ar/MLA-1809182589-departamento-2-ambientes-35-m2-lavallol-3300-villa-devoto-caba-us-67000-_JM#polycard_client=search-desktop&price_drop=not_apply&be_origin=backend&overlay_label=not_apply&search_layout=grid&position=14&type=item&tracking_id=ea83e87c-ba66-4dcf-83b3-1db1df5696ee&sid=search
1054,MLA1945612681,san-nicolas,san-nicolas,158000.0,156.0,5.0,106.0,1012.8205128205128,1410.0,-28.2,True,False,True,False,1,False,False,0.81,https://departamento.mercadolibre.com.ar/MLA-1945612681-algo-distinto-muy-amplio-ideal-familia-o-estudio-_JM#polycard_client=search-desktop&price_drop=not_apply&be_origin=backend&overlay_label=not_apply&search_layout=grid&position=46&type=item&tracking_id=6724aaac-6ca7-4b52-aee7-64e5c818e350&sid=search
1055,MLA2587701952,puerto-madero,puerto-madero,295000.0,56.0,2.0,2.0,5267.857142857143,7331.0,-28.1,False,False,False,False,1,False,False,0.96,https://departamento.mercadolibre.com.ar/MLA-2587701952-departamento-de-2-ambientes-con-cochera-en-lumiere-puerto-madero-_JM#polycard_client=search-desktop&float_highlight=not_apply&price_drop=not_apply&be_origin=backend&overlay_label=not_apply&search_layout=grid&position=22&type=item&tracking_id=b4c3edc4-ddc1-49cd-bf24-5548efd2a095&sid=search
1056,MLA3700627030,villa-lugano,villa-lugano_0,76000.0,65.0,4.0,46.0,1169.2307692307693,1627.0,-28.1,False,False,False,False,1,False,False,0.35,https://departamento.mercadolibre.com.ar/MLA-3700627030-departamento-de-4-ambientes-reformado-a-nuevo-en-excelente-estado-en-planta-baja-barrio-mascias-grupo-2-villa-lugano-_JM#polycard_client=search-desktop&price_drop=not_apply&be_origin=backend&overlay_label=not_apply&search_layout=grid&position=46&type=item&tracking_id=785835d6-def5-497b-9abc-6b433a9a4783&sid=search
1057,MLA1708054815,colegiales,colegiales,79990.0,26.0,1.0,2.0,3076.538461538461,4281.0,-28.1,True,False,True,False,1,False,False,1.0,https://departamento.mercadolibre.com.ar/MLA-1708054815-venta-departamento-monoambiente-en-colegiales-_JM#polycard_client=search-desktop&float_highlight=not_apply&price_drop=not_apply&be_origin=backend&overlay_label=not_apply&search_layout=grid&position=38&type=item&tracking_id=68f915a6-9a27-49e4-8d47-3402a58751c3&sid=search
1058,MLA1945491981,parque-avellaneda,parque-avellaneda_1,88000.0,88.0,4.0,53.0,1000.0,1391.0,-28.1,False,False,False,False,2,False,False,0.85,https://departamento.mercadolibre.com.ar/MLA-1945491981-venta-dpto-4-amb-frente-al-parque-avellaneda-_JM#polycard_client=search-desktop&price_drop=not_apply&be_origin=backend&overlay_label=not_apply&search_layout=grid&position=4&type=item&tracking_id=6130b092-24fe-4617-a409-682a9b9a62de&sid=search
1059,MLA1773990461,villa-urquiza,villa-urquiza_1,75000.0,29.0,1.0,3.0,2586.206896551724,3598.0,-28.1,True,False,True,False,1,False,False,0.92,https://departamento.mercadolibre.com.ar/MLA-1773990461-departamento-en-villa-urquiza-estrenar-permuta-balcon-sum-luminoso-_JM#polycard_client=search-desktop&price_drop=not_apply&be_origin=backend&overlay_label=not_apply&search_layout=grid&position=17&type=item&tracking_id=48465034-c055-4c1a-9e42-db67396d205a&sid=search
1060,MLA3214790580,recoleta,recoleta_1,440000.0,204.0,8.0,50.0,2156.86274509804,3001.0,-28.1,True,False,True,False,1,False,False,0.92,https://departamento.mercadolibre.com.ar/MLA-3214790580-muy-buen-departamento-en-av-libertador-con-cochera-piso-alto-con-vista-al-rio-_JM#polycard_client=search-desktop&price_drop=not_apply&be_origin=backend&overlay_label=not_apply&search_layout=grid&position=2&type=item&tracking_id=9e916f21-76b7-48b9-b6ed-2a56b10bbd38&sid=search
1061,MLA1882935259,belgrano,belgrano_0,94000.0,53.0,3.0,61.0,1773.5849056603774,2467.0,-28.1,True,False,True,False,1,False,False,0.5,https://departamento.mercadolibre.com.ar/MLA-1882935259-venta-3-ambientes-con-balcon-en-belgrano-oportunidad-de-inversion--_JM#polycard_client=search-desktop&price_drop=not_apply&be_origin=backend&overlay_label=not_apply&search_layout=grid&position=9&type=item&tracking_id=320139cf-ad91-4f07-a898-2cebfa1af6f3&sid=search
1062,MLA1852397359,palermo,palermo,185000.0,78.0,4.0,30.0,2371.794871794872,3299.0,-28.1,True,True,False,True,1,False,False,0.96,https://departamento.mercadolibre.com.ar/MLA-1852397359-departamento-4-amb-con-cochera-av-cordoba-6000-_JM#polycard_client=search-desktop&price_drop=true&be_origin=backend&overlay_label=not_apply&search_layout=grid&position=45&type=item&tracking_id=aa118468-1268-4a6f-8f03-efae5e4e2a23&sid=search
1063,MLA1946226793,liniers,liniers,79000.0,78.0,3.0,56.0,1012.8205128205128,1409.0,-28.1,True,True,False,False,1,False,False,0.81,https://departamento.mercadolibre.com.ar/MLA-1946226793-venta-departamento-3-ambientes-liniers-_JM#polycard_client=search-desktop&price_drop=not_apply&be_origin=backend&overlay_label=not_apply&search_layout=grid&position=1&type=item&tracking_id=744d3668-5e36-4454-9b0f-96b5a7585a59&sid=search
1064,MLA1787361065,puerto-madero,puerto-madero,235000.0,60.0,2.0,12.0,3916.6666666666665,5448.0,-28.1,False,True,False,False,1,False,False,1.0,https://departamento.mercadolibre.com.ar/MLA-1787361065-venta-departamento-2-ambientes-puerto-madero-terrazas-del-puerto-_JM#polycard_client=search-desktop&price_drop=not_apply&be_origin=backend&overlay_label=not_apply&search_layout=grid&position=11&type=item&tracking_id=250f000c-3455-494e-a2d0-50a999a9b5f2&sid=search
1065,MLA1946333635,almagro,almagro,75000.0,58.0,2.0,46.0,1293.103448275862,1799.0,-28.1,True,False,True,False,1,False,False,0.81,https://departamento.mercadolibre.com.ar/MLA-1946333635-venta-2-amb-almagro-apto-credito-_JM#polycard_client=search-desktop&price_drop=not_apply&be_origin=backend&overlay_label=not_apply&search_layout=grid&position=29&type=item&tracking_id=7c9d857e-d9cb-4a0a-9548-12d1f2a5fb59&sid=search
1066,MLA2034670364,balvanera,balvanera_3,115000.0,107.0,4.0,60.0,1074.766355140187,1495.0,-28.1,True,False,True,False,1,False,False,0.54,https://departamento.mercadolibre.com.ar/MLA-2034670364-departamento-en-venta-en-balvanera-capital-federal-buenos-aires-_JM#polycard_client=search-desktop&price_drop=not_apply&be_origin=backend&overlay_label=not_apply&search_layout=grid&position=8&type=item&tracking_id=26b6c94c-358d-41ab-b432-072ada0cf517&sid=search
1067,MLA3789784356,san-nicolas,san-nicolas,140000.0,105.0,4.0,40.0,1333.3333333333333,1854.0,-28.1,True,False,True,False,1,False,False,0.96,https://departamento.mercadolibre.com.ar/MLA-3789784356-venta-departamento-de-4-ambientes-centro-con-dependencia-y-cochera-apto-credito-_JM#polycard_client=search-desktop&float_highlight=recent_publication&price_drop=not_apply&be_origin=backend&overlay_label=not_apply&search_layout=grid&position=30&type=item&tracking_id=f6a568c0-d875-4c32-8ce5-7cdf4dc4e74a&sid=search
1068,MLA1692049495,belgrano,belgrano_1,358000.0,110.0,4.0,2.0,3254.5454545454545,4525.0,-28.1,True,False,True,False,1,False,True,0.92,https://departamento.mercadolibre.com.ar/MLA-1692049495-town-house-la-imprenta-venta-con-renta-apto-credito-_JM#polycard_client=search-desktop&price_drop=not_apply&be_origin=backend&overlay_label=not_apply&search_layout=grid&position=6&type=item&tracking_id=5af38a2b-211b-4ad6-9315-4ae21fbca5bf&sid=search
1069,MLA3397666810,recoleta,recoleta,72000.0,38.0,1.0,40.0,1894.7368421052631,2635.0,-28.1,True,False,True,False,1,False,False,0.85,https://departamento.mercadolibre.com.ar/MLA-3397666810-departamento-en-recoleta-venta-mono-ambiente-arenales-al-1200-excelente-zona-amoblado-_JM#polycard_client=search-desktop&price_drop=not_apply&be_origin=backend&overlay_label=not_apply&search_layout=grid&position=25&type=item&tracking_id=3513baff-203a-4c79-afcd-4f2927d8203d&sid=search
1070,MLA3031783246,recoleta,recoleta_3,230000.0,134.0,4.0,40.0,1716.4179104477612,2387.0,-28.1,True,False,True,False,1,False,False,1.0,https://departamento.mercadolibre.com.ar/MLA-3031783246-av-santa-fe-1700-recoleta-4amb-u230000-_JM#polycard_client=search-desktop&float_highlight=not_apply&price_drop=not_apply&be_origin=backend&overlay_label=not_apply&search_layout=grid&position=40&type=item&tracking_id=647eae91-c683-4e17-b0b0-201f8f247124&sid=search
1071,MLA1945058935,belgrano,belgrano_2,85000.0,48.0,2.0,44.0,1770.8333333333333,2462.0,-28.1,True,False,True,False,1,False,False,0.81,https://departamento.mercadolibre.com.ar/MLA-1945058935-venta-2-ambientes-en-belgrano-excelente-ubicacion-_JM#polycard_client=search-desktop&price_drop=not_apply&be_origin=backend&overlay_label=not_apply&search_layout=grid&position=40&type=item&tracking_id=d473ed70-0688-4f88-8e3a-94a311e0266f&sid=search
1072,MLA3404627894,balvanera,balvanera_1,55000.0,53.0,3.0,41.0,1037.7358490566037,1443.0,-28.1,True,False,True,False,1,False,False,0.31,https://departamento.mercadolibre.com.ar/MLA-3404627894-3-ambientes-super-luminoso-_JM#polycard_client=search-desktop&price_drop=not_apply&be_origin=backend&overlay_label=not_apply&search_layout=grid&position=35&type=item&tracking_id=98d63e46-6c71-4cb2-972a-ae152a562e49&sid=search
1073,MLA3657598296,belgrano,belgrano,259000.0,105.0,4.0,40.0,2466.6666666666665,3429.0,-28.1,True,False,True,False,1,False,False,0.92,https://departamento.mercadolibre.com.ar/MLA-3657598296-piso-cdep-en-zabala-y-av-del-libertador-tal-fte-coch-baul-ta-nuevo-2-balcones-espect-living-_JM#polycard_client=search-desktop&price_drop=not_apply&be_origin=backend&overlay_label=not_apply&search_layout=grid&position=45&type=item&tracking_id=ef46ed7d-05d1-484d-a2c8-888b4a359771&sid=search
1074,MLA3721587032,villa-luro,villa-luro,98000.0,74.0,4.0,31.0,1324.3243243243244,1841.0,-28.1,True,False,True,False,1,False,False,0.81,https://departamento.mercadolibre.com.ar/MLA-3721587032-departamento-4-amb-villa-luro-con-baulera-_JM#polycard_client=search-desktop&price_drop=not_apply&be_origin=backend&overlay_label=not_apply&search_layout=grid&position=42&type=item&tracking_id=9b311b1f-1ef3-49fd-92fe-9d7c384c705e&sid=search
1075,MLA3312051056,palermo,palermo,440000.0,160.0,7.0,50.0,2750.0,3821.0,-28.0,True,False,True,False,1,False,False,0.81,https://departamento.mercadolibre.com.ar/MLA-3312051056-barrio-norte-casita-en-el-cielo-parrilla-pileta-quincho-_JM#polycard_client=search-desktop&price_drop=not_apply&be_origin=backend&overlay_label=not_apply&search_layout=grid&position=38&type=item&tracking_id=12bad883-5ed0-4e38-af84-0b7393390801&sid=search
1076,MLA3295475198,recoleta,recoleta_4,105000.0,60.0,4.0,50.0,1750.0,2431.0,-28.0,True,False,True,False,1,False,False,0.88,https://departamento.mercadolibre.com.ar/MLA-3295475198-departamento-en-venta-en-recoleta-de-2-dormitorios-apto-profesional-_JM#polycard_client=search-desktop&price_drop=not_apply&be_origin=backend&overlay_label=not_apply&search_layout=grid&position=42&type=item&tracking_id=45a96349-6d1c-45e1-b209-1304b3c56d4b&sid=search
1077,MLA3739015636,palermo,palermo_3,370000.0,220.0,5.0,70.0,1681.8181818181818,2336.0,-28.0,True,False,True,False,1,False,False,0.92,https://departamento.mercadolibre.com.ar/MLA-3739015636-venta-departamento-5-ambientes-piso-completo-con-balcones-recoleta-_JM#polycard_client=search-desktop&price_drop=not_apply&be_origin=backend&overlay_label=not_apply&search_layout=grid&position=18&type=item&tracking_id=c9f85421-b588-4c8b-ac5f-29baf211d7d9&sid=search
1078,MLA3277556448,palermo,palermo,225000.0,70.0,2.0,10.0,3214.285714285714,4464.0,-28.0,True,False,True,False,1,False,False,1.0,https://departamento.mercadolibre.com.ar/MLA-3277556448-venta-departamento-2-ambientes-con-cochera-y-baulera-en-palermo-_JM#polycard_client=search-desktop&price_drop=not_apply&be_origin=backend&overlay_label=not_apply&search_layout=grid&position=4&type=item&tracking_id=d4ff7fa5-daa2-45aa-b9c9-5a85a0dcb1ac&sid=search
1079,MLA1802890525,belgrano,belgrano_2,90000.0,29.0,1.0,10.0,3103.448275862069,4310.0,-28.0,True,False,True,False,1,False,False,0.92,https://departamento.mercadolibre.com.ar/MLA-1802890525-venta-monoambiente-con-amenities-apto-profesional-belgrano-_JM#polycard_client=search-desktop&price_drop=not_apply&be_origin=backend&overlay_label=not_apply&search_layout=grid&position=32&type=item&tracking_id=de1e087c-0ebf-4810-8e80-0ec9bb3e7edc&sid=search
1080,MLA3747755578,belgrano,belgrano_2,79000.0,42.0,2.0,31.0,1880.952380952381,2612.0,-28.0,True,False,True,False,1,True,False,0.81,https://departamento.mercadolibre.com.ar/MLA-3747755578-venta-2-amb-a-reciclar-balcon-44-m2-belgrano-_JM#polycard_client=search-desktop&float_highlight=recent_publication&price_drop=not_apply&be_origin=backend&overlay_label=not_apply&search_layout=grid&position=32&type=item&tracking_id=5bcec6da-ee05-4bd9-ac52-e10954c479f5&sid=search
1081,MLA3720672456,san-telmo,san-telmo_3,40000.0,30.0,1.0,50.0,1333.3333333333333,1851.0,-28.0,True,False,True,False,1,False,False,0.73,https://departamento.mercadolibre.com.ar/MLA-3720672456-venta-dpto-a-refacionar-san-telmo-_JM#polycard_client=search-desktop&price_drop=not_apply&be_origin=backend&overlay_label=not_apply&search_layout=grid&position=4&type=item&tracking_id=36ea6b35-bd37-4469-9302-b99fab6fd994&sid=search
1082,MLA2815779020,villa-urquiza,villa-urquiza_4,109000.0,43.0,2.0,15.0,2534.8837209302324,3519.0,-28.0,True,False,True,False,1,False,False,0.62,https://departamento.mercadolibre.com.ar/MLA-2815779020-monoambiente-dividido-luminoso-vista-abierta-toillete-dormitorio-en-suite-_JM#polycard_client=search-desktop&price_drop=not_apply&be_origin=backend&overlay_label=not_apply&search_layout=grid&position=29&type=item&tracking_id=41ae0929-635a-492a-8a1f-d6f6e0d7947e&sid=search
1083,MLA3572270704,villa-luro,villa-luro,220000.0,116.0,4.0,15.0,1896.551724137931,2633.0,-28.0,True,False,True,False,1,False,False,0.65,https://departamento.mercadolibre.com.ar/MLA-3572270704-villa-luro-pola-200-duplex-4-amb-con-balcon-y-cochera-_JM#polycard_client=search-desktop&price_drop=not_apply&be_origin=backend&overlay_label=not_apply&search_layout=grid&position=39&type=item&tracking_id=7d622120-74c6-4846-b9a0-bfd75f31cc02&sid=search
1084,MLA3763833272,caballito,caballito,226000.0,117.0,5.0,,1931.623931623932,2681.0,-28.0,True,False,True,False,1,False,False,0.65,https://departamento.mercadolibre.com.ar/MLA-3763833272-gaona-al-1100-cid-campeador-caballito-piso-8-al-frente-balcon-corrido-vista-espectacular-130-m2-5-amb-4-dorm-3-banos-2-completos-1-toilette-cocina-grande-lavadero-indepente-cochera-fija-cub-_JM#polycard_client=search-desktop&price_drop=not_apply&be_origin=backend&overlay_label=not_apply&search_layout=grid&position=40&type=item&tracking_id=2d26aa8f-bc65-4dcb-bb9f-d1132355b6e3&sid=search
1085,MLA1844177301,villa-lugano,villa-lugano_1,41900.0,59.0,3.0,50.0,710.1694915254237,986.0,-28.0,False,False,False,True,1,False,False,0.85,https://departamento.mercadolibre.com.ar/MLA-1844177301-venta-departamento-3-ambientes-en-villa-lugano-_JM#polycard_client=search-desktop&price_drop=true&be_origin=backend&overlay_label=not_apply&search_layout=grid&position=1&type=item&tracking_id=17cf09ed-3ec9-4f40-9324-b12d3afb1ba5&sid=search
1086,MLA2638137232,recoleta,recoleta,399000.0,195.0,5.0,35.0,2046.1538461538464,2840.0,-28.0,True,False,True,False,1,False,False,0.69,https://departamento.mercadolibre.com.ar/MLA-2638137232-venta-de-exclusivo-depto-de-3-dorm-dep-en-recoleta-_JM#polycard_client=search-desktop&price_drop=not_apply&be_origin=backend&overlay_label=not_apply&search_layout=grid&position=33&type=item&tracking_id=2bb3b767-8f68-4999-afd0-7c6ba1141efa&sid=search
1087,MLA3720093276,flores,flores_4,45000.0,45.0,3.0,38.0,1000.0,1388.0,-27.9,True,False,True,True,1,False,False,0.73,https://departamento.mercadolibre.com.ar/MLA-3720093276-venta-3-amb-tipo-ph-cjardincochera-en-flores-_JM#polycard_client=search-desktop&price_drop=true&be_origin=backend&overlay_label=not_apply&search_layout=grid&position=48&type=item&tracking_id=3c641cce-7607-44ff-940c-f9ce5a0a3785&sid=search
1088,MLA3747016316,flores,flores,95000.0,71.0,4.0,50.0,1338.0281690140846,1856.0,-27.9,True,False,True,False,1,False,False,0.65,https://departamento.mercadolibre.com.ar/MLA-3747016316-comodo-y-luminoso-departamento-de-4-ambientes-_JM#polycard_client=search-desktop&price_drop=not_apply&be_origin=backend&overlay_label=not_apply&search_layout=grid&position=25&type=item&tracking_id=6ba67f02-fbb6-4195-853c-df8c14d974b7&sid=search
1089,MLA3710606162,caballito,caballito,64000.0,34.0,1.0,12.0,1882.3529411764705,2611.0,-27.9,True,False,True,False,1,False,False,0.88,https://departamento.mercadolibre.com.ar/MLA-3710606162-un-ambiente-luminoso-con-balcon-a-la-calle-yerbal-700-_JM#polycard_client=search-desktop&price_drop=not_apply&be_origin=backend&overlay_label=not_apply&search_layout=grid&position=36&type=item&tracking_id=dad3fe87-719e-4572-a6ec-9c9be18670f8&sid=search
1090,MLA2374720978,retiro,retiro_0,54000.0,29.0,2.0,55.0,1862.0689655172412,2582.0,-27.9,False,False,False,False,1,False,False,0.96,https://departamento.mercadolibre.com.ar/MLA-2374720978-departamento-en-venta-_JM#polycard_client=search-desktop&float_highlight=not_apply&price_drop=not_apply&be_origin=backend&overlay_label=not_apply&search_layout=grid&position=8&type=item&tracking_id=1d8372b8-6a10-43a6-be26-77e5e8b976b2&sid=search
1091,MLA3535144032,flores,flores,80000.0,57.0,3.0,30.0,1403.508771929825,1946.0,-27.9,True,False,True,False,1,False,False,0.69,https://departamento.mercadolibre.com.ar/MLA-3535144032-venta-departamento-3-ambientes-con-balcon-barrio-de-flores-_JM#polycard_client=search-desktop&price_drop=not_apply&be_origin=backend&overlay_label=not_apply&search_layout=grid&position=12&type=item&tracking_id=51021021-3c18-4b5c-8505-56a11b15cf25&sid=search
1092,MLA3720664562,paternal,paternal_1,98000.0,82.0,4.0,46.0,1195.121951219512,1657.0,-27.9,True,False,True,False,1,False,False,0.81,https://departamento.mercadolibre.com.ar/MLA-3720664562-venta-4-ambientes-excelente-la-paternal-_JM#polycard_client=search-desktop&price_drop=not_apply&be_origin=backend&overlay_label=not_apply&search_layout=grid&position=27&type=item&tracking_id=56c0eb69-83c8-47ee-8c85-1811a89eb456&sid=search
1093,MLA3740166270,retiro,retiro,335000.0,189.0,6.0,60.0,1772.4867724867725,2458.0,-27.9,False,False,False,False,1,False,False,0.96,https://departamento.mercadolibre.com.ar/MLA-3740166270-departamento-retiro-_JM#polycard_client=search-desktop&price_drop=not_apply&be_origin=backend&overlay_label=not_apply&search_layout=grid&position=40&type=item&tracking_id=853face9-e8ce-40c3-816d-4db7c1961e15&sid=search
1094,MLA3112646140,villa-del-parque,villa-del-parque,490000.0,300.0,5.0,50.0,1633.3333333333333,2264.0,-27.9,True,True,False,False,1,False,False,1.0,https://departamento.mercadolibre.com.ar/MLA-3112646140-venta-departamento-villa-del-parque-5-ambientes-patio-y-quincho-_JM#polycard_client=search-desktop&price_drop=not_apply&be_origin=backend&overlay_label=not_apply&search_layout=grid&position=48&type=item&tracking_id=788d4111-bbae-40a8-94b3-a05a81a7ed80&sid=search
1095,MLA3635812294,balvanera,balvanera_2,89999.0,71.0,4.0,55.0,1267.5915492957747,1757.0,-27.8,True,False,True,False,1,False,False,0.73,https://departamento.mercadolibre.com.ar/MLA-3635812294-venta-dueno-directo-departamento-4-ambientes-abstenerse-inmobiliarias-3-ambientes-dependencia-con-balcon-al-frente-reciclado-balvanera-once-dueno-directo-_JM#polycard_client=search-desktop&price_drop=not_apply&be_origin=backend&overlay_label=not_apply&search_layout=grid&position=32&type=item&tracking_id=914954f1-56cc-4cb7-843d-1c2a05ddb4c3&sid=search
1096,MLA1761735795,retiro,retiro_3,65000.0,44.0,2.0,50.0,1477.2727272727273,2047.0,-27.8,False,False,False,False,1,False,False,0.92,https://departamento.mercadolibre.com.ar/MLA-1761735795-venta-2-ambientes-lavalle-300-oportunidad-_JM#polycard_client=search-desktop&price_drop=not_apply&be_origin=backend&overlay_label=not_apply&search_layout=grid&position=17&type=item&tracking_id=f50deb3d-79e7-4508-a560-d766ddb29b46&sid=search
1097,MLA1793653197,villa-devoto,villa-devoto_3,550000.0,350.0,4.0,46.0,1571.428571428571,2178.0,-27.8,True,True,False,False,1,False,False,1.0,https://departamento.mercadolibre.com.ar/MLA-1793653197-venta-piso-de-4-ambientes-con-balcon-350m2-villa-devoto-_JM#polycard_client=search-desktop&price_drop=not_apply&be_origin=backend&overlay_label=not_apply&search_layout=grid&position=40&type=item&tracking_id=6fa9d5ad-39e8-4ee1-999d-7a0dd03b712c&sid=search
1098,MLA3420719496,villa-del-parque,villa-del-parque,60000.0,37.0,2.0,20.0,1621.6216216216217,2247.0,-27.8,True,False,True,True,1,False,False,0.46,https://departamento.mercadolibre.com.ar/MLA-3420719496-nazarre-3200-caba-venta-departamento-2-ambientes-excel-ubicacion-us-60000-_JM#polycard_client=search-desktop&price_drop=true&be_origin=backend&overlay_label=not_apply&search_layout=grid&position=37&type=item&tracking_id=8890950f-e2c7-423b-8ea3-5ac92e7c2ca2&sid=search
1099,MLA3721461350,villa-luro,villa-luro,99000.0,75.0,4.0,31.0,1320.0,1829.0,-27.8,True,False,True,False,1,False,False,0.92,https://departamento.mercadolibre.com.ar/MLA-3721461350-venta-departamento-cuatro-ambientes-villa-luro-_JM#polycard_client=search-desktop&price_drop=not_apply&be_origin=backend&overlay_label=not_apply&search_layout=grid&position=40&type=item&tracking_id=9b311b1f-1ef3-49fd-92fe-9d7c384c705e&sid=search
1100,MLA2620483896,belgrano,belgrano,579000.0,260.0,6.0,53.0,2226.923076923077,3085.0,-27.8,True,False,True,False,1,False,False,0.35,https://departamento.mercadolibre.com.ar/MLA-2620483896-departamento-duplex-en-venta-en-belgrano-capital-federal-buenos-aires-_JM#polycard_client=search-desktop&price_drop=not_apply&be_origin=backend&overlay_label=not_apply&search_layout=grid&position=37&type=item&tracking_id=5cd9ac07-8fb1-4c76-9794-bc4d96f18b3a&sid=search
1101,MLA1948342905,belgrano,belgrano_3,89000.0,40.0,2.0,46.0,2225.0,3083.0,-27.8,True,False,True,False,1,False,False,0.92,https://departamento.mercadolibre.com.ar/MLA-1948342905-venta-departamento-2-ambientes-en-belgrano-_JM#polycard_client=search-desktop&price_drop=not_apply&be_origin=backend&overlay_label=not_apply&search_layout=grid&position=22&type=item&tracking_id=cd4b8c6b-c628-41b1-8606-7270f0c3cbf0&sid=search
1102,MLA3726127322,recoleta,recoleta,210000.0,97.0,4.0,45.0,2164.9484536082477,3000.0,-27.8,True,False,True,False,1,False,False,0.92,https://departamento.mercadolibre.com.ar/MLA-3726127322-venta-departamento-4-ambientes-con-cochera-en-recoleta-_JM#polycard_client=search-desktop&price_drop=not_apply&be_origin=backend&overlay_label=not_apply&search_layout=grid&position=42&type=item&tracking_id=e4864b54-f12d-4d03-b6f7-e585575e001e&sid=search
1103,MLA3761589974,flores,flores_4,65000.0,80.0,4.0,37.0,812.5,1126.0,-27.8,True,False,True,False,1,False,False,0.88,https://departamento.mercadolibre.com.ar/MLA-3761589974-departamento-4-ambientes-balcon-lavadero-_JM#polycard_client=search-desktop&float_highlight=recent_publication&price_drop=not_apply&be_origin=backend&overlay_label=not_apply&search_layout=grid&position=11&type=item&tracking_id=bb8c697b-ae3d-4654-a1b6-de9068a338f2&sid=search
1104,MLA3761585902,puerto-madero,puerto-madero,179000.0,53.0,1.0,28.0,3377.3584905660377,4679.0,-27.8,False,False,False,False,1,False,False,0.88,https://departamento.mercadolibre.com.ar/MLA-3761585902-se-vende-departamento-de-2-ambientes-apto-credito-hipotecario-puerto-madero-_JM#polycard_client=search-desktop&float_highlight=recent_publication&price_drop=not_apply&be_origin=backend&overlay_label=not_apply&search_layout=grid&position=16&type=item&tracking_id=879fca74-aa7e-405e-b7bd-69aaf51f3706&sid=search
1105,MLA3676960598,colegiales,colegiales,165000.0,60.0,2.0,12.0,2750.0,3810.0,-27.8,True,True,False,False,1,False,False,0.92,https://departamento.mercadolibre.com.ar/MLA-3676960598-vendo-dueno-directo-sin-comision-apto-credito-no-me-contacten-de-inmobiliarias-por-favor--_JM#polycard_client=search-desktop&price_drop=not_apply&be_origin=backend&overlay_label=not_apply&search_layout=grid&position=18&type=item&tracking_id=fffd3074-5b7c-4b30-b2f2-994ce3a650dc&sid=search
1106,MLA3637401362,belgrano,belgrano_1,579000.0,260.0,6.0,53.0,2226.923076923077,3085.0,-27.8,True,False,True,False,1,False,False,0.5,https://departamento.mercadolibre.com.ar/MLA-3637401362-departamento-duplex-en-venta-en-belgrano-capital-federal-buenos-aires-_JM#polycard_client=search-desktop&price_drop=not_apply&be_origin=backend&overlay_label=not_apply&search_layout=grid&position=15&type=item&tracking_id=cd412bb5-596a-4101-92f5-da1a63c72914&sid=search
1107,MLA3418778812,boedo,boedo_4,57000.0,50.0,3.0,40.0,1140.0,1579.0,-27.8,True,False,True,False,1,False,False,0.92,https://departamento.mercadolibre.com.ar/MLA-3418778812-departamento-en-venta-de-3-ambientes-con-vista-abierta-muy-luminoso-boedo-_JM#polycard_client=search-desktop&price_drop=not_apply&be_origin=backend&overlay_label=not_apply&search_layout=grid&position=20&type=item&tracking_id=7b10384f-6ba0-4594-a186-aa1529f8017a&sid=search
1108,MLA3219611398,almagro,almagro,135000.0,115.0,3.0,60.0,1173.9130434782608,1626.0,-27.8,True,False,True,False,1,False,False,1.0,https://departamento.mercadolibre.com.ar/MLA-3219611398-gran-3-ambientes-en-almagro-venta-_JM#polycard_client=search-desktop&float_highlight=not_apply&price_drop=not_apply&be_origin=backend&overlay_label=not_apply&search_layout=grid&position=37&type=item&tracking_id=7126f21c-739b-472e-93c0-06991e59087c&sid=search
1109,MLA3644315326,recoleta,recoleta,109999.0,63.0,2.0,70.0,1746.015873015873,2418.0,-27.8,True,False,True,False,1,False,False,0.96,https://departamento.mercadolibre.com.ar/MLA-3644315326-venta-financiamiento-departamento-2-amb-dependencia-76m2-c-patio-recoleta-_JM#polycard_client=search-desktop&price_drop=not_apply&be_origin=backend&overlay_label=not_apply&search_layout=grid&position=13&type=item&tracking_id=09988340-db24-467b-8050-c29a4760e004&sid=search
1110,MLA1769788757,caballito,caballito,357000.0,200.0,7.0,50.0,1785.0,2472.0,-27.8,True,False,True,False,1,False,False,0.96,https://departamento.mercadolibre.com.ar/MLA-1769788757-av-rivadavia-4900-caballito-7amb-u357000-_JM#polycard_client=search-desktop&float_highlight=not_apply&price_drop=not_apply&be_origin=backend&overlay_label=not_apply&search_layout=grid&position=45&type=item&tracking_id=e21dcebb-ae07-47d6-8189-17af930b0487&sid=search
1111,MLA1761988611,mataderos,mataderos,74000.0,65.0,3.0,,1138.4615384615386,1577.0,-27.8,True,False,True,False,1,False,False,0.65,https://departamento.mercadolibre.com.ar/MLA-1761988611-venta-departamento-de-3-ambientes-apto-credito-av-general-paz-13100-_JM#polycard_client=search-desktop&price_drop=not_apply&be_origin=backend&overlay_label=not_apply&search_layout=grid&position=14&type=item&tracking_id=a90459bf-3b03-47b9-b2ca-642f3e3f080b&sid=search
1112,MLA3720664580,almagro,almagro,115000.0,49.0,2.0,14.0,2346.938775510204,3250.0,-27.8,True,False,True,False,1,False,False,0.92,https://departamento.mercadolibre.com.ar/MLA-3720664580-2-amb-balcon-cochera-pileta-gym-apto-profesional-_JM#polycard_client=search-desktop&price_drop=not_apply&be_origin=backend&overlay_label=not_apply&search_layout=grid&position=45&type=item&tracking_id=18a139c6-89de-49d8-ad4a-eca090009884&sid=search
1113,MLA1846041491,puerto-madero,puerto-madero,420000.0,105.0,2.0,15.0,4000.0,5540.0,-27.8,False,False,False,False,1,False,False,1.0,https://departamento.mercadolibre.com.ar/MLA-1846041491-venta-exclusivo-departamento-edificio-la-portena-2-ambientes-110-m-sin-cochera-_JM#polycard_client=search-desktop&price_drop=not_apply&be_origin=backend&overlay_label=not_apply&search_layout=grid&position=8&type=item&tracking_id=2a3547eb-30e5-4919-8da1-719b40d2f3f1&sid=search
1114,MLA3476721612,almagro,almagro,78500.0,52.0,3.0,,1509.6153846153843,2090.0,-27.8,True,False,True,False,1,False,False,0.69,https://departamento.mercadolibre.com.ar/MLA-3476721612-departamento-3-ambientes-en-almagro-_JM#polycard_client=search-desktop&float_highlight=not_apply&price_drop=not_apply&be_origin=backend&overlay_label=not_apply&search_layout=grid&position=17&type=item&tracking_id=d50035c8-9174-4320-97ef-cd857c2682d0&sid=search
1115,MLA1921989003,parque-avellaneda,parque-avellaneda_0,37000.0,35.0,1.0,,1057.142857142857,1464.0,-27.8,False,False,False,False,1,False,False,0.27,https://departamento.mercadolibre.com.ar/MLA-1921989003-monoambiente-en-venta-en-b-nagera-parque-avellaneda-_JM#polycard_client=search-desktop&price_drop=not_apply&be_origin=backend&overlay_label=not_apply&search_layout=grid&position=18&type=item&tracking_id=0ca56838-3a83-45e9-8df6-f517fe5be0f5&sid=search
1116,MLA3769873854,villa-del-parque,villa-del-parque,79000.0,57.0,3.0,60.0,1385.9649122807018,1919.0,-27.8,True,True,False,False,1,False,False,1.0,https://departamento.mercadolibre.com.ar/MLA-3769873854-venta-departmento-3-ambientes-en-villa-del-parque-_JM#polycard_client=search-desktop&float_highlight=recent_publication&price_drop=not_apply&be_origin=backend&overlay_label=not_apply&search_layout=grid&position=20&type=item&tracking_id=7da1e609-38a9-4800-b205-eb0fc30871ca&sid=search
1117,MLA3314417154,monte-castro,monte-castro_4,69000.0,57.0,3.0,52.0,1210.5263157894738,1676.0,-27.8,True,False,True,False,1,False,False,0.96,https://departamento.mercadolibre.com.ar/MLA-3314417154-departamento-tipo-ph-3-ambientes-muy-bajas-expensas-ideal-reciclaje-_JM#polycard_client=search-desktop&price_drop=not_apply&be_origin=backend&overlay_label=not_apply&search_layout=grid&position=2&type=item&tracking_id=25f1d988-af85-46e6-8078-b47d773f0528&sid=search
1118,MLA1957298077,saavedra,saavedra,165000.0,78.0,4.0,40.0,2115.3846153846152,2929.0,-27.8,True,True,False,False,1,False,False,0.92,https://departamento.mercadolibre.com.ar/MLA-1957298077-venta-departamento-4-ambientes-con-cochera-en-saavedra-_JM#polycard_client=search-desktop&price_drop=not_apply&be_origin=backend&overlay_label=not_apply&search_layout=grid&position=17&type=item&tracking_id=ecac04a4-6957-4789-9bcd-437b72a10f48&sid=search
1119,MLA3618474148,villa-urquiza,villa-urquiza_4,75000.0,40.0,,10.0,1875.0,2594.0,-27.7,True,True,False,False,1,False,False,0.69,https://departamento.mercadolibre.com.ar/MLA-3618474148-monomabiente-vista-panoramica-le-brique-_JM#polycard_client=search-desktop&price_drop=not_apply&be_origin=backend&overlay_label=not_apply&search_layout=grid&position=27&type=item&tracking_id=97d48c05-7871-43aa-8748-2e524acbbf88&sid=search
1120,MLA3559655300,villa-lugano,villa-lugano_1,76000.0,85.0,5.0,45.0,894.1176470588235,1237.0,-27.7,False,False,False,False,1,False,False,0.92,https://departamento.mercadolibre.com.ar/MLA-3559655300-departamento-en-villa-lugano-_JM#polycard_client=search-desktop&price_drop=not_apply&be_origin=backend&overlay_label=not_apply&search_layout=grid&position=3&type=item&tracking_id=785835d6-def5-497b-9abc-6b433a9a4783&sid=search
1121,MLA3720098678,belgrano,belgrano_3,349000.0,166.0,4.0,46.0,2102.409638554217,2908.0,-27.7,True,False,True,False,1,False,False,0.81,https://departamento.mercadolibre.com.ar/MLA-3720098678-venta-piso-4-amb-belgrano-c-cochera-y-patios-_JM#polycard_client=search-desktop&price_drop=not_apply&be_origin=backend&overlay_label=not_apply&search_layout=grid&position=10&type=item&tracking_id=32447186-0bbd-4ce5-97c4-774fc180f88e&sid=search
1122,MLA3645845810,belgrano,belgrano,339000.0,141.0,4.0,40.0,2404.255319148936,3325.0,-27.7,True,False,True,False,1,False,False,0.88,https://departamento.mercadolibre.com.ar/MLA-3645845810-piso-cdep-en-cuba-al-2500-coch-fte-y-cfte-207-m2-baulera-balcon-gran-tza-tsol-suite-_JM#polycard_client=search-desktop&price_drop=not_apply&be_origin=backend&overlay_label=not_apply&search_layout=grid&position=1&type=item&tracking_id=7598c98c-ad3a-4472-a1ab-195db97e5041&sid=search
1123,MLA3567111986,floresta,floresta_3,114000.0,75.0,3.0,15.0,1520.0,2102.0,-27.7,True,False,True,False,1,False,False,0.42,https://departamento.mercadolibre.com.ar/MLA-3567111986-departamento-en-venta-en-floresta-_JM#polycard_client=search-desktop&price_drop=not_apply&be_origin=backend&overlay_label=not_apply&search_layout=grid&position=5&type=item&tracking_id=b05e02a7-1c95-4160-be9e-d1fad7183be8&sid=search
1124,MLA2810483316,balvanera,balvanera_0,125000.0,99.0,3.0,20.0,1262.6262626262626,1746.0,-27.7,True,True,False,False,1,False,False,0.96,https://departamento.mercadolibre.com.ar/MLA-2810483316-departamento-en-venta-en-balvanera-_JM#polycard_client=search-desktop&price_drop=not_apply&be_origin=backend&overlay_label=not_apply&search_layout=grid&position=48&type=item&tracking_id=4b832ba2-95e8-4106-aaa7-a76202dc87d1&sid=search
1125,MLA1831355147,floresta,floresta_1,64900.0,61.0,3.0,50.0,1063.9344262295083,1471.0,-27.7,True,False,True,False,1,False,False,0.92,https://departamento.mercadolibre.com.ar/MLA-1831355147-yerbal-3166-3-piso-al-frente-3amb-con-vista-abierta-_JM#polycard_client=search-desktop&price_drop=not_apply&be_origin=backend&overlay_label=not_apply&search_layout=grid&position=18&type=item&tracking_id=b05e02a7-1c95-4160-be9e-d1fad7183be8&sid=search
1126,MLA3720664742,nunez,nunez_0,55000.0,20.0,1.0,5.0,2750.0,3802.0,-27.7,True,False,True,False,1,False,False,0.77,https://departamento.mercadolibre.com.ar/MLA-3720664742-departamento-nunez-financiacion-_JM#polycard_client=search-desktop&price_drop=not_apply&be_origin=backend&overlay_label=not_apply&search_layout=grid&position=13&type=item&tracking_id=1739b10d-969c-4203-8981-4072ecd549b2&sid=search
1127,MLA3554797026,recoleta,recoleta_3,318000.0,170.0,6.0,60.0,1870.5882352941176,2586.0,-27.7,False,True,False,False,1,False,False,1.0,https://departamento.mercadolibre.com.ar/MLA-3554797026-venta-departamento-6-ambientes-en-recoleta-con-dependencia-y-cochera-_JM#polycard_client=search-desktop&price_drop=not_apply&be_origin=backend&overlay_label=not_apply&search_layout=grid&position=26&type=item&tracking_id=3af8926c-b877-40ba-9ad5-6f97caf73fe3&sid=search
1128,MLA2813824460,barracas,barracas_1,88500.0,59.0,3.0,20.0,1500.0,2073.0,-27.6,False,True,False,False,1,False,False,1.0,https://departamento.mercadolibre.com.ar/MLA-2813824460-departamento-en-barracas-_JM#polycard_client=search-desktop&price_drop=not_apply&be_origin=backend&overlay_label=not_apply&search_layout=grid&position=4&type=item&tracking_id=b40b62ff-6787-44c4-a166-68b179683cc0&sid=search
1129,MLA1899937017,palermo,palermo_0,163000.0,87.0,4.0,70.0,1873.5632183908049,2588.0,-27.6,True,False,True,False,1,False,False,0.92,https://departamento.mercadolibre.com.ar/MLA-1899937017-venta-palermo-4-ambientes-fitz-roy-y-santa-fe-_JM#polycard_client=search-desktop&price_drop=not_apply&be_origin=backend&overlay_label=not_apply&search_layout=grid&position=45&type=item&tracking_id=c98b21f5-0999-44bf-8841-777e7b382a79&sid=search
1130,MLA1946151601,flores,flores,95000.0,77.0,4.0,56.0,1233.7662337662337,1704.0,-27.6,True,False,True,False,1,False,False,0.81,https://departamento.mercadolibre.com.ar/MLA-1946151601-venta-depto-4-amb-flores-muy-luminoso-apto-cred-_JM#polycard_client=search-desktop&price_drop=not_apply&be_origin=backend&overlay_label=not_apply&search_layout=grid&position=37&type=item&tracking_id=ac6a1709-4250-4096-a403-9392f06111d5&sid=search
1131,MLA3141346148,villa-lugano,villa-lugano,49000.0,64.0,4.0,,765.625,1058.0,-27.6,False,False,False,False,1,False,False,0.27,https://departamento.mercadolibre.com.ar/MLA-3141346148-departamento-de-cuatro-ambientes-en-venta-en-barrio-piedrabuena-_JM#polycard_client=search-desktop&float_highlight=not_apply&price_drop=not_apply&be_origin=backend&overlay_label=not_apply&search_layout=grid&position=10&type=item&tracking_id=a311306c-e703-4943-8281-ca5871531cfc&sid=search
1132,MLA3075221658,villa-del-parque,villa-del-parque,95000.0,70.0,3.0,40.0,1357.142857142857,1875.0,-27.6,True,False,True,False,1,False,False,0.88,https://departamento.mercadolibre.com.ar/MLA-3075221658-venta-departamento-3-amb-2-patios-apto-credito--_JM#polycard_client=search-desktop&float_highlight=not_apply&price_drop=not_apply&be_origin=backend&overlay_label=not_apply&search_layout=grid&position=3&type=item&tracking_id=29638f89-b7fd-488f-a406-a8f09aa95329&sid=search
1133,MLA3761930974,belgrano,belgrano_1,136000.0,59.0,2.0,20.0,2305.084745762712,3184.0,-27.6,True,False,True,False,1,False,False,0.96,https://departamento.mercadolibre.com.ar/MLA-3761930974-venta-departamento-tipo-duplex-en-belgrano-_JM#polycard_client=search-desktop&float_highlight=recent_publication&price_drop=not_apply&be_origin=backend&overlay_label=not_apply&search_layout=grid&position=26&type=item&tracking_id=5bcec6da-ee05-4bd9-ac52-e10954c479f5&sid=search
1134,MLA1945065831,balvanera,balvanera_2,95000.0,89.0,4.0,69.0,1067.415730337079,1474.0,-27.6,True,False,True,False,1,False,False,0.85,https://departamento.mercadolibre.com.ar/MLA-1945065831-departamento-4-ambientes-con-cocina-taller-once-_JM#polycard_client=search-desktop&price_drop=not_apply&be_origin=backend&overlay_label=not_apply&search_layout=grid&position=9&type=item&tracking_id=d23d46d3-e678-41c9-b9bf-1ef26f64cbb5&sid=search
1135,MLA1756753247,boedo,boedo_4,63000.0,45.0,3.0,15.0,1400.0,1933.0,-27.6,True,False,True,False,2,False,False,0.85,https://departamento.mercadolibre.com.ar/MLA-1756753247-departamento-a-la-venta-2-ambientes-y-medio-_JM#polycard_client=search-desktop&price_drop=not_apply&be_origin=backend&overlay_label=not_apply&search_layout=grid&position=13&type=item&tracking_id=a9820f5f-0f13-4277-9fa2-1a010caedf7f&sid=search
1136,MLA1696142909,constitucion,constitucion_2,79000.0,104.0,4.0,46.0,759.6153846153846,1049.0,-27.6,True,False,True,False,1,False,False,0.88,https://departamento.mercadolibre.com.ar/MLA-1696142909-oportunidad-gran-depto-4-amb-constitucion-_JM#polycard_client=search-desktop&price_drop=not_apply&be_origin=backend&overlay_label=not_apply&search_layout=grid&position=20&type=item&tracking_id=a60f14bb-83a1-46ad-9b12-fc519685ef1a&sid=search
1137,MLA1749985553,puerto-madero,puerto-madero,350000.0,62.0,2.0,1.0,5645.1612903225805,7792.0,-27.5,False,False,False,False,1,False,False,0.88,https://departamento.mercadolibre.com.ar/MLA-1749985553-venta-2-ambientes-lumiere-boulevard-puerto-madero-con-cochera-_JM#polycard_client=search-desktop&float_highlight=not_apply&price_drop=not_apply&be_origin=backend&overlay_label=not_apply&search_layout=grid&position=32&type=item&tracking_id=250f000c-3455-494e-a2d0-50a999a9b5f2&sid=search
1138,MLA1756842819,velez-sarsfield,velez-sarsfield_0,78900.0,70.0,3.0,54.0,1127.142857142857,1556.0,-27.5,True,False,True,False,1,False,False,0.69,https://departamento.mercadolibre.com.ar/MLA-1756842819-robusto-a-ultranza-3-amb-de-epoca-semipiso-contrafrente-_JM#polycard_client=search-desktop&price_drop=not_apply&be_origin=backend&overlay_label=not_apply&search_layout=grid&position=35&type=item&tracking_id=b54d9d73-67a5-4b00-b9b8-2c80c81bbb8e&sid=search
1139,MLA1982668433,almagro,almagro,54000.0,39.0,2.0,56.0,1384.6153846153843,1911.0,-27.5,True,False,True,False,1,False,False,0.81,https://departamento.mercadolibre.com.ar/MLA-1982668433-departamento-2-ambientes-en-almagro-_JM#polycard_client=search-desktop&float_highlight=recent_publication&price_drop=not_apply&be_origin=backend&overlay_label=not_apply&search_layout=grid&position=46&type=item&tracking_id=4692b8c1-96a5-4005-8510-c217dfe6722f&sid=search
1140,MLA3727513974,villa-crespo,villa-crespo_0,135000.0,102.0,5.0,40.0,1323.529411764706,1826.0,-27.5,True,False,True,False,2,False,False,0.88,https://departamento.mercadolibre.com.ar/MLA-3727513974-oportunidad-us-1274-venta-depto-5-amb-villa-crespo-_JM#polycard_client=search-desktop&price_drop=not_apply&be_origin=backend&overlay_label=not_apply&search_layout=grid&position=12&type=item&tracking_id=c37c5519-4402-4f00-8857-803e7b80cc62&sid=search
1141,MLA1935048451,colegiales,colegiales,180000.0,90.0,4.0,30.0,2000.0,2759.0,-27.5,True,False,True,False,1,False,False,0.46,https://departamento.mercadolibre.com.ar/MLA-1935048451-departamento-en-venta-en-colegiales-capital-federal-buenos-aires-_JM#polycard_client=search-desktop&price_drop=not_apply&be_origin=backend&overlay_label=not_apply&search_layout=grid&position=43&type=item&tracking_id=6482ce34-8815-49d1-916c-35a2cd829066&sid=search
1142,MLA1845941131,floresta,floresta_0,42000.0,37.0,2.0,50.0,1135.1351351351352,1566.0,-27.5,True,False,True,False,1,False,False,0.96,https://departamento.mercadolibre.com.ar/MLA-1845941131-venta-departamento-floresta-_JM#polycard_client=search-desktop&price_drop=not_apply&be_origin=backend&overlay_label=not_apply&search_layout=grid&position=3&type=item&tracking_id=569ea35b-4bfb-496d-b812-bfc3bfa5e293&sid=search
1143,MLA3218674920,villa-luro,villa-luro,76000.0,44.0,2.0,5.0,1727.2727272727273,2382.0,-27.5,True,False,True,False,1,False,True,0.92,https://departamento.mercadolibre.com.ar/MLA-3218674920-venta-monoambiente-divisible-crenta-en-villa-luro-_JM#polycard_client=search-desktop&float_highlight=not_apply&price_drop=not_apply&be_origin=backend&overlay_label=not_apply&search_layout=grid&position=15&type=item&tracking_id=bd5700a8-1858-4282-b6db-c2dd5d3fb9f7&sid=search
1144,MLA3763918010,barrio-norte,barrio-norte,49000.0,25.0,1.0,45.0,1960.0,2703.0,-27.5,False,False,False,False,1,True,False,0.96,https://departamento.mercadolibre.com.ar/MLA-3763918010-monoambiente-a-reciclar-completamente-barrio-norte-_JM#polycard_client=search-desktop&float_highlight=recent_publication&price_drop=not_apply&be_origin=backend&overlay_label=not_apply&search_layout=grid&position=26&type=item&tracking_id=eebc7bfb-4766-4632-931f-b3bb0e15fe14&sid=search
1145,MLA3572907862,flores,flores_4,50000.0,63.0,4.0,45.0,793.6507936507936,1095.0,-27.5,True,True,False,False,1,False,False,1.0,https://departamento.mercadolibre.com.ar/MLA-3572907862-venta-departamento-4-ambientes-en-flores-_JM#polycard_client=search-desktop&price_drop=not_apply&be_origin=backend&overlay_label=not_apply&search_layout=grid&position=40&type=item&tracking_id=cd0ecee1-6a0d-4811-98a9-5c836fb8cc87&sid=search
1146,MLA1854656713,almagro,almagro,48000.0,34.0,2.0,50.0,1411.764705882353,1947.0,-27.5,True,False,True,False,1,False,False,0.92,https://departamento.mercadolibre.com.ar/MLA-1854656713-departamento-en-venta-en-almagro-_JM#polycard_client=search-desktop&float_highlight=not_apply&price_drop=not_apply&be_origin=backend&overlay_label=not_apply&search_layout=grid&position=48&type=item&tracking_id=02a5bc28-a075-4d27-a900-2c9b216bf52d&sid=search
1147,MLA3331819990,villa-urquiza,villa-urquiza_0,94000.0,37.0,1.0,5.0,2540.5405405405404,3503.0,-27.5,True,False,True,False,1,False,False,0.54,https://departamento.mercadolibre.com.ar/MLA-3331819990-departamento-monoambiente-en-venta-en-villa-urquiza-capital-federal-buenos-aires-_JM#polycard_client=search-desktop&price_drop=not_apply&be_origin=backend&overlay_label=not_apply&search_layout=grid&position=6&type=item&tracking_id=48465034-c055-4c1a-9e42-db67396d205a&sid=search
1148,MLA1933235823,san-telmo,san-telmo_3,78000.0,67.0,3.0,48.0,1164.179104477612,1605.0,-27.4,True,False,True,False,1,False,False,0.81,https://departamento.mercadolibre.com.ar/MLA-1933235823-departamento-en-san-telmo-_JM#polycard_client=search-desktop&price_drop=not_apply&be_origin=backend&overlay_label=not_apply&search_layout=grid&position=13&type=item&tracking_id=e3b96bfe-ea13-474d-923a-f834f6d0a7db&sid=search
1149,MLA3453766802,recoleta,recoleta_4,166000.0,104.0,4.0,67.0,1596.1538461538462,2200.0,-27.4,False,True,False,False,1,False,False,1.0,https://departamento.mercadolibre.com.ar/MLA-3453766802-departamento-apto-profesional-recoleta-4-amb-con-dep-_JM#polycard_client=search-desktop&price_drop=not_apply&be_origin=backend&overlay_label=not_apply&search_layout=grid&position=15&type=item&tracking_id=8eba97a3-ef44-4244-8756-a5822ca6cc4d&sid=search
1150,MLA3377569210,villa-devoto,villa-devoto_0,76000.0,39.0,2.0,20.0,1948.7179487179487,2686.0,-27.4,True,False,True,False,1,False,False,0.46,https://departamento.mercadolibre.com.ar/MLA-3377569210-departamento-en-venta-en-villa-devoto-capital-federal-buenos-aires-_JM#polycard_client=search-desktop&price_drop=not_apply&be_origin=backend&overlay_label=not_apply&search_layout=grid&position=9&type=item&tracking_id=ec69fb74-7751-4f49-98fa-d1e46b137555&sid=search
1151,MLA3720473134,villa-urquiza,villa-urquiza_0,85000.0,33.0,1.0,3.0,2575.757575757576,3549.0,-27.4,True,False,True,False,1,False,False,0.81,https://departamento.mercadolibre.com.ar/MLA-3720473134-venta-en-pozo-villa-urquiza-monoambiente-_JM#polycard_client=search-desktop&price_drop=not_apply&be_origin=backend&overlay_label=not_apply&search_layout=grid&position=23&type=item&tracking_id=c71c19ad-8c8c-42b4-ab7a-c63e006d7c62&sid=search
1152,MLA1843388381,flores,flores_2,165000.0,128.0,5.0,46.0,1289.0625,1776.0,-27.4,True,False,True,False,1,False,False,0.92,https://departamento.mercadolibre.com.ar/MLA-1843388381-departamento-en-flores-_JM#polycard_client=search-desktop&price_drop=not_apply&be_origin=backend&overlay_label=not_apply&search_layout=grid&position=23&type=item&tracking_id=51021021-3c18-4b5c-8505-56a11b15cf25&sid=search
1153,MLA1661470385,flores,flores_3,330000.0,245.0,7.0,70.0,1346.938775510204,1855.0,-27.4,True,False,True,False,1,False,False,0.73,https://departamento.mercadolibre.com.ar/MLA-1661470385-venta-departamento-flores-lautaro-500-terraza-propia-245-m-video-_JM#polycard_client=search-desktop&price_drop=not_apply&be_origin=backend&overlay_label=not_apply&search_layout=grid&position=11&type=item&tracking_id=0933f9eb-957d-49b4-94b2-66227a62f008&sid=search
1154,MLA3514956544,puerto-madero,puerto-madero,1100000.0,250.0,4.0,12.0,4400.0,6060.0,-27.4,False,True,False,False,1,False,False,1.0,https://departamento.mercadolibre.com.ar/MLA-3514956544-venta-duplex-4-ambientes-puerto-madero-_JM#polycard_client=search-desktop&price_drop=not_apply&be_origin=backend&overlay_label=not_apply&search_layout=grid&position=1&type=item&tracking_id=e9f1c2ed-9737-4e71-aabe-633a873b044c&sid=search
1155,MLA3737075476,villa-del-parque,villa-del-parque,175000.0,117.0,4.0,50.0,1495.7264957264956,2059.0,-27.4,True,True,False,False,1,True,False,0.92,https://departamento.mercadolibre.com.ar/MLA-3737075476-departamento-4-ambientes-con-balcon-al-frente-a-refaccionar-villa-del-parque-_JM#polycard_client=search-desktop&price_drop=not_apply&be_origin=backend&overlay_label=not_apply&search_layout=grid&position=23&type=item&tracking_id=371920e5-7a40-49bf-9970-0f787735400b&sid=search
1156,MLA1814842151,san-nicolas,san-nicolas,44900.0,25.0,1.0,1.0,1796.0,2473.0,-27.4,True,False,True,False,1,False,True,0.96,https://departamento.mercadolibre.com.ar/MLA-1814842151-venta-departamento-monoambiente-san-nicolas-ideal-inversion-renta-_JM#polycard_client=search-desktop&price_drop=not_apply&be_origin=backend&overlay_label=not_apply&search_layout=grid&position=29&type=item&tracking_id=c6ddcef5-2bc2-40f6-9fb6-7e5115678c62&sid=search
1157,MLA1797301103,belgrano,belgrano_3,123900.0,40.0,1.0,4.0,3097.5,4264.0,-27.4,True,False,True,False,1,False,False,1.0,https://departamento.mercadolibre.com.ar/MLA-1797301103-venta-exclusivo-monoambientes-edificio-liberty-aisenson-belgrano-apto-profesional-_JM#polycard_client=search-desktop&price_drop=not_apply&be_origin=backend&overlay_label=not_apply&search_layout=grid&position=8&type=item&tracking_id=d3a58b35-a436-44c3-aec7-9917ec78cf88&sid=search
1158,MLA1923647669,san-telmo,san-telmo_3,30000.0,20.0,1.0,50.0,1500.0,2065.0,-27.4,True,True,False,False,2,False,False,1.0,https://departamento.mercadolibre.com.ar/MLA-1923647669-venta-departamento-monoambiente-en-san-telmo-financiacion-por-dueno-directo-_JM#polycard_client=search-desktop&price_drop=not_apply&be_origin=backend&overlay_label=not_apply&search_layout=grid&position=37&type=item&tracking_id=6f2301fa-b2a0-403f-ab72-4b603fa64a94&sid=search
1159,MLA1724026623,barracas,barracas_0,215000.0,138.0,1.0,20.0,1557.9710144927535,2144.0,-27.3,False,True,False,False,1,False,False,0.81,https://departamento.mercadolibre.com.ar/MLA-1724026623-muy-amplio-departamento-tipo-loft-en-barracas-central-136-m2-cubiertos-gym-piscina-sum-cochera-propia-cocheras-de-cortesia-a-5-minutos-del-centro-_JM#polycard_client=search-desktop&price_drop=not_apply&be_origin=backend&overlay_label=not_apply&search_layout=grid&position=39&type=item&tracking_id=9777c480-6961-454e-9a22-df9f34b92aea&sid=search
1160,MLA3692908656,san-nicolas,san-nicolas,580000.0,305.0,9.0,5.0,1901.639344262295,2617.0,-27.3,True,True,False,False,1,False,False,0.96,https://departamento.mercadolibre.com.ar/MLA-3692908656-venta-de-departamentos-con-fondo-de-comercio-alq-temporarios-_JM#polycard_client=search-desktop&price_drop=not_apply&be_origin=backend&overlay_label=not_apply&search_layout=grid&position=29&type=item&tracking_id=b942646f-4c15-4788-be8f-a7a78ab4f156&sid=search
1161,MLA1945612847,palermo,palermo_2,63000.0,37.0,2.0,54.0,1702.7027027027027,2343.0,-27.3,True,False,True,False,1,False,False,0.85,https://departamento.mercadolibre.com.ar/MLA-1945612847-venta-departamento-2-ambientes-en-palermo-_JM#polycard_client=search-desktop&price_drop=not_apply&be_origin=backend&overlay_label=not_apply&search_layout=grid&position=42&type=item&tracking_id=4c6e1077-9dfb-498a-928e-4de5b4a74d4b&sid=search
1162,MLA3599934936,san-nicolas,san-nicolas,75000.0,69.0,3.0,74.0,1086.9565217391305,1495.0,-27.3,True,True,False,True,1,False,False,1.0,https://departamento.mercadolibre.com.ar/MLA-3599934936-departamentooficina-en-venta-de-3-ambientes-con-cercania-a-subte-y-obelisco-_JM#polycard_client=search-desktop&price_drop=true&be_origin=backend&overlay_label=not_apply&search_layout=grid&position=30&type=item&tracking_id=b942646f-4c15-4788-be8f-a7a78ab4f156&sid=search
1163,MLA3721592120,villa-lugano,villa-lugano,49000.0,65.0,4.0,46.0,753.8461538461538,1037.0,-27.3,False,False,False,False,1,False,False,0.77,https://departamento.mercadolibre.com.ar/MLA-3721592120-venta-dpto-4-ambientes-villa-lugano-luminoso-_JM#polycard_client=search-desktop&price_drop=not_apply&be_origin=backend&overlay_label=not_apply&search_layout=grid&position=44&type=item&tracking_id=d32168ef-ddef-4383-a0f2-da3abf43f709&sid=search
1164,MLA1945612077,almagro,almagro,105000.0,80.0,4.0,45.0,1312.5,1806.0,-27.3,True,False,True,False,1,False,False,0.81,https://departamento.mercadolibre.com.ar/MLA-1945612077-venta-depto-4-ambientes-balcon-apto-prof-_JM#polycard_client=search-desktop&price_drop=not_apply&be_origin=backend&overlay_label=not_apply&search_layout=grid&position=28&type=item&tracking_id=94e6e5f3-103d-4fe2-8f08-8f4bc0adf0cd&sid=search
1165,MLA2810516164,villa-lugano,villa-lugano_3,45000.0,65.0,4.0,40.0,692.3076923076923,952.0,-27.3,False,False,False,False,1,False,False,0.96,https://departamento.mercadolibre.com.ar/MLA-2810516164-departamento-en-venta-en-villa-lugano-_JM#polycard_client=search-desktop&price_drop=not_apply&be_origin=backend&overlay_label=not_apply&search_layout=grid&position=3&type=item&tracking_id=7f46f9e1-632a-449d-8385-387827c2f3a7&sid=search
1166,MLA2686756444,puerto-madero,puerto-madero,694900.0,148.0,4.0,10.0,4695.27027027027,6459.0,-27.3,False,False,False,False,1,False,False,0.96,https://departamento.mercadolibre.com.ar/MLA-2686756444-azopardo-700-torre-la-prensa-departamento-167m2-4-ambientes-piso-alto-vista-al-rio-puerto-madero-_JM#polycard_client=search-desktop&float_highlight=not_apply&price_drop=not_apply&be_origin=backend&overlay_label=not_apply&search_layout=grid&position=9&type=item&tracking_id=b4c3edc4-ddc1-49cd-bf24-5548efd2a095&sid=search
1167,MLA3540861696,recoleta,recoleta_0,159000.0,80.0,4.0,50.0,1987.5,2734.0,-27.3,False,False,False,False,1,False,False,0.96,https://departamento.mercadolibre.com.ar/MLA-3540861696-hermoso-ambiente-divisible-en-palermo-soho-_JM#polycard_client=search-desktop&price_drop=not_apply&be_origin=backend&overlay_label=not_apply&search_layout=grid&position=13&type=item&tracking_id=73ca0562-3e29-4c01-b428-693a5f46fa19&sid=search
1168,MLA3113561160,recoleta,recoleta_3,179000.0,115.0,4.0,80.0,1556.5217391304348,2141.0,-27.3,False,False,False,False,1,False,False,0.96,https://departamento.mercadolibre.com.ar/MLA-3113561160-recoleta-4-amb-c-balcon-y-patio-_JM#polycard_client=search-desktop&float_highlight=not_apply&price_drop=not_apply&be_origin=backend&overlay_label=not_apply&search_layout=grid&position=33&type=item&tracking_id=2a5cbe09-c87d-450a-b232-7b97af670e9f&sid=search
1169,MLA1923650233,constitucion,constitucion,64000.0,74.0,3.0,60.0,864.8648648648649,1190.0,-27.3,True,False,True,False,1,False,False,0.96,https://departamento.mercadolibre.com.ar/MLA-1923650233-departamento-venta-3-ambientes-bernardo-de-irigoyen-1300-constitucion-oportunidad-_JM#polycard_client=search-desktop&price_drop=not_apply&be_origin=backend&overlay_label=not_apply&search_layout=grid&position=15&type=item&tracking_id=4e71d895-470c-4de4-bb00-dd0f11799729&sid=search
1170,MLA3388410940,boedo,boedo_2,68000.0,33.0,1.0,8.0,2060.6060606060605,2834.0,-27.3,True,False,True,False,1,False,False,0.92,https://departamento.mercadolibre.com.ar/MLA-3388410940-departamento-1-ambiente-contra-frente-en-muy-buen-estado-con-posibilidad-de-cochera-_JM#polycard_client=search-desktop&price_drop=not_apply&be_origin=backend&overlay_label=not_apply&search_layout=grid&position=48&type=item&tracking_id=16c3b18f-921d-4ef1-8917-3793b53f30d3&sid=search
1171,MLA3720474732,caballito,caballito,60000.0,28.0,1.0,3.0,2142.8571428571427,2948.0,-27.3,True,False,True,False,1,False,False,0.81,https://departamento.mercadolibre.com.ar/MLA-3720474732-venta-monoambiente-en-caballito-con-balcon-_JM#polycard_client=search-desktop&price_drop=not_apply&be_origin=backend&overlay_label=not_apply&search_layout=grid&position=43&type=item&tracking_id=bcd76640-c16f-4fc8-b794-a79b80d96a1b&sid=search
1172,MLA3786581150,liniers,liniers,41500.0,35.0,1.0,20.0,1185.7142857142858,1631.0,-27.3,True,True,False,False,1,False,False,1.0,https://departamento.mercadolibre.com.ar/MLA-3786581150-dpto-en-alquiler-_JM#polycard_client=search-desktop&price_drop=not_apply&be_origin=backend&overlay_label=not_apply&search_layout=grid&position=36&type=item&tracking_id=34cd30cc-bfc7-4381-bd90-1cb617d139a5&sid=search
1173,MLA1945076341,nueva-pompeya,nueva-pompeya,35000.0,45.0,2.0,46.0,777.7777777777778,1070.0,-27.3,True,False,True,False,1,False,False,0.85,https://departamento.mercadolibre.com.ar/MLA-1945076341-venta-departamento-2-ambientes-nueva-pompeya-_JM#polycard_client=search-desktop&price_drop=not_apply&be_origin=backend&overlay_label=not_apply&search_layout=grid&position=35&type=item&tracking_id=0d117105-f9ed-44da-bbaf-9e3721f00c21&sid=search
1174,MLA3706500354,san-telmo,san-telmo_0,115000.0,100.0,3.0,50.0,1150.0,1582.0,-27.3,True,False,True,False,1,False,False,0.88,https://departamento.mercadolibre.com.ar/MLA-3706500354-hermoso-departamento-3-ambientes-con-dependencia-y-balcon-en-venta-_JM#polycard_client=search-desktop&price_drop=not_apply&be_origin=backend&overlay_label=not_apply&search_layout=grid&position=31&type=item&tracking_id=6f2301fa-b2a0-403f-ab72-4b603fa64a94&sid=search
1175,MLA3720671376,flores,flores_0,65000.0,57.0,3.0,71.0,1140.3508771929824,1568.0,-27.3,True,False,True,False,1,False,False,0.85,https://departamento.mercadolibre.com.ar/MLA-3720671376-departamento-3-amb-en-venta-flores-con-balcon-_JM#polycard_client=search-desktop&price_drop=not_apply&be_origin=backend&overlay_label=not_apply&search_layout=grid&position=24&type=item&tracking_id=d81cde2c-5006-4e49-a8ff-114fa81ef1d5&sid=search
1176,MLA3727537940,caballito,caballito,198000.0,110.0,4.0,44.0,1800.0,2476.0,-27.3,True,False,True,False,1,False,False,0.96,https://departamento.mercadolibre.com.ar/MLA-3727537940-venta-departamento-piso-de-4-ambientes-dependencia-de-servicio-cochera-e-ingreso-doble-caballito-_JM#polycard_client=search-desktop&price_drop=not_apply&be_origin=backend&overlay_label=not_apply&search_layout=grid&position=17&type=item&tracking_id=786441f8-ee71-4c47-b56b-813626120e0c&sid=search
1177,MLA1868858783,recoleta,recoleta,89000.0,47.0,3.0,50.0,1893.617021276596,2604.0,-27.3,False,False,False,True,1,False,False,0.92,https://departamento.mercadolibre.com.ar/MLA-1868858783-departamento-en-recoleta-_JM#polycard_client=search-desktop&price_drop=true&be_origin=backend&overlay_label=not_apply&search_layout=grid&position=39&type=item&tracking_id=09988340-db24-467b-8050-c29a4760e004&sid=search
1178,MLA1882914769,palermo,palermo_2,57000.0,31.0,2.0,57.0,1838.7096774193549,2528.0,-27.3,True,False,True,False,1,False,False,0.46,https://departamento.mercadolibre.com.ar/MLA-1882914769-venta-departamento-2-ambientes-en-palermo-_JM#polycard_client=search-desktop&price_drop=not_apply&be_origin=backend&overlay_label=not_apply&search_layout=grid&position=36&type=item&tracking_id=e9d91cb0-2c54-48a1-86c0-2561351c9ea7&sid=search
1179,MLA1946149563,san-nicolas,san-nicolas,85000.0,79.0,3.0,66.0,1075.9493670886077,1479.0,-27.3,False,False,False,False,1,False,False,0.81,https://departamento.mercadolibre.com.ar/MLA-1946149563-venta-departamento-de-3-amb-c-dep-en-congreso-_JM#polycard_client=search-desktop&price_drop=not_apply&be_origin=backend&overlay_label=not_apply&search_layout=grid&position=43&type=item&tracking_id=6724aaac-6ca7-4b52-aee7-64e5c818e350&sid=search
1180,MLA1948553553,belgrano,belgrano_3,124000.0,40.0,1.0,3.0,3100.0,4262.0,-27.3,True,False,True,False,1,False,False,0.92,https://departamento.mercadolibre.com.ar/MLA-1948553553-venta-monoambiente-premium-en-liberty-belgrano-_JM#polycard_client=search-desktop&price_drop=not_apply&be_origin=backend&overlay_label=not_apply&search_layout=grid&position=24&type=item&tracking_id=fd797eca-7dcb-42a8-833d-5ab172aa0ac9&sid=search
1181,MLA1945071003,nunez,nunez_1,109900.0,55.0,3.0,61.0,1998.1818181818185,2747.0,-27.3,True,False,True,False,1,False,False,0.85,https://departamento.mercadolibre.com.ar/MLA-1945071003-departamento-3-amb-opcional-cochera-nunez-venta-_JM#polycard_client=search-desktop&price_drop=not_apply&be_origin=backend&overlay_label=not_apply&search_layout=grid&position=28&type=item&tracking_id=47644716-1f2c-4343-8bc5-377a75a44135&sid=search
1182,MLA2901931272,villa-urquiza,villa-urquiza_4,103000.0,63.0,3.0,45.0,1634.920634920635,2248.0,-27.3,True,False,True,False,1,False,False,0.92,https://departamento.mercadolibre.com.ar/MLA-2901931272-departamento-en-venta-en-villa-urquiza-_JM#polycard_client=search-desktop&float_highlight=not_apply&price_drop=not_apply&be_origin=backend&overlay_label=not_apply&search_layout=grid&position=34&type=item&tracking_id=f14edae4-d895-4902-b7e4-a6440ee66cfd&sid=search
1183,MLA3776697306,liniers,liniers_4,99000.0,60.0,3.0,14.0,1650.0,2268.0,-27.3,True,True,False,False,1,False,False,0.92,https://departamento.mercadolibre.com.ar/MLA-3776697306-3-ambientes-listo-para-mudarte-_JM#polycard_client=search-desktop&float_highlight=recent_publication&price_drop=not_apply&be_origin=backend&overlay_label=not_apply&search_layout=grid&position=2&type=item&tracking_id=ef1ed32b-9bc3-4084-8863-e61e10ec2e77&sid=search
1184,MLA3137824556,caballito,caballito,83000.0,54.0,3.0,45.0,1537.037037037037,2113.0,-27.3,True,True,False,False,1,False,False,1.0,https://departamento.mercadolibre.com.ar/MLA-3137824556-departamento-de-tres-ambientes-en-caballito-_JM#polycard_client=search-desktop&float_highlight=not_apply&price_drop=not_apply&be_origin=backend&overlay_label=not_apply&search_layout=grid&position=39&type=item&tracking_id=07da5ad8-b845-4f5c-b52e-209ba0de2214&sid=search
1185,MLA2580238844,villa-luro,villa-luro,95000.0,65.0,3.0,25.0,1461.5384615384614,2009.0,-27.2,True,False,True,False,1,False,False,1.0,https://departamento.mercadolibre.com.ar/MLA-2580238844-departamento-en-venta-en-villa-luro-_JM#polycard_client=search-desktop&price_drop=not_apply&be_origin=backend&overlay_label=not_apply&search_layout=grid&position=41&type=item&tracking_id=bd5700a8-1858-4282-b6db-c2dd5d3fb9f7&sid=search
1186,MLA3762174412,colegiales,colegiales,169000.0,76.0,1.0,15.0,2223.684210526316,3056.0,-27.2,True,True,False,False,1,False,False,0.88,https://departamento.mercadolibre.com.ar/MLA-3762174412-venta-departamento-colegiales-83m2-frente-con-balcon-apto-profesional-_JM#polycard_client=search-desktop&float_highlight=recent_publication&price_drop=not_apply&be_origin=backend&overlay_label=not_apply&search_layout=grid&position=34&type=item&tracking_id=3277e780-700b-4a9a-8cbd-a36e5a70ae99&sid=search
1187,MLA1752063677,puerto-madero,puerto-madero,550000.0,104.0,3.0,3.0,5288.461538461538,7268.0,-27.2,False,False,False,False,1,False,False,0.85,https://departamento.mercadolibre.com.ar/MLA-1752063677-3-ambientes-en-venta-vista-esquina-al-boulevard-y-cochera-lumiere-boulevard-puerto-madero-_JM#polycard_client=search-desktop&price_drop=not_apply&be_origin=backend&overlay_label=not_apply&search_layout=grid&position=31&type=item&tracking_id=250f000c-3455-494e-a2d0-50a999a9b5f2&sid=search
1188,MLA2904751146,monserrat,monserrat_2,79900.0,45.0,2.0,4.0,1775.5555555555557,2440.0,-27.2,True,True,False,False,2,False,False,1.0,https://departamento.mercadolibre.com.ar/MLA-2904751146-venta-departamento-dos-ambientes-duplex-en-monserrat-_JM#polycard_client=search-desktop&price_drop=not_apply&be_origin=backend&overlay_label=not_apply&search_layout=grid&position=10&type=item&tracking_id=2304ee5c-2ebc-4b59-b55d-489ea3bfe5c7&sid=search
1189,MLA3586392936,caballito,caballito,59000.0,37.0,2.0,48.0,1594.5945945945946,2191.0,-27.2,True,False,True,False,1,False,False,1.0,https://departamento.mercadolibre.com.ar/MLA-3586392936-av-juan-b-justo-4100-7-caballito-paternal-2amb-u-59000-_JM#polycard_client=search-desktop&price_drop=not_apply&be_origin=backend&overlay_label=not_apply&search_layout=grid&position=46&type=item&tracking_id=2d26aa8f-bc65-4dcb-bb9f-d1132355b6e3&sid=search
1190,MLA2843143078,villa-devoto,villa-devoto,90000.0,34.0,1.0,4.0,2647.058823529412,3636.0,-27.2,True,False,True,False,1,False,False,0.92,https://departamento.mercadolibre.com.ar/MLA-2843143078-venta-de-monoambiente-a-estrenar-en-villa-devoto-_JM#polycard_client=search-desktop&price_drop=not_apply&be_origin=backend&overlay_label=not_apply&search_layout=grid&position=24&type=item&tracking_id=da8db85f-e121-455c-8fd9-1ca29e5b2ece&sid=search
1191,MLA1878540349,caballito,caballito,72500.0,50.0,2.0,45.0,1450.0,1992.0,-27.2,True,False,True,False,1,False,False,0.69,https://departamento.mercadolibre.com.ar/MLA-1878540349-gran-dos-ambientes-a-la-venta-en-pleno-barrio-de-caballito-_JM#polycard_client=search-desktop&price_drop=not_apply&be_origin=backend&overlay_label=not_apply&search_layout=grid&position=9&type=item&tracking_id=739dfc88-b4e0-467a-93a6-1c41305cade6&sid=search
1192,MLA1711681387,villa-devoto,villa-devoto_3,65000.0,40.0,2.0,35.0,1625.0,2232.0,-27.2,True,True,False,False,1,False,False,1.0,https://departamento.mercadolibre.com.ar/MLA-1711681387-departamento-2-amb-p-actualizar-_JM#polycard_client=search-desktop&price_drop=not_apply&be_origin=backend&overlay_label=not_apply&search_layout=grid&position=19&type=item&tracking_id=4deb7991-f43a-430d-8dc1-5a85f4116b8c&sid=search
1193,MLA1930520793,retiro,retiro_3,140000.0,96.0,5.0,47.0,1458.3333333333333,2003.0,-27.2,False,True,False,False,1,False,False,1.0,https://departamento.mercadolibre.com.ar/MLA-1930520793-venta-departamento-5-ambientes-florida-al-800-losa-radiante-_JM#polycard_client=search-desktop&price_drop=not_apply&be_origin=backend&overlay_label=not_apply&search_layout=grid&position=8&type=item&tracking_id=94db6b9e-9541-4d10-97f4-568f5ee1d913&sid=search
1194,MLA3657589240,parque-avellaneda,parque-avellaneda_1,89900.0,88.0,4.0,50.0,1021.5909090909092,1403.0,-27.2,False,False,False,False,1,False,False,0.85,https://departamento.mercadolibre.com.ar/MLA-3657589240-departamento-en-parque-avellaneda-_JM#polycard_client=search-desktop&price_drop=not_apply&be_origin=backend&overlay_label=not_apply&search_layout=grid&position=21&type=item&tracking_id=0ca56838-3a83-45e9-8df6-f517fe5be0f5&sid=search
1195,MLA3720091650,parque-chacabuco,parque-chacabuco,70000.0,48.0,3.0,16.0,1458.3333333333333,2003.0,-27.2,False,False,False,False,1,False,True,0.85,https://departamento.mercadolibre.com.ar/MLA-3720091650-venta-depto-renta-3-amb-con-balcon-pque-chacabuco-_JM#polycard_client=search-desktop&price_drop=not_apply&be_origin=backend&overlay_label=not_apply&search_layout=grid&position=42&type=item&tracking_id=094bc876-5091-4c0d-9eb5-a800ba27e6c0&sid=search
1196,MLA1797705461,villa-urquiza,villa-urquiza_1,135000.0,53.0,2.0,10.0,2547.169811320755,3498.0,-27.2,True,True,False,False,1,False,False,0.96,https://departamento.mercadolibre.com.ar/MLA-1797705461-departamento-2-ambientes-cochera-fija-y-descubierta-balcon-aterrazado-vista-panoramica-_JM#polycard_client=search-desktop&price_drop=not_apply&be_origin=backend&overlay_label=not_apply&search_layout=grid&position=44&type=item&tracking_id=545129fa-a13e-4e6c-a472-8d00fd6e4725&sid=search
1197,MLA2989111926,balvanera,balvanera,115000.0,90.0,3.0,30.0,1277.7777777777778,1755.0,-27.2,True,True,False,False,1,False,False,1.0,https://departamento.mercadolibre.com.ar/MLA-2989111926-venta-departamento-av-rivadavia-2600-ultimo-piso-_JM#polycard_client=search-desktop&price_drop=not_apply&be_origin=backend&overlay_label=not_apply&search_layout=grid&position=19&type=item&tracking_id=4b832ba2-95e8-4106-aaa7-a76202dc87d1&sid=search
1198,MLA3168254546,caballito,caballito,115000.0,84.0,2.0,80.0,1369.047619047619,1880.0,-27.2,True,False,True,False,1,False,False,0.35,https://departamento.mercadolibre.com.ar/MLA-3168254546-ramon-falcon-1400-2-ambientes-muy-amplio-excelente-ubicacion-_JM#polycard_client=search-desktop&price_drop=not_apply&be_origin=backend&overlay_label=not_apply&search_layout=grid&position=36&type=item&tracking_id=b7a40a6d-156e-4218-827a-aa6f5ded544b&sid=search
1199,MLA3338167398,balvanera,balvanera_0,95000.0,89.0,3.0,55.0,1067.415730337079,1466.0,-27.2,True,False,True,False,1,False,False,0.92,https://departamento.mercadolibre.com.ar/MLA-3338167398-departamento-de-3-ambientes-en-balvanera-zona-facultad-de-medicina-_JM#polycard_client=search-desktop&price_drop=not_apply&be_origin=backend&overlay_label=not_apply&search_layout=grid&position=42&type=item&tracking_id=de161138-d832-4990-b691-ad307b5872e0&sid=search
1200,MLA3790556774,recoleta,recoleta_4,73000.0,43.0,2.0,74.0,1697.6744186046512,2331.0,-27.2,False,False,False,False,1,False,False,0.31,https://departamento.mercadolibre.com.ar/MLA-3790556774-duplex-2-ambientes-recoleta-43-m2-apto-credito-dueno-directo-cerca-uba-medicina-_JM#polycard_client=search-desktop&price_drop=not_apply&be_origin=backend&overlay_label=not_apply&search_layout=grid&position=39&type=item&tracking_id=aa027458-74da-469d-b3b2-73029c31a517&sid=search
1201,MLA3788584024,recoleta,recoleta_1,850000.0,293.0,8.0,30.0,2901.023890784983,3983.0,-27.2,False,False,False,False,1,False,False,0.65,https://departamento.mercadolibre.com.ar/MLA-3788584024-departamentos-venta-recoleta-_JM#polycard_client=search-desktop&float_highlight=recent_publication&price_drop=not_apply&be_origin=backend&overlay_label=not_apply&search_layout=grid&position=34&type=item&tracking_id=74ed8021-f909-4b60-81bd-3f9d2cf1cb9a&sid=search
1202,MLA3527445198,caballito,caballito,112000.0,48.0,2.0,8.0,2333.333333333333,3203.0,-27.2,True,False,True,False,1,False,False,0.88,https://departamento.mercadolibre.com.ar/MLA-3527445198-departamento-en-venta-2-amb-otamendi-600-pileta-sum-con-parrilla-cochera-caballito-_JM#polycard_client=search-desktop&price_drop=not_apply&be_origin=backend&overlay_label=not_apply&search_layout=grid&position=30&type=item&tracking_id=4cefc9de-7ff3-4e1a-9109-0ad80ac1b93f&sid=search
1203,MLA1961118881,palermo,palermo,140000.0,55.0,3.0,25.0,2545.454545454545,3494.0,-27.2,True,False,True,False,1,False,False,0.35,https://departamento.mercadolibre.com.ar/MLA-1961118881-depto-3-amb-venta-a-metros-est-carranza-cochera-cub-_JM#polycard_client=search-desktop&float_highlight=recent_publication&price_drop=not_apply&be_origin=backend&overlay_label=not_apply&search_layout=grid&position=37&type=item&tracking_id=6ebda8f2-31d5-479d-af89-85d43b199d41&sid=search
1204,MLA1945491463,villa-urquiza,villa-urquiza_2,80000.0,49.0,2.0,54.0,1632.65306122449,2241.0,-27.2,True,False,True,False,1,False,False,0.81,https://departamento.mercadolibre.com.ar/MLA-1945491463-venta-departamento-2-ambientes-en-villa-urquiza-_JM#polycard_client=search-desktop&price_drop=not_apply&be_origin=backend&overlay_label=not_apply&search_layout=grid&position=33&type=item&tracking_id=bcb00aa0-ddf6-42db-890d-74b3d9b46695&sid=search
1205,MLA1833956689,monserrat,monserrat,179500.0,170.0,4.0,70.0,1055.8823529411766,1449.0,-27.2,True,False,True,False,1,False,False,0.92,https://departamento.mercadolibre.com.ar/MLA-1833956689-oportunidad-valor-m2-us-1048-venta-depto-4-amb-centro-_JM#polycard_client=search-desktop&price_drop=not_apply&be_origin=backend&overlay_label=not_apply&search_layout=grid&position=4&type=item&tracking_id=d096f3bf-4263-4826-9f8a-aa2840be4988&sid=search
1206,MLA1685374473,retiro,retiro,76000.0,50.0,2.0,40.0,1520.0,2086.0,-27.2,False,False,False,False,1,False,False,0.96,https://departamento.mercadolibre.com.ar/MLA-1685374473-venta-de-hermoso-semipiso-de-2-ambientes-en-retiro-_JM#polycard_client=search-desktop&price_drop=not_apply&be_origin=backend&overlay_label=not_apply&search_layout=grid&position=7&type=item&tracking_id=853face9-e8ce-40c3-816d-4db7c1961e15&sid=search
1207,MLA2717493216,floresta,floresta_4,90000.0,60.0,3.0,,1500.0,2059.0,-27.1,True,False,True,False,1,False,False,0.38,https://departamento.mercadolibre.com.ar/MLA-2717493216-departamento-en-venta-en-flores-_JM#polycard_client=search-desktop&price_drop=not_apply&be_origin=backend&overlay_label=not_apply&search_layout=grid&position=20&type=item&tracking_id=8bea5c97-154b-4220-a4be-7965959a0fc0&sid=search
1208,MLA3763468558,almagro,almagro,47000.0,32.0,2.0,56.0,1468.75,2016.0,-27.1,True,False,True,False,1,False,False,0.81,https://departamento.mercadolibre.com.ar/MLA-3763468558-venta-departamento-2-amb-almagro-_JM#polycard_client=search-desktop&float_highlight=recent_publication&price_drop=not_apply&be_origin=backend&overlay_label=not_apply&search_layout=grid&position=30&type=item&tracking_id=2f548abe-e6cc-45e5-99dd-700d4d41622d&sid=search
1209,MLA1945495715,palermo,palermo_1,126295.0,42.0,1.0,3.0,3007.0238095238096,4127.0,-27.1,True,False,True,False,1,False,False,0.85,https://departamento.mercadolibre.com.ar/MLA-1945495715-venta-monoamb-apto-credito-palermo-amenities-_JM#polycard_client=search-desktop&price_drop=not_apply&be_origin=backend&overlay_label=not_apply&search_layout=grid&position=41&type=item&tracking_id=4e7f1eb4-8f05-4ff8-be43-34acc33bf293&sid=search
1210,MLA1945712121,palermo,palermo_0,69500.0,34.0,2.0,46.0,2044.1176470588236,2805.0,-27.1,True,False,True,False,1,False,False,0.81,https://departamento.mercadolibre.com.ar/MLA-1945712121-venta-palermo-soho-dos-ambientes-zona-pza-serrano-_JM#polycard_client=search-desktop&price_drop=not_apply&be_origin=backend&overlay_label=not_apply&search_layout=grid&position=47&type=item&tracking_id=4e7f1eb4-8f05-4ff8-be43-34acc33bf293&sid=search
1211,MLA1793610467,villa-devoto,villa-devoto_2,65000.0,39.0,2.0,45.0,1666.6666666666667,2287.0,-27.1,True,True,False,False,1,False,False,1.0,https://departamento.mercadolibre.com.ar/MLA-1793610467-departamento-2-ambientes-cocina-independiente-bano-completo-ideal-inversion-devoto-venta-_JM#polycard_client=search-desktop&price_drop=not_apply&be_origin=backend&overlay_label=not_apply&search_layout=grid&position=41&type=item&tracking_id=6fa9d5ad-39e8-4ee1-999d-7a0dd03b712c&sid=search
1212,MLA3719602442,puerto-madero,puerto-madero,149000.0,31.0,1.0,2.0,4806.451612903225,6596.0,-27.1,False,False,False,False,1,False,False,0.88,https://departamento.mercadolibre.com.ar/MLA-3719602442-venta-exclusivo-monoambiente-en-torre-quartier-_JM#polycard_client=search-desktop&price_drop=not_apply&be_origin=backend&overlay_label=not_apply&search_layout=grid&position=17&type=item&tracking_id=e1134041-6364-4908-8844-de0842bb07ce&sid=search
1213,MLA1887386593,villa-devoto,villa-devoto_2,90000.0,53.0,3.0,60.0,1698.1132075471698,2330.0,-27.1,True,False,True,False,2,False,False,0.92,https://departamento.mercadolibre.com.ar/MLA-1887386593-departamento-de-3-ambientes-en-villa-devoto-_JM#polycard_client=search-desktop&price_drop=not_apply&be_origin=backend&overlay_label=not_apply&search_layout=grid&position=7&type=item&tracking_id=6fa9d5ad-39e8-4ee1-999d-7a0dd03b712c&sid=search
1214,MLA1759497759,barrio-norte,barrio-norte,39900.0,19.0,1.0,45.0,2100.0,2881.0,-27.1,False,False,False,False,1,False,True,0.92,https://departamento.mercadolibre.com.ar/MLA-1759497759-monoambiente-ideal-inversion-renta-_JM#polycard_client=search-desktop&price_drop=not_apply&be_origin=backend&overlay_label=not_apply&search_layout=grid&position=34&type=item&tracking_id=5ffc2dd4-bb0b-433a-893e-b13ae11d3986&sid=search
1215,MLA3732296064,chacarita,chacarita_4,99000.0,62.0,3.0,55.0,1596.774193548387,2191.0,-27.1,True,False,True,False,1,False,False,0.69,https://departamento.mercadolibre.com.ar/MLA-3732296064-depto-3-amb-apto-credito-en-colegiales-_JM#polycard_client=search-desktop&price_drop=not_apply&be_origin=backend&overlay_label=not_apply&search_layout=grid&position=43&type=item&tracking_id=f999e557-0e41-4b11-a82a-de043e69caaa&sid=search
1216,MLA1606034961,villa-del-parque,villa-del-parque,189000.0,118.0,4.0,45.0,1601.6949152542372,2197.0,-27.1,True,False,True,False,1,False,False,0.62,https://departamento.mercadolibre.com.ar/MLA-1606034961-semipiso-4-amb-fte-balcon-dep-servicio-_JM#polycard_client=search-desktop&price_drop=not_apply&be_origin=backend&overlay_label=not_apply&search_layout=grid&position=26&type=item&tracking_id=29638f89-b7fd-488f-a406-a8f09aa95329&sid=search
1217,MLA2852140390,caballito,caballito,79900.0,55.0,3.0,50.0,1452.7272727272727,1993.0,-27.1,True,False,True,False,1,False,False,1.0,https://departamento.mercadolibre.com.ar/MLA-2852140390-departamento-3-ambientes-en-caballito-_JM#polycard_client=search-desktop&price_drop=not_apply&be_origin=backend&overlay_label=not_apply&search_layout=grid&position=46&type=item&tracking_id=d9c15d2b-7ba4-46b3-a920-6fef6e459ba9&sid=search
1218,MLA3721594412,saavedra,saavedra,62000.0,37.0,2.0,44.0,1675.6756756756756,2298.0,-27.1,True,False,True,True,1,False,False,0.85,https://departamento.mercadolibre.com.ar/MLA-3721594412-departamento-2-ambientes-con-patio-en-venta-_JM#polycard_client=search-desktop&price_drop=true&be_origin=backend&overlay_label=not_apply&search_layout=grid&position=46&type=item&tracking_id=0e4a026f-f1a3-48b6-9bd7-94d85bf55f91&sid=search
1219,MLA1669628971,san-telmo,san-telmo_4,52000.0,41.0,2.0,50.0,1268.2926829268292,1739.0,-27.1,True,False,True,False,1,False,False,0.92,https://departamento.mercadolibre.com.ar/MLA-1669628971-2-ambientes-en-venta-san-telmo-oportunidad-_JM#polycard_client=search-desktop&price_drop=not_apply&be_origin=backend&overlay_label=not_apply&search_layout=grid&position=17&type=item&tracking_id=6b256ce6-3714-432b-b84d-fff9d6918655&sid=search
1220,MLA3546783544,san-telmo,san-telmo_3,149000.0,126.0,4.0,90.0,1182.5396825396826,1621.0,-27.1,True,False,True,False,1,False,False,0.54,https://departamento.mercadolibre.com.ar/MLA-3546783544-departamento-semipiso-en-venta-en-san-telmo-capital-federal-buenos-aires-_JM#polycard_client=search-desktop&price_drop=not_apply&be_origin=backend&overlay_label=not_apply&search_layout=grid&position=26&type=item&tracking_id=b2e90114-c9e2-40bb-bc50-799979ff0ea7&sid=search
1221,MLA3756372776,almagro,almagro,49000.0,35.0,2.0,58.0,1400.0,1919.0,-27.1,True,False,True,False,1,False,False,0.96,https://departamento.mercadolibre.com.ar/MLA-3756372776-venta-departamento-almagro-dos-ambientes-_JM#polycard_client=search-desktop&float_highlight=recent_publication&price_drop=not_apply&be_origin=backend&overlay_label=not_apply&search_layout=grid&position=35&type=item&tracking_id=2f548abe-e6cc-45e5-99dd-700d4d41622d&sid=search
1222,MLA3414474250,retiro,retiro_0,670000.0,235.0,6.0,30.0,2851.063829787234,3908.0,-27.1,False,True,False,False,1,False,False,1.0,https://departamento.mercadolibre.com.ar/MLA-3414474250-departamento-5-ambientes-en-venta-en-torre-de-categoria-_JM#polycard_client=search-desktop&price_drop=not_apply&be_origin=backend&overlay_label=not_apply&search_layout=grid&position=18&type=item&tracking_id=aeec38f6-1ee9-4689-a949-e069297b710f&sid=search
1223,MLA1533161445,palermo,palermo_0,149000.0,83.0,3.0,50.0,1795.1807228915663,2461.0,-27.0,True,False,True,False,1,False,False,0.77,https://departamento.mercadolibre.com.ar/MLA-1533161445-palermo-3-ampliso-abientes-super-luminoso-_JM#polycard_client=search-desktop&price_drop=not_apply&be_origin=backend&overlay_label=not_apply&search_layout=grid&position=45&type=item&tracking_id=12bad883-5ed0-4e38-af84-0b7393390801&sid=search
1224,MLA3770876374,chacarita,chacarita_4,115000.0,70.0,3.0,40.0,1642.857142857143,2252.0,-27.0,True,True,False,False,1,False,False,1.0,https://departamento.mercadolibre.com.ar/MLA-3770876374-venta-4-amb-cbalcon-chacarita-_JM#polycard_client=search-desktop&float_highlight=recent_publication&price_drop=not_apply&be_origin=backend&overlay_label=not_apply&search_layout=grid&position=38&type=item&tracking_id=f999e557-0e41-4b11-a82a-de043e69caaa&sid=search
1225,MLA3389362552,balvanera,balvanera_0,90000.0,82.0,4.0,63.0,1097.560975609756,1504.0,-27.0,True,False,True,False,1,False,False,0.65,https://departamento.mercadolibre.com.ar/MLA-3389362552-departamento-de-4-ambientes-en-venta-junin-al-400-balvanera-_JM#polycard_client=search-desktop&price_drop=not_apply&be_origin=backend&overlay_label=not_apply&search_layout=grid&position=44&type=item&tracking_id=11e25eac-a1aa-428a-87fc-a1cd2cfbe142&sid=search
1226,MLA1904732603,villa-ortuzar,villa-ortuzar,80000.0,40.0,1.0,5.0,2000.0,2741.0,-27.0,True,False,True,False,1,False,False,0.88,https://departamento.mercadolibre.com.ar/MLA-1904732603-departamento-en-venta-en-villa-ortuzar-_JM#polycard_client=search-desktop&float_highlight=not_apply&price_drop=not_apply&be_origin=backend&overlay_label=not_apply&search_layout=grid&position=5&type=item&tracking_id=c29f819d-d3c8-42c8-be90-b7643a16c927&sid=search
1227,MLA3672742276,villa-lugano,villa-lugano_1,61900.0,80.0,4.0,35.0,773.75,1060.0,-27.0,False,True,False,False,1,False,False,0.73,https://departamento.mercadolibre.com.ar/MLA-3672742276-excelente-precio-4-ambientes-castanares-4781-caba-barrio-samore-_JM#polycard_client=search-desktop&price_drop=not_apply&be_origin=backend&overlay_label=not_apply&search_layout=grid&position=12&type=item&tracking_id=785835d6-def5-497b-9abc-6b433a9a4783&sid=search
1228,MLA3721460868,palermo,palermo_0,72900.0,36.0,2.0,46.0,2025.0,2774.0,-27.0,True,False,True,False,1,False,False,0.85,https://departamento.mercadolibre.com.ar/MLA-3721460868-excelente-departamento-2-ambientes-apto-credito-_JM#polycard_client=search-desktop&price_drop=not_apply&be_origin=backend&overlay_label=not_apply&search_layout=grid&position=41&type=item&tracking_id=fd71c04e-2036-4ce6-a9fb-be0e6c94f239&sid=search
1229,MLA3769347290,almagro,almagro,52000.0,36.0,2.0,35.0,1444.4444444444443,1979.0,-27.0,True,False,True,False,1,False,False,0.92,https://departamento.mercadolibre.com.ar/MLA-3769347290-depto-2-amb-bajas-expensas-solo-para-inversion-se-transfiere-el-contrato-al-nuevo-propietario-_JM#polycard_client=search-desktop&float_highlight=recent_publication&price_drop=not_apply&be_origin=backend&overlay_label=not_apply&search_layout=grid&position=38&type=item&tracking_id=7158bdc8-0eaa-4f76-aca7-968c3f77922b&sid=search
1230,MLA1830055875,balvanera,balvanera_2,70000.0,57.0,3.0,58.0,1228.0701754385964,1682.0,-27.0,True,True,False,False,1,False,False,1.0,https://departamento.mercadolibre.com.ar/MLA-1830055875-venta-departamento-3-ambientes-balvanera-_JM#polycard_client=search-desktop&price_drop=not_apply&be_origin=backend&overlay_label=not_apply&search_layout=grid&position=25&type=item&tracking_id=11e25eac-a1aa-428a-87fc-a1cd2cfbe142&sid=search
1231,MLA3706671998,colegiales,colegiales,88000.0,50.0,2.0,46.0,1760.0,2411.0,-27.0,True,False,True,False,1,False,False,0.88,https://departamento.mercadolibre.com.ar/MLA-3706671998-colegiales-2amb2piso-escalera-muy-bajas-expensas-excelente-estado-y-ubicacion-oportunidad-_JM#polycard_client=search-desktop&price_drop=not_apply&be_origin=backend&overlay_label=not_apply&search_layout=grid&position=42&type=item&tracking_id=6482ce34-8815-49d1-916c-35a2cd829066&sid=search
1232,MLA1977573063,parque-chacabuco,parque-chacabuco,59000.0,37.0,2.0,16.0,1594.5945945945946,2184.0,-27.0,False,False,False,False,1,False,False,0.85,https://departamento.mercadolibre.com.ar/MLA-1977573063-venta-depto-2-amb-parque-chacabuco-caba-_JM#polycard_client=search-desktop&float_highlight=recent_publication&price_drop=not_apply&be_origin=backend&overlay_label=not_apply&search_layout=grid&position=17&type=item&tracking_id=efdd351d-5f6d-42b0-8400-1687377f0803&sid=search
1233,MLA1937283983,villa-urquiza,villa-urquiza_2,79900.0,45.0,3.0,50.0,1775.5555555555557,2432.0,-27.0,True,False,True,False,1,True,False,0.92,https://departamento.mercadolibre.com.ar/MLA-1937283983-ph-3-ambientes-en-villa-urquiza-bajas-expensas-a-refaccionar-_JM#polycard_client=search-desktop&price_drop=not_apply&be_origin=backend&overlay_label=not_apply&search_layout=grid&position=4&type=item&tracking_id=97d48c05-7871-43aa-8748-2e524acbbf88&sid=search
1234,MLA3791090228,nunez,nunez_3,52000.0,26.0,2.0,40.0,2000.0,2739.0,-27.0,True,True,False,False,1,False,False,0.96,https://departamento.mercadolibre.com.ar/MLA-3791090228-departamento-2-ambientes-al-frente-nunez-_JM#polycard_client=search-desktop&float_highlight=recent_publication&price_drop=not_apply&be_origin=backend&overlay_label=not_apply&search_layout=grid&position=21&type=item&tracking_id=dfdab19e-a213-4e3f-98c2-308d55f50790&sid=search
1235,MLA3679054076,belgrano,belgrano_1,154000.0,66.0,4.0,,2333.333333333333,3195.0,-27.0,True,False,True,False,1,False,False,0.54,https://departamento.mercadolibre.com.ar/MLA-3679054076-exc-departamento-de-4-ambientes-al-frente-con-balcon-sobre-av-cabildo-_JM#polycard_client=search-desktop&price_drop=not_apply&be_origin=backend&overlay_label=not_apply&search_layout=grid&position=28&type=item&tracking_id=9e87283d-6d13-4cb3-91a8-23d57359a582&sid=search
1236,MLA3721582918,flores,flores,198000.0,150.0,4.0,50.0,1320.0,1807.0,-27.0,True,False,True,False,1,False,False,0.85,https://departamento.mercadolibre.com.ar/MLA-3721582918-departamento-4-amb-con-dep-y-cochera-apto-credito-_JM#polycard_client=search-desktop&price_drop=not_apply&be_origin=backend&overlay_label=not_apply&search_layout=grid&position=29&type=item&tracking_id=ea2cfa94-1b03-43f4-99fe-aa14669a419f&sid=search
1237,MLA1987499133,villa-urquiza,villa-urquiza_2,121900.0,52.0,2.0,13.0,2344.230769230769,3209.0,-27.0,True,False,True,False,2,False,False,0.85,https://departamento.mercadolibre.com.ar/MLA-1987499133-depto-2-amb-venta-villa-urquiza-balcon-amenities-_JM#polycard_client=search-desktop&float_highlight=recent_publication&price_drop=not_apply&be_origin=backend&overlay_label=not_apply&search_layout=grid&position=30&type=item&tracking_id=f082bb44-5fc2-4515-8dcb-3fe6143d3e9b&sid=search
1238,MLA1982212451,monserrat,monserrat_2,45000.0,37.0,2.0,50.0,1216.2162162162165,1665.0,-27.0,True,False,True,False,1,False,False,0.54,https://departamento.mercadolibre.com.ar/MLA-1982212451-departamento-en-venta-de-dos-ambientes-con-patio-en-monserrat-_JM#polycard_client=search-desktop&float_highlight=recent_publication&price_drop=not_apply&be_origin=backend&overlay_label=not_apply&search_layout=grid&position=39&type=item&tracking_id=75f87929-e25e-4838-8f42-2e35c5e5ed4f&sid=search
1239,MLA1945492949,palermo,palermo_0,120000.0,55.0,3.0,51.0,2181.818181818182,2987.0,-26.9,True,False,True,False,1,False,False,0.85,https://departamento.mercadolibre.com.ar/MLA-1945492949-venta-depto-3-amb-con-cochera-y-baulera-palermo-_JM#polycard_client=search-desktop&price_drop=not_apply&be_origin=backend&overlay_label=not_apply&search_layout=grid&position=10&type=item&tracking_id=fd71c04e-2036-4ce6-a9fb-be0e6c94f239&sid=search
1240,MLA1930253373,palermo,palermo_2,400000.0,174.0,5.0,30.0,2298.850574712644,3146.0,-26.9,True,False,True,False,1,False,False,0.42,https://departamento.mercadolibre.com.ar/MLA-1930253373-venta-de-departamento-5-ambientes-en-palermo-capital-federal-_JM#polycard_client=search-desktop&price_drop=not_apply&be_origin=backend&overlay_label=not_apply&search_layout=grid&position=35&type=item&tracking_id=a9bd4bde-02df-4a4b-a9ad-f2ce9bc547fa&sid=search
1241,MLA3637336864,palermo,palermo_3,220000.0,126.0,4.0,45.0,1746.031746031746,2390.0,-26.9,True,False,True,False,1,False,False,0.73,https://departamento.mercadolibre.com.ar/MLA-3637336864-4-ambientes-palermo-venta-_JM#polycard_client=search-desktop&price_drop=not_apply&be_origin=backend&overlay_label=not_apply&search_layout=grid&position=28&type=item&tracking_id=c98b21f5-0999-44bf-8841-777e7b382a79&sid=search
1242,MLA1945493119,caballito,caballito,143000.0,85.0,4.0,47.0,1682.3529411764705,2301.0,-26.9,True,False,True,False,1,False,False,0.81,https://departamento.mercadolibre.com.ar/MLA-1945493119-venta-departamento-4-ambientes-cochera-caballito-_JM#polycard_client=search-desktop&price_drop=not_apply&be_origin=backend&overlay_label=not_apply&search_layout=grid&position=46&type=item&tracking_id=d53bc24d-1ba4-4b1a-8849-505d85c2040b&sid=search
1243,MLA3297544212,belgrano,belgrano,135000.0,49.0,2.0,10.0,2755.1020408163267,3769.0,-26.9,True,False,True,False,1,False,False,0.77,https://departamento.mercadolibre.com.ar/MLA-3297544212-duplex-divino-2-amb-c-parrilla-en-belgrano-c-_JM#polycard_client=search-desktop&price_drop=not_apply&be_origin=backend&overlay_label=not_apply&search_layout=grid&position=16&type=item&tracking_id=2c76e60b-635c-4c7a-9e4f-1519ef996fd9&sid=search
1244,MLA1887498233,colegiales,colegiales,73000.0,40.0,,47.0,1825.0,2496.0,-26.9,True,False,True,False,1,False,False,0.81,https://departamento.mercadolibre.com.ar/MLA-1887498233-venta-cespedes-2400-departamento-2-ambientes-colegiales-_JM#polycard_client=search-desktop&price_drop=not_apply&be_origin=backend&overlay_label=not_apply&search_layout=grid&position=3&type=item&tracking_id=a29cfe06-7e16-44cf-a003-a1e7264136e8&sid=search
1245,MLA2759938828,retiro,retiro_3,149500.0,118.0,5.0,70.0,1266.949152542373,1733.0,-26.9,False,False,False,False,1,False,False,1.0,https://departamento.mercadolibre.com.ar/MLA-2759938828-venta-departamento-antiguo-5-ambientes-en-retiro-apto-profesional-_JM#polycard_client=search-desktop&price_drop=not_apply&be_origin=backend&overlay_label=not_apply&search_layout=grid&position=27&type=item&tracking_id=aeec38f6-1ee9-4689-a949-e069297b710f&sid=search
1246,MLA2571529242,balvanera,balvanera_0,128000.0,128.0,5.0,80.0,1000.0,1368.0,-26.9,True,False,True,False,1,False,False,0.65,https://departamento.mercadolibre.com.ar/MLA-2571529242-lavalle-2028-_JM#polycard_client=search-desktop&price_drop=not_apply&be_origin=backend&overlay_label=not_apply&search_layout=grid&position=27&type=item&tracking_id=7c8ea88c-0bd0-44e8-b3dd-086f171f1071&sid=search
1247,MLA3659716770,retiro,retiro,90000.0,57.0,2.0,60.0,1578.9473684210527,2159.0,-26.9,False,False,False,False,1,False,False,0.92,https://departamento.mercadolibre.com.ar/MLA-3659716770-departamento-en-venta-plaza-san-martin-galerias-pacifico-57-m2-excelente-departamento-en-edificio-clasico-de-categoria-ubicado-en-una-zona-privilegiada-a-metros-de-plaza-san-martin-frente-a-_JM#polycard_client=search-desktop&price_drop=not_apply&be_origin=backend&overlay_label=not_apply&search_layout=grid&position=23&type=item&tracking_id=6a7b949f-ea63-4b50-9365-1555620a129b&sid=search
1248,MLA1946332895,colegiales,colegiales,99000.0,60.0,2.0,61.0,1650.0,2256.0,-26.9,True,False,True,False,1,False,False,0.81,https://departamento.mercadolibre.com.ar/MLA-1946332895-venta-departamento-2-ambientes-colegiales-amplio-_JM#polycard_client=search-desktop&price_drop=not_apply&be_origin=backend&overlay_label=not_apply&search_layout=grid&position=16&type=item&tracking_id=5771538f-fe41-4413-b9ba-fb09f4618ad5&sid=search
1249,MLA1929699477,nunez,nunez_3,83000.0,45.0,2.0,,1844.4444444444443,2522.0,-26.9,True,False,True,False,1,False,False,0.42,https://departamento.mercadolibre.com.ar/MLA-1929699477-venta-departamento-2-ambientes-y-patio-en-nunez-_JM#polycard_client=search-desktop&price_drop=not_apply&be_origin=backend&overlay_label=not_apply&search_layout=grid&position=38&type=item&tracking_id=47644716-1f2c-4343-8bc5-377a75a44135&sid=search
1250,MLA1926173585,balvanera,balvanera_3,100000.0,90.0,4.0,,1111.111111111111,1519.0,-26.9,True,False,True,False,1,False,False,0.35,https://departamento.mercadolibre.com.ar/MLA-1926173585-departamento-en-venta-en-balvanera-capital-federal-_JM#polycard_client=search-desktop&price_drop=not_apply&be_origin=backend&overlay_label=not_apply&search_layout=grid&position=7&type=item&tracking_id=7c8ea88c-0bd0-44e8-b3dd-086f171f1071&sid=search
1251,MLA1863880739,villa-lugano,villa-lugano_1,42000.0,60.0,3.0,58.0,700.0,957.0,-26.9,False,False,False,False,1,False,False,0.31,https://departamento.mercadolibre.com.ar/MLA-1863880739-venta-departamento-de-3-ambientes-en-villa-lugano-capital-federal-ac-_JM#polycard_client=search-desktop&price_drop=not_apply&be_origin=backend&overlay_label=not_apply&search_layout=grid&position=23&type=item&tracking_id=47094cc6-4309-4916-bcff-e4bbdf38d8c7&sid=search
1252,MLA3720659872,boedo,boedo_4,53000.0,43.0,3.0,31.0,1232.5581395348838,1685.0,-26.8,True,False,True,False,1,False,False,0.85,https://departamento.mercadolibre.com.ar/MLA-3720659872-venta-boedo-departamento-3-ambientes-_JM#polycard_client=search-desktop&price_drop=not_apply&be_origin=backend&overlay_label=not_apply&search_layout=grid&position=10&type=item&tracking_id=cd9fc1bc-ff6e-4a76-9851-994398576594&sid=search
1253,MLA1937556739,caballito,caballito,120000.0,73.0,4.0,,1643.835616438356,2247.0,-26.8,True,False,True,False,1,False,False,0.31,https://departamento.mercadolibre.com.ar/MLA-1937556739-departamento-de-4-ambientes-sobre-franklin-al-500-a-una-cuadra-de-parque-centenario-_JM#polycard_client=search-desktop&price_drop=not_apply&be_origin=backend&overlay_label=not_apply&search_layout=grid&position=12&type=item&tracking_id=f8e25846-9413-43b0-8a59-3fd1d6a7f951&sid=search
1254,MLA1870157953,recoleta,recoleta,385000.0,161.0,4.0,50.0,2391.304347826087,3268.0,-26.8,False,False,False,False,1,False,False,0.96,https://departamento.mercadolibre.com.ar/MLA-1870157953-excelente-4-amb-cdep-y-cochera-piso-17-recoleta-_JM#polycard_client=search-desktop&price_drop=not_apply&be_origin=backend&overlay_label=not_apply&search_layout=grid&position=37&type=item&tracking_id=09988340-db24-467b-8050-c29a4760e004&sid=search
1255,MLA3725824666,belgrano,belgrano_2,149000.0,77.0,3.0,61.0,1935.064935064935,2644.0,-26.8,True,False,True,False,1,False,False,0.96,https://departamento.mercadolibre.com.ar/MLA-3725824666-venta-departamento-3-ambientes-en-belgrano-_JM#polycard_client=search-desktop&price_drop=not_apply&be_origin=backend&overlay_label=not_apply&search_layout=grid&position=42&type=item&tracking_id=fd797eca-7dcb-42a8-833d-5ab172aa0ac9&sid=search
1256,MLA1670527683,puerto-madero,puerto-madero,520000.0,112.0,3.0,15.0,4642.857142857143,6344.0,-26.8,False,False,False,False,1,False,False,0.96,https://departamento.mercadolibre.com.ar/MLA-1670527683-venta-de-departamento-3-ambientes-en-puerto-madero-_JM#polycard_client=search-desktop&price_drop=not_apply&be_origin=backend&overlay_label=not_apply&search_layout=grid&position=31&type=item&tracking_id=c4f819a6-eb37-4219-b7fd-9cafda94fcfb&sid=search
1257,MLA1947769207,belgrano,belgrano_3,60000.0,27.0,1.0,46.0,2222.222222222222,3036.0,-26.8,True,False,True,False,1,False,True,0.96,https://departamento.mercadolibre.com.ar/MLA-1947769207-monoambiente-en-venta-en-belgrano-apto-profesional-ideal-renta-_JM#polycard_client=search-desktop&price_drop=not_apply&be_origin=backend&overlay_label=not_apply&search_layout=grid&position=25&type=item&tracking_id=5175642d-7065-47d5-98b5-a71dbaf9857c&sid=search
1258,MLA3106656542,san-telmo,san-telmo_2,120000.0,51.0,2.0,2.0,2352.9411764705883,3215.0,-26.8,True,False,True,False,1,False,False,0.96,https://departamento.mercadolibre.com.ar/MLA-3106656542-duplex-de-lujo-en-venta-con-terraza-privada-en-san-telmo-con-cochera-incluida-_JM#polycard_client=search-desktop&float_highlight=not_apply&price_drop=not_apply&be_origin=backend&overlay_label=not_apply&search_layout=grid&position=37&type=item&tracking_id=5f9168d0-6475-4d18-b523-8e68edd8c281&sid=search
1259,MLA3284627042,villa-crespo,villa-crespo_4,87000.0,58.0,2.0,50.0,1500.0,2049.0,-26.8,True,False,True,False,1,False,False,0.88,https://departamento.mercadolibre.com.ar/MLA-3284627042-departamento-en-villa-crespo-_JM#polycard_client=search-desktop&price_drop=not_apply&be_origin=backend&overlay_label=not_apply&search_layout=grid&position=26&type=item&tracking_id=f2015fe1-0ed9-468b-b290-a75646b702d0&sid=search
1260,MLA3768720458,retiro,retiro_0,380000.0,203.0,4.0,95.0,1871.92118226601,2557.0,-26.8,False,False,False,False,1,False,False,0.96,https://departamento.mercadolibre.com.ar/MLA-3768720458-venta-departamento-4-ambientes-con-cochera-recoleta-_JM#polycard_client=search-desktop&float_highlight=recent_publication&price_drop=not_apply&be_origin=backend&overlay_label=not_apply&search_layout=grid&position=4&type=item&tracking_id=aeec38f6-1ee9-4689-a949-e069297b710f&sid=search
1261,MLA3618428032,floresta,floresta_4,160000.0,105.0,4.0,43.0,1523.809523809524,2082.0,-26.8,True,False,True,False,1,False,False,0.96,https://departamento.mercadolibre.com.ar/MLA-3618428032-departamento-4-ambientes-con-dependencia-y-cochera-_JM#polycard_client=search-desktop&price_drop=not_apply&be_origin=backend&overlay_label=not_apply&search_layout=grid&position=48&type=item&tracking_id=466aedef-013c-43d5-9281-218de9e6442d&sid=search
1262,MLA1945491605,balvanera,balvanera_2,61000.0,53.0,3.0,52.0,1150.9433962264152,1572.0,-26.8,True,False,True,False,1,True,False,0.81,https://departamento.mercadolibre.com.ar/MLA-1945491605-venta-de-3-ambientes-en-balvanera-a-reciclar-_JM#polycard_client=search-desktop&price_drop=not_apply&be_origin=backend&overlay_label=not_apply&search_layout=grid&position=42&type=item&tracking_id=2f18d35a-d7ab-4b82-ad3b-4f6e9dfaba3c&sid=search
1263,MLA3705738918,constitucion,constitucion_4,48000.0,48.0,3.0,57.0,1000.0,1366.0,-26.8,True,False,True,False,1,False,False,0.5,https://departamento.mercadolibre.com.ar/MLA-3705738918-venta-dto-constitucion-3-amb-excelente-ubicacion-_JM#polycard_client=search-desktop&price_drop=not_apply&be_origin=backend&overlay_label=not_apply&search_layout=grid&position=6&type=item&tracking_id=67a87e88-6840-4b6c-9ab0-f3ead60b0003&sid=search
1264,MLA3226839988,boedo,boedo_2,94900.0,78.0,4.0,60.0,1216.6666666666667,1662.0,-26.8,True,False,True,False,1,False,False,0.81,https://departamento.mercadolibre.com.ar/MLA-3226839988-venta-departamento-4-ambientes-en-boedo-_JM#polycard_client=search-desktop&float_highlight=not_apply&price_drop=not_apply&be_origin=backend&overlay_label=not_apply&search_layout=grid&position=21&type=item&tracking_id=7b10384f-6ba0-4594-a186-aa1529f8017a&sid=search
1265,MLA3403816850,belgrano,belgrano_0,360000.0,184.0,4.0,50.0,1956.5217391304348,2672.0,-26.8,True,False,True,True,1,False,False,0.88,https://departamento.mercadolibre.com.ar/MLA-3403816850-departamento-en-belgrano-_JM#polycard_client=search-desktop&price_drop=true&be_origin=backend&overlay_label=not_apply&search_layout=grid&position=12&type=item&tracking_id=de1e087c-0ebf-4810-8e80-0ec9bb3e7edc&sid=search
1266,MLA3112567122,puerto-madero,puerto-madero,398000.0,83.0,3.0,20.0,4795.180722891566,6548.0,-26.8,False,True,False,False,1,False,False,1.0,https://departamento.mercadolibre.com.ar/MLA-3112567122-santa-maria-del-puerto-venta-departamento-3-ambientes-ccochera-en-puerto-madero-_JM#polycard_client=search-desktop&float_highlight=not_apply&price_drop=not_apply&be_origin=backend&overlay_label=not_apply&search_layout=grid&position=9&type=item&tracking_id=6a500e76-6af1-4106-b097-4f01a1119448&sid=search
1267,MLA3699100872,villa-devoto,villa-devoto_0,79000.0,38.0,1.0,1.0,2078.9473684210525,2839.0,-26.8,True,False,True,True,1,False,False,0.85,https://departamento.mercadolibre.com.ar/MLA-3699100872-departamento-monoambiente-con-balcon-en-villa-devoto-_JM#polycard_client=search-desktop&price_drop=true&be_origin=backend&overlay_label=not_apply&search_layout=grid&position=41&type=item&tracking_id=8b44841d-4813-4b33-ad44-1f534a4b337b&sid=search
1268,MLA1906667809,almagro,almagro,83000.0,56.0,3.0,20.0,1482.142857142857,2024.0,-26.8,True,False,True,False,1,False,False,0.96,https://departamento.mercadolibre.com.ar/MLA-1906667809-venta-departamento-semipiso-3-ambientes-56m-en-boedo-parque-patricios-apto-credito-muy-luminoso-_JM#polycard_client=search-desktop&price_drop=not_apply&be_origin=backend&overlay_label=not_apply&search_layout=grid&position=16&type=item&tracking_id=f0fb217f-c477-4cc8-912b-b2ea593ff5e8&sid=search
1269,MLA2752628932,flores,flores_2,162000.0,118.0,4.0,46.0,1372.8813559322034,1874.0,-26.7,True,True,False,False,1,False,False,1.0,https://departamento.mercadolibre.com.ar/MLA-2752628932-venta-flores-3-dormitorios-y-dependencia-con-balcon-corrido-al-frente-_JM#polycard_client=search-desktop&price_drop=not_apply&be_origin=backend&overlay_label=not_apply&search_layout=grid&position=4&type=item&tracking_id=ff1e1209-5d4b-4921-9946-e4866d26a027&sid=search
1270,MLA1624979253,san-telmo,san-telmo_4,120000.0,102.0,3.0,40.0,1176.470588235294,1606.0,-26.7,True,False,True,False,1,False,False,1.0,https://departamento.mercadolibre.com.ar/MLA-1624979253-departamento-en-constitucion-_JM#polycard_client=search-desktop&price_drop=not_apply&be_origin=backend&overlay_label=not_apply&search_layout=grid&position=10&type=item&tracking_id=073ea793-950a-4ca5-b0e5-cec00c3cbb55&sid=search
1271,MLA1803960357,caballito,caballito,70000.0,34.0,1.0,12.0,2058.823529411765,2810.0,-26.7,True,False,True,False,1,False,False,0.88,https://departamento.mercadolibre.com.ar/MLA-1803960357-departamento-en-caballito-_JM#polycard_client=search-desktop&price_drop=not_apply&be_origin=backend&overlay_label=not_apply&search_layout=grid&position=4&type=item&tracking_id=b3173dd2-9c36-4ac5-a37e-8605273be4d1&sid=search
1272,MLA1956797249,almagro,almagro,74000.0,44.0,3.0,20.0,1681.8181818181818,2295.0,-26.7,True,False,True,False,1,False,False,0.92,https://departamento.mercadolibre.com.ar/MLA-1956797249-venta-departamento-3-ambientes-44m-en-almagro-apto-credito-hipotecario-oportunidad-_JM#polycard_client=search-desktop&price_drop=not_apply&be_origin=backend&overlay_label=not_apply&search_layout=grid&position=5&type=item&tracking_id=d5e3aca4-b7a8-4350-af12-3f24fb470943&sid=search
1273,MLA1956436829,villa-devoto,villa-devoto_1,88000.0,41.0,2.0,1.0,2146.3414634146343,2929.0,-26.7,True,False,True,False,1,False,False,0.77,https://departamento.mercadolibre.com.ar/MLA-1956436829-departamento-2-ambientes-de-categoria-devoto-_JM#polycard_client=search-desktop&price_drop=not_apply&be_origin=backend&overlay_label=not_apply&search_layout=grid&position=45&type=item&tracking_id=4deb7991-f43a-430d-8dc1-5a85f4116b8c&sid=search
1274,MLA2759722852,balvanera,balvanera,51000.0,31.0,2.0,1.0,1645.1612903225807,2245.0,-26.7,True,False,True,False,1,False,False,0.19,https://departamento.mercadolibre.com.ar/MLA-2759722852-balvanera2ambienteslateraldigno-de-ver-a-estrenar-oportunidad-subtes-mb-ubicacion-subtes-_JM#polycard_client=search-desktop&price_drop=not_apply&be_origin=backend&overlay_label=not_apply&search_layout=grid&position=9&type=item&tracking_id=c0b47374-130e-417f-9c27-9aad949ef254&sid=search
1275,MLA2737380728,villa-del-parque,villa-del-parque,82500.0,59.0,3.0,48.0,1398.3050847457628,1908.0,-26.7,True,False,True,False,1,False,False,0.19,https://departamento.mercadolibre.com.ar/MLA-2737380728-departamento-en-venta-en-villa-del-parque-_JM#polycard_client=search-desktop&price_drop=not_apply&be_origin=backend&overlay_label=not_apply&search_layout=grid&position=11&type=item&tracking_id=8c65fece-0cf7-461c-8d1f-221994d39848&sid=search
1276,MLA3030778442,recoleta,recoleta_4,105000.0,60.0,3.0,50.0,1750.0,2388.0,-26.7,False,True,False,False,1,False,False,1.0,https://departamento.mercadolibre.com.ar/MLA-3030778442-apto-credito-3-amb-reciclado-bajas-expensas-muy-luminoso-recoleta-retiro-_JM#polycard_client=search-desktop&price_drop=not_apply&be_origin=backend&overlay_label=not_apply&search_layout=grid&position=41&type=item&tracking_id=506912bb-f295-4149-a4f4-fb65c86efcab&sid=search
1277,MLA3518864058,recoleta,recoleta,235000.0,130.0,4.0,70.0,1807.692307692308,2467.0,-26.7,False,False,False,False,1,False,False,0.81,https://departamento.mercadolibre.com.ar/MLA-3518864058-santa-fe-al-2600-esquina-ecuador-recoleta-piso-4-semipiso-superficie-total-140-m2-4-ambientes-living-y-comedor-independientes-34-dormitorios-3-banos-balcon-corrido-al-frente-cocina-grande-_JM#polycard_client=search-desktop&price_drop=not_apply&be_origin=backend&overlay_label=not_apply&search_layout=grid&position=18&type=item&tracking_id=647eae91-c683-4e17-b0b0-201f8f247124&sid=search
1278,MLA1945490969,belgrano,belgrano_3,300000.0,124.0,5.0,50.0,2419.3548387096776,3300.0,-26.7,True,False,True,False,1,False,False,0.92,https://departamento.mercadolibre.com.ar/MLA-1945490969-venta-departamento-5-ambientes-con-excelente-vista-_JM#polycard_client=search-desktop&price_drop=not_apply&be_origin=backend&overlay_label=not_apply&search_layout=grid&position=37&type=item&tracking_id=062494e9-edc2-4615-a3db-62aea7ea997f&sid=search
1279,MLA1945716273,puerto-madero,puerto-madero,450000.0,99.0,4.0,24.0,4545.454545454545,6199.0,-26.7,False,False,False,False,1,False,False,0.96,https://departamento.mercadolibre.com.ar/MLA-1945716273-venta-depto-34-ambientes-cochera-puerto-madero-_JM#polycard_client=search-desktop&price_drop=not_apply&be_origin=backend&overlay_label=not_apply&search_layout=grid&position=27&type=item&tracking_id=39a964bc-3a84-4e8b-b227-a359f1526466&sid=search
1280,MLA2005975417,la-boca,la-boca_2,49000.0,51.0,3.0,22.0,960.7843137254902,1310.0,-26.7,False,False,False,False,1,False,False,0.77,https://departamento.mercadolibre.com.ar/MLA-2005975417-depto-3-amb-con-balcon-en-la-boca-en-venta-_JM#polycard_client=search-desktop&float_highlight=recent_publication&price_drop=not_apply&be_origin=backend&overlay_label=not_apply&search_layout=grid&position=12&type=item&tracking_id=af5a7618-628e-4e41-ab3d-acaae6df72f9&sid=search
1281,MLA3206025150,barrio-norte,barrio-norte_1,230000.0,107.0,5.0,40.0,2149.532710280374,2931.0,-26.7,False,True,False,False,1,False,False,1.0,https://departamento.mercadolibre.com.ar/MLA-3206025150-venta-departamento-cinco-ambientes-en-barrio-norte-_JM#polycard_client=search-desktop&float_highlight=not_apply&price_drop=not_apply&be_origin=backend&overlay_label=not_apply&search_layout=grid&position=6&type=item&tracking_id=5ffc2dd4-bb0b-433a-893e-b13ae11d3986&sid=search
1282,MLA3769865810,recoleta,recoleta_1,85000.0,35.0,2.0,50.0,2428.5714285714284,3311.0,-26.6,False,False,False,False,1,False,False,0.92,https://departamento.mercadolibre.com.ar/MLA-3769865810-departamento-2-amb-en-recoleta-_JM#polycard_client=search-desktop&float_highlight=recent_publication&price_drop=not_apply&be_origin=backend&overlay_label=not_apply&search_layout=grid&position=44&type=item&tracking_id=6093e160-6d07-4c92-bc46-8e48431b2d9a&sid=search
1283,MLA1846969677,retiro,retiro_0,133999.0,72.0,3.0,50.0,1861.0972222222224,2537.0,-26.6,False,False,False,False,1,False,False,0.85,https://departamento.mercadolibre.com.ar/MLA-1846969677-venta-departamento-3-ambientes-av-libertador-retiro-_JM#polycard_client=search-desktop&price_drop=not_apply&be_origin=backend&overlay_label=not_apply&search_layout=grid&position=12&type=item&tracking_id=673bf528-ffbf-4453-90bb-9b10cc8ec7f6&sid=search
1284,MLA1763077059,caballito,caballito,160000.0,112.0,4.0,56.0,1428.571428571429,1947.0,-26.6,True,False,True,False,1,False,False,0.92,https://departamento.mercadolibre.com.ar/MLA-1763077059-cdep-en-av-boyaca-al-200-frente-112-m2-impec-balcon-apto-prof-todo-sol-espect-cocina-comedor-_JM#polycard_client=search-desktop&float_highlight=not_apply&price_drop=not_apply&be_origin=backend&overlay_label=not_apply&search_layout=grid&position=43&type=item&tracking_id=8311a42e-5e53-4fa9-bc53-65c02b34edf6&sid=search
1285,MLA1945484373,villa-urquiza,villa-urquiza_1,169900.0,98.0,4.0,46.0,1733.6734693877552,2363.0,-26.6,True,False,True,False,1,False,False,0.92,https://departamento.mercadolibre.com.ar/MLA-1945484373-venta-departamento-4-ambientes-villa-urquiza-_JM#polycard_client=search-desktop&price_drop=not_apply&be_origin=backend&overlay_label=not_apply&search_layout=grid&position=38&type=item&tracking_id=bcb00aa0-ddf6-42db-890d-74b3d9b46695&sid=search
1286,MLA3328887602,villa-crespo,villa-crespo_0,120000.0,95.0,3.0,50.0,1263.157894736842,1722.0,-26.6,True,False,True,False,1,False,False,0.88,https://departamento.mercadolibre.com.ar/MLA-3328887602-venta-departamento-3-ambientes-general-mitre-permuta-apto-credito-patios-_JM#polycard_client=search-desktop&price_drop=not_apply&be_origin=backend&overlay_label=not_apply&search_layout=grid&position=17&type=item&tracking_id=f2015fe1-0ed9-468b-b290-a75646b702d0&sid=search
1287,MLA2890729600,barrio-norte,barrio-norte_2,710000.0,255.0,5.0,25.0,2784.313725490196,3794.0,-26.6,False,False,False,False,1,False,False,0.88,https://departamento.mercadolibre.com.ar/MLA-2890729600-confort-familiar-5-ambientes-dependencia-en-excelente-ubicacion-_JM#polycard_client=search-desktop&float_highlight=not_apply&price_drop=not_apply&be_origin=backend&overlay_label=not_apply&search_layout=grid&position=28&type=item&tracking_id=b68a5886-31ff-4953-9f52-2bc66c14bdbc&sid=search
1288,MLA2670494004,parque-patricios,parque-patricios,72000.0,68.0,4.0,40.0,1058.8235294117646,1443.0,-26.6,True,False,True,False,1,False,False,0.92,https://departamento.mercadolibre.com.ar/MLA-2670494004-salcedo-2900-departamento-4-ambientes-piso-alto-cbalcon-parque-patricios-_JM#polycard_client=search-desktop&float_highlight=not_apply&price_drop=not_apply&be_origin=backend&overlay_label=not_apply&search_layout=grid&position=10&type=item&tracking_id=d8c21601-6a4f-4241-a8ae-240e3ae4929f&sid=search
1289,MLA2792390094,monserrat,monserrat_0,57000.0,43.0,2.0,,1325.5813953488373,1805.0,-26.6,False,False,False,False,1,False,False,0.31,https://departamento.mercadolibre.com.ar/MLA-2792390094-departamento-en-venta-en-monserrat-_JM#polycard_client=search-desktop&price_drop=not_apply&be_origin=backend&overlay_label=not_apply&search_layout=grid&position=30&type=item&tracking_id=2304ee5c-2ebc-4b59-b55d-489ea3bfe5c7&sid=search
1290,MLA1633756319,villa-pueyrredon,villa-pueyrredon_2,140000.0,90.0,3.0,50.0,1555.5555555555557,2118.0,-26.6,True,False,True,False,1,False,False,0.92,https://departamento.mercadolibre.com.ar/MLA-1633756319-dpto-2-3-ambientes-escritorio-sotano-patio-y-cochera-p-2-autos-en-vpueyrredon-potencial-_JM#polycard_client=search-desktop&float_highlight=not_apply&price_drop=not_apply&be_origin=backend&overlay_label=not_apply&search_layout=grid&position=20&type=item&tracking_id=7b2d7a12-e122-4ca4-8cc7-adc74b98feb2&sid=search
1291,MLA1775865335,villa-del-parque,villa-del-parque,155000.0,95.0,4.0,50.0,1631.578947368421,2222.0,-26.6,True,False,True,False,1,False,False,0.92,https://departamento.mercadolibre.com.ar/MLA-1775865335-venta-departamento-villa-del-parque-con-cochera-_JM#polycard_client=search-desktop&price_drop=not_apply&be_origin=backend&overlay_label=not_apply&search_layout=grid&position=42&type=item&tracking_id=8890950f-e2c7-423b-8ea3-5ac92e7c2ca2&sid=search
1292,MLA1945493083,caballito,caballito,49000.0,29.0,2.0,61.0,1689.655172413793,2301.0,-26.6,True,False,True,False,1,False,False,0.88,https://departamento.mercadolibre.com.ar/MLA-1945493083-venta-2-ambtes-apto-credito-caballito-oportunidad-_JM#polycard_client=search-desktop&price_drop=not_apply&be_origin=backend&overlay_label=not_apply&search_layout=grid&position=1&type=item&tracking_id=94ac118c-87e8-4258-abbf-aa90c6579d95&sid=search
1293,MLA1771089775,palermo,palermo_0,160000.0,92.0,3.0,50.0,1739.1304347826087,2368.0,-26.6,True,True,False,False,1,False,False,0.88,https://departamento.mercadolibre.com.ar/MLA-1771089775-venta-departamento-3-ambientes-con-dependencia-apto-credito-_JM#polycard_client=search-desktop&price_drop=not_apply&be_origin=backend&overlay_label=not_apply&search_layout=grid&position=14&type=item&tracking_id=d4ff7fa5-daa2-45aa-b9c9-5a85a0dcb1ac&sid=search
1294,MLA3274351728,recoleta,recoleta_4,255000.0,127.0,4.0,50.0,2007.8740157480315,2734.0,-26.5,False,True,False,False,1,False,False,1.0,https://departamento.mercadolibre.com.ar/MLA-3274351728-departamento-de-4-ambientes-en-barrio-norte-_JM#polycard_client=search-desktop&price_drop=not_apply&be_origin=backend&overlay_label=not_apply&search_layout=grid&position=12&type=item&tracking_id=1ffd07f8-d400-4086-b35d-a2f7711b1dec&sid=search
1295,MLA1991548697,colegiales,colegiales,85000.0,42.0,2.0,30.0,2023.809523809524,2755.0,-26.5,True,True,False,False,1,False,False,1.0,https://departamento.mercadolibre.com.ar/MLA-1991548697-departamento-2-amb-cocina-independiente-piso-alto-apto-credito-_JM#polycard_client=search-desktop&float_highlight=recent_publication&price_drop=not_apply&be_origin=backend&overlay_label=not_apply&search_layout=grid&position=10&type=item&tracking_id=fffd3074-5b7c-4b30-b2f2-994ce3a650dc&sid=search
1296,MLA3706297520,constitucion,constitucion_0,60000.0,53.0,3.0,,1132.0754716981132,1541.0,-26.5,True,False,True,True,1,False,False,0.31,https://departamento.mercadolibre.com.ar/MLA-3706297520-dueno-directo-precio-venta-us65000-dolares-cochabamba-1750-san-cristobal-telefono-5491160417812-exelente-ubicacion-a-100-metros-de-av-entre-rios-y-av-san-juan-subte-linea-e-estacion-r-wals-_JM#polycard_client=search-desktop&price_drop=true&be_origin=backend&overlay_label=not_apply&search_layout=grid&position=38&type=item&tracking_id=c0b8e835-0ccb-4f89-aae3-a1087ef961dc&sid=search
1297,MLA3201690586,belgrano,belgrano_2,198000.0,85.0,4.0,45.0,2329.4117647058824,3170.0,-26.5,True,False,True,False,2,False,False,0.96,https://departamento.mercadolibre.com.ar/MLA-3201690586-departamento-venta-belgrano-3-amb-escritoriotercer-dormitoriobalcon-contrafrente-apto-credito-_JM#polycard_client=search-desktop&price_drop=not_apply&be_origin=backend&overlay_label=not_apply&search_layout=grid&position=44&type=item&tracking_id=1c28a8b8-3d3d-4dbc-9ded-c29129a05bd2&sid=search
1298,MLA3291639170,villa-lugano,villa-lugano_1,66900.0,84.0,5.0,43.0,796.4285714285714,1084.0,-26.5,False,False,False,False,1,False,False,0.88,https://departamento.mercadolibre.com.ar/MLA-3291639170-departamento-en-villa-lugano-_JM#polycard_client=search-desktop&price_drop=not_apply&be_origin=backend&overlay_label=not_apply&search_layout=grid&position=46&type=item&tracking_id=47094cc6-4309-4916-bcff-e4bbdf38d8c7&sid=search
1299,MLA1605223607,barracas,barracas_1,60000.0,45.0,2.0,50.0,1333.3333333333333,1815.0,-26.5,False,False,False,False,1,False,False,0.46,https://departamento.mercadolibre.com.ar/MLA-1605223607-departamento-en-venta-en-barracas-_JM#polycard_client=search-desktop&price_drop=not_apply&be_origin=backend&overlay_label=not_apply&search_layout=grid&position=46&type=item&tracking_id=41371b4a-fc3c-4934-9f0b-146cd6a28120&sid=search
1300,MLA1603272125,villa-urquiza,villa-urquiza,130000.0,69.0,3.0,30.0,1884.0579710144928,2564.0,-26.5,True,False,True,False,1,False,False,0.92,https://departamento.mercadolibre.com.ar/MLA-1603272125-departamento-3-ambientes-a-la-venta-villa-urquiza-_JM#polycard_client=search-desktop&price_drop=not_apply&be_origin=backend&overlay_label=not_apply&search_layout=grid&position=7&type=item&tracking_id=34ac9b59-2fda-4d81-86b3-b6ff03ad1995&sid=search
1301,MLA3452413952,belgrano,belgrano_1,140000.0,61.0,3.0,,2295.0819672131147,3123.0,-26.5,True,False,True,False,1,False,False,0.5,https://departamento.mercadolibre.com.ar/MLA-3452413952-dpto-de-3-ambientes-con-balcon-piso-alto-y-vista-abierta-en-belgrano-_JM#polycard_client=search-desktop&price_drop=not_apply&be_origin=backend&overlay_label=not_apply&search_layout=grid&position=1&type=item&tracking_id=63c06481-b06c-430f-9e39-4e2b16d1aee7&sid=search
1302,MLA1808971955,belgrano,belgrano_1,140000.0,76.0,3.0,48.0,1842.1052631578948,2507.0,-26.5,True,False,True,False,1,False,False,0.88,https://departamento.mercadolibre.com.ar/MLA-1808971955-venta-de-departamento-3-ambientes-en-belgrano-_JM#polycard_client=search-desktop&price_drop=not_apply&be_origin=backend&overlay_label=not_apply&search_layout=grid&position=18&type=item&tracking_id=b331e202-e15c-432d-9c97-4fdc4c0ed51c&sid=search
1303,MLA1824789801,barrio-norte,barrio-norte_4,168000.0,61.0,2.0,2.0,2754.098360655738,3748.0,-26.5,False,False,False,False,1,False,False,0.92,https://departamento.mercadolibre.com.ar/MLA-1824789801-venta-2-ambientes-full-amenities-toilette-barrio-norte-_JM#polycard_client=search-desktop&price_drop=not_apply&be_origin=backend&overlay_label=not_apply&search_layout=grid&position=43&type=item&tracking_id=4dd5989f-6cf5-407f-8dc6-e9852ad6267d&sid=search
1304,MLA3214907772,flores,flores_3,82000.0,65.0,4.0,70.0,1261.5384615384614,1717.0,-26.5,True,False,True,False,1,False,False,0.77,https://departamento.mercadolibre.com.ar/MLA-3214907772-depto-4-amb-o-3-amb-con-dep-bano-y-toillete-frente-x-escaler-_JM#polycard_client=search-desktop&price_drop=not_apply&be_origin=backend&overlay_label=not_apply&search_layout=grid&position=12&type=item&tracking_id=1591080d-1912-4103-9173-c2fe26621ea9&sid=search
1305,MLA1769590201,flores,flores_1,360000.0,211.0,4.0,30.0,1706.1611374407582,2322.0,-26.5,True,False,True,False,1,False,False,0.77,https://departamento.mercadolibre.com.ar/MLA-1769590201-depto-en-venta-lujoso-4-amb-dep-muy-amplio-y-mucha-claridad-_JM#polycard_client=search-desktop&price_drop=not_apply&be_origin=backend&overlay_label=not_apply&search_layout=grid&position=24&type=item&tracking_id=0933f9eb-957d-49b4-94b2-66227a62f008&sid=search
1306,MLA3289186814,monte-castro,monte-castro_2,120000.0,90.0,3.0,40.0,1333.3333333333333,1814.0,-26.5,True,False,True,False,1,False,False,0.92,https://departamento.mercadolibre.com.ar/MLA-3289186814-venta-departamento-3-ambientes-consultorios-equipados-y-cochera-fija-en-monte-castro-_JM#polycard_client=search-desktop&price_drop=not_apply&be_origin=backend&overlay_label=not_apply&search_layout=grid&position=3&type=item&tracking_id=25f1d988-af85-46e6-8078-b47d773f0528&sid=search
1307,MLA1945606149,palermo,palermo_0,66000.0,32.0,2.0,41.0,2062.5,2806.0,-26.5,True,False,True,False,1,False,False,0.81,https://departamento.mercadolibre.com.ar/MLA-1945606149-departamento-en-venta-palermo-2-ambientes-_JM#polycard_client=search-desktop&price_drop=not_apply&be_origin=backend&overlay_label=not_apply&search_layout=grid&position=27&type=item&tracking_id=72539fad-7abb-42a8-a4a6-f2576ccf0a57&sid=search
1308,MLA1946152411,constitucion,constitucion_4,59900.0,61.0,3.0,42.0,981.967213114754,1336.0,-26.5,True,False,True,False,1,False,False,0.85,https://departamento.mercadolibre.com.ar/MLA-1946152411-venta-dpto-3-amb-constitucion-apto-credito-_JM#polycard_client=search-desktop&price_drop=not_apply&be_origin=backend&overlay_label=not_apply&search_layout=grid&position=44&type=item&tracking_id=94ca7fc9-72f8-4e84-bb98-4d0f3947a548&sid=search
1309,MLA3721808072,san-nicolas,san-nicolas,135000.0,123.0,4.0,71.0,1097.560975609756,1493.0,-26.5,False,False,False,False,1,False,False,0.81,https://departamento.mercadolibre.com.ar/MLA-3721808072-oportunidad-inversion-monserrat-_JM#polycard_client=search-desktop&price_drop=not_apply&be_origin=backend&overlay_label=not_apply&search_layout=grid&position=44&type=item&tracking_id=4ab16b8a-49c9-4b69-9bf4-f99bf0f164c9&sid=search
1310,MLA2616647554,balvanera,balvanera_0,69000.0,57.0,3.0,70.0,1210.5263157894738,1647.0,-26.5,True,False,True,False,1,True,False,0.92,https://departamento.mercadolibre.com.ar/MLA-2616647554-venta-tres-ambientes-a-refaccionar-en-once-oportunidad--_JM#polycard_client=search-desktop&float_highlight=not_apply&price_drop=not_apply&be_origin=backend&overlay_label=not_apply&search_layout=grid&position=21&type=item&tracking_id=914954f1-56cc-4cb7-843d-1c2a05ddb4c3&sid=search
1311,MLA3721592970,villa-del-parque,villa-del-parque,148000.0,78.0,3.0,11.0,1897.4358974358972,2581.0,-26.5,True,False,True,False,1,False,False,0.81,https://departamento.mercadolibre.com.ar/MLA-3721592970-venta-depto-3-amb-cterraza-prop-quin-v-del-parque-_JM#polycard_client=search-desktop&price_drop=not_apply&be_origin=backend&overlay_label=not_apply&search_layout=grid&position=14&type=item&tracking_id=5ec82bab-edc9-49f5-9b48-ce5eff2eb851&sid=search
1312,MLA3726897418,caballito,caballito,80000.0,38.0,2.0,11.0,2105.2631578947367,2864.0,-26.5,True,False,True,False,1,False,True,0.96,https://departamento.mercadolibre.com.ar/MLA-3726897418-venta-departamento-2-ambientes-flores-42-m2-amenities-con-renta-_JM#polycard_client=search-desktop&price_drop=not_apply&be_origin=backend&overlay_label=not_apply&search_layout=grid&position=19&type=item&tracking_id=0e8b590d-c41a-4437-aab5-9b812fb68d32&sid=search
1313,MLA2765344078,belgrano,belgrano,175000.0,84.0,4.0,40.0,2083.333333333333,2834.0,-26.5,True,False,True,False,1,False,False,0.88,https://departamento.mercadolibre.com.ar/MLA-2765344078-semip-cdep-en-av-cabildo-al-400-tal-fte-en-esquina-balcon-todo-sol-todo-externo-_JM#polycard_client=search-desktop&float_highlight=not_apply&price_drop=not_apply&be_origin=backend&overlay_label=not_apply&search_layout=grid&position=20&type=item&tracking_id=5af38a2b-211b-4ad6-9315-4ae21fbca5bf&sid=search
1314,MLA3721592736,caballito,caballito,89000.0,62.0,3.0,70.0,1435.483870967742,1952.0,-26.5,True,False,True,False,1,True,False,0.81,https://departamento.mercadolibre.com.ar/MLA-3721592736-venta-depto-3-amb-caballito-refaccionarinversor-_JM#polycard_client=search-desktop&price_drop=not_apply&be_origin=backend&overlay_label=not_apply&search_layout=grid&position=29&type=item&tracking_id=3ed538a7-e748-4092-8b3f-f78f49a93d9c&sid=search
1315,MLA3460021402,retiro,retiro_3,169000.0,105.0,4.0,44.0,1609.5238095238096,2189.0,-26.5,False,False,False,False,1,False,False,0.46,https://departamento.mercadolibre.com.ar/MLA-3460021402-venta-viviendaoficina-5-amb-con-cochera-grande-balcon-al-frente-_JM#polycard_client=search-desktop&price_drop=not_apply&be_origin=backend&overlay_label=not_apply&search_layout=grid&position=17&type=item&tracking_id=f1d4d93b-8431-4570-8894-555a60f9635e&sid=search
1316,MLA2654042190,flores,flores_0,77000.0,48.0,1.0,5.0,1604.1666666666667,2181.0,-26.5,True,False,True,False,1,False,False,0.96,https://departamento.mercadolibre.com.ar/MLA-2654042190-departamento-en-flores-norte-_JM#polycard_client=search-desktop&price_drop=not_apply&be_origin=backend&overlay_label=not_apply&search_layout=grid&position=35&type=item&tracking_id=536a8b09-2070-4195-9161-7954c8f37ea6&sid=search
1317,MLA1792393363,caballito,caballito,123000.0,73.0,4.0,20.0,1684.9315068493152,2291.0,-26.5,True,False,True,False,1,False,False,0.96,https://departamento.mercadolibre.com.ar/MLA-1792393363-venta-departamento-4-ambientes-73m-con-balcon-al-frente-en-boedo-en-piso-alto-muy-luminoso-_JM#polycard_client=search-desktop&price_drop=not_apply&be_origin=backend&overlay_label=not_apply&search_layout=grid&position=22&type=item&tracking_id=e21dcebb-ae07-47d6-8189-17af930b0487&sid=search
1318,MLA1612888487,barracas,barracas_4,160000.0,113.0,4.0,30.0,1415.929203539823,1925.0,-26.5,False,False,False,False,1,False,False,0.96,https://departamento.mercadolibre.com.ar/MLA-1612888487-departamento-en-barracas-_JM#polycard_client=search-desktop&price_drop=not_apply&be_origin=backend&overlay_label=not_apply&search_layout=grid&position=36&type=item&tracking_id=73d19c7f-c1a3-4f56-aab6-a628aad60123&sid=search
1319,MLA1957068827,recoleta,recoleta,115000.0,44.0,1.0,8.0,2613.6363636363635,3554.0,-26.5,False,False,False,False,1,False,False,0.65,https://departamento.mercadolibre.com.ar/MLA-1957068827-amplio-departamento-monoambiente-divisible-amoblado-en-recoleta-_JM#polycard_client=search-desktop&price_drop=not_apply&be_origin=backend&overlay_label=not_apply&search_layout=grid&position=48&type=item&tracking_id=f53e58cb-9f22-488b-b409-e27b79066c03&sid=search
1320,MLA1797623159,caballito,caballito,85000.0,52.0,2.0,50.0,1634.6153846153843,2223.0,-26.5,True,False,True,False,1,False,False,0.88,https://departamento.mercadolibre.com.ar/MLA-1797623159-venta-departamento-2-ambientes-en-caballito-excelente-ubicacion-_JM#polycard_client=search-desktop&price_drop=not_apply&be_origin=backend&overlay_label=not_apply&search_layout=grid&position=14&type=item&tracking_id=e21dcebb-ae07-47d6-8189-17af930b0487&sid=search
1321,MLA3762943382,san-nicolas,san-nicolas,59900.0,49.0,3.0,66.0,1222.4489795918366,1662.0,-26.5,False,False,False,False,1,False,False,0.88,https://departamento.mercadolibre.com.ar/MLA-3762943382-venta-depto-3-ambientes-ideal-vivienda-o-inversion-_JM#polycard_client=search-desktop&price_drop=not_apply&be_origin=backend&overlay_label=not_apply&search_layout=grid&position=46&type=item&tracking_id=f6a568c0-d875-4c32-8ce5-7cdf4dc4e74a&sid=search
1322,MLA1960821303,colegiales,colegiales,129800.0,79.0,3.0,96.0,1643.0379746835442,2234.0,-26.5,True,False,True,False,1,False,False,0.85,https://departamento.mercadolibre.com.ar/MLA-1960821303-dpto-3-amb-venta-colegiales-muy-amplio-y-luminoso-_JM#polycard_client=search-desktop&price_drop=not_apply&be_origin=backend&overlay_label=not_apply&search_layout=grid&position=39&type=item&tracking_id=3277e780-700b-4a9a-8cbd-a36e5a70ae99&sid=search
1323,MLA3256661202,almagro,almagro,104900.0,79.0,3.0,60.0,1327.8481012658228,1805.0,-26.4,True,False,True,False,1,False,False,0.96,https://departamento.mercadolibre.com.ar/MLA-3256661202-venta-3-amb-apto-credito-almagro-oportunidad-_JM#polycard_client=search-desktop&price_drop=not_apply&be_origin=backend&overlay_label=not_apply&search_layout=grid&position=29&type=item&tracking_id=ad0f3ca1-380e-49e8-b481-551dfe6e9ea1&sid=search
1324,MLA1836894283,belgrano,belgrano,308000.0,111.0,6.0,30.0,2774.774774774775,3771.0,-26.4,True,False,True,False,1,False,False,1.0,https://departamento.mercadolibre.com.ar/MLA-1836894283-departamento-en-venta-3-dormitorios-en-belgrano-con-cochera-_JM#polycard_client=search-desktop&price_drop=not_apply&be_origin=backend&overlay_label=not_apply&search_layout=grid&position=2&type=item&tracking_id=2c9e36d4-cd2f-4158-8019-4dbc16c62943&sid=search
1325,MLA1947821121,san-nicolas,san-nicolas,88000.0,73.0,3.0,62.0,1205.4794520547946,1638.0,-26.4,False,False,False,True,1,False,False,0.96,https://departamento.mercadolibre.com.ar/MLA-1947821121-departamento-en-venta-_JM#polycard_client=search-desktop&price_drop=true&be_origin=backend&overlay_label=not_apply&search_layout=grid&position=21&type=item&tracking_id=4ab16b8a-49c9-4b69-9bf4-f99bf0f164c9&sid=search
1326,MLA1758661467,monserrat,monserrat_0,105000.0,84.0,4.0,37.0,1250.0,1699.0,-26.4,False,False,False,False,1,False,False,0.92,https://departamento.mercadolibre.com.ar/MLA-1758661467-venta-departamento-34-ambientes-cochera-congreso-balvanera-monserrat-_JM#polycard_client=search-desktop&float_highlight=not_apply&price_drop=not_apply&be_origin=backend&overlay_label=not_apply&search_layout=grid&position=29&type=item&tracking_id=803fcb36-3ad6-4667-a7a7-ddf27a740927&sid=search
1327,MLA3769489052,palermo,palermo_3,199000.0,98.0,4.0,50.0,2030.6122448979595,2759.0,-26.4,True,False,True,False,1,False,False,0.81,https://departamento.mercadolibre.com.ar/MLA-3769489052-dpto-4-amb-en-venta-en-palermo-cdepend-y-vista-_JM#polycard_client=search-desktop&float_highlight=recent_publication&price_drop=not_apply&be_origin=backend&overlay_label=not_apply&search_layout=grid&position=3&type=item&tracking_id=6ebda8f2-31d5-479d-af89-85d43b199d41&sid=search
1328,MLA3636259324,san-telmo,san-telmo_3,50000.0,37.0,2.0,50.0,1351.3513513513512,1836.0,-26.4,True,False,True,False,1,False,False,0.92,https://departamento.mercadolibre.com.ar/MLA-3636259324-departamento-2-ambientes-en-san-telmo-_JM#polycard_client=search-desktop&price_drop=not_apply&be_origin=backend&overlay_label=not_apply&search_layout=grid&position=42&type=item&tracking_id=d566583d-3908-4d68-963f-db27d60fa0f1&sid=search
1329,MLA1987827971,san-telmo,san-telmo_4,79000.0,42.0,1.0,10.0,1880.952380952381,2555.0,-26.4,True,False,True,False,1,False,False,0.96,https://departamento.mercadolibre.com.ar/MLA-1987827971-departamento-monoambiente-con-cochera-y-amenities-san-telmo-caba-_JM#polycard_client=search-desktop&float_highlight=recent_publication&price_drop=not_apply&be_origin=backend&overlay_label=not_apply&search_layout=grid&position=33&type=item&tracking_id=a7da77bd-c680-4733-ae70-5bb1e3dc803d&sid=search
1330,MLA1841369633,belgrano,belgrano_0,104900.0,40.0,1.0,3.0,2622.5,3562.0,-26.4,True,False,True,False,1,False,False,0.62,https://departamento.mercadolibre.com.ar/MLA-1841369633-departamento-en-venta-en-belgrano-capital-federal-buenos-aires-_JM#polycard_client=search-desktop&price_drop=not_apply&be_origin=backend&overlay_label=not_apply&search_layout=grid&position=42&type=item&tracking_id=7598c98c-ad3a-4472-a1ab-195db97e5041&sid=search
1331,MLA3618081094,palermo,palermo_3,165000.0,90.0,4.0,65.0,1833.3333333333333,2490.0,-26.4,True,False,True,False,1,False,False,0.96,https://departamento.mercadolibre.com.ar/MLA-3618081094-venta-departamento-4-ambientes-con-dependencia-oportunidad-en-palermo-apto-credito-hipotecario-_JM#polycard_client=search-desktop&price_drop=not_apply&be_origin=backend&overlay_label=not_apply&search_layout=grid&position=13&type=item&tracking_id=aa118468-1268-4a6f-8f03-efae5e4e2a23&sid=search
1332,MLA3025477074,belgrano,belgrano_0,320000.0,166.0,5.0,45.0,1927.710843373494,2618.0,-26.4,True,False,True,False,1,True,False,0.96,https://departamento.mercadolibre.com.ar/MLA-3025477074-oportunidad-piso-a-reciclar-belgrano-5-ambientes-c-dep-balcon-espacio-guardacoche-_JM#polycard_client=search-desktop&float_highlight=not_apply&price_drop=not_apply&be_origin=backend&overlay_label=not_apply&search_layout=grid&position=36&type=item&tracking_id=d3a58b35-a436-44c3-aec7-9917ec78cf88&sid=search
1333,MLA3472047982,retiro,retiro_0,385000.0,208.0,5.0,60.0,1850.9615384615383,2514.0,-26.4,False,False,False,False,1,False,False,0.54,https://departamento.mercadolibre.com.ar/MLA-3472047982-departamento-5-ambientes-retiro-_JM#polycard_client=search-desktop&price_drop=not_apply&be_origin=backend&overlay_label=not_apply&search_layout=grid&position=14&type=item&tracking_id=f1d4d93b-8431-4570-8894-555a60f9635e&sid=search
1334,MLA3619574384,belgrano,belgrano_3,185000.0,86.0,4.0,50.0,2151.1627906976746,2921.0,-26.4,True,False,True,False,1,False,False,0.92,https://departamento.mercadolibre.com.ar/MLA-3619574384-oppel-departamento-en-venta-belgrano-capital-federal-cod-34083-_JM#polycard_client=search-desktop&price_drop=not_apply&be_origin=backend&overlay_label=not_apply&search_layout=grid&position=39&type=item&tracking_id=cd412bb5-596a-4101-92f5-da1a63c72914&sid=search
1335,MLA3785137084,san-nicolas,san-nicolas,160000.0,156.0,6.0,72.0,1025.6410256410256,1393.0,-26.4,False,False,False,False,1,False,False,0.77,https://departamento.mercadolibre.com.ar/MLA-3785137084-departamento-6-amb-en-venta-antiguo-_JM#polycard_client=search-desktop&float_highlight=recent_publication&price_drop=not_apply&be_origin=backend&overlay_label=not_apply&search_layout=grid&position=34&type=item&tracking_id=f6a568c0-d875-4c32-8ce5-7cdf4dc4e74a&sid=search
1336,MLA3715149434,recoleta,recoleta_0,80000.0,42.0,2.0,45.0,1904.7619047619048,2586.0,-26.3,False,False,False,False,1,False,False,0.92,https://departamento.mercadolibre.com.ar/MLA-3715149434-venta-departamento-monoambiente-divisible-recoleta-permuta-_JM#polycard_client=search-desktop&price_drop=not_apply&be_origin=backend&overlay_label=not_apply&search_layout=grid&position=27&type=item&tracking_id=7a4d9f2a-0eae-42d1-9e72-7d94eff1aa47&sid=search
1337,MLA3638258116,san-telmo,san-telmo_4,99000.0,90.0,4.0,60.0,1100.0,1493.0,-26.3,True,False,True,False,1,False,False,0.96,https://departamento.mercadolibre.com.ar/MLA-3638258116-excelente-depto-en-venta-en-san-telmo-alto-lum-buen-estado-apto-prof-bdo-de-irigoyen-y-garay-_JM#polycard_client=search-desktop&price_drop=not_apply&be_origin=backend&overlay_label=not_apply&search_layout=grid&position=48&type=item&tracking_id=6f2301fa-b2a0-403f-ab72-4b603fa64a94&sid=search
1338,MLA3739776318,flores,flores_1,125000.0,103.0,4.0,56.0,1213.5922330097087,1647.0,-26.3,True,False,True,False,1,False,False,0.88,https://departamento.mercadolibre.com.ar/MLA-3739776318-venta-piso-4-amb-al-frente-c-balcon-110-m-flores-a-1-cuadra-de-plaza-irlanda-_JM#polycard_client=search-desktop&price_drop=not_apply&be_origin=backend&overlay_label=not_apply&search_layout=grid&position=24&type=item&tracking_id=bb8c697b-ae3d-4654-a1b6-de9068a338f2&sid=search
1339,MLA2866227246,retiro,retiro_3,69500.0,42.0,2.0,43.0,1654.7619047619048,2246.0,-26.3,False,False,False,False,1,False,False,0.23,https://departamento.mercadolibre.com.ar/MLA-2866227246-venta-de-departamento-2-ambientes-en-retiro-capital-federal-_JM#polycard_client=search-desktop&price_drop=not_apply&be_origin=backend&overlay_label=not_apply&search_layout=grid&position=5&type=item&tracking_id=23c075d7-2d6c-4f60-908f-cea23020a9fa&sid=search
1340,MLA3791551866,villa-crespo,villa-crespo_1,66000.0,44.0,2.0,60.0,1500.0,2036.0,-26.3,True,False,True,False,1,False,False,0.96,https://departamento.mercadolibre.com.ar/MLA-3791551866-venta-departamento-amplio-dos-ambientes-almagro-parque-centenario-villa-crespo-_JM#polycard_client=search-desktop&float_highlight=recent_publication&price_drop=not_apply&be_origin=backend&overlay_label=not_apply&search_layout=grid&position=42&type=item&tracking_id=abb08bbd-8748-4f40-bc48-af65e2547c74&sid=search
1341,MLA3721457254,almagro,almagro,75000.0,52.0,3.0,61.0,1442.3076923076924,1957.0,-26.3,True,False,True,False,1,False,False,0.77,https://departamento.mercadolibre.com.ar/MLA-3721457254-departamento-3-ambientes-en-almagro-_JM#polycard_client=search-desktop&price_drop=not_apply&be_origin=backend&overlay_label=not_apply&search_layout=grid&position=46&type=item&tracking_id=4ba7738d-c25f-4b9f-a8ab-bdaa9c1371ed&sid=search
1342,MLA1705098321,almagro,almagro,120000.0,84.0,4.0,45.0,1428.571428571429,1938.0,-26.3,True,False,True,False,1,False,False,0.96,https://departamento.mercadolibre.com.ar/MLA-1705098321-excelente-4-ambientes-contrafrente-impecable-estado-_JM#polycard_client=search-desktop&price_drop=not_apply&be_origin=backend&overlay_label=not_apply&search_layout=grid&position=5&type=item&tracking_id=a0801218-0bf0-4666-9bd4-823612adb4d0&sid=search
1343,MLA3535122148,villa-urquiza,villa-urquiza_3,69000.0,42.0,2.0,48.0,1642.857142857143,2229.0,-26.3,True,True,False,False,1,False,False,1.0,https://departamento.mercadolibre.com.ar/MLA-3535122148-2-ambientes-al-lateral-muy-luminoso-a-dos-cuadras-de-gral-paz-y-12-de-constituyentes-_JM#polycard_client=search-desktop&price_drop=not_apply&be_origin=backend&overlay_label=not_apply&search_layout=grid&position=9&type=item&tracking_id=d84a6de7-909d-4cf6-814e-8e4bb49f9d7d&sid=search
1344,MLA2854394672,almagro,almagro,59000.0,40.0,2.0,50.0,1475.0,2001.0,-26.3,True,False,True,False,1,False,False,0.88,https://departamento.mercadolibre.com.ar/MLA-2854394672-departamento-almagro-_JM#polycard_client=search-desktop&price_drop=not_apply&be_origin=backend&overlay_label=not_apply&search_layout=grid&position=43&type=item&tracking_id=974642f5-7f8b-489a-a9f6-8e4075a73058&sid=search
1345,MLA1833496901,monserrat,monserrat_4,59000.0,34.0,1.0,5.0,1735.2941176470588,2354.0,-26.3,False,False,False,False,1,False,False,0.92,https://departamento.mercadolibre.com.ar/MLA-1833496901-venta-monoambiente-con-sum-parrilla-y-laundry-_JM#polycard_client=search-desktop&price_drop=not_apply&be_origin=backend&overlay_label=not_apply&search_layout=grid&position=23&type=item&tracking_id=803fcb36-3ad6-4667-a7a7-ddf27a740927&sid=search
1346,MLA1859820211,nunez,nunez_1,275000.0,81.0,3.0,12.0,3395.061728395062,4605.0,-26.3,True,False,True,False,1,False,False,0.92,https://departamento.mercadolibre.com.ar/MLA-1859820211-3-ambientes-con-cochera-en-nunez-_JM#polycard_client=search-desktop&price_drop=not_apply&be_origin=backend&overlay_label=not_apply&search_layout=grid&position=15&type=item&tracking_id=e9d794d2-eb20-47b1-9496-9312ab5b139d&sid=search
1347,MLA1893234511,belgrano,belgrano,70000.0,33.0,2.0,50.0,2121.212121212121,2877.0,-26.3,True,False,True,False,1,True,False,0.92,https://departamento.mercadolibre.com.ar/MLA-1893234511-departamento-2-amb-a-refaccionar-excelente-ubicacion-_JM#polycard_client=search-desktop&price_drop=not_apply&be_origin=backend&overlay_label=not_apply&search_layout=grid&position=38&type=item&tracking_id=5ee5f3a8-1498-414a-a687-1dcf8a31f74c&sid=search
1348,MLA3719604148,liniers,liniers_3,109000.0,75.0,3.0,49.0,1453.3333333333333,1971.0,-26.3,False,False,False,False,1,False,False,0.85,https://departamento.mercadolibre.com.ar/MLA-3719604148-departamento-3-ambientes-en-venta-liniers-_JM#polycard_client=search-desktop&price_drop=not_apply&be_origin=backend&overlay_label=not_apply&search_layout=grid&position=29&type=item&tracking_id=744d3668-5e36-4454-9b0f-96b5a7585a59&sid=search
1349,MLA1647008145,balvanera,balvanera_0,75000.0,56.0,3.0,,1339.2857142857142,1816.0,-26.3,True,False,True,False,1,False,False,0.58,https://departamento.mercadolibre.com.ar/MLA-1647008145-departamento-en-venta-en-balvanera-_JM#polycard_client=search-desktop&float_highlight=not_apply&price_drop=not_apply&be_origin=backend&overlay_label=not_apply&search_layout=grid&position=7&type=item&tracking_id=26b6c94c-358d-41ab-b432-072ada0cf517&sid=search
1350,MLA1778715929,parque-chacabuco,parque-chacabuco,169000.0,75.0,3.0,7.0,2253.333333333333,3056.0,-26.3,False,False,False,False,1,False,False,0.96,https://departamento.mercadolibre.com.ar/MLA-1778715929-departamento-3-ambientes-balcon-terraza-amenities-premium-cochera-country-urbano-_JM#polycard_client=search-desktop&price_drop=not_apply&be_origin=backend&overlay_label=not_apply&search_layout=grid&position=4&type=item&tracking_id=3c238052-452f-4011-b63f-1076de76f4ef&sid=search
1351,MLA2802848316,villa-devoto,villa-devoto_3,274000.0,110.0,5.0,20.0,2490.909090909091,3378.0,-26.3,True,False,True,False,1,False,False,0.5,https://departamento.mercadolibre.com.ar/MLA-2802848316-departamento-triplex-en-venta-en-villa-devoto-capital-federal-buenos-aires-_JM#polycard_client=search-desktop&price_drop=not_apply&be_origin=backend&overlay_label=not_apply&search_layout=grid&position=14&type=item&tracking_id=f9a0abd8-fc56-4387-b7da-41c259829a68&sid=search
1352,MLA1868989003,balvanera,balvanera_2,85000.0,70.0,4.0,70.0,1214.2857142857142,1646.0,-26.2,True,False,True,False,1,False,False,0.92,https://departamento.mercadolibre.com.ar/MLA-1868989003-balvanera-depto-en-venta-4-ambientes-oportunidad-_JM#polycard_client=search-desktop&price_drop=not_apply&be_origin=backend&overlay_label=not_apply&search_layout=grid&position=25&type=item&tracking_id=3604c4db-a579-498a-bd4d-9260ff26cf62&sid=search
1353,MLA1704078209,belgrano,belgrano_0,215000.0,101.0,4.0,40.0,2128.712871287129,2885.0,-26.2,True,True,False,True,1,False,False,1.0,https://departamento.mercadolibre.com.ar/MLA-1704078209-departamento-4-amb-con-conchera-y-balcon-corrido-apto-credito-nunez--_JM#polycard_client=search-desktop&float_highlight=not_apply&price_drop=true&be_origin=backend&overlay_label=not_apply&search_layout=grid&position=4&type=item&tracking_id=1fafad0c-005e-4b6e-948d-6e9ebd71d896&sid=search
1354,MLA3718799196,flores,flores_1,74900.0,57.0,3.0,40.0,1314.0350877192982,1781.0,-26.2,True,False,True,False,1,False,False,0.85,https://departamento.mercadolibre.com.ar/MLA-3718799196-departamento-en-venta-en-flores-3-ambientes-muy-luminoso-con-ambientes-muy-amplios-_JM#polycard_client=search-desktop&price_drop=not_apply&be_origin=backend&overlay_label=not_apply&search_layout=grid&position=31&type=item&tracking_id=4f49140c-1997-4323-9e18-7fe7529328de&sid=search
1355,MLA2796249202,puerto-madero,puerto-madero,550000.0,120.0,3.0,,4583.333333333333,6212.0,-26.2,False,False,False,False,1,False,False,0.69,https://departamento.mercadolibre.com.ar/MLA-2796249202-departamento-3-ambientes-en-venta-art-maria-puerto-madero-_JM#polycard_client=search-desktop&price_drop=not_apply&be_origin=backend&overlay_label=not_apply&search_layout=grid&position=39&type=item&tracking_id=c4f819a6-eb37-4219-b7fd-9cafda94fcfb&sid=search
1356,MLA1945070879,belgrano,belgrano_0,310000.0,177.0,5.0,44.0,1751.412429378531,2374.0,-26.2,True,False,True,True,1,False,False,0.85,https://departamento.mercadolibre.com.ar/MLA-1945070879-piso-duplex-5-amb-terraza-propia-en-belgrano-_JM#polycard_client=search-desktop&price_drop=true&be_origin=backend&overlay_label=not_apply&search_layout=grid&position=26&type=item&tracking_id=d473ed70-0688-4f88-8e3a-94a311e0266f&sid=search
1357,MLA3424256344,nueva-pompeya,nueva-pompeya,43000.0,53.0,3.0,40.0,811.3207547169811,1100.0,-26.2,True,True,False,False,1,False,False,0.96,https://departamento.mercadolibre.com.ar/MLA-3424256344-venta-departamento-3-ambientes-en-pompeya-_JM#polycard_client=search-desktop&price_drop=not_apply&be_origin=backend&overlay_label=not_apply&search_layout=grid&position=19&type=item&tracking_id=0d117105-f9ed-44da-bbaf-9e3721f00c21&sid=search
1358,MLA3203982000,barrio-norte,barrio-norte_1,85000.0,46.0,2.0,,1847.8260869565215,2504.0,-26.2,False,False,False,False,1,False,False,0.23,https://departamento.mercadolibre.com.ar/MLA-3203982000-departamento-en-venta-av-cordoba-2088-buenos-aires-_JM#polycard_client=search-desktop&float_highlight=not_apply&price_drop=not_apply&be_origin=backend&overlay_label=not_apply&search_layout=grid&position=31&type=item&tracking_id=eb380fb0-5c16-40a8-a2fb-909d3b7b9aa1&sid=search
1359,MLA2843220746,villa-devoto,villa-devoto,90000.0,34.0,1.0,5.0,2647.058823529412,3587.0,-26.2,True,False,True,False,1,False,False,0.92,https://departamento.mercadolibre.com.ar/MLA-2843220746-departamento-mono-ambiente-a-estrenar-villa-devoto-_JM#polycard_client=search-desktop&price_drop=not_apply&be_origin=backend&overlay_label=not_apply&search_layout=grid&position=25&type=item&tracking_id=da8db85f-e121-455c-8fd9-1ca29e5b2ece&sid=search
1360,MLA1967450849,mataderos,mataderos_1,28000.0,24.0,1.0,40.0,1166.6666666666667,1581.0,-26.2,False,False,False,False,1,False,False,0.38,https://departamento.mercadolibre.com.ar/MLA-1967450849-ph-a-4eciclar-gas-agua-luz-y-escritura-bajas-expensas-_JM#polycard_client=search-desktop&price_drop=not_apply&be_origin=backend&overlay_label=not_apply&search_layout=grid&position=5&type=item&tracking_id=47019072-4e30-4133-a6a3-4d6973fbb320&sid=search
1361,MLA1952086819,parque-chacabuco,parque-chacabuco,79000.0,59.0,3.0,40.0,1338.9830508474577,1814.0,-26.2,False,False,False,True,1,False,False,0.81,https://departamento.mercadolibre.com.ar/MLA-1952086819-venta-3-ambientes-parque-chacabuco-a-renov-lumin-_JM#polycard_client=search-desktop&price_drop=true&be_origin=backend&overlay_label=not_apply&search_layout=grid&position=22&type=item&tracking_id=efdd351d-5f6d-42b0-8400-1687377f0803&sid=search
1362,MLA1873565183,belgrano,belgrano_2,670000.0,321.0,4.0,20.0,2087.227414330218,2827.0,-26.2,True,True,False,False,1,False,False,0.96,https://departamento.mercadolibre.com.ar/MLA-1873565183-departamento-tipo-casa-con-jardin-privado-en-la-mejor-zona-de-belgrano-_JM#polycard_client=search-desktop&price_drop=not_apply&be_origin=backend&overlay_label=not_apply&search_layout=grid&position=23&type=item&tracking_id=320139cf-ad91-4f07-a898-2cebfa1af6f3&sid=search
1363,MLA3685649414,villa-devoto,villa-devoto,79500.0,34.0,1.0,10.0,2338.235294117647,3167.0,-26.2,True,False,True,False,1,False,False,1.0,https://departamento.mercadolibre.com.ar/MLA-3685649414-monoambiente-al-frente-con-balcon-amenities-villa-devoto-_JM#polycard_client=search-desktop&price_drop=not_apply&be_origin=backend&overlay_label=not_apply&search_layout=grid&position=46&type=item&tracking_id=f9a0abd8-fc56-4387-b7da-41c259829a68&sid=search
1364,MLA1945712577,recoleta,recoleta_4,147000.0,100.0,3.0,96.0,1470.0,1991.0,-26.2,False,False,False,False,1,False,False,0.81,https://departamento.mercadolibre.com.ar/MLA-1945712577-venta-excelente-depto-3-ambientes-san-nicolas-_JM#polycard_client=search-desktop&price_drop=not_apply&be_origin=backend&overlay_label=not_apply&search_layout=grid&position=10&type=item&tracking_id=036ac00f-4dc0-4eee-af2c-40e7ef1601f9&sid=search
1365,MLA1949501869,villa-urquiza,villa-urquiza,98000.0,62.0,2.0,46.0,1580.645161290323,2141.0,-26.2,True,False,True,False,1,False,False,0.96,https://departamento.mercadolibre.com.ar/MLA-1949501869-venta-departamento-2-ambientes-villa-urquiza-_JM#polycard_client=search-desktop&price_drop=not_apply&be_origin=backend&overlay_label=not_apply&search_layout=grid&position=4&type=item&tracking_id=bb5c425b-ef03-4908-b0e3-7fa3e46451d4&sid=search
1366,MLA1945491029,palermo,palermo_3,179000.0,77.0,3.0,49.0,2324.6753246753246,3149.0,-26.2,True,False,True,False,1,False,False,0.81,https://departamento.mercadolibre.com.ar/MLA-1945491029-venta-depto-3-amb-con-dep-esp-guardacoche-palermo-_JM#polycard_client=search-desktop&price_drop=not_apply&be_origin=backend&overlay_label=not_apply&search_layout=grid&position=35&type=item&tracking_id=4e7f1eb4-8f05-4ff8-be43-34acc33bf293&sid=search
1367,MLA3472961396,nueva-pompeya,nueva-pompeya,59000.0,77.0,4.0,40.0,766.2337662337662,1038.0,-26.2,True,False,True,False,1,False,False,0.96,https://departamento.mercadolibre.com.ar/MLA-3472961396-venta-amplio-4-ambientes-cbalcon-pb-en-pompeya-_JM#polycard_client=search-desktop&price_drop=not_apply&be_origin=backend&overlay_label=not_apply&search_layout=grid&position=4&type=item&tracking_id=0d117105-f9ed-44da-bbaf-9e3721f00c21&sid=search
1368,MLA1760248031,almagro,almagro,97000.0,73.0,3.0,40.0,1328.7671232876712,1799.0,-26.2,True,False,True,False,1,False,False,0.15,https://departamento.mercadolibre.com.ar/MLA-1760248031-departamento-de-3-ambientes-en-venta-en-almagro-_JM#polycard_client=search-desktop&price_drop=not_apply&be_origin=backend&overlay_label=not_apply&search_layout=grid&position=20&type=item&tracking_id=80422132-06ff-4507-99bc-22cd7d49362c&sid=search
1369,MLA1946330611,paternal,paternal,215000.0,108.0,4.0,5.0,1990.7407407407409,2695.0,-26.1,True,False,True,False,1,False,False,0.92,https://departamento.mercadolibre.com.ar/MLA-1946330611-venta-dto-4-amb-ccoch-y-baulera-paternal-_JM#polycard_client=search-desktop&price_drop=not_apply&be_origin=backend&overlay_label=not_apply&search_layout=grid&position=39&type=item&tracking_id=fb71db8c-fc1c-47c1-885a-6eafc9e6cc3d&sid=search
1370,MLA3719600956,saavedra,saavedra,83000.0,36.0,1.0,2.0,2305.555555555556,3121.0,-26.1,True,False,True,False,2,False,False,0.81,https://departamento.mercadolibre.com.ar/MLA-3719600956-monoambiente-a-estrenar-sin-balcon-_JM#polycard_client=search-desktop&price_drop=not_apply&be_origin=backend&overlay_label=not_apply&search_layout=grid&position=4&type=item&tracking_id=01d00f9c-b8d2-447e-9dd5-383cec624aed&sid=search
1371,MLA1856990969,san-nicolas,san-nicolas,77000.0,67.0,2.0,56.0,1149.2537313432836,1556.0,-26.1,False,False,False,False,1,False,False,0.27,https://departamento.mercadolibre.com.ar/MLA-1856990969-departamento-2-ambientes-pb-con-patio-sarmiento-1400-san-nicolas-centro-_JM#polycard_client=search-desktop&price_drop=not_apply&be_origin=backend&overlay_label=not_apply&search_layout=grid&position=3&type=item&tracking_id=c6ddcef5-2bc2-40f6-9fb6-7e5115678c62&sid=search
1372,MLA1945067393,retiro,retiro,70900.0,41.0,2.0,46.0,1729.2682926829268,2341.0,-26.1,False,False,False,False,1,False,False,0.85,https://departamento.mercadolibre.com.ar/MLA-1945067393-en-venta-depto-2-amb-apto-profesional-en-retiro-_JM#polycard_client=search-desktop&price_drop=not_apply&be_origin=backend&overlay_label=not_apply&search_layout=grid&position=46&type=item&tracking_id=e8ecd553-6134-4b43-8f3d-0f8c9514ac1a&sid=search
1373,MLA3624450336,balvanera,balvanera,55000.0,31.0,1.0,5.0,1774.1935483870968,2401.0,-26.1,True,False,True,False,1,False,False,0.62,https://departamento.mercadolibre.com.ar/MLA-3624450336-venta-2-monoambientes-oportunidad-de-inversion-zona-centro-area-facultades-_JM#polycard_client=search-desktop&price_drop=not_apply&be_origin=backend&overlay_label=not_apply&search_layout=grid&position=34&type=item&tracking_id=4c4374ec-c2bf-44fc-ad14-dbbbd24e3e75&sid=search
1374,MLA3655727302,villa-devoto,villa-devoto_2,289000.0,147.0,4.0,30.0,1965.9863945578231,2661.0,-26.1,True,False,True,False,1,False,False,0.38,https://departamento.mercadolibre.com.ar/MLA-3655727302-villa-devoto-departamento-a-la-venta-de-4-ambientes-con-dependencia-_JM#polycard_client=search-desktop&price_drop=not_apply&be_origin=backend&overlay_label=not_apply&search_layout=grid&position=1&type=item&tracking_id=e026be74-7aaf-40d8-ac8e-2d07b9007946&sid=search
1375,MLA3783752932,puerto-madero,puerto-madero,530000.0,114.0,4.0,20.0,4649.122807017544,6293.0,-26.1,False,False,False,False,1,False,False,0.96,https://departamento.mercadolibre.com.ar/MLA-3783752932-puerto-madero-madero-plaza-venta-tres-dormitorios--_JM#polycard_client=search-desktop&float_highlight=recent_publication&price_drop=not_apply&be_origin=backend&overlay_label=not_apply&search_layout=grid&position=41&type=item&tracking_id=74ae6c22-e242-4039-a060-29acc413e56f&sid=search
1376,MLA1914533259,liniers,liniers,52000.0,49.0,2.0,66.0,1061.2244897959183,1436.0,-26.1,False,False,False,False,1,False,False,0.88,https://departamento.mercadolibre.com.ar/MLA-1914533259-venta-dto-2-amb-balcon-frances-y-patio-liniers-_JM#polycard_client=search-desktop&price_drop=not_apply&be_origin=backend&overlay_label=not_apply&search_layout=grid&position=36&type=item&tracking_id=744d3668-5e36-4454-9b0f-96b5a7585a59&sid=search
1377,MLA3623699322,caballito,caballito,75000.0,39.0,1.0,13.0,1923.076923076923,2602.0,-26.1,True,False,True,False,1,False,False,0.85,https://departamento.mercadolibre.com.ar/MLA-3623699322-departamento-en-venta-en-caballito-dos-ambientes-_JM#polycard_client=search-desktop&price_drop=not_apply&be_origin=backend&overlay_label=not_apply&search_layout=grid&position=45&type=item&tracking_id=74d8d34f-0625-4652-941d-5cd350da3f59&sid=search
1378,MLA2696213014,retiro,retiro,320000.0,233.0,6.0,70.0,1373.390557939914,1858.0,-26.1,False,False,False,False,1,False,False,0.92,https://departamento.mercadolibre.com.ar/MLA-2696213014-departamento-apto-profesional-en-retiro-_JM#polycard_client=search-desktop&float_highlight=not_apply&price_drop=not_apply&be_origin=backend&overlay_label=not_apply&search_layout=grid&position=26&type=item&tracking_id=23c075d7-2d6c-4f60-908f-cea23020a9fa&sid=search
1379,MLA1610479669,almagro,almagro,59900.0,41.0,2.0,50.0,1460.9756097560976,1977.0,-26.1,True,False,True,False,1,False,False,0.15,https://departamento.mercadolibre.com.ar/MLA-1610479669-departamento-de-2-ambientes-en-venta-en-almagro-_JM#polycard_client=search-desktop&price_drop=not_apply&be_origin=backend&overlay_label=not_apply&search_layout=grid&position=3&type=item&tracking_id=d50035c8-9174-4320-97ef-cd857c2682d0&sid=search
1380,MLA1800238239,villa-lugano,villa-lugano_0,85000.0,56.0,3.0,2.0,1517.857142857143,2053.0,-26.1,False,False,False,False,1,False,False,0.23,https://departamento.mercadolibre.com.ar/MLA-1800238239-departamento-en-venta-3-amb-en-villa-lugano-_JM#polycard_client=search-desktop&price_drop=not_apply&be_origin=backend&overlay_label=not_apply&search_layout=grid&position=39&type=item&tracking_id=0408ed33-0526-4158-ac31-a7206ce62ada&sid=search
1381,MLA1866102533,puerto-madero,puerto-madero,390000.0,88.0,3.0,23.0,4431.818181818182,5995.0,-26.1,False,False,False,True,1,False,False,1.0,https://departamento.mercadolibre.com.ar/MLA-1866102533-departamento-de-3-ambientes-torre-river-view-_JM#polycard_client=search-desktop&price_drop=true&be_origin=backend&overlay_label=not_apply&search_layout=grid&position=11&type=item&tracking_id=650f0724-2e0c-42b2-8ad0-510f92c65e1e&sid=search
1382,MLA3624346484,colegiales,colegiales,88000.0,47.0,3.0,61.0,1872.340425531915,2532.0,-26.1,True,False,True,False,1,False,False,0.77,https://departamento.mercadolibre.com.ar/MLA-3624346484-dueno-directo-vende-3-ambientes-al-frente-con-balcon-apto-credito-hipotecario-_JM#polycard_client=search-desktop&price_drop=not_apply&be_origin=backend&overlay_label=not_apply&search_layout=grid&position=24&type=item&tracking_id=c8834e56-61b1-446d-9c9a-15a49f9e33ec&sid=search
1383,MLA3721454062,balvanera,balvanera,56000.0,50.0,2.0,31.0,1120.0,1515.0,-26.1,True,False,True,False,1,False,False,0.81,https://departamento.mercadolibre.com.ar/MLA-3721454062-departamento-2-ambientes-en-venta-en-balvanera-_JM#polycard_client=search-desktop&price_drop=not_apply&be_origin=backend&overlay_label=not_apply&search_layout=grid&position=2&type=item&tracking_id=3d634716-ce5e-4121-87d9-79526e4e8898&sid=search
1384,MLA1833466423,belgrano,belgrano,140000.0,66.0,3.0,40.0,2121.212121212121,2869.0,-26.1,True,False,True,False,1,False,False,0.85,https://departamento.mercadolibre.com.ar/MLA-1833466423-venta-de-excelente-departamento-3-ambientes-en-belgrano-_JM#polycard_client=search-desktop&price_drop=not_apply&be_origin=backend&overlay_label=not_apply&search_layout=grid&position=32&type=item&tracking_id=8561e6c4-54bb-4fb6-a086-e18740224020&sid=search
1385,MLA1992200809,nueva-pompeya,nueva-pompeya,63000.0,81.0,4.0,42.0,777.7777777777778,1051.0,-26.0,True,False,True,False,1,False,False,0.58,https://departamento.mercadolibre.com.ar/MLA-1992200809-departamento-en-venta-en-barrio-espora-_JM#polycard_client=search-desktop&price_drop=not_apply&be_origin=backend&overlay_label=not_apply&search_layout=grid&position=43&type=item&tracking_id=0d117105-f9ed-44da-bbaf-9e3721f00c21&sid=search
1386,MLA3333180040,barracas,barracas,64900.0,56.0,2.0,50.0,1158.928571428571,1567.0,-26.0,False,False,False,False,1,False,False,1.0,https://departamento.mercadolibre.com.ar/MLA-3333180040-venta-departamento-2-ambientes-balcon-terraza-apto-credito-barracas-caba-permuta-_JM#polycard_client=search-desktop&price_drop=not_apply&be_origin=backend&overlay_label=not_apply&search_layout=grid&position=42&type=item&tracking_id=a02ea609-32eb-433d-ad55-8fc5097af430&sid=search
1387,MLA3572906652,villa-devoto,villa-devoto_3,79000.0,46.0,2.0,30.0,1717.391304347826,2321.0,-26.0,True,False,True,False,1,False,False,0.62,https://departamento.mercadolibre.com.ar/MLA-3572906652-venta-departamento-2-ambientes-con-lavadero-villa-devoto-_JM#polycard_client=search-desktop&price_drop=not_apply&be_origin=backend&overlay_label=not_apply&search_layout=grid&position=8&type=item&tracking_id=ea83e87c-ba66-4dcf-83b3-1db1df5696ee&sid=search
1388,MLA3770582600,almagro,almagro,68000.0,26.0,1.0,5.0,2615.3846153846152,3535.0,-26.0,True,False,True,False,1,False,False,1.0,https://departamento.mercadolibre.com.ar/MLA-3770582600-venta-departamento-monoambiente-cbalcon-y-amenities-avenida-independencia-3300-almagro-_JM#polycard_client=search-desktop&float_highlight=recent_publication&price_drop=not_apply&be_origin=backend&overlay_label=not_apply&search_layout=grid&position=12&type=item&tracking_id=02cf004f-dbc2-47ed-abb8-00cd1ca6c840&sid=search
1389,MLA1932848283,villa-urquiza,villa-urquiza_1,95000.0,38.0,2.0,5.0,2500.0,3378.0,-26.0,True,False,True,False,1,False,False,1.0,https://departamento.mercadolibre.com.ar/MLA-1932848283-2-ambientes-venta-monroe-5600-urquiza-_JM#polycard_client=search-desktop&price_drop=not_apply&be_origin=backend&overlay_label=not_apply&search_layout=grid&position=19&type=item&tracking_id=442541c5-7303-491a-bfd3-ef48e04c3b23&sid=search
1390,MLA3720473476,palermo,palermo,85000.0,28.0,1.0,4.0,3035.714285714286,4102.0,-26.0,False,False,False,False,1,False,False,0.81,https://departamento.mercadolibre.com.ar/MLA-3720473476-monoambiente-con-balcon-en-palermo-hollywood-_JM#polycard_client=search-desktop&price_drop=not_apply&be_origin=backend&overlay_label=not_apply&search_layout=grid&position=32&type=item&tracking_id=efb02fe8-b3f5-49b0-9770-44cfe9cf1fbe&sid=search
1391,MLA3218929820,la-boca,la-boca_1,93500.0,97.0,6.0,45.0,963.9175257731958,1302.0,-26.0,False,False,False,False,1,False,False,0.88,https://departamento.mercadolibre.com.ar/MLA-3218929820-departamentoconsultoriooficina-6-amb-en-pb-a-la-calle-_JM#polycard_client=search-desktop&price_drop=not_apply&be_origin=backend&overlay_label=not_apply&search_layout=grid&position=46&type=item&tracking_id=3f981589-12f0-4f73-8231-e8f7a70ead8c&sid=search
1392,MLA1753972165,chacarita,chacarita,70000.0,42.0,2.0,40.0,1666.6666666666667,2251.0,-26.0,True,False,True,False,1,False,False,0.96,https://departamento.mercadolibre.com.ar/MLA-1753972165-departamento-en-chacarita-_JM#polycard_client=search-desktop&float_highlight=not_apply&price_drop=not_apply&be_origin=backend&overlay_label=not_apply&search_layout=grid&position=17&type=item&tracking_id=c5c19306-4766-42cc-9d31-702339021cfa&sid=search
1393,MLA1937222293,san-nicolas,san-nicolas,99000.0,90.0,3.0,119.0,1100.0,1486.0,-26.0,False,False,False,False,1,False,False,0.96,https://departamento.mercadolibre.com.ar/MLA-1937222293-venta-departamento-3-ambientes-original-en-san-nicolas-_JM#polycard_client=search-desktop&price_drop=not_apply&be_origin=backend&overlay_label=not_apply&search_layout=grid&position=31&type=item&tracking_id=2086a22b-e4bb-43b0-b3ca-c3afa6fb751b&sid=search
1394,MLA3726619322,belgrano,belgrano_3,145000.0,53.0,2.0,12.0,2735.849056603773,3694.0,-25.9,True,False,True,False,1,False,False,0.85,https://departamento.mercadolibre.com.ar/MLA-3726619322-venta-dpto-2-ambientes-patioparrilla-acredito-permuta-_JM#polycard_client=search-desktop&price_drop=not_apply&be_origin=backend&overlay_label=not_apply&search_layout=grid&position=25&type=item&tracking_id=cd4b8c6b-c628-41b1-8606-7270f0c3cbf0&sid=search
1395,MLA1792222335,constitucion,constitucion,60000.0,66.0,3.0,90.0,909.0909090909092,1228.0,-25.9,False,False,False,False,1,False,False,1.0,https://departamento.mercadolibre.com.ar/MLA-1792222335-constitucion-y-av-entre-rios-pegado-a-san-cristobal-ph-de-3-ambientes-con-patio-visitalo-_JM#polycard_client=search-desktop&price_drop=not_apply&be_origin=backend&overlay_label=not_apply&search_layout=grid&position=39&type=item&tracking_id=67a87e88-6840-4b6c-9ab0-f3ead60b0003&sid=search
1396,MLA3600499130,monte-castro,monte-castro_1,93950.0,73.0,2.0,45.0,1286.986301369863,1738.0,-25.9,True,False,True,False,1,False,False,1.0,https://departamento.mercadolibre.com.ar/MLA-3600499130-venta-de-dos-monoambientes-en-block-en-monte-castro-_JM#polycard_client=search-desktop&price_drop=not_apply&be_origin=backend&overlay_label=not_apply&search_layout=grid&position=20&type=item&tracking_id=c619500d-81ee-445a-9de4-2f7a6bbec9d8&sid=search
1397,MLA1697370253,recoleta,recoleta_1,1100000.0,512.0,9.0,70.0,2148.4375,2901.0,-25.9,False,False,False,False,1,False,False,0.92,https://departamento.mercadolibre.com.ar/MLA-1697370253-departamento-piso-de-9-ambientes-con-cochera-_JM#polycard_client=search-desktop&float_highlight=not_apply&price_drop=not_apply&be_origin=backend&overlay_label=not_apply&search_layout=grid&position=39&type=item&tracking_id=506912bb-f295-4149-a4f4-fb65c86efcab&sid=search
1398,MLA3359698764,villa-devoto,villa-devoto_2,66500.0,39.0,2.0,40.0,1705.128205128205,2302.0,-25.9,True,False,True,False,1,False,False,0.85,https://departamento.mercadolibre.com.ar/MLA-3359698764-departamento-2-ambientes-en-venta-ideal-inversion-excelente-ubicacion-villa-devoto-_JM#polycard_client=search-desktop&price_drop=not_apply&be_origin=backend&overlay_label=not_apply&search_layout=grid&position=13&type=item&tracking_id=ec69fb74-7751-4f49-98fa-d1e46b137555&sid=search
1399,MLA1945713811,recoleta,recoleta_3,96000.0,37.0,1.0,4.0,2594.5945945945946,3502.0,-25.9,False,False,False,False,1,False,False,0.88,https://departamento.mercadolibre.com.ar/MLA-1945713811-venta-monoambiente-a-estrenar-con-balcon-recoleta-_JM#polycard_client=search-desktop&price_drop=not_apply&be_origin=backend&overlay_label=not_apply&search_layout=grid&position=15&type=item&tracking_id=f1458384-442a-4103-9748-bf62a7b8702a&sid=search
1400,MLA1948717193,villa-urquiza,villa-urquiza_4,126000.0,52.0,2.0,1.0,2423.076923076923,3271.0,-25.9,True,False,True,False,1,False,False,0.88,https://departamento.mercadolibre.com.ar/MLA-1948717193-departamento-2-ambientes-toilette-a-estrenar-al-frente-56-m-tot-amenities-pque-chas-v-urquiza-_JM#polycard_client=search-desktop&price_drop=not_apply&be_origin=backend&overlay_label=not_apply&search_layout=grid&position=44&type=item&tracking_id=313d0936-97f0-49ef-b13e-e1a0e15b7be5&sid=search
1401,MLA1935500279,recoleta,recoleta_1,71000.0,30.0,1.0,55.0,2366.6666666666665,3194.0,-25.9,False,False,False,False,1,False,False,0.92,https://departamento.mercadolibre.com.ar/MLA-1935500279-monoambiente-apto-profesional-en-zona-exclusiva-de-recoleta-_JM#polycard_client=search-desktop&price_drop=not_apply&be_origin=backend&overlay_label=not_apply&search_layout=grid&position=45&type=item&tracking_id=384dad91-4fca-4a5d-a984-b826450d45da&sid=search
1402,MLA3739764572,villa-del-parque,villa-del-parque,79000.0,39.0,1.0,3.0,2025.6410256410256,2733.0,-25.9,True,False,True,False,1,False,False,0.85,https://departamento.mercadolibre.com.ar/MLA-3739764572-ph-monoambiente-a-estrenar-super-luminoso-villa-del-parque-_JM#polycard_client=search-desktop&price_drop=not_apply&be_origin=backend&overlay_label=not_apply&search_layout=grid&position=16&type=item&tracking_id=66a87712-a9b3-4781-9c35-5fce50d12ae5&sid=search
1403,MLA3309694494,san-telmo,san-telmo,77000.0,45.0,2.0,27.0,1711.111111111111,2309.0,-25.9,True,False,True,False,1,False,False,1.0,https://departamento.mercadolibre.com.ar/MLA-3309694494-venta-departamento-2-ambientes-al-frente-vista-panoramica-san-telmo-apto-credito-_JM#polycard_client=search-desktop&price_drop=not_apply&be_origin=backend&overlay_label=not_apply&search_layout=grid&position=22&type=item&tracking_id=d566583d-3908-4d68-963f-db27d60fa0f1&sid=search
1404,MLA1977567547,recoleta,recoleta_2,168000.0,88.0,4.0,35.0,1909.090909090909,2576.0,-25.9,False,False,False,False,1,False,False,0.92,https://departamento.mercadolibre.com.ar/MLA-1977567547-departamento-3-ambientes-mas-oficina-en-recoleta-_JM#polycard_client=search-desktop&float_highlight=recent_publication&price_drop=not_apply&be_origin=backend&overlay_label=not_apply&search_layout=grid&position=41&type=item&tracking_id=6093e160-6d07-4c92-bc46-8e48431b2d9a&sid=search
1405,MLA1856405129,balvanera,balvanera_0,90000.0,82.0,4.0,60.0,1097.560975609756,1481.0,-25.9,True,False,True,False,1,False,False,0.88,https://departamento.mercadolibre.com.ar/MLA-1856405129-balvanera-premium-4-ambientes-con-patio-y-el-encanto-de-epoca-_JM#polycard_client=search-desktop&price_drop=not_apply&be_origin=backend&overlay_label=not_apply&search_layout=grid&position=29&type=item&tracking_id=3604c4db-a579-498a-bd4d-9260ff26cf62&sid=search
1406,MLA1882345301,saavedra,saavedra,90000.0,38.0,1.0,9.0,2368.4210526315787,3196.0,-25.9,True,False,True,False,1,False,False,0.92,https://departamento.mercadolibre.com.ar/MLA-1882345301-departamento-en-saavedra-_JM#polycard_client=search-desktop&price_drop=not_apply&be_origin=backend&overlay_label=not_apply&search_layout=grid&position=35&type=item&tracking_id=5d2e2de7-a9cc-4e45-b3bb-cc84edf63748&sid=search
1407,MLA3260588564,recoleta,recoleta_3,300000.0,170.0,5.0,55.0,1764.7058823529412,2381.0,-25.9,False,False,False,False,1,False,False,0.96,https://departamento.mercadolibre.com.ar/MLA-3260588564-departamento-en-venta-de-3-dormitorios-recoleta-_JM#polycard_client=search-desktop&price_drop=not_apply&be_origin=backend&overlay_label=not_apply&search_layout=grid&position=20&type=item&tracking_id=1ffd07f8-d400-4086-b35d-a2f7711b1dec&sid=search
1408,MLA2580240402,belgrano,belgrano_3,280000.0,125.0,4.0,50.0,2240.0,3022.0,-25.9,False,False,False,False,1,False,False,0.5,https://departamento.mercadolibre.com.ar/MLA-2580240402-departamento-piso-en-venta-en-belgrano-capital-federal-buenos-aires-_JM#polycard_client=search-desktop&price_drop=not_apply&be_origin=backend&overlay_label=not_apply&search_layout=grid&position=3&type=item&tracking_id=f5885064-1677-4104-bd22-ff239dc7d721&sid=search
1409,MLA3339279346,san-nicolas,san-nicolas,78000.0,66.0,3.0,80.0,1181.8181818181818,1594.0,-25.9,False,False,False,False,1,False,False,0.92,https://departamento.mercadolibre.com.ar/MLA-3339279346-departamento-3-amb-en-san-nicolas-_JM#polycard_client=search-desktop&price_drop=not_apply&be_origin=backend&overlay_label=not_apply&search_layout=grid&position=1&type=item&tracking_id=f7d68cb9-165a-4f7a-bbb0-9cd2029b713b&sid=search
1410,MLA1696142879,retiro,retiro_3,57000.0,39.0,2.0,50.0,1461.5384615384614,1971.0,-25.9,False,False,False,False,1,True,False,0.92,https://departamento.mercadolibre.com.ar/MLA-1696142879-venta-2-amb-amplio-retiroapto-profa-reciclar-_JM#polycard_client=search-desktop&price_drop=not_apply&be_origin=backend&overlay_label=not_apply&search_layout=grid&position=48&type=item&tracking_id=673bf528-ffbf-4453-90bb-9b10cc8ec7f6&sid=search
1411,MLA1761713171,flores,flores_2,105000.0,95.0,4.0,40.0,1105.2631578947369,1491.0,-25.9,True,False,True,False,1,False,False,0.92,https://departamento.mercadolibre.com.ar/MLA-1761713171-departamento-en-flores-_JM#polycard_client=search-desktop&price_drop=not_apply&be_origin=backend&overlay_label=not_apply&search_layout=grid&position=3&type=item&tracking_id=1591080d-1912-4103-9173-c2fe26621ea9&sid=search
1412,MLA3528713678,liniers,liniers_0,75000.0,60.0,3.0,15.0,1250.0,1686.0,-25.9,False,False,False,False,1,False,False,0.54,https://departamento.mercadolibre.com.ar/MLA-3528713678-departamento-3-ambientes-_JM#polycard_client=search-desktop&price_drop=not_apply&be_origin=backend&overlay_label=not_apply&search_layout=grid&position=10&type=item&tracking_id=1dc32074-e4d2-4273-8f74-7a8f38788e67&sid=search
1413,MLA1774915419,recoleta,recoleta_1,420000.0,173.0,5.0,35.0,2427.7456647398844,3274.0,-25.8,False,False,False,False,1,False,False,0.96,https://departamento.mercadolibre.com.ar/MLA-1774915419-departamento-en-venta-recoleta-vicente-lopez-callao-frente-balcon-34-dormitorios-3-cocheras-_JM#polycard_client=search-desktop&price_drop=not_apply&be_origin=backend&overlay_label=not_apply&search_layout=grid&position=15&type=item&tracking_id=1ffd07f8-d400-4086-b35d-a2f7711b1dec&sid=search
1414,MLA3680188512,puerto-madero,puerto-madero,280000.0,47.0,2.0,1.0,5957.446808510638,8033.0,-25.8,False,False,False,False,1,False,False,0.96,https://departamento.mercadolibre.com.ar/MLA-3680188512-venta-departamento-2-ambientes-con-cochera-en-torre-quartier-del-bajo-_JM#polycard_client=search-desktop&price_drop=not_apply&be_origin=backend&overlay_label=not_apply&search_layout=grid&position=43&type=item&tracking_id=879fca74-aa7e-405e-b7bd-69aaf51f3706&sid=search
1415,MLA3666046726,barracas,barracas_3,330000.0,450.0,6.0,50.0,733.3333333333334,989.0,-25.8,False,True,False,False,1,False,False,0.88,https://departamento.mercadolibre.com.ar/MLA-3666046726-departamento-en-venta-en-chubut-esquina-iriarte-_JM#polycard_client=search-desktop&price_drop=not_apply&be_origin=backend&overlay_label=not_apply&search_layout=grid&position=33&type=item&tracking_id=b0113096-9daf-4957-96b8-c2e5a050259e&sid=search
1416,MLA1738044373,retiro,retiro,137000.0,59.0,2.0,2.0,2322.0338983050847,3130.0,-25.8,False,True,False,False,1,False,False,0.96,https://departamento.mercadolibre.com.ar/MLA-1738044373-departamento-en-retiro-_JM#polycard_client=search-desktop&price_drop=not_apply&be_origin=backend&overlay_label=not_apply&search_layout=grid&position=32&type=item&tracking_id=608f1f63-f6ed-4533-a2e8-0a9509850ac6&sid=search
1417,MLA1893115401,coghlan,coghlan,75000.0,38.0,2.0,30.0,1973.684210526316,2660.0,-25.8,True,False,True,False,1,True,False,0.96,https://departamento.mercadolibre.com.ar/MLA-1893115401-ph-en-venta-a-refaccionar-av-congreso-3600-coghlan-_JM#polycard_client=search-desktop&price_drop=not_apply&be_origin=backend&overlay_label=not_apply&search_layout=grid&position=45&type=item&tracking_id=5b6637bc-8cfc-4d73-a88d-b6730db1c910&sid=search
1418,MLA3763474850,versalles,versalles,59999.0,41.0,2.0,44.0,1463.3902439024391,1972.0,-25.8,False,False,False,False,1,False,False,0.88,https://departamento.mercadolibre.com.ar/MLA-3763474850-departamento-en-versalles-_JM#polycard_client=search-desktop&price_drop=not_apply&be_origin=backend&overlay_label=not_apply&search_layout=grid&position=26&type=item&tracking_id=8527550a-ab6b-4cdc-b469-7945fdb7baa9&sid=search
1419,MLA3692392372,almagro,almagro,310000.0,190.0,5.0,40.0,1631.578947368421,2199.0,-25.8,True,False,True,False,1,False,False,0.88,https://departamento.mercadolibre.com.ar/MLA-3692392372-4-ambientes-con-cochera-y-dependencia-en-caballito-_JM#polycard_client=search-desktop&price_drop=not_apply&be_origin=backend&overlay_label=not_apply&search_layout=grid&position=45&type=item&tracking_id=5cac762a-1078-42e3-a04b-b7f7cb1935a3&sid=search
1420,MLA2806177498,recoleta,recoleta_0,80000.0,40.0,2.0,40.0,2000.0,2695.0,-25.8,False,False,False,False,1,False,False,0.92,https://departamento.mercadolibre.com.ar/MLA-2806177498-venta-departamento-2-ambientes-recoleta--_JM#polycard_client=search-desktop&float_highlight=not_apply&price_drop=not_apply&be_origin=backend&overlay_label=not_apply&search_layout=grid&position=1&type=item&tracking_id=73ca0562-3e29-4c01-b428-693a5f46fa19&sid=search
1421,MLA3720671458,puerto-madero,puerto-madero,215000.0,55.0,2.0,25.0,3909.090909090909,5267.0,-25.8,False,False,False,False,2,False,False,0.81,https://departamento.mercadolibre.com.ar/MLA-3720671458-venta-duplex-2-ambientes-puerto-madero-_JM#polycard_client=search-desktop&price_drop=not_apply&be_origin=backend&overlay_label=not_apply&search_layout=grid&position=48&type=item&tracking_id=39a964bc-3a84-4e8b-b227-a359f1526466&sid=search
1422,MLA3617384556,belgrano,belgrano_0,75432.0,25.0,1.0,4.0,3017.28,4066.0,-25.8,False,False,False,False,1,False,False,0.42,https://departamento.mercadolibre.com.ar/MLA-3617384556-venta-departamento-1-ambiente-balcon-amenities-belgrano-_JM#polycard_client=search-desktop&price_drop=not_apply&be_origin=backend&overlay_label=not_apply&search_layout=grid&position=29&type=item&tracking_id=5ee5f3a8-1498-414a-a687-1dcf8a31f74c&sid=search
1423,MLA1873548985,chacarita,chacarita_3,68000.0,42.0,2.0,40.0,1619.047619047619,2181.0,-25.8,True,False,True,True,1,False,False,0.96,https://departamento.mercadolibre.com.ar/MLA-1873548985-vende-2-ambientes-con-cocina-separada-en-chacarita-_JM#polycard_client=search-desktop&price_drop=true&be_origin=backend&overlay_label=not_apply&search_layout=grid&position=6&type=item&tracking_id=c5c19306-4766-42cc-9d31-702339021cfa&sid=search
1424,MLA2008454592,chacarita,chacarita_3,63900.0,35.0,2.0,40.0,1825.7142857142856,2460.0,-25.8,True,False,True,False,1,False,False,0.58,https://departamento.mercadolibre.com.ar/MLA-2008454592-departamento-en-venta-en-chacarita-capital-federal-buenos-aires-_JM#polycard_client=search-desktop&price_drop=not_apply&be_origin=backend&overlay_label=not_apply&search_layout=grid&position=30&type=item&tracking_id=f999e557-0e41-4b11-a82a-de043e69caaa&sid=search
1425,MLA3297138726,barrio-norte,barrio-norte_2,65000.0,28.0,1.0,50.0,2321.428571428572,3128.0,-25.8,False,False,False,False,1,False,False,0.96,https://departamento.mercadolibre.com.ar/MLA-3297138726-comodo-monoambiente-en-inmejorable-ubicacion-_JM#polycard_client=search-desktop&price_drop=not_apply&be_origin=backend&overlay_label=not_apply&search_layout=grid&position=20&type=item&tracking_id=5ffc2dd4-bb0b-433a-893e-b13ae11d3986&sid=search
1426,MLA1945603367,flores,flores_0,98000.0,82.0,4.0,45.0,1195.121951219512,1610.0,-25.8,True,False,True,False,1,False,False,0.81,https://departamento.mercadolibre.com.ar/MLA-1945603367-venta-dpto-4-amb-con-toilette-y-balcon-en-flores-_JM#polycard_client=search-desktop&price_drop=not_apply&be_origin=backend&overlay_label=not_apply&search_layout=grid&position=3&type=item&tracking_id=8d5a3667-2813-4bf3-be59-0921f46c5090&sid=search
1427,MLA2922535622,flores,flores_1,60000.0,44.0,2.0,40.0,1363.6363636363635,1837.0,-25.8,True,False,True,False,1,False,False,0.58,https://departamento.mercadolibre.com.ar/MLA-2922535622-venta-depto-2-amb-contrafrente-cbcon-_JM#polycard_client=search-desktop&price_drop=not_apply&be_origin=backend&overlay_label=not_apply&search_layout=grid&position=44&type=item&tracking_id=f2cc5dbe-9bac-4186-8b29-299b4facd260&sid=search
1428,MLA3503557528,belgrano,belgrano,400000.0,176.0,5.0,45.0,2272.7272727272725,3062.0,-25.8,False,False,False,False,1,False,False,0.92,https://departamento.mercadolibre.com.ar/MLA-3503557528-departamento-en-venta-en-belgrano-_JM#polycard_client=search-desktop&price_drop=not_apply&be_origin=backend&overlay_label=not_apply&search_layout=grid&position=4&type=item&tracking_id=8561e6c4-54bb-4fb6-a086-e18740224020&sid=search
1429,MLA3786982606,san-telmo,san-telmo,90000.0,63.0,3.0,70.0,1428.571428571429,1924.0,-25.8,True,False,True,False,2,False,False,0.88,https://departamento.mercadolibre.com.ar/MLA-3786982606-departamento-en-venta-3-ambientes-san-telmo-semipiso-con-balcon-al-frente-sobre-avenida-_JM#polycard_client=search-desktop&float_highlight=recent_publication&price_drop=not_apply&be_origin=backend&overlay_label=not_apply&search_layout=grid&position=32&type=item&tracking_id=a7da77bd-c680-4733-ae70-5bb1e3dc803d&sid=search
1430,MLA1852427425,barracas,barracas_1,87000.0,50.0,2.0,15.0,1740.0,2343.0,-25.8,False,False,False,False,1,False,False,0.62,https://departamento.mercadolibre.com.ar/MLA-1852427425-2-ambientes-al-frente-con-balcon-en-venta-edificio-con-amenities-barracas-_JM#polycard_client=search-desktop&price_drop=not_apply&be_origin=backend&overlay_label=not_apply&search_layout=grid&position=16&type=item&tracking_id=a02ea609-32eb-433d-ad55-8fc5097af430&sid=search
1431,MLA3738118126,palermo,palermo_1,479999.0,190.0,5.0,30.0,2526.310526315789,3402.0,-25.7,False,False,False,False,2,False,False,0.92,https://departamento.mercadolibre.com.ar/MLA-3738118126-departamento-en-venta-4-ambientes-y-cochera-en-palermo-oportunidad-libertador-_JM#polycard_client=search-desktop&price_drop=not_apply&be_origin=backend&overlay_label=not_apply&search_layout=grid&position=16&type=item&tracking_id=c9f85421-b588-4c8b-ac5f-29baf211d7d9&sid=search
1432,MLA3324801416,villa-pueyrredon,villa-pueyrredon_2,109800.0,59.0,2.0,8.0,1861.0169491525423,2506.0,-25.7,True,False,True,False,1,False,False,0.96,https://departamento.mercadolibre.com.ar/MLA-3324801416-departamento-en-pb-2-ambientes-y-12-con-patio-canchero-_JM#polycard_client=search-desktop&price_drop=not_apply&be_origin=backend&overlay_label=not_apply&search_layout=grid&position=10&type=item&tracking_id=7b2d7a12-e122-4ca4-8cc7-adc74b98feb2&sid=search
1433,MLA3791546298,balvanera,balvanera_0,52000.0,46.0,3.0,56.0,1130.4347826086955,1522.0,-25.7,True,False,True,False,1,True,False,0.81,https://departamento.mercadolibre.com.ar/MLA-3791546298-venta-3-amb-tipo-oficina-a-reciclar-balvanera-_JM#polycard_client=search-desktop&float_highlight=recent_publication&price_drop=not_apply&be_origin=backend&overlay_label=not_apply&search_layout=grid&position=8&type=item&tracking_id=dc01cf6a-e60a-4394-a06e-1d5759fb22cf&sid=search
1434,MLA2005982073,constitucion,constitucion_4,115000.0,107.0,4.0,66.0,1074.766355140187,1447.0,-25.7,False,False,False,False,1,False,False,0.42,https://departamento.mercadolibre.com.ar/MLA-2005982073-departamento-en-venta-ccochera-4-ambientes-en-caba-_JM#polycard_client=search-desktop&float_highlight=recent_publication&price_drop=not_apply&be_origin=backend&overlay_label=not_apply&search_layout=grid&position=41&type=item&tracking_id=c0b8e835-0ccb-4f89-aae3-a1087ef961dc&sid=search
1435,MLA1976774835,flores,flores_0,119000.0,80.0,3.0,30.0,1487.5,2003.0,-25.7,True,True,False,False,1,False,False,1.0,https://departamento.mercadolibre.com.ar/MLA-1976774835-venta-de-departamento-3-ambientes-con-dependencia-y-cochera-_JM#polycard_client=search-desktop&float_highlight=recent_publication&price_drop=not_apply&be_origin=backend&overlay_label=not_apply&search_layout=grid&position=24&type=item&tracking_id=a393b5bb-f504-4e8d-886b-c589f1f43c38&sid=search
1436,MLA3745656662,chacarita,chacarita_3,69000.0,42.0,2.0,40.0,1642.857142857143,2212.0,-25.7,True,False,True,False,1,False,False,0.35,https://departamento.mercadolibre.com.ar/MLA-3745656662-departamento-en-venta-2-ambientes-en-chacarita-capital-federal-buenos-aires-_JM#polycard_client=search-desktop&price_drop=not_apply&be_origin=backend&overlay_label=not_apply&search_layout=grid&position=21&type=item&tracking_id=f999e557-0e41-4b11-a82a-de043e69caaa&sid=search
1437,MLA1947815309,constitucion,constitucion,48500.0,50.0,2.0,45.0,970.0,1306.0,-25.7,False,False,False,False,1,False,False,0.42,https://departamento.mercadolibre.com.ar/MLA-1947815309-monoambiente-amplio-en-piso-8-super-luminoso-y-con-parrilla-dueno-vende-_JM#polycard_client=search-desktop&price_drop=not_apply&be_origin=backend&overlay_label=not_apply&search_layout=grid&position=37&type=item&tracking_id=c0b8e835-0ccb-4f89-aae3-a1087ef961dc&sid=search
1438,MLA1920068419,palermo,palermo_2,125000.0,58.0,3.0,30.0,2155.1724137931037,2901.0,-25.7,False,False,False,False,1,False,False,0.92,https://departamento.mercadolibre.com.ar/MLA-1920068419-3-ambientes-piso-10-apto-profesional-apto-credito-palermo-_JM#polycard_client=search-desktop&price_drop=not_apply&be_origin=backend&overlay_label=not_apply&search_layout=grid&position=10&type=item&tracking_id=c98b21f5-0999-44bf-8841-777e7b382a79&sid=search
1439,MLA3720217746,barrio-norte,barrio-norte_1,63000.0,38.0,2.0,45.0,1657.8947368421052,2232.0,-25.7,False,False,False,False,1,False,False,0.77,https://departamento.mercadolibre.com.ar/MLA-3720217746-venta-departamento-dos-ambientes-barrio-norte-_JM#polycard_client=search-desktop&price_drop=not_apply&be_origin=backend&overlay_label=not_apply&search_layout=grid&position=17&type=item&tracking_id=232f3cf8-2d2c-454b-a45e-fc56435c8462&sid=search
1440,MLA3761584704,caballito,caballito,45000.0,27.0,1.0,40.0,1666.6666666666667,2243.0,-25.7,True,False,True,False,1,False,False,0.92,https://departamento.mercadolibre.com.ar/MLA-3761584704-departamento-monoambiente-en-caballito-_JM#polycard_client=search-desktop&float_highlight=recent_publication&price_drop=not_apply&be_origin=backend&overlay_label=not_apply&search_layout=grid&position=36&type=item&tracking_id=d602b6b9-4e75-42ee-a01b-c02442fa0f5d&sid=search
1441,MLA2785843684,puerto-madero,puerto-madero,465000.0,95.0,3.0,1.0,4894.736842105263,6588.0,-25.7,False,False,False,False,1,False,False,0.54,https://departamento.mercadolibre.com.ar/MLA-2785843684-departamento-en-venta-en-puerto-madero-capital-federal-buenos-aires-_JM#polycard_client=search-desktop&price_drop=not_apply&be_origin=backend&overlay_label=not_apply&search_layout=grid&position=42&type=item&tracking_id=c4f819a6-eb37-4219-b7fd-9cafda94fcfb&sid=search
1442,MLA2902480792,villa-luro,villa-luro,120000.0,85.0,4.0,40.0,1411.764705882353,1900.0,-25.7,False,False,False,False,1,False,False,1.0,https://departamento.mercadolibre.com.ar/MLA-2902480792-departamento-4-ambientes-venta-villa-luro-_JM#polycard_client=search-desktop&float_highlight=not_apply&price_drop=not_apply&be_origin=backend&overlay_label=not_apply&search_layout=grid&position=12&type=item&tracking_id=86641450-7037-4947-8674-d94136019f4c&sid=search
1443,MLA1714718983,palermo,palermo,115000.0,43.0,1.0,10.0,2674.4186046511627,3599.0,-25.7,False,False,False,False,1,False,False,0.92,https://departamento.mercadolibre.com.ar/MLA-1714718983-venta-palermo-departamente-1-ambiente-_JM#polycard_client=search-desktop&price_drop=not_apply&be_origin=backend&overlay_label=not_apply&search_layout=grid&position=31&type=item&tracking_id=fdf22f3d-bf58-4d2c-95c2-51a886f586e8&sid=search
1444,MLA1845625881,balvanera,balvanera_3,70000.0,50.0,1.0,10.0,1400.0,1884.0,-25.7,True,False,True,False,1,False,False,0.5,https://departamento.mercadolibre.com.ar/MLA-1845625881-venta-departamento-balvanera-_JM#polycard_client=search-desktop&price_drop=not_apply&be_origin=backend&overlay_label=not_apply&search_layout=grid&position=33&type=item&tracking_id=de161138-d832-4990-b691-ad307b5872e0&sid=search
1445,MLA3233210752,saavedra,saavedra,182000.0,70.0,3.0,4.0,2600.0,3499.0,-25.7,True,False,True,False,1,False,False,0.96,https://departamento.mercadolibre.com.ar/MLA-3233210752-venta-departamento-saavedra-3-ambientes-full-amenities-_JM#polycard_client=search-desktop&float_highlight=not_apply&price_drop=not_apply&be_origin=backend&overlay_label=not_apply&search_layout=grid&position=14&type=item&tracking_id=83511ff0-e2ad-4156-8787-8d580bf99b31&sid=search
1446,MLA1841736763,puerto-madero,puerto-madero,299900.0,74.0,3.0,28.0,4052.7027027027034,5453.0,-25.7,False,False,False,False,1,False,False,0.92,https://departamento.mercadolibre.com.ar/MLA-1841736763-oportunidad-depto-en-venta-de-3-ambientes-con-balcon-aterrazado-y-cochera-fija-con-vista-al-rio-_JM#polycard_client=search-desktop&price_drop=not_apply&be_origin=backend&overlay_label=not_apply&search_layout=grid&position=30&type=item&tracking_id=c965acd3-09eb-4916-b120-5c0803cbe443&sid=search
1447,MLA3726239942,villa-luro,villa-luro,139000.0,105.0,4.0,33.0,1323.809523809524,1781.0,-25.7,False,False,False,False,1,False,False,0.96,https://departamento.mercadolibre.com.ar/MLA-3726239942-venta-departamento-4-ambientes-con-balcon-en-villa-luro-_JM#polycard_client=search-desktop&price_drop=not_apply&be_origin=backend&overlay_label=not_apply&search_layout=grid&position=25&type=item&tracking_id=1b4dd682-f580-47d2-8257-ae89f31f6157&sid=search
1448,MLA3785117158,recoleta,recoleta_0,133000.0,56.0,2.0,51.0,2375.0,3195.0,-25.7,False,True,False,False,1,False,False,0.85,https://departamento.mercadolibre.com.ar/MLA-3785117158-departamento-2-dormitorios-balcon-cochera-recoleta-_JM#polycard_client=search-desktop&float_highlight=recent_publication&price_drop=not_apply&be_origin=backend&overlay_label=not_apply&search_layout=grid&position=17&type=item&tracking_id=6093e160-6d07-4c92-bc46-8e48431b2d9a&sid=search
1449,MLA3720659888,boedo,boedo_4,58000.0,44.0,3.0,52.0,1318.1818181818182,1774.0,-25.7,True,False,True,False,1,False,False,0.85,https://departamento.mercadolibre.com.ar/MLA-3720659888-venta-3-amb-vista-abierta-apto-credito-en-boedo-_JM#polycard_client=search-desktop&price_drop=not_apply&be_origin=backend&overlay_label=not_apply&search_layout=grid&position=9&type=item&tracking_id=cd9fc1bc-ff6e-4a76-9851-994398576594&sid=search
1450,MLA1830074125,colegiales,colegiales,85000.0,35.0,1.0,8.0,2428.5714285714284,3267.0,-25.7,True,False,True,False,1,False,False,0.96,https://departamento.mercadolibre.com.ar/MLA-1830074125-venta-monoambiente-al-frente-35m2balcon-pileta-sum-en-colegiales-apto-credito-_JM#polycard_client=search-desktop&price_drop=not_apply&be_origin=backend&overlay_label=not_apply&search_layout=grid&position=4&type=item&tracking_id=68f915a6-9a27-49e4-8d47-3402a58751c3&sid=search
1451,MLA3527229728,recoleta,recoleta_2,169000.0,65.0,3.0,6.0,2600.0,3497.0,-25.7,False,False,False,False,1,False,False,0.65,https://departamento.mercadolibre.com.ar/MLA-3527229728-venta-duplez-3-ambientes-con-balcon-y-balcon-terraza-en-recoletapalermo-_JM#polycard_client=search-desktop&price_drop=not_apply&be_origin=backend&overlay_label=not_apply&search_layout=grid&position=23&type=item&tracking_id=9aa8d471-7391-4b9c-ad32-58c165bc6e47&sid=search
1452,MLA1775147265,belgrano,belgrano,126800.0,41.0,1.0,5.0,3092.682926829268,4160.0,-25.7,False,True,False,False,1,False,False,0.88,https://departamento.mercadolibre.com.ar/MLA-1775147265-departamento-mono-ambiente-en-alquiler-amueblado-en-belgrano-_JM#polycard_client=search-desktop&price_drop=not_apply&be_origin=backend&overlay_label=not_apply&search_layout=grid&position=43&type=item&tracking_id=05c740f5-910c-4e11-a5bd-6f11d52105f1&sid=search
1453,MLA3761933632,balvanera,balvanera_1,48000.0,43.0,3.0,50.0,1116.2790697674418,1501.0,-25.6,True,False,True,False,1,False,False,0.15,https://departamento.mercadolibre.com.ar/MLA-3761933632-departamento-de-3-ambientes-en-venta-en-balvanera-_JM#polycard_client=search-desktop&float_highlight=recent_publication&price_drop=not_apply&be_origin=backend&overlay_label=not_apply&search_layout=grid&position=38&type=item&tracking_id=7c8ea88c-0bd0-44e8-b3dd-086f171f1071&sid=search
1454,MLA3702889454,retiro,retiro_2,80000.0,44.0,2.0,45.0,1818.1818181818185,2445.0,-25.6,False,False,False,False,1,False,False,0.96,https://departamento.mercadolibre.com.ar/MLA-3702889454-departamento-en-retiro-frente-al-obelisco-y-a-1-cuadra-del-teatro-colon-_JM#polycard_client=search-desktop&price_drop=not_apply&be_origin=backend&overlay_label=not_apply&search_layout=grid&position=4&type=item&tracking_id=94db6b9e-9541-4d10-97f4-568f5ee1d913&sid=search
1455,MLA1943825463,retiro,retiro_0,82000.0,40.0,2.0,50.0,2050.0,2757.0,-25.6,False,False,False,False,1,False,False,0.96,https://departamento.mercadolibre.com.ar/MLA-1943825463-departamento-venta-2-ambientes-impecable-retiro-_JM#polycard_client=search-desktop&price_drop=not_apply&be_origin=backend&overlay_label=not_apply&search_layout=grid&position=44&type=item&tracking_id=e8ecd553-6134-4b43-8f3d-0f8c9514ac1a&sid=search
1456,MLA1977617503,floresta,floresta_1,69000.0,58.0,3.0,55.0,1189.655172413793,1600.0,-25.6,True,False,True,False,1,False,False,0.46,https://departamento.mercadolibre.com.ar/MLA-1977617503-departamento-en-venta-en-floresta-capital-federal-buenos-aires-_JM#polycard_client=search-desktop&float_highlight=recent_publication&price_drop=not_apply&be_origin=backend&overlay_label=not_apply&search_layout=grid&position=30&type=item&tracking_id=2c55c388-85cc-451f-bb25-eb65d01cb3ab&sid=search
1457,MLA1651346819,barracas,barracas_1,250000.0,170.0,4.0,50.0,1470.5882352941176,1978.0,-25.6,False,False,False,False,1,False,False,0.77,https://departamento.mercadolibre.com.ar/MLA-1651346819-departamento-en-venta-en-barracas-_JM#polycard_client=search-desktop&price_drop=not_apply&be_origin=backend&overlay_label=not_apply&search_layout=grid&position=3&type=item&tracking_id=73d19c7f-c1a3-4f56-aab6-a628aad60123&sid=search
1458,MLA3013462916,liniers,liniers_4,55000.0,35.0,2.0,30.0,1571.428571428571,2113.0,-25.6,False,False,False,False,1,False,False,1.0,https://departamento.mercadolibre.com.ar/MLA-3013462916-venta-departamento-2-ambientes-en-liniers-oportunidad-_JM#polycard_client=search-desktop&price_drop=not_apply&be_origin=backend&overlay_label=not_apply&search_layout=grid&position=19&type=item&tracking_id=0db82592-827a-4280-a710-4a070938b193&sid=search
1459,MLA3720217830,boedo,boedo_0,79500.0,36.0,1.0,1.0,2208.333333333333,2970.0,-25.6,True,False,True,False,1,False,False,0.81,https://departamento.mercadolibre.com.ar/MLA-3720217830-venta-monoambiente-boedo-amenities-de-categoria-_JM#polycard_client=search-desktop&price_drop=not_apply&be_origin=backend&overlay_label=not_apply&search_layout=grid&position=20&type=item&tracking_id=cd9fc1bc-ff6e-4a76-9851-994398576594&sid=search
1460,MLA3669690070,flores,flores_0,61000.0,50.0,2.0,50.0,1220.0,1641.0,-25.6,True,False,True,True,1,False,False,0.88,https://departamento.mercadolibre.com.ar/MLA-3669690070-2-ambientes-con-escritorio-y-balcon-segundo-piso-por-escalera-_JM#polycard_client=search-desktop&price_drop=true&be_origin=backend&overlay_label=not_apply&search_layout=grid&position=33&type=item&tracking_id=4f49140c-1997-4323-9e18-7fe7529328de&sid=search
1461,MLA1864797041,boedo,boedo_4,55000.0,40.0,3.0,43.0,1375.0,1849.0,-25.6,True,True,False,False,1,False,False,0.96,https://departamento.mercadolibre.com.ar/MLA-1864797041-departamento-en-venta-en-boedo-inclan-al-4200-de-3-amb-_JM#polycard_client=search-desktop&price_drop=not_apply&be_origin=backend&overlay_label=not_apply&search_layout=grid&position=47&type=item&tracking_id=cd9fc1bc-ff6e-4a76-9851-994398576594&sid=search
1462,MLA3184037430,retiro,retiro_3,85000.0,60.0,3.0,40.0,1416.6666666666667,1905.0,-25.6,False,False,False,False,1,False,False,0.35,https://departamento.mercadolibre.com.ar/MLA-3184037430-departamento-de-3-ambientes-en-el-centro-_JM#polycard_client=search-desktop&price_drop=not_apply&be_origin=backend&overlay_label=not_apply&search_layout=grid&position=19&type=item&tracking_id=6a7b949f-ea63-4b50-9365-1555620a129b&sid=search
1463,MLA3719377542,flores,flores_0,80000.0,69.0,4.0,54.0,1159.4202898550725,1559.0,-25.6,True,False,True,False,1,False,False,0.73,https://departamento.mercadolibre.com.ar/MLA-3719377542-venta-departamento-4-ambientes-semipiso-flores-_JM#polycard_client=search-desktop&price_drop=not_apply&be_origin=backend&overlay_label=not_apply&search_layout=grid&position=16&type=item&tracking_id=4f49140c-1997-4323-9e18-7fe7529328de&sid=search
1464,MLA3762178620,recoleta,recoleta_1,274900.0,115.0,4.0,76.0,2390.4347826086955,3213.0,-25.6,False,False,False,False,1,False,False,0.92,https://departamento.mercadolibre.com.ar/MLA-3762178620-venta-depto-semipiso-4-amb-cochera-baulera-recoleta-_JM#polycard_client=search-desktop&float_highlight=recent_publication&price_drop=not_apply&be_origin=backend&overlay_label=not_apply&search_layout=grid&position=20&type=item&tracking_id=f53e58cb-9f22-488b-b409-e27b79066c03&sid=search
1465,MLA1843435539,monte-castro,monte-castro,50000.0,38.0,1.0,40.0,1315.7894736842106,1768.0,-25.6,True,False,True,False,1,False,False,0.88,https://departamento.mercadolibre.com.ar/MLA-1843435539-departamento-en-monte-castro-excelente-departamento-muy-luminoso-_JM#polycard_client=search-desktop&price_drop=not_apply&be_origin=backend&overlay_label=not_apply&search_layout=grid&position=28&type=item&tracking_id=25f1d988-af85-46e6-8078-b47d773f0528&sid=search
1466,MLA3720467360,monserrat,monserrat_2,105000.0,93.0,4.0,62.0,1129.032258064516,1517.0,-25.6,False,False,False,False,1,False,False,0.85,https://departamento.mercadolibre.com.ar/MLA-3720467360-venta-departamento-montserrat-4-ambientes-_JM#polycard_client=search-desktop&price_drop=not_apply&be_origin=backend&overlay_label=not_apply&search_layout=grid&position=4&type=item&tracking_id=b536da17-9717-4c36-998b-94925fe91fb9&sid=search
1467,MLA3690559642,villa-urquiza,villa-urquiza_4,80000.0,40.0,2.0,32.0,2000.0,2687.0,-25.6,True,False,True,False,1,False,False,0.62,https://departamento.mercadolibre.com.ar/MLA-3690559642-duenio-directo-vende-2-amb-av-triuunvirato-y-pampa-bajas-exp-_JM#polycard_client=search-desktop&price_drop=not_apply&be_origin=backend&overlay_label=not_apply&search_layout=grid&position=13&type=item&tracking_id=2ba4a610-89e4-4d52-95e4-5d1fab13b283&sid=search
1468,MLA3726709976,belgrano,belgrano_0,76000.0,40.0,3.0,46.0,1900.0,2553.0,-25.6,False,True,False,False,1,False,False,0.92,https://departamento.mercadolibre.com.ar/MLA-3726709976-venta-departamento-2-ambientes-excelente-ubicacion-belgrano-r-lateral-luminoso-_JM#polycard_client=search-desktop&price_drop=not_apply&be_origin=backend&overlay_label=not_apply&search_layout=grid&position=23&type=item&tracking_id=cd4b8c6b-c628-41b1-8606-7270f0c3cbf0&sid=search
1469,MLA3788596854,recoleta,recoleta_3,120000.0,68.0,3.0,72.0,1764.7058823529412,2371.0,-25.6,False,False,False,False,1,False,False,0.65,https://departamento.mercadolibre.com.ar/MLA-3788596854-departamentos-venta-recoleta-_JM#polycard_client=search-desktop&float_highlight=recent_publication&price_drop=not_apply&be_origin=backend&overlay_label=not_apply&search_layout=grid&position=33&type=item&tracking_id=74ed8021-f909-4b60-81bd-3f9d2cf1cb9a&sid=search
1470,MLA3721588674,almagro,almagro,67000.0,46.0,2.0,64.0,1456.5217391304348,1957.0,-25.6,True,False,True,False,1,False,False,0.77,https://departamento.mercadolibre.com.ar/MLA-3721588674-2-ambientes-gran-oportunidad-_JM#polycard_client=search-desktop&price_drop=not_apply&be_origin=backend&overlay_label=not_apply&search_layout=grid&position=3&type=item&tracking_id=bf381678-fe82-4492-a30e-9dc43b56ea96&sid=search
1471,MLA3316420706,villa-devoto,villa-devoto_3,68000.0,35.0,1.0,8.0,1942.857142857143,2610.0,-25.6,False,False,False,False,1,False,False,1.0,https://departamento.mercadolibre.com.ar/MLA-3316420706-departamento-en-venta-en-villa-devoto-_JM#polycard_client=search-desktop&price_drop=not_apply&be_origin=backend&overlay_label=not_apply&search_layout=grid&position=1&type=item&tracking_id=4deb7991-f43a-430d-8dc1-5a85f4116b8c&sid=search
1472,MLA3338210496,villa-del-parque,villa-del-parque,120000.0,65.0,2.0,29.0,1846.1538461538464,2480.0,-25.6,True,False,True,False,1,False,False,0.96,https://departamento.mercadolibre.com.ar/MLA-3338210496-65m-villa-del-parque-residencial-departamento-con-cochera-muy-luminoso-_JM#polycard_client=search-desktop&price_drop=not_apply&be_origin=backend&overlay_label=not_apply&search_layout=grid&position=45&type=item&tracking_id=25a4cc7b-09d0-4f4d-b668-489d685dc174&sid=search
1473,MLA1945710329,belgrano,belgrano_1,80000.0,40.0,2.0,46.0,2000.0,2686.0,-25.5,False,False,False,False,1,False,False,0.85,https://departamento.mercadolibre.com.ar/MLA-1945710329-belgrano-venta-2-amb-2do-piso-por-escalera-_JM#polycard_client=search-desktop&price_drop=not_apply&be_origin=backend&overlay_label=not_apply&search_layout=grid&position=16&type=item&tracking_id=e70677e3-56bd-4f35-b5d5-92a02ec13e1b&sid=search
1474,MLA3112641810,puerto-madero,puerto-madero,170000.0,42.0,1.0,19.0,4047.619047619048,5436.0,-25.5,False,False,False,False,1,False,False,0.92,https://departamento.mercadolibre.com.ar/MLA-3112641810-venta-la-prensa-departamento-monoambiente-_JM#polycard_client=search-desktop&price_drop=not_apply&be_origin=backend&overlay_label=not_apply&search_layout=grid&position=28&type=item&tracking_id=74ae6c22-e242-4039-a060-29acc413e56f&sid=search
1475,MLA3578412440,villa-urquiza,villa-urquiza_3,53000.0,30.0,2.0,47.0,1766.6666666666667,2372.0,-25.5,True,False,True,False,1,False,False,0.85,https://departamento.mercadolibre.com.ar/MLA-3578412440-venta-departamento-2-ambientes-con-patio-en-villa-urquiza-_JM#polycard_client=search-desktop&price_drop=not_apply&be_origin=backend&overlay_label=not_apply&search_layout=grid&position=37&type=item&tracking_id=97d48c05-7871-43aa-8748-2e524acbbf88&sid=search
1476,MLA1955756899,villa-crespo,villa-crespo_2,87000.0,37.0,1.0,12.0,2351.3513513513512,3157.0,-25.5,True,False,True,False,1,False,False,1.0,https://departamento.mercadolibre.com.ar/MLA-1955756899-dueno-vende-departamento-excelente-monoambiente--_JM#polycard_client=search-desktop&price_drop=not_apply&be_origin=backend&overlay_label=not_apply&search_layout=grid&position=12&type=item&tracking_id=de287787-8aa0-4604-9632-c2374979a321&sid=search
1477,MLA2697569290,caballito,caballito,119000.0,87.0,3.0,100.0,1367.816091954023,1836.0,-25.5,True,False,True,False,1,False,False,0.96,https://departamento.mercadolibre.com.ar/MLA-2697569290-departamento-semipiso-3-ambientes-en-caballito-parque-rivadavia-_JM#polycard_client=search-desktop&price_drop=not_apply&be_origin=backend&overlay_label=not_apply&search_layout=grid&position=37&type=item&tracking_id=e6c7a0eb-6ef6-4333-96f5-14a70a1794d6&sid=search
1478,MLA3791539062,boedo,boedo,78000.0,58.0,3.0,40.0,1344.8275862068965,1805.0,-25.5,True,False,True,False,1,False,False,0.92,https://departamento.mercadolibre.com.ar/MLA-3791539062-venta-depto-amplio-3-ambientes-en-boedo-con-baulera-y-balcon-_JM#polycard_client=search-desktop&float_highlight=recent_publication&price_drop=not_apply&be_origin=backend&overlay_label=not_apply&search_layout=grid&position=39&type=item&tracking_id=af7ee175-9ce2-4d3d-a323-7d00522772ee&sid=search
1479,MLA1908183229,barracas,barracas_1,52900.0,40.0,1.0,50.0,1322.5,1775.0,-25.5,False,False,False,False,1,False,False,0.19,https://departamento.mercadolibre.com.ar/MLA-1908183229-depto-monoambiente-exc-ubicacion-al-frente-y-luminoso-con-patio-_JM#polycard_client=search-desktop&price_drop=not_apply&be_origin=backend&overlay_label=not_apply&search_layout=grid&position=46&type=item&tracking_id=b311d4ae-62d6-41c1-bf9a-c37903d677d6&sid=search
1480,MLA1763077179,villa-urquiza,villa-urquiza_0,122000.0,72.0,3.0,17.0,1694.4444444444443,2275.0,-25.5,True,False,True,False,1,False,False,0.77,https://departamento.mercadolibre.com.ar/MLA-1763077179-3-amb-frente-duplex-con-balcon-y-coc-independiente-_JM#polycard_client=search-desktop&float_highlight=not_apply&price_drop=not_apply&be_origin=backend&overlay_label=not_apply&search_layout=grid&position=23&type=item&tracking_id=48465034-c055-4c1a-9e42-db67396d205a&sid=search
1481,MLA3721814108,almagro,almagro,89000.0,69.0,3.0,61.0,1289.855072463768,1731.0,-25.5,True,False,True,False,1,True,False,0.85,https://departamento.mercadolibre.com.ar/MLA-3721814108-venta-departamento-3-ambientes-refaccionar-almagro-_JM#polycard_client=search-desktop&price_drop=not_apply&be_origin=backend&overlay_label=not_apply&search_layout=grid&position=41&type=item&tracking_id=7c9d857e-d9cb-4a0a-9548-12d1f2a5fb59&sid=search
1482,MLA3776684460,villa-urquiza,villa-urquiza,135000.0,74.0,3.0,20.0,1824.3243243243244,2448.0,-25.5,True,False,True,False,1,False,False,0.65,https://departamento.mercadolibre.com.ar/MLA-3776684460-departamento-3-ambientes-duplex-amb-extra-y-opc-cochera-_JM#polycard_client=search-desktop&float_highlight=recent_publication&price_drop=not_apply&be_origin=backend&overlay_label=not_apply&search_layout=grid&position=39&type=item&tracking_id=f082bb44-5fc2-4515-8dcb-3fe6143d3e9b&sid=search
1483,MLA3657930582,villa-luro,villa-luro,129000.0,84.0,4.0,44.0,1535.7142857142858,2061.0,-25.5,False,False,False,False,1,False,False,0.62,https://departamento.mercadolibre.com.ar/MLA-3657930582-depto-4-amb-frente-cbcon-y-cochera-cub-fija-_JM#polycard_client=search-desktop&price_drop=not_apply&be_origin=backend&overlay_label=not_apply&search_layout=grid&position=12&type=item&tracking_id=1ec5766e-8bf6-4c9a-8abb-f8ce4e97f213&sid=search
1484,MLA2703667704,barracas,barracas_4,63500.0,50.0,2.0,51.0,1270.0,1704.0,-25.5,False,False,False,False,1,False,False,0.19,https://departamento.mercadolibre.com.ar/MLA-2703667704-se-vende-un-departamento-de-2-ambientes-con-balcon-barracas-_JM#polycard_client=search-desktop&price_drop=not_apply&be_origin=backend&overlay_label=not_apply&search_layout=grid&position=15&type=item&tracking_id=b40b62ff-6787-44c4-a166-68b179683cc0&sid=search
1485,MLA3203750872,villa-soldati,villa-soldati,27000.0,41.0,3.0,44.0,658.5365853658536,883.0,-25.5,True,True,False,False,1,False,False,0.42,https://departamento.mercadolibre.com.ar/MLA-3203750872-venta-depto-3-amb-con-balcon-villa-soldati-_JM#polycard_client=search-desktop&float_highlight=not_apply&price_drop=not_apply&be_origin=backend&overlay_label=not_apply&search_layout=grid&position=8&type=item&tracking_id=35baef4d-1ce4-4c1c-8fc4-11ee31c7901a&sid=search
1486,MLA1713220115,mataderos,mataderos,45500.0,43.0,2.0,40.0,1058.139534883721,1419.0,-25.5,False,False,False,False,1,False,False,0.85,https://departamento.mercadolibre.com.ar/MLA-1713220115-venta-depto-2-am-con-patio-en-mataderos-_JM#polycard_client=search-desktop&float_highlight=not_apply&price_drop=not_apply&be_origin=backend&overlay_label=not_apply&search_layout=grid&position=37&type=item&tracking_id=9766efc8-2c61-47b3-be83-ab01b2ee93b5&sid=search
1487,MLA3567485380,recoleta,recoleta_1,510000.0,229.0,7.0,75.0,2227.07423580786,2987.0,-25.4,False,False,False,False,1,False,False,0.96,https://departamento.mercadolibre.com.ar/MLA-3567485380-departamento-en-venta-en-recoleta-4-dorm-baulera-y-cochera-_JM#polycard_client=search-desktop&price_drop=not_apply&be_origin=backend&overlay_label=not_apply&search_layout=grid&position=29&type=item&tracking_id=09988340-db24-467b-8050-c29a4760e004&sid=search
1488,MLA3763238662,villa-crespo,villa-crespo,93000.0,63.0,4.0,50.0,1476.190476190476,1980.0,-25.4,True,False,True,False,1,False,False,0.96,https://departamento.mercadolibre.com.ar/MLA-3763238662-4-ambientes-con-balcon-corrido-sobre-av-juan-b-justo-villa-crespo-luminoso-_JM#polycard_client=search-desktop&float_highlight=recent_publication&price_drop=not_apply&be_origin=backend&overlay_label=not_apply&search_layout=grid&position=15&type=item&tracking_id=c9f43b4f-3490-4712-b324-22cdacebe71e&sid=search
1489,MLA3745628080,palermo,palermo,115000.0,44.0,1.0,8.0,2613.6363636363635,3506.0,-25.4,False,False,False,False,1,False,False,0.62,https://departamento.mercadolibre.com.ar/MLA-3745628080-monoambiente-amoblado-divisible-en-palermo-_JM#polycard_client=search-desktop&float_highlight=recent_publication&price_drop=not_apply&be_origin=backend&overlay_label=not_apply&search_layout=grid&position=45&type=item&tracking_id=6ebda8f2-31d5-479d-af89-85d43b199d41&sid=search
1490,MLA2641255238,villa-urquiza,villa-urquiza_0,125000.0,85.0,2.0,50.0,1470.5882352941176,1972.0,-25.4,True,False,True,False,1,False,False,0.96,https://departamento.mercadolibre.com.ar/MLA-2641255238-departamento-2-ambientes-a-la-venta-villa-urquiza-_JM#polycard_client=search-desktop&price_drop=not_apply&be_origin=backend&overlay_label=not_apply&search_layout=grid&position=6&type=item&tracking_id=34ac9b59-2fda-4d81-86b3-b6ff03ad1995&sid=search
1491,MLA1839705955,nunez,nunez_1,400000.0,130.0,4.0,12.0,3076.923076923077,4127.0,-25.4,True,False,True,False,1,False,False,0.88,https://departamento.mercadolibre.com.ar/MLA-1839705955-venta-nunez-4-ambduplexbalcon-terraza-cochera-piscina-parrilla-_JM#polycard_client=search-desktop&price_drop=not_apply&be_origin=backend&overlay_label=not_apply&search_layout=grid&position=31&type=item&tracking_id=ae9e50ef-f6dd-4312-b6a7-237eb2ff80a3&sid=search
1492,MLA3184056090,puerto-madero,puerto-madero,680000.0,150.0,3.0,,4533.333333333333,6080.0,-25.4,False,False,False,False,1,False,False,0.46,https://departamento.mercadolibre.com.ar/MLA-3184056090-departamento-3-ambientes-en-venta-puerto-madero-torres-del-yacht-_JM#polycard_client=search-desktop&price_drop=not_apply&be_origin=backend&overlay_label=not_apply&search_layout=grid&position=32&type=item&tracking_id=51879b0f-c259-4861-9783-a2d0ca77b0d0&sid=search
1493,MLA1977611539,san-nicolas,san-nicolas,92000.0,64.0,3.0,40.0,1437.5,1928.0,-25.4,False,False,False,False,1,False,False,0.88,https://departamento.mercadolibre.com.ar/MLA-1977611539-venta-depto-3-amb-con-cochera-san-nicolas-_JM#polycard_client=search-desktop&float_highlight=recent_publication&price_drop=not_apply&be_origin=backend&overlay_label=not_apply&search_layout=grid&position=11&type=item&tracking_id=6724aaac-6ca7-4b52-aee7-64e5c818e350&sid=search
1494,MLA3601073510,san-nicolas,san-nicolas,69000.0,43.0,2.0,30.0,1604.6511627906978,2152.0,-25.4,False,False,False,False,1,False,False,0.92,https://departamento.mercadolibre.com.ar/MLA-3601073510-venta-departamento-2-ambientes-san-nicolas-_JM#polycard_client=search-desktop&price_drop=not_apply&be_origin=backend&overlay_label=not_apply&search_layout=grid&position=27&type=item&tracking_id=2578b91c-dc41-4ba0-8bc9-8c3d7a8b4371&sid=search
1495,MLA3725676744,parque-chacabuco,parque-chacabuco,67000.0,40.0,2.0,6.0,1675.0,2246.0,-25.4,False,False,False,False,1,False,False,0.85,https://departamento.mercadolibre.com.ar/MLA-3725676744-departamento-2-ambientes-parque-chacabuco-_JM#polycard_client=search-desktop&price_drop=not_apply&be_origin=backend&overlay_label=not_apply&search_layout=grid&position=28&type=item&tracking_id=efdd351d-5f6d-42b0-8400-1687377f0803&sid=search
1496,MLA3578431712,villa-urquiza,villa-urquiza_1,129000.0,48.0,2.0,15.0,2687.5,3603.0,-25.4,True,False,True,False,1,False,False,0.92,https://departamento.mercadolibre.com.ar/MLA-3578431712-departamento-en-venta-en-villa-urquiza-_JM#polycard_client=search-desktop&price_drop=not_apply&be_origin=backend&overlay_label=not_apply&search_layout=grid&position=46&type=item&tracking_id=442541c5-7303-491a-bfd3-ef48e04c3b23&sid=search
1497,MLA3416972528,puerto-madero,puerto-madero,245000.0,51.0,1.0,5.0,4803.921568627451,6440.0,-25.4,False,False,False,False,1,False,True,0.92,https://departamento.mercadolibre.com.ar/MLA-3416972528-madero-harbour-dpto-apto-profesional-en-puerto-madero-venta-con-renta-_JM#polycard_client=search-desktop&price_drop=not_apply&be_origin=backend&overlay_label=not_apply&search_layout=grid&position=17&type=item&tracking_id=e9f1c2ed-9737-4e71-aabe-633a873b044c&sid=search
1498,MLA3752797458,belgrano,belgrano_1,155000.0,78.0,4.0,40.0,1987.179487179487,2664.0,-25.4,False,False,False,False,1,False,False,0.92,https://departamento.mercadolibre.com.ar/MLA-3752797458-venta-departamento-4-ambientes-con-balcon-al-frente-y-baulera-en-belgrano-_JM#polycard_client=search-desktop&float_highlight=recent_publication&price_drop=not_apply&be_origin=backend&overlay_label=not_apply&search_layout=grid&position=29&type=item&tracking_id=5bcec6da-ee05-4bd9-ac52-e10954c479f5&sid=search
1499,MLA1948506717,coghlan,coghlan,125000.0,67.0,2.0,50.0,1865.6716417910447,2501.0,-25.4,True,False,True,False,1,False,False,0.92,https://departamento.mercadolibre.com.ar/MLA-1948506717-departamento-venta-coghlan-jardin-y-2-banos-_JM#polycard_client=search-desktop&price_drop=not_apply&be_origin=backend&overlay_label=not_apply&search_layout=grid&position=21&type=item&tracking_id=4343ea72-4d15-4a8e-9f75-9031ff56a4fc&sid=search
1500,MLA3540409834,belgrano,belgrano_0,139000.0,74.0,3.0,60.0,1878.3783783783783,2518.0,-25.4,False,False,False,False,1,False,False,0.88,https://departamento.mercadolibre.com.ar/MLA-3540409834-venta-departamento-en-belgrano-_JM#polycard_client=search-desktop&price_drop=not_apply&be_origin=backend&overlay_label=not_apply&search_layout=grid&position=36&type=item&tracking_id=320139cf-ad91-4f07-a898-2cebfa1af6f3&sid=search
1501,MLA3740188704,recoleta,recoleta_1,250000.0,98.0,3.0,50.0,2551.020408163265,3419.0,-25.4,False,False,False,False,1,False,False,0.88,https://departamento.mercadolibre.com.ar/MLA-3740188704-departamento-3-ambientes-en-recoleta-con-balcon-y-guardacoche-_JM#polycard_client=search-desktop&price_drop=not_apply&be_origin=backend&overlay_label=not_apply&search_layout=grid&position=35&type=item&tracking_id=ffda6c59-85a6-45d2-aafd-1288cabda9a1&sid=search
1502,MLA3412611974,puerto-madero,puerto-madero,497000.0,99.0,3.0,14.0,5020.20202020202,6728.0,-25.4,False,False,False,False,1,False,False,0.92,https://departamento.mercadolibre.com.ar/MLA-3412611974-departamento-duplex-3-ambientes-en-venta-en-puerto-madero-_JM#polycard_client=search-desktop&price_drop=not_apply&be_origin=backend&overlay_label=not_apply&search_layout=grid&position=19&type=item&tracking_id=e9f1c2ed-9737-4e71-aabe-633a873b044c&sid=search
1503,MLA3788584066,recoleta,recoleta_3,86000.0,46.0,3.0,40.0,1869.5652173913045,2505.0,-25.4,False,False,False,False,1,False,False,0.69,https://departamento.mercadolibre.com.ar/MLA-3788584066-departamentos-venta-recoleta-_JM#polycard_client=search-desktop&float_highlight=recent_publication&price_drop=not_apply&be_origin=backend&overlay_label=not_apply&search_layout=grid&position=26&type=item&tracking_id=74ed8021-f909-4b60-81bd-3f9d2cf1cb9a&sid=search
1504,MLA2863757716,palermo,palermo_2,59000.0,29.0,2.0,50.0,2034.4827586206895,2726.0,-25.4,False,False,False,False,1,False,False,0.92,https://departamento.mercadolibre.com.ar/MLA-2863757716-venta-departamento-monoambiente-divisible-piso-1-palermo-_JM#polycard_client=search-desktop&price_drop=not_apply&be_origin=backend&overlay_label=not_apply&search_layout=grid&position=14&type=item&tracking_id=8baee857-0cd2-41e8-8c8e-c4c6da58cc21&sid=search
1505,MLA3776687902,caballito,caballito,67000.0,42.0,2.0,49.0,1595.2380952380952,2137.0,-25.4,True,False,True,False,1,False,False,0.81,https://departamento.mercadolibre.com.ar/MLA-3776687902-venta-2-ambientes-caballito-_JM#polycard_client=search-desktop&float_highlight=recent_publication&price_drop=not_apply&be_origin=backend&overlay_label=not_apply&search_layout=grid&position=13&type=item&tracking_id=b32fb920-6f4e-44d4-88e4-2e6d2a4c50de&sid=search
1506,MLA1865001121,barrio-norte,barrio-norte,59900.0,29.0,2.0,60.0,2065.5172413793102,2767.0,-25.4,False,False,False,False,1,False,False,0.96,https://departamento.mercadolibre.com.ar/MLA-1865001121-vendobnorte2-amb-muy-lum-balcon-frances-cocina-completa-bano-en-suite-3-piso-por-escalera-_JM#polycard_client=search-desktop&price_drop=not_apply&be_origin=backend&overlay_label=not_apply&search_layout=grid&position=41&type=item&tracking_id=01b7d9e2-9d4c-4b83-847a-f4389dbfb21a&sid=search
1507,MLA3541970082,recoleta,recoleta_3,148000.0,81.0,4.0,45.0,1827.1604938271605,2448.0,-25.4,False,False,False,False,1,False,False,0.81,https://departamento.mercadolibre.com.ar/MLA-3541970082-venta-pb-4-amb-2-banos-riobamba-y-cordoba-financia-permuta-_JM#polycard_client=search-desktop&price_drop=not_apply&be_origin=backend&overlay_label=not_apply&search_layout=grid&position=40&type=item&tracking_id=3af8926c-b877-40ba-9ad5-6f97caf73fe3&sid=search
1508,MLA3548087572,boedo,boedo_2,65000.0,43.0,2.0,30.0,1511.6279069767445,2025.0,-25.4,True,False,True,True,1,False,False,0.81,https://departamento.mercadolibre.com.ar/MLA-3548087572-venta-en-boedo-pta-baja-2-ambientes-ubicacion-_JM#polycard_client=search-desktop&price_drop=true&be_origin=backend&overlay_label=not_apply&search_layout=grid&position=33&type=item&tracking_id=16c3b18f-921d-4ef1-8917-3793b53f30d3&sid=search
1509,MLA1995190569,monte-castro,monte-castro_1,89000.0,51.0,1.0,2.0,1745.0980392156862,2338.0,-25.4,True,False,True,False,1,False,False,0.88,https://departamento.mercadolibre.com.ar/MLA-1995190569-monoambiente-divisible-a-estrenar-monte-castro-_JM#polycard_client=search-desktop&float_highlight=recent_publication&price_drop=not_apply&be_origin=backend&overlay_label=not_apply&search_layout=grid&position=44&type=item&tracking_id=c619500d-81ee-445a-9de4-2f7a6bbec9d8&sid=search
1510,MLA3726474768,flores,flores_1,83000.0,66.0,4.0,41.0,1257.5757575757575,1685.0,-25.4,False,False,False,False,1,False,False,0.92,https://departamento.mercadolibre.com.ar/MLA-3726474768-venta-depto-4-amb-a-nuevo-3-dormitorios-flores-norte-_JM#polycard_client=search-desktop&price_drop=not_apply&be_origin=backend&overlay_label=not_apply&search_layout=grid&position=3&type=item&tracking_id=b53e0bff-8bb3-44b0-9976-d7e062b8cf5a&sid=search
1511,MLA1972679867,recoleta,recoleta_4,88800.0,36.0,3.0,10.0,2466.6666666666665,3304.0,-25.3,False,True,False,False,1,False,False,0.96,https://departamento.mercadolibre.com.ar/MLA-1972679867-tu-hub-personal-en-la-ciudad-diseno-productividad-y-confort-3-ambientes-de-vanguardia-_JM#polycard_client=search-desktop&float_highlight=recent_publication&price_drop=not_apply&be_origin=backend&overlay_label=not_apply&search_layout=grid&position=24&type=item&tracking_id=f53e58cb-9f22-488b-b409-e27b79066c03&sid=search
1512,MLA1649206141,almagro,almagro,135000.0,86.0,4.0,40.0,1569.7674418604652,2103.0,-25.3,True,False,True,False,1,False,False,0.96,https://departamento.mercadolibre.com.ar/MLA-1649206141-departamento-cuatro-ambientes-con-dependencia-_JM#polycard_client=search-desktop&price_drop=not_apply&be_origin=backend&overlay_label=not_apply&search_layout=grid&position=44&type=item&tracking_id=7da7a1da-90a0-4d76-a1d6-f65610d03898&sid=search
1513,MLA3671270890,retiro,retiro,259000.0,160.0,6.0,100.0,1618.75,2168.0,-25.3,False,False,False,False,1,False,True,0.85,https://departamento.mercadolibre.com.ar/MLA-3671270890-departamento-piso-estilo-frances-160-metros-reciclado-zona-plaza-san-martin-retiro-prox-puerto-madero-ideal-inversor-equipado-renta-temporaria-_JM#polycard_client=search-desktop&price_drop=not_apply&be_origin=backend&overlay_label=not_apply&search_layout=grid&position=26&type=item&tracking_id=6a7b949f-ea63-4b50-9365-1555620a129b&sid=search
1514,MLA1945707591,palermo,palermo_1,101000.0,35.0,1.0,2.0,2885.714285714286,3865.0,-25.3,False,False,False,False,1,False,False,0.88,https://departamento.mercadolibre.com.ar/MLA-1945707591-venta-monoamb-palermo-amenities-_JM#polycard_client=search-desktop&price_drop=not_apply&be_origin=backend&overlay_label=not_apply&search_layout=grid&position=13&type=item&tracking_id=e82407e6-d0d9-4c0b-9a24-e3a740aee95d&sid=search
1515,MLA1794980423,belgrano,belgrano,140000.0,66.0,3.0,40.0,2121.212121212121,2841.0,-25.3,False,False,False,False,1,False,False,0.85,https://departamento.mercadolibre.com.ar/MLA-1794980423-venta-de-excelente-departamento-3-ambientes-en-belgrano-_JM#polycard_client=search-desktop&price_drop=not_apply&be_origin=backend&overlay_label=not_apply&search_layout=grid&position=46&type=item&tracking_id=b331e202-e15c-432d-9c97-4fdc4c0ed51c&sid=search
1516,MLA3503676480,saavedra,saavedra,135000.0,45.0,2.0,3.0,3000.0,4018.0,-25.3,True,False,True,False,1,False,False,0.81,https://departamento.mercadolibre.com.ar/MLA-3503676480-departamento-en-venta-2-ambientes-patio-expensas-bajas-pileta-saavedra-_JM#polycard_client=search-desktop&price_drop=not_apply&be_origin=backend&overlay_label=not_apply&search_layout=grid&position=11&type=item&tracking_id=a5148f41-0ba7-469e-908b-022b6c554913&sid=search
1517,MLA2810754738,monserrat,monserrat_3,99000.0,64.0,3.0,43.0,1546.875,2072.0,-25.3,False,False,False,False,1,False,False,0.96,https://departamento.mercadolibre.com.ar/MLA-2810754738-venta-tres-ambientes-con-cochera-opcional-en-san-telmo-_JM#polycard_client=search-desktop&float_highlight=not_apply&price_drop=not_apply&be_origin=backend&overlay_label=not_apply&search_layout=grid&position=24&type=item&tracking_id=2304ee5c-2ebc-4b59-b55d-489ea3bfe5c7&sid=search
1518,MLA3719601368,balvanera,balvanera_0,135000.0,109.0,4.0,61.0,1238.532110091743,1659.0,-25.3,True,False,True,False,1,False,False,0.92,https://departamento.mercadolibre.com.ar/MLA-3719601368-balvanera-venta-4-amb-cdep-coch-y-bau-apcredito-_JM#polycard_client=search-desktop&price_drop=not_apply&be_origin=backend&overlay_label=not_apply&search_layout=grid&position=16&type=item&tracking_id=432bd372-670c-4ac7-9ecf-6a354f29c1a4&sid=search
1519,MLA1902591537,belgrano,belgrano_2,210000.0,120.0,4.0,57.0,1750.0,2344.0,-25.3,False,True,False,False,1,False,False,0.96,https://departamento.mercadolibre.com.ar/MLA-1902591537-venta-departamento-4-ambientes-belgrano-_JM#polycard_client=search-desktop&price_drop=not_apply&be_origin=backend&overlay_label=not_apply&search_layout=grid&position=14&type=item&tracking_id=5ee5f3a8-1498-414a-a687-1dcf8a31f74c&sid=search
1520,MLA3705238784,barracas,barracas_2,81999.0,69.0,4.0,45.0,1188.391304347826,1591.0,-25.3,False,False,False,False,1,False,False,0.42,https://departamento.mercadolibre.com.ar/MLA-3705238784-venta-barracas-4-ambientes-sobre-rocha-dueno-directo-_JM#polycard_client=search-desktop&price_drop=not_apply&be_origin=backend&overlay_label=not_apply&search_layout=grid&position=43&type=item&tracking_id=b0113096-9daf-4957-96b8-c2e5a050259e&sid=search
1521,MLA1800610869,villa-urquiza,villa-urquiza,189000.0,80.0,2.0,6.0,2362.5,3163.0,-25.3,True,False,True,False,1,False,False,0.88,https://departamento.mercadolibre.com.ar/MLA-1800610869-oportunidad-2-ambientes-duplex-con-piscina-y-solarium-_JM#polycard_client=search-desktop&price_drop=not_apply&be_origin=backend&overlay_label=not_apply&search_layout=grid&position=10&type=item&tracking_id=41ae0929-635a-492a-8a1f-d6f6e0d7947e&sid=search
1522,MLA3726127930,flores,flores_1,289000.0,120.0,4.0,1.0,2408.333333333333,3225.0,-25.3,False,False,False,False,1,False,False,0.92,https://departamento.mercadolibre.com.ar/MLA-3726127930-venta-departamento-4-ambientes-con-cochera-en-flores-edificio-full-amenities-_JM#polycard_client=search-desktop&price_drop=not_apply&be_origin=backend&overlay_label=not_apply&search_layout=grid&position=18&type=item&tracking_id=ac6a1709-4250-4096-a403-9392f06111d5&sid=search
1523,MLA3633226980,palermo,palermo_1,106900.0,32.0,1.0,10.0,3340.625,4473.0,-25.3,False,True,False,False,1,False,False,1.0,https://departamento.mercadolibre.com.ar/MLA-3633226980-monoambiente-en-venta-sobre-av-cordoba-full-amenities-_JM#polycard_client=search-desktop&price_drop=not_apply&be_origin=backend&overlay_label=not_apply&search_layout=grid&position=30&type=item&tracking_id=c98b21f5-0999-44bf-8841-777e7b382a79&sid=search
1524,MLA3284690574,floresta,floresta_1,62000.0,35.0,1.0,4.0,1771.428571428571,2372.0,-25.3,True,False,True,False,1,False,False,0.54,https://departamento.mercadolibre.com.ar/MLA-3284690574-super-luminoso-monoambiente-con-balcon-piso-8o-amenities-_JM#polycard_client=search-desktop&price_drop=not_apply&be_origin=backend&overlay_label=not_apply&search_layout=grid&position=47&type=item&tracking_id=191e83af-5673-43ac-9fcd-d47b82614982&sid=search
1525,MLA3732977350,palermo,palermo_3,234900.0,122.0,4.0,41.0,1925.4098360655737,2578.0,-25.3,False,False,False,False,1,False,False,0.85,https://departamento.mercadolibre.com.ar/MLA-3732977350-venta-departamento-4-ambientes-con-balcon-corrido-dependencia-y-cocina-reciclada-en-palermo-acepta-_JM#polycard_client=search-desktop&price_drop=not_apply&be_origin=backend&overlay_label=not_apply&search_layout=grid&position=27&type=item&tracking_id=bba466d8-6090-4da5-b06c-e7dc5c007b21&sid=search
1526,MLA1945612713,recoleta,recoleta_4,319000.0,188.0,5.0,51.0,1696.8085106382978,2271.0,-25.3,False,False,False,False,1,False,False,0.77,https://departamento.mercadolibre.com.ar/MLA-1945612713-depto-con-jardin-de-invierno-y-patio-en-recoleta-_JM#polycard_client=search-desktop&price_drop=not_apply&be_origin=backend&overlay_label=not_apply&search_layout=grid&position=9&type=item&tracking_id=036ac00f-4dc0-4eee-af2c-40e7ef1601f9&sid=search
1527,MLA3443703222,balvanera,balvanera,50900.0,32.0,1.0,4.0,1590.625,2129.0,-25.3,True,False,True,False,1,False,False,0.92,https://departamento.mercadolibre.com.ar/MLA-3443703222-venta-departamento-balvanera-_JM#polycard_client=search-desktop&price_drop=not_apply&be_origin=backend&overlay_label=not_apply&search_layout=grid&position=26&type=item&tracking_id=11e25eac-a1aa-428a-87fc-a1cd2cfbe142&sid=search
1528,MLA3304452828,belgrano,belgrano,260000.0,100.0,4.0,40.0,2600.0,3480.0,-25.3,False,True,False,False,2,False,False,1.0,https://departamento.mercadolibre.com.ar/MLA-3304452828-excente-4-ambientes-dependencia-cochera-movil-en-torre-en-belgrano-_JM#polycard_client=search-desktop&price_drop=not_apply&be_origin=backend&overlay_label=not_apply&search_layout=grid&position=17&type=item&tracking_id=05c740f5-910c-4e11-a5bd-6f11d52105f1&sid=search
1529,MLA3355817636,mataderos,mataderos_2,74000.0,83.0,3.0,30.0,891.566265060241,1193.0,-25.3,False,False,False,False,1,False,False,0.5,https://departamento.mercadolibre.com.ar/MLA-3355817636-casa-al-frente-3-ambientes-muy-amplios-con-quincho-y-terraza-_JM#polycard_client=search-desktop&price_drop=not_apply&be_origin=backend&overlay_label=not_apply&search_layout=grid&position=12&type=item&tracking_id=d73b2591-5f27-4da5-b54e-47751419e620&sid=search
1530,MLA1945491569,palermo,palermo_3,120000.0,62.0,3.0,66.0,1935.483870967742,2590.0,-25.3,False,False,False,False,1,False,False,0.88,https://departamento.mercadolibre.com.ar/MLA-1945491569-departamento-3-amb-venta-palermo-subte-d-bulnes-_JM#polycard_client=search-desktop&price_drop=not_apply&be_origin=backend&overlay_label=not_apply&search_layout=grid&position=22&type=item&tracking_id=fd71c04e-2036-4ce6-a9fb-be0e6c94f239&sid=search
1531,MLA1907932963,villa-devoto,villa-devoto_3,155000.0,84.0,4.0,40.0,1845.2380952380952,2469.0,-25.3,False,False,False,False,1,False,False,0.92,https://departamento.mercadolibre.com.ar/MLA-1907932963-departamento-de-4-ambientes-con-cochera-_JM#polycard_client=search-desktop&price_drop=not_apply&be_origin=backend&overlay_label=not_apply&search_layout=grid&position=37&type=item&tracking_id=da8db85f-e121-455c-8fd9-1ca29e5b2ece&sid=search
1532,MLA1946147379,puerto-madero,puerto-madero,508000.0,163.0,4.0,46.0,3116.564417177914,4170.0,-25.3,False,False,False,False,1,False,False,0.92,https://departamento.mercadolibre.com.ar/MLA-1946147379-puerto-madero-departamento-4-ambientes-piso-alto-_JM#polycard_client=search-desktop&price_drop=not_apply&be_origin=backend&overlay_label=not_apply&search_layout=grid&position=28&type=item&tracking_id=39a964bc-3a84-4e8b-b227-a359f1526466&sid=search
1533,MLA3448231688,balvanera,balvanera_0,215000.0,225.0,12.0,85.0,955.5555555555557,1279.0,-25.3,True,False,True,False,1,False,False,0.92,https://departamento.mercadolibre.com.ar/MLA-3448231688-venta-departamento-multifamiliar-balvanera-_JM#polycard_client=search-desktop&price_drop=not_apply&be_origin=backend&overlay_label=not_apply&search_layout=grid&position=11&type=item&tracking_id=98d63e46-6c71-4cb2-972a-ae152a562e49&sid=search
1534,MLA3596388198,colegiales,colegiales,110000.0,44.0,1.0,5.0,2500.0,3345.0,-25.3,True,False,True,False,1,False,False,0.58,https://departamento.mercadolibre.com.ar/MLA-3596388198-venta-departamento-con-patio-44-m2-totales-parrilla-piscina-baulera-colegiales-monoambiente-_JM#polycard_client=search-desktop&price_drop=not_apply&be_origin=backend&overlay_label=not_apply&search_layout=grid&position=46&type=item&tracking_id=4efb0a90-8fec-437d-be93-0795599a31c3&sid=search
1535,MLA1945069475,monserrat,monserrat_2,78000.0,62.0,3.0,22.0,1258.0645161290322,1683.0,-25.3,False,False,False,False,1,False,False,0.85,https://departamento.mercadolibre.com.ar/MLA-1945069475-departamento-en-venta-monserrat-_JM#polycard_client=search-desktop&price_drop=not_apply&be_origin=backend&overlay_label=not_apply&search_layout=grid&position=37&type=item&tracking_id=8a10ef52-3dab-4e91-be42-0a8c8ce94e28&sid=search
1536,MLA1611443141,san-nicolas,san-nicolas,199000.0,163.0,6.0,70.0,1220.8588957055215,1633.0,-25.3,False,False,False,False,1,False,False,0.96,https://departamento.mercadolibre.com.ar/MLA-1611443141-unidad-de-6-ambientes-en-edificio-frances-unico-en-la-zona-_JM#polycard_client=search-desktop&price_drop=not_apply&be_origin=backend&overlay_label=not_apply&search_layout=grid&position=3&type=item&tracking_id=1360fdfa-94f0-40ed-b5f9-48412c0d96c3&sid=search
1537,MLA3143731872,villa-del-parque,villa-del-parque,121000.0,87.0,4.0,63.0,1390.8045977011495,1861.0,-25.2,True,False,True,False,1,False,False,0.92,https://departamento.mercadolibre.com.ar/MLA-3143731872-venta-departamento-4-ambientes-en-villa-del-parque-balcon-y-terraza-independiente--_JM#polycard_client=search-desktop&float_highlight=not_apply&price_drop=not_apply&be_origin=backend&overlay_label=not_apply&search_layout=grid&position=47&type=item&tracking_id=788d4111-bbae-40a8-94b3-a05a81a7ed80&sid=search
1538,MLA3342697524,villa-devoto,villa-devoto_3,82000.0,37.0,1.0,10.0,2216.2162162162163,2965.0,-25.2,False,False,False,False,2,False,False,0.96,https://departamento.mercadolibre.com.ar/MLA-3342697524-departamento-monoambiente-venta-villa-devoto-balcon-_JM#polycard_client=search-desktop&price_drop=not_apply&be_origin=backend&overlay_label=not_apply&search_layout=grid&position=38&type=item&tracking_id=6fa9d5ad-39e8-4ee1-999d-7a0dd03b712c&sid=search
1539,MLA3720096548,villa-real,villa-real,105000.0,72.0,4.0,50.0,1458.3333333333333,1950.0,-25.2,True,False,True,False,1,False,False,0.92,https://departamento.mercadolibre.com.ar/MLA-3720096548-venta-dpto-4-amb-vista-panoram-villa-real-_JM#polycard_client=search-desktop&price_drop=not_apply&be_origin=backend&overlay_label=not_apply&search_layout=grid&position=12&type=item&tracking_id=2ed7ee14-4ccc-4e5c-9178-5e7d8fdc65c9&sid=search
1540,MLA1948411749,puerto-madero,puerto-madero,184900.0,32.0,1.0,1.0,5778.125,7727.0,-25.2,False,False,False,False,1,False,False,0.96,https://departamento.mercadolibre.com.ar/MLA-1948411749-venta-monoambiente-divisible-a-estrenar-piso-19-vista-panoramica-en-torre-huergo-475-con-amenities-_JM#polycard_client=search-desktop&price_drop=not_apply&be_origin=backend&overlay_label=not_apply&search_layout=grid&position=27&type=item&tracking_id=879fca74-aa7e-405e-b7bd-69aaf51f3706&sid=search
1541,MLA3729637310,mataderos,mataderos_3,65000.0,44.0,3.0,,1477.2727272727273,1975.0,-25.2,False,False,False,False,1,False,False,0.15,https://departamento.mercadolibre.com.ar/MLA-3729637310-departamento-en-venta-en-mataderos-_JM#polycard_client=search-desktop&price_drop=not_apply&be_origin=backend&overlay_label=not_apply&search_layout=grid&position=10&type=item&tracking_id=d73b2591-5f27-4da5-b54e-47751419e620&sid=search
1542,MLA3753540642,puerto-madero,puerto-madero,450000.0,105.0,3.0,20.0,4285.714285714285,5730.0,-25.2,False,False,False,False,1,False,False,0.88,https://departamento.mercadolibre.com.ar/MLA-3753540642-puerto-madero-loft-con-excelente-vista-al-dique-_JM#polycard_client=search-desktop&price_drop=not_apply&be_origin=backend&overlay_label=not_apply&search_layout=grid&position=12&type=item&tracking_id=2a3547eb-30e5-4919-8da1-719b40d2f3f1&sid=search
1543,MLA3720671882,villa-pueyrredon,villa-pueyrredon_1,69000.0,58.0,3.0,56.0,1189.655172413793,1591.0,-25.2,True,False,True,False,1,False,False,0.85,https://departamento.mercadolibre.com.ar/MLA-3720671882-venta-departamento-de-3-amb-villa-pueyrredon-_JM#polycard_client=search-desktop&price_drop=not_apply&be_origin=backend&overlay_label=not_apply&search_layout=grid&position=48&type=item&tracking_id=7b2d7a12-e122-4ca4-8cc7-adc74b98feb2&sid=search
1544,MLA3720668210,villa-crespo,villa-crespo_4,56000.0,35.0,2.0,35.0,1600.0,2139.0,-25.2,True,False,True,False,1,False,False,0.81,https://departamento.mercadolibre.com.ar/MLA-3720668210-depto-2-amb-venta-v-crespo-5to-piso-contrafrente-_JM#polycard_client=search-desktop&price_drop=not_apply&be_origin=backend&overlay_label=not_apply&search_layout=grid&position=27&type=item&tracking_id=a79a57ac-835c-4027-91a7-75d27feb3cce&sid=search
1545,MLA1767873197,barrio-norte,barrio-norte_4,125000.0,69.0,3.0,60.0,1811.5942028985507,2422.0,-25.2,False,True,False,False,1,True,False,0.96,https://departamento.mercadolibre.com.ar/MLA-1767873197-excelente-3-ambientes-dependencia-en-barrio-norte-a-refaccionar-_JM#polycard_client=search-desktop&price_drop=not_apply&be_origin=backend&overlay_label=not_apply&search_layout=grid&position=30&type=item&tracking_id=f0dfd3a6-a67a-4779-87d8-9caac533b52d&sid=search
1546,MLA1816485507,nunez,nunez_0,99000.0,50.0,2.0,50.0,1980.0,2647.0,-25.2,True,True,False,False,1,False,False,0.96,https://departamento.mercadolibre.com.ar/MLA-1816485507-departamento-2-ambientes-con-balcon-en-saavedra-muy-luminoso-bajas-expensas-_JM#polycard_client=search-desktop&price_drop=not_apply&be_origin=backend&overlay_label=not_apply&search_layout=grid&position=44&type=item&tracking_id=d5a38acb-5298-4e95-9f4c-cafbabc37005&sid=search
1547,MLA3030692364,villa-del-parque,villa-del-parque,269500.0,147.0,5.0,40.0,1833.3333333333333,2451.0,-25.2,True,False,True,False,1,False,False,0.96,https://departamento.mercadolibre.com.ar/MLA-3030692364-venta-semipiso-4-ambientes-escritorio-dependencia-lavadero-cochera-villa-del-parque-_JM#polycard_client=search-desktop&price_drop=not_apply&be_origin=backend&overlay_label=not_apply&search_layout=grid&position=4&type=item&tracking_id=29638f89-b7fd-488f-a406-a8f09aa95329&sid=search
1548,MLA1788849527,recoleta,recoleta_3,266000.0,169.0,4.0,100.0,1573.96449704142,2104.0,-25.2,False,False,False,False,1,False,False,0.42,https://departamento.mercadolibre.com.ar/MLA-1788849527-departamento-centenario-cuatro-ambientes-mas-dependencia-recoleta-luminoso-y-silencioso-balcon-_JM#polycard_client=search-desktop&price_drop=not_apply&be_origin=backend&overlay_label=not_apply&search_layout=grid&position=34&type=item&tracking_id=8eba97a3-ef44-4244-8756-a5822ca6cc4d&sid=search
1549,MLA3699112258,recoleta,recoleta_0,47000.0,22.0,1.0,60.0,2136.3636363636365,2855.0,-25.2,False,False,False,False,1,False,False,0.42,https://departamento.mercadolibre.com.ar/MLA-3699112258-departamento-en-venta-en-recoleta-capital-federal-buenos-aires-_JM#polycard_client=search-desktop&price_drop=not_apply&be_origin=backend&overlay_label=not_apply&search_layout=grid&position=47&type=item&tracking_id=7a4d9f2a-0eae-42d1-9e72-7d94eff1aa47&sid=search
1550,MLA1692277717,belgrano,belgrano_1,72000.0,25.0,1.0,1.0,2880.0,3849.0,-25.2,False,False,False,False,1,False,False,0.88,https://departamento.mercadolibre.com.ar/MLA-1692277717-departamento-monoambiente-en-belgrano-_JM#polycard_client=search-desktop&float_highlight=not_apply&price_drop=not_apply&be_origin=backend&overlay_label=not_apply&search_layout=grid&position=19&type=item&tracking_id=1fafad0c-005e-4b6e-948d-6e9ebd71d896&sid=search
1551,MLA1617014425,balvanera,balvanera_0,53000.0,42.0,2.0,40.0,1261.904761904762,1686.0,-25.2,True,False,True,False,1,False,False,0.85,https://departamento.mercadolibre.com.ar/MLA-1617014425-peron-2500-departamento-2-ambientes-muy-bajas-expensas-balvanera-_JM#polycard_client=search-desktop&float_highlight=not_apply&price_drop=not_apply&be_origin=backend&overlay_label=not_apply&search_layout=grid&position=20&type=item&tracking_id=c0b47374-130e-417f-9c27-9aad949ef254&sid=search
1552,MLA3168237634,retiro,retiro_0,384000.0,161.0,1.0,19.0,2385.0931677018634,3186.0,-25.1,False,True,False,False,1,False,False,0.96,https://departamento.mercadolibre.com.ar/MLA-3168237634-oficina-a-la-venta-en-retiro-con-cocheras-quartier-basavilbaso-_JM#polycard_client=search-desktop&price_drop=not_apply&be_origin=backend&overlay_label=not_apply&search_layout=grid&position=38&type=item&tracking_id=673bf528-ffbf-4453-90bb-9b10cc8ec7f6&sid=search
1553,MLA3420832892,balvanera,balvanera_2,53500.0,39.0,2.0,45.0,1371.7948717948718,1833.0,-25.1,True,False,True,True,1,False,False,0.96,https://departamento.mercadolibre.com.ar/MLA-3420832892-venta-2-ambientes-en-once-cocina-separada-ascensor-apto-hipotecario-_JM#polycard_client=search-desktop&price_drop=true&be_origin=backend&overlay_label=not_apply&search_layout=grid&position=22&type=item&tracking_id=98d63e46-6c71-4cb2-972a-ae152a562e49&sid=search
1554,MLA3645845398,caballito,caballito,138500.0,68.0,3.0,20.0,2036.764705882353,2721.0,-25.1,True,False,True,False,1,False,False,0.92,https://departamento.mercadolibre.com.ar/MLA-3645845398-venta-departamento-3-ambientes-68m-en-caballito-balcon-frente-cochera-cubierta-baulera-amenities-_JM#polycard_client=search-desktop&price_drop=not_apply&be_origin=backend&overlay_label=not_apply&search_layout=grid&position=48&type=item&tracking_id=f8e25846-9413-43b0-8a59-3fd1d6a7f951&sid=search
1555,MLA3721461928,villa-devoto,villa-devoto_1,90000.0,61.0,2.0,41.0,1475.4098360655737,1971.0,-25.1,False,False,False,True,1,False,False,0.81,https://departamento.mercadolibre.com.ar/MLA-3721461928-venta-dpto-2-amb-muy-amplio-v-devoto-permuta-_JM#polycard_client=search-desktop&price_drop=true&be_origin=backend&overlay_label=not_apply&search_layout=grid&position=9&type=item&tracking_id=05628068-e08d-4dcb-97b5-b9943b6c198c&sid=search
1556,MLA2966374570,villa-urquiza,villa-urquiza_2,85000.0,43.0,2.0,41.0,1976.744186046512,2640.0,-25.1,True,False,True,False,1,False,False,0.81,https://departamento.mercadolibre.com.ar/MLA-2966374570-2amb-patio-cochera-fija-cubierta-optativa-bano-completo-cocina-indep-_JM#polycard_client=search-desktop&price_drop=not_apply&be_origin=backend&overlay_label=not_apply&search_layout=grid&position=22&type=item&tracking_id=41ae0929-635a-492a-8a1f-d6f6e0d7947e&sid=search
1557,MLA3449590842,villa-devoto,villa-devoto_1,135000.0,81.0,3.0,30.0,1666.6666666666667,2226.0,-25.1,False,False,False,False,1,False,False,1.0,https://departamento.mercadolibre.com.ar/MLA-3449590842-venta-excelente-departamento-luminoso-y-silencioso-en-villa-devoto-_JM#polycard_client=search-desktop&price_drop=not_apply&be_origin=backend&overlay_label=not_apply&search_layout=grid&position=15&type=item&tracking_id=da8db85f-e121-455c-8fd9-1ca29e5b2ece&sid=search
1558,MLA1835078995,paternal,paternal_0,150000.0,107.0,5.0,50.0,1401.8691588785048,1872.0,-25.1,True,True,False,True,1,False,False,0.73,https://departamento.mercadolibre.com.ar/MLA-1835078995-retasadodepartamento-5-ambientees-c-baulera-vlla-gral-mitre-_JM#polycard_client=search-desktop&price_drop=true&be_origin=backend&overlay_label=not_apply&search_layout=grid&position=41&type=item&tracking_id=8b300fd5-9e6d-4b29-a346-35f02ae4b5f1&sid=search
1559,MLA3727541158,villa-crespo,villa-crespo,88000.0,39.0,1.0,10.0,2256.4102564102564,3013.0,-25.1,True,False,True,False,1,False,False,0.96,https://departamento.mercadolibre.com.ar/MLA-3727541158-venta-increible-monoambiente-en-villa-crespo-_JM#polycard_client=search-desktop&price_drop=not_apply&be_origin=backend&overlay_label=not_apply&search_layout=grid&position=43&type=item&tracking_id=c9f43b4f-3490-4712-b324-22cdacebe71e&sid=search
1560,MLA1847135357,floresta,floresta_1,82500.0,64.0,3.0,30.0,1289.0625,1721.0,-25.1,True,False,True,False,1,False,False,0.5,https://departamento.mercadolibre.com.ar/MLA-1847135357-ensenada-300-caba-departamento-3-ambientes-venta-balcon-excel-est-us-80000-_JM#polycard_client=search-desktop&price_drop=not_apply&be_origin=backend&overlay_label=not_apply&search_layout=grid&position=2&type=item&tracking_id=569ea35b-4bfb-496d-b812-bfc3bfa5e293&sid=search
1561,MLA3719600656,recoleta,recoleta_0,165000.0,72.0,2.0,20.0,2291.6666666666665,3060.0,-25.1,False,False,False,False,1,False,False,0.81,https://departamento.mercadolibre.com.ar/MLA-3719600656-venta-dpto-duplex-2-amb-al-frente-c-balcon-_JM#polycard_client=search-desktop&price_drop=not_apply&be_origin=backend&overlay_label=not_apply&search_layout=grid&position=21&type=item&tracking_id=6e8eadf1-25b5-4217-8b9f-da4ddd1006a7&sid=search
1562,MLA3742417298,villa-crespo,villa-crespo_2,194900.0,115.0,4.0,55.0,1694.7826086956522,2263.0,-25.1,True,False,True,False,1,False,False,0.92,https://departamento.mercadolibre.com.ar/MLA-3742417298-departamento-villa-crespo-_JM#polycard_client=search-desktop&price_drop=not_apply&be_origin=backend&overlay_label=not_apply&search_layout=grid&position=1&type=item&tracking_id=ba224409-09fa-4b3a-9fb0-c035c2125b1a&sid=search
1563,MLA3720668258,caballito,caballito,67000.0,43.0,2.0,56.0,1558.139534883721,2080.0,-25.1,True,False,True,False,1,False,False,0.85,https://departamento.mercadolibre.com.ar/MLA-3720668258-departamento-2-amb-en-caballito-_JM#polycard_client=search-desktop&price_drop=not_apply&be_origin=backend&overlay_label=not_apply&search_layout=grid&position=30&type=item&tracking_id=637c9200-cbdf-40e9-af4f-9bf4353be6d5&sid=search
1564,MLA1747391927,san-nicolas,san-nicolas,66000.0,55.0,3.0,66.0,1200.0,1602.0,-25.1,False,False,False,False,1,False,False,0.31,https://departamento.mercadolibre.com.ar/MLA-1747391927-venta-lavalle-al-1100-excelente-depto-de-3-ambtes-a-mts-del-obelisco-_JM#polycard_client=search-desktop&price_drop=not_apply&be_origin=backend&overlay_label=not_apply&search_layout=grid&position=14&type=item&tracking_id=35e59313-a60c-4e65-aa12-e5b96c85539a&sid=search
1565,MLA3663895802,parque-avellaneda,parque-avellaneda_0,72000.0,57.0,3.0,,1263.157894736842,1687.0,-25.1,False,False,False,False,1,False,False,0.27,https://departamento.mercadolibre.com.ar/MLA-3663895802-depto-3-amb-balcon-cochera-av-castanares-al-4200-loiacono-propiedades-_JM#polycard_client=search-desktop&price_drop=not_apply&be_origin=backend&overlay_label=not_apply&search_layout=grid&position=21&type=item&tracking_id=6130b092-24fe-4617-a409-682a9b9a62de&sid=search
1566,MLA3458534838,belgrano,belgrano,79000.0,36.0,1.0,50.0,2194.4444444444443,2930.0,-25.1,False,False,False,False,1,False,False,0.35,https://departamento.mercadolibre.com.ar/MLA-3458534838-departamentos-1-ambiente-venta-_JM#polycard_client=search-desktop&price_drop=not_apply&be_origin=backend&overlay_label=not_apply&search_layout=grid&position=13&type=item&tracking_id=2c76e60b-635c-4c7a-9e4f-1519ef996fd9&sid=search
1567,MLA3720659736,boedo,boedo_0,56990.0,38.0,2.0,43.0,1499.7368421052631,2002.0,-25.1,True,False,True,False,1,False,False,0.85,https://departamento.mercadolibre.com.ar/MLA-3720659736-venta-depto-2-amb-a-refac-boedo-_JM#polycard_client=search-desktop&price_drop=not_apply&be_origin=backend&overlay_label=not_apply&search_layout=grid&position=12&type=item&tracking_id=cd9fc1bc-ff6e-4a76-9851-994398576594&sid=search
1568,MLA3747776022,flores,flores_4,50000.0,59.0,3.0,34.0,847.457627118644,1131.0,-25.1,False,False,False,False,1,False,False,0.88,https://departamento.mercadolibre.com.ar/MLA-3747776022-departamento-3-ambientes-balcon-lavadero-_JM#polycard_client=search-desktop&price_drop=not_apply&be_origin=backend&overlay_label=not_apply&search_layout=grid&position=17&type=item&tracking_id=bb8c697b-ae3d-4654-a1b6-de9068a338f2&sid=search
1569,MLA3148139198,monserrat,monserrat_4,52000.0,32.0,1.0,10.0,1625.0,2169.0,-25.1,False,False,False,False,2,False,False,0.88,https://departamento.mercadolibre.com.ar/MLA-3148139198-departamento-en-monserrat-_JM#polycard_client=search-desktop&price_drop=not_apply&be_origin=backend&overlay_label=not_apply&search_layout=grid&position=34&type=item&tracking_id=c4a6048b-3112-4de2-8ab8-63c8b219804c&sid=search
1570,MLA1708347367,villa-del-parque,villa-del-parque,117000.0,79.0,4.0,50.0,1481.012658227848,1977.0,-25.1,True,False,True,False,1,False,False,0.92,https://departamento.mercadolibre.com.ar/MLA-1708347367-venta-departamento-4-ambientes-con-balcon-en-villa-del-parque-_JM#polycard_client=search-desktop&float_highlight=not_apply&price_drop=not_apply&be_origin=backend&overlay_label=not_apply&search_layout=grid&position=18&type=item&tracking_id=7da1e609-38a9-4800-b205-eb0fc30871ca&sid=search
1571,MLA1910992917,recoleta,recoleta_1,63000.0,26.0,1.0,60.0,2423.076923076923,3235.0,-25.1,False,False,False,False,1,False,False,0.42,https://departamento.mercadolibre.com.ar/MLA-1910992917-venta-monoambiente-en-recoleta-caba-_JM#polycard_client=search-desktop&price_drop=not_apply&be_origin=backend&overlay_label=not_apply&search_layout=grid&position=44&type=item&tracking_id=9378a039-9f62-4588-88b4-bd0924407edd&sid=search
1572,MLA1727692533,villa-urquiza,villa-urquiza_3,44000.0,20.0,,15.0,2200.0,2937.0,-25.1,True,False,True,True,1,False,False,0.65,https://departamento.mercadolibre.com.ar/MLA-1727692533-1-amb-al-fte-apto-local-o-vivienda-_JM#polycard_client=search-desktop&price_drop=true&be_origin=backend&overlay_label=not_apply&search_layout=grid&position=9&type=item&tracking_id=a29d2f4f-7e4b-4c3a-826c-ae59c71fc9a1&sid=search
1573,MLA1679443747,villa-crespo,villa-crespo,195000.0,114.0,3.0,6.0,1710.5263157894738,2283.0,-25.1,True,False,True,False,1,False,False,0.92,https://departamento.mercadolibre.com.ar/MLA-1679443747-departamento-venta-villa-crespo-frente-3-amb-cdependencia-patio-_JM#polycard_client=search-desktop&float_highlight=not_apply&price_drop=not_apply&be_origin=backend&overlay_label=not_apply&search_layout=grid&position=20&type=item&tracking_id=7a0d206d-e104-4a16-9d56-433f0039e820&sid=search
1574,MLA3454959556,almagro,almagro,68000.0,50.0,3.0,80.0,1360.0,1815.0,-25.1,True,False,True,False,1,False,False,0.65,https://departamento.mercadolibre.com.ar/MLA-3454959556-3-amb-congreso-chile-2200-frente-bajas-expensas-antiguo-_JM#polycard_client=search-desktop&price_drop=not_apply&be_origin=backend&overlay_label=not_apply&search_layout=grid&position=9&type=item&tracking_id=4a682646-84e4-4de9-9970-3b3db15b9a0e&sid=search
1575,MLA3700634882,caballito,caballito,290000.0,105.0,3.0,3.0,2761.904761904762,3686.0,-25.1,True,False,True,False,1,False,False,0.92,https://departamento.mercadolibre.com.ar/MLA-3700634882-departamento-caballito-3-amb-amplio-cochera-amenities-_JM#polycard_client=search-desktop&price_drop=not_apply&be_origin=backend&overlay_label=not_apply&search_layout=grid&position=46&type=item&tracking_id=dad3fe87-719e-4572-a6ec-9c9be18670f8&sid=search
1576,MLA3294239704,almagro,almagro,120000.0,92.0,3.0,66.0,1304.3478260869565,1741.0,-25.1,True,True,False,False,1,True,False,0.62,https://departamento.mercadolibre.com.ar/MLA-3294239704-departamento-de-3-ambientes-con-dependencia-a-reciclar-en-almagro-_JM#polycard_client=search-desktop&price_drop=not_apply&be_origin=backend&overlay_label=not_apply&search_layout=grid&position=48&type=item&tracking_id=a0801218-0bf0-4666-9bd4-823612adb4d0&sid=search
1577,MLA1926622625,nunez,nunez_3,49000.0,20.0,1.0,15.0,2450.0,3270.0,-25.1,True,False,True,False,1,False,False,0.96,https://departamento.mercadolibre.com.ar/MLA-1926622625-monomambiente-en-inmejorable-zona-comercial-de-nunez-_JM#polycard_client=search-desktop&price_drop=not_apply&be_origin=backend&overlay_label=not_apply&search_layout=grid&position=12&type=item&tracking_id=4708f05b-1125-447a-ac73-bd863ed8930c&sid=search
1578,MLA1945066201,flores,flores_1,69000.0,47.0,3.0,41.0,1468.085106382979,1959.0,-25.1,False,False,False,False,1,False,False,0.81,https://departamento.mercadolibre.com.ar/MLA-1945066201-venta-departamento-3-ambientes-_JM#polycard_client=search-desktop&price_drop=not_apply&be_origin=backend&overlay_label=not_apply&search_layout=grid&position=5&type=item&tracking_id=8d5a3667-2813-4bf3-be59-0921f46c5090&sid=search
1579,MLA1945610925,flores,flores,62000.0,42.0,2.0,30.0,1476.190476190476,1970.0,-25.1,False,False,False,False,1,False,False,0.81,https://departamento.mercadolibre.com.ar/MLA-1945610925-venta-depto-2-ambientes-luminoso-flores-norte-_JM#polycard_client=search-desktop&price_drop=not_apply&be_origin=backend&overlay_label=not_apply&search_layout=grid&position=44&type=item&tracking_id=ac6a1709-4250-4096-a403-9392f06111d5&sid=search
1580,MLA1945057099,monserrat,monserrat_0,93000.0,86.0,4.0,86.0,1081.3953488372092,1443.0,-25.1,False,False,False,False,1,False,False,0.81,https://departamento.mercadolibre.com.ar/MLA-1945057099-venta-de-2-departamentos-de-2-ambientes-_JM#polycard_client=search-desktop&price_drop=not_apply&be_origin=backend&overlay_label=not_apply&search_layout=grid&position=34&type=item&tracking_id=8a10ef52-3dab-4e91-be42-0a8c8ce94e28&sid=search
1581,MLA2705179550,puerto-madero,puerto-madero,695000.0,134.0,3.0,15.0,5186.567164179104,6920.0,-25.0,False,False,False,False,1,False,False,0.96,https://departamento.mercadolibre.com.ar/MLA-2705179550-venta-departamento-3-ambientes-en-puerto-madero-con-cochera-_JM#polycard_client=search-desktop&price_drop=not_apply&be_origin=backend&overlay_label=not_apply&search_layout=grid&position=3&type=item&tracking_id=b4c3edc4-ddc1-49cd-bf24-5548efd2a095&sid=search
1582,MLA3620149944,recoleta,recoleta,169500.0,91.0,3.0,40.0,1862.637362637363,2485.0,-25.0,False,False,False,False,1,False,False,0.92,https://departamento.mercadolibre.com.ar/MLA-3620149944-semip-cdep-en-las-heras-al-2600-ta-nuevo-frente-balcon-comedor-diario-_JM#polycard_client=search-desktop&price_drop=not_apply&be_origin=backend&overlay_label=not_apply&search_layout=grid&position=8&type=item&tracking_id=9aa8d471-7391-4b9c-ad32-58c165bc6e47&sid=search
1583,MLA3720465790,recoleta,recoleta,80000.0,29.0,1.0,4.0,2758.620689655173,3680.0,-25.0,False,False,False,False,1,False,False,0.81,https://departamento.mercadolibre.com.ar/MLA-3720465790-venta-monoambiente-en-recoleta-a-estrenar-_JM#polycard_client=search-desktop&price_drop=not_apply&be_origin=backend&overlay_label=not_apply&search_layout=grid&position=30&type=item&tracking_id=6e8eadf1-25b5-4217-8b9f-da4ddd1006a7&sid=search
1584,MLA1948061751,mataderos,mataderos_4,90000.0,81.0,4.0,52.0,1111.111111111111,1482.0,-25.0,False,False,False,False,1,False,False,0.92,https://departamento.mercadolibre.com.ar/MLA-1948061751-departamento-4-ambientes-en-mataderos-capital-federal-apto-credito-_JM#polycard_client=search-desktop&price_drop=not_apply&be_origin=backend&overlay_label=not_apply&search_layout=grid&position=31&type=item&tracking_id=9833ae9b-2255-4b70-bf0d-e5fb019e5d6e&sid=search
1585,MLA1665799213,san-nicolas,san-nicolas,54000.0,41.0,2.0,41.0,1317.0731707317073,1757.0,-25.0,False,False,False,False,1,False,False,0.15,https://departamento.mercadolibre.com.ar/MLA-1665799213-departamento-2-ambientes-con-patio-_JM#polycard_client=search-desktop&price_drop=not_apply&be_origin=backend&overlay_label=not_apply&search_layout=grid&position=10&type=item&tracking_id=b2f79af3-05ae-4fec-93df-d7329b364d3d&sid=search
1586,MLA3721459298,recoleta,recoleta_3,230000.0,92.0,4.0,3.0,2500.0,3335.0,-25.0,False,False,False,False,1,False,False,0.81,https://departamento.mercadolibre.com.ar/MLA-3721459298-venta-de-semipiso-3amb-dep-con-balcon-recoleta-_JM#polycard_client=search-desktop&price_drop=not_apply&be_origin=backend&overlay_label=not_apply&search_layout=grid&position=5&type=item&tracking_id=c61b6aed-74d9-4e40-962d-1337d0b9cd0a&sid=search
1587,MLA3564961096,nunez,nunez_1,120000.0,42.0,2.0,25.0,2857.1428571428573,3811.0,-25.0,True,False,True,False,1,False,False,0.65,https://departamento.mercadolibre.com.ar/MLA-3564961096-departamento-en-venta-en-nunez-capital-federal-buenos-aires-_JM#polycard_client=search-desktop&price_drop=not_apply&be_origin=backend&overlay_label=not_apply&search_layout=grid&position=15&type=item&tracking_id=a5100a09-bfa8-4475-a9ab-79f78cc3b2a8&sid=search
1588,MLA3492807588,colegiales,colegiales,490000.0,220.0,7.0,20.0,2227.2727272727275,2971.0,-25.0,True,True,False,True,1,False,False,0.69,https://departamento.mercadolibre.com.ar/MLA-3492807588-6-amb-2-cocheras-piso-alto-belgrano-r-permuta-_JM#polycard_client=search-desktop&price_drop=true&be_origin=backend&overlay_label=not_apply&search_layout=grid&position=16&type=item&tracking_id=c8834e56-61b1-446d-9c9a-15a49f9e33ec&sid=search
1589,MLA1904736367,villa-crespo,villa-crespo_4,97000.0,42.0,1.0,2.0,2309.5238095238096,3080.0,-25.0,True,False,True,False,1,False,False,0.88,https://departamento.mercadolibre.com.ar/MLA-1904736367-venta-monoambiente-divisible-cbalcon-a-estrenar-amenities-villa-crespo-_JM#polycard_client=search-desktop&price_drop=not_apply&be_origin=backend&overlay_label=not_apply&search_layout=grid&position=21&type=item&tracking_id=577b7f35-7a54-402b-bd65-61c3066c8f0f&sid=search
1590,MLA1992416237,monserrat,monserrat_3,112000.0,87.0,4.0,70.0,1287.3563218390805,1716.0,-25.0,False,False,False,False,1,False,False,0.5,https://departamento.mercadolibre.com.ar/MLA-1992416237-venta-deptooficina-4-ambientes-monserrat-frente-_JM#polycard_client=search-desktop&float_highlight=recent_publication&price_drop=not_apply&be_origin=backend&overlay_label=not_apply&search_layout=grid&position=21&type=item&tracking_id=cb2833d2-7310-4cc6-b1f2-c5284376a799&sid=search
