id_aviso,link,barrio,precio,m2,motivo
MLA1945487521,https://departamento.mercadolibre.com.ar/MLA-1945487521-depto-3-amb-con-balcon-al-frente-en-belgrano-c-_JM#polycard_client=search-desktop&price_drop=not_apply&be_origin=backend&overlay_label=not_apply&search_layout=grid&position=1&type=item&tracking_id=062494e9-edc2-4615-a3db-62aea7ea997f&sid=search,belgrano,125000,48.0,duplicado_mismo_id
MLA1940649869,https://departamento.mercadolibre.com.ar/MLA-1940649869-venta-con-renta-departamento-belgrano-4-ambientes-cochera-y-amenities-_JM#polycard_client=search-desktop&price_drop=not_apply&be_origin=backend&overlay_label=not_apply&search_layout=grid&position=1&type=item&tracking_id=9e87283d-6d13-4cb3-91a8-23d57359a582&sid=search,belgrano,395000,100.0,duplicado_mismo_id
MLA1868853587,https://departamento.mercadolibre.com.ar/MLA-1868853587-venta-departamento-3-ambientes-caballito-_JM#polycard_client=search-desktop&price_drop=not_apply&be_origin=backend&overlay_label=not_apply&search_layout=grid&position=1&type=item&tracking_id=f48bb936-0352-424a-a4b0-3b6669b96570&sid=search,caballito,89000,52.0,duplicado_mismo_id
MLA1868880331,https://departamento.mercadolibre.com.ar/MLA-1868880331-venta-departamento-4-ambientes-con-cochera-caballito-_JM#polycard_client=search-desktop&price_drop=not_apply&be_origin=backend&overlay_label=not_apply&search_layout=grid&position=2&type=item&tracking_id=f48bb936-0352-424a-a4b0-3b6669b96570&sid=search,caballito,190000,87.0,duplicado_mismo_id
MLA3539219220,https://departamento.mercadolibre.com.ar/MLA-3539219220-semipiso-2-ambientes-en-suite-con-vestidor-y-amenities-en-caballito-_JM#polycard_client=search-desktop&price_drop=not_apply&be_origin=backend&overlay_label=not_apply&search_layout=grid&position=3&type=item&tracking_id=f48bb936-0352-424a-a4b0-3b6669b96570&sid=search,caballito,145000,49.0,duplicado_mismo_id
MLA3539064260,https://departamento.mercadolibre.com.ar/MLA-3539064260-venta-departamento-de-3-ambientes-con-balcon-cochera-y-baulera-en-caballito-norte-apto-credito-_JM#polycard_client=search-desktop&price_drop=not_apply&be_origin=backend&overlay_label=not_apply&search_layout=grid&position=4&type=item&tracking_id=f48bb936-0352-424a-a4b0-3b6669b96570&sid=search,caballito,260000,67.0,duplicado_mismo_id
MLA3539063904,https://departamento.mercadolibre.com.ar/MLA-3539063904-venta-departamento-de-3-ambientes-con-balcon-cochera-y-baulera-en-caballito-norte-apto-credito-_JM#polycard_client=search-desktop&price_drop=not_apply&be_origin=backend&overlay_label=not_apply&search_layout=grid&position=5&type=item&tracking_id=f48bb936-0352-424a-a4b0-3b6669b96570&sid=search,caballito,260000,67.0,duplicado_mismo_id
MLA1866723679,https://departamento.mercadolibre.com.ar/MLA-1866723679-duplex-6-ambientes-con-cochera-y-amenities-en-caballito-_JM#polycard_client=search-desktop&price_drop=not_apply&be_origin=backend&overlay_label=not_apply&search_layout=grid&position=6&type=item&tracking_id=f48bb936-0352-424a-a4b0-3b6669b96570&sid=search,caballito,430000,137.0,duplicado_mismo_id
MLA3564980662,https://departamento.mercadolibre.com.ar/MLA-3564980662-depto-4-amb-con-patio-y-baulera-en-caballito-_JM#polycard_client=search-desktop&price_drop=not_apply&be_origin=backend&overlay_label=not_apply&search_layout=grid&position=1&type=item&tracking_id=4cefc9de-7ff3-4e1a-9109-0ad80ac1b93f&sid=search,caballito,239000,97.0,duplicado_mismo_id
MLA3590008412,https://departamento.mercadolibre.com.ar/MLA-3590008412-monoambiente-dividido-con-dos-patios-en-una-ubicacion-privilegiada-de-recoleta-_JM#polycard_client=search-desktop&price_drop=not_apply&be_origin=backend&overlay_label=not_apply&search_layout=grid&position=1&type=item&tracking_id=3af8926c-b877-40ba-9ad5-6f97caf73fe3&sid=search,recoleta,103000,32.0,duplicado_mismo_id
MLA1874219515,https://departamento.mercadolibre.com.ar/MLA-1874219515-almagro-apto-profesional-apto-credito-con-garaje-y-patio-listo-para-escriturar-y-mudarse-_JM#polycard_client=search-desktop&price_drop=not_apply&be_origin=backend&overlay_label=not_apply&search_layout=grid&position=1&type=item&tracking_id=c30618a8-07c1-4287-bff1-593fda7f3a1a&sid=search,almagro,74900,28.0,duplicado_mismo_id
MLA3559625068,https://departamento.mercadolibre.com.ar/MLA-3559625068-3-ambientes-sarmiento-al-4300-_JM#polycard_client=search-desktop&price_drop=not_apply&be_origin=backend&overlay_label=not_apply&search_layout=grid&position=2&type=item&tracking_id=c30618a8-07c1-4287-bff1-593fda7f3a1a&sid=search,almagro,120000,47.0,duplicado_mismo_id
MLA3559625062,https://departamento.mercadolibre.com.ar/MLA-3559625062-departamento-en-almagro-_JM#polycard_client=search-desktop&price_drop=not_apply&be_origin=backend&overlay_label=not_apply&search_layout=grid&position=3&type=item&tracking_id=c30618a8-07c1-4287-bff1-593fda7f3a1a&sid=search,almagro,250000,180.0,duplicado_mismo_id
MLA3559637882,https://departamento.mercadolibre.com.ar/MLA-3559637882-2-ambientes-peron-teniente-general-juan-domingo-al-4100-_JM#polycard_client=search-desktop&price_drop=not_apply&be_origin=backend&overlay_label=not_apply&search_layout=grid&position=4&type=item&tracking_id=c30618a8-07c1-4287-bff1-593fda7f3a1a&sid=search,almagro,112000,31.0,duplicado_mismo_id
MLA3559663584,https://departamento.mercadolibre.com.ar/MLA-3559663584-3-ambientes-gallo-al-600-_JM#polycard_client=search-desktop&price_drop=not_apply&be_origin=backend&overlay_label=not_apply&search_layout=grid&position=5&type=item&tracking_id=c30618a8-07c1-4287-bff1-593fda7f3a1a&sid=search,almagro,210000,56.0,duplicado_mismo_id
MLA3559663568,https://departamento.mercadolibre.com.ar/MLA-3559663568-departamento-almagro-_JM#polycard_client=search-desktop&price_drop=true&be_origin=backend&overlay_label=not_apply&search_layout=grid&position=6&type=item&tracking_id=c30618a8-07c1-4287-bff1-593fda7f3a1a&sid=search,almagro,8000072000,36.0,duplicado_mismo_id
MLA3559663574,https://departamento.mercadolibre.com.ar/MLA-3559663574-departamento-en-almagro-_JM#polycard_client=search-desktop&price_drop=not_apply&be_origin=backend&overlay_label=not_apply&search_layout=grid&position=7&type=item&tracking_id=c30618a8-07c1-4287-bff1-593fda7f3a1a&sid=search,almagro,170000,89.0,duplicado_mismo_id
MLA3559637890,https://departamento.mercadolibre.com.ar/MLA-3559637890-departamento-almagro-_JM#polycard_client=search-desktop&price_drop=not_apply&be_origin=backend&overlay_label=not_apply&search_layout=grid&position=8&type=item&tracking_id=c30618a8-07c1-4287-bff1-593fda7f3a1a&sid=search,almagro,150000,69.0,duplicado_mismo_id
MLA3559625038,https://departamento.mercadolibre.com.ar/MLA-3559625038-departamento-almagro-_JM#polycard_client=search-desktop&price_drop=not_apply&be_origin=backend&overlay_label=not_apply&search_layout=grid&position=9&type=item&tracking_id=c30618a8-07c1-4287-bff1-593fda7f3a1a&sid=search,almagro,148000,81.0,duplicado_mismo_id
MLA3559637842,https://departamento.mercadolibre.com.ar/MLA-3559637842-departamento-en-almagro-_JM#polycard_client=search-desktop&price_drop=not_apply&be_origin=backend&overlay_label=not_apply&search_layout=grid&position=10&type=item&tracking_id=c30618a8-07c1-4287-bff1-593fda7f3a1a&sid=search,almagro,140000,35.0,duplicado_mismo_id
MLA1873754991,https://departamento.mercadolibre.com.ar/MLA-1873754991-departamento-monoambiente-en-venta-en-almagro-capital-federal-buenos-aires-_JM#polycard_client=search-desktop&price_drop=not_apply&be_origin=backend&overlay_label=not_apply&search_layout=grid&position=11&type=item&tracking_id=c30618a8-07c1-4287-bff1-593fda7f3a1a&sid=search,almagro,62000,36.0,duplicado_mismo_id
MLA3558691462,https://departamento.mercadolibre.com.ar/MLA-3558691462-departamento-monoambiente-en-venta-en-almagro-capital-federal-buenos-aires-_JM#polycard_client=search-desktop&price_drop=not_apply&be_origin=backend&overlay_label=not_apply&search_layout=grid&position=12&type=item&tracking_id=c30618a8-07c1-4287-bff1-593fda7f3a1a&sid=search,almagro,129000,31.0,duplicado_mismo_id
MLA1873231735,https://departamento.mercadolibre.com.ar/MLA-1873231735-departamento-en-almagro-_JM#polycard_client=search-desktop&price_drop=not_apply&be_origin=backend&overlay_label=not_apply&search_layout=grid&position=13&type=item&tracking_id=c30618a8-07c1-4287-bff1-593fda7f3a1a&sid=search,almagro,135000,62.0,duplicado_mismo_id
MLA3546443234,https://departamento.mercadolibre.com.ar/MLA-3546443234-departamento-en-almagro-_JM#polycard_client=search-desktop&price_drop=not_apply&be_origin=backend&overlay_label=not_apply&search_layout=grid&position=14&type=item&tracking_id=c30618a8-07c1-4287-bff1-593fda7f3a1a&sid=search,almagro,70000,44.0,duplicado_mismo_id
MLA3546440190,https://departamento.mercadolibre.com.ar/MLA-3546440190-monoambiente-almagro-con-balcon-venta-_JM#polycard_client=search-desktop&price_drop=not_apply&be_origin=backend&overlay_label=not_apply&search_layout=grid&position=15&type=item&tracking_id=c30618a8-07c1-4287-bff1-593fda7f3a1a&sid=search,almagro,86000,35.0,duplicado_mismo_id
MLA3545350964,https://departamento.mercadolibre.com.ar/MLA-3545350964-venta-departamento-2-ambientes-balcon-aterrazado-en-almagro-_JM#polycard_client=search-desktop&price_drop=not_apply&be_origin=backend&overlay_label=not_apply&search_layout=grid&position=16&type=item&tracking_id=c30618a8-07c1-4287-bff1-593fda7f3a1a&sid=search,almagro,154900,49.0,duplicado_mismo_id
MLA3546333688,https://departamento.mercadolibre.com.ar/MLA-3546333688-venta-departamento-4-ambientes-escritorio-en-almagro-con-balcon-terraza-_JM#polycard_client=search-desktop&price_drop=not_apply&be_origin=backend&overlay_label=not_apply&search_layout=grid&position=17&type=item&tracking_id=c30618a8-07c1-4287-bff1-593fda7f3a1a&sid=search,almagro,156000,80.0,duplicado_mismo_id
MLA1866187809,https://departamento.mercadolibre.com.ar/MLA-1866187809-departamento-en-venta-en-almagro-capital-federal-buenos-aires-_JM#polycard_client=search-desktop&price_drop=not_apply&be_origin=backend&overlay_label=not_apply&search_layout=grid&position=18&type=item&tracking_id=c30618a8-07c1-4287-bff1-593fda7f3a1a&sid=search,almagro,92900,39.0,duplicado_mismo_id
MLA3539602974,https://departamento.mercadolibre.com.ar/MLA-3539602974-departamento-en-venta-en-abasto-capital-federal-buenos-aires-_JM#polycard_client=search-desktop&price_drop=not_apply&be_origin=backend&overlay_label=not_apply&search_layout=grid&position=19&type=item&tracking_id=c30618a8-07c1-4287-bff1-593fda7f3a1a&sid=search,almagro,84900,56.0,duplicado_mismo_id
MLA1864202405,https://departamento.mercadolibre.com.ar/MLA-1864202405-departamento-en-venta-en-almagro-sur-almagro-capital-federal-_JM#polycard_client=search-desktop&price_drop=not_apply&be_origin=backend&overlay_label=not_apply&search_layout=grid&position=20&type=item&tracking_id=c30618a8-07c1-4287-bff1-593fda7f3a1a&sid=search,almagro,119900,73.0,duplicado_mismo_id
MLA3534610780,https://departamento.mercadolibre.com.ar/MLA-3534610780-venta-duplex-4-ambientes-en-almagro-dos-balcones-y-cochera-_JM#polycard_client=search-desktop&price_drop=not_apply&be_origin=backend&overlay_label=not_apply&search_layout=grid&position=21&type=item&tracking_id=c30618a8-07c1-4287-bff1-593fda7f3a1a&sid=search,almagro,195000,146.0,duplicado_mismo_id
MLA1862468059,https://departamento.mercadolibre.com.ar/MLA-1862468059-departamento-en-venta-monoambiente-con-balcon-a-estrenar-en-almagro-capital-federal-buenos-aires-_JM#polycard_client=search-desktop&price_drop=not_apply&be_origin=backend&overlay_label=not_apply&search_layout=grid&position=22&type=item&tracking_id=c30618a8-07c1-4287-bff1-593fda7f3a1a&sid=search,almagro,132700,43.0,duplicado_mismo_id
MLA3637394408,https://departamento.mercadolibre.com.ar/MLA-3637394408-departamento-duplex-3-ambientes-vestidor-planta-baja-recoleta-_JM#polycard_client=search-desktop&price_drop=not_apply&be_origin=backend&overlay_label=not_apply&search_layout=grid&position=12&type=item&tracking_id=81c16483-aa55-4a4d-a363-6bb8af7b75e6&sid=search,barrio-norte,189000,95.0,duplicado_mismo_id
MLA3722608186,https://departamento.mercadolibre.com.ar/MLA-3722608186-venta-monoambiente-balvanera-refaccionado-y-luminoso-_JM#polycard_client=search-desktop&price_drop=not_apply&be_origin=backend&overlay_label=not_apply&search_layout=grid&position=2&type=item&tracking_id=d1b2ce57-ad5c-4240-a40d-e042cec3cdc9&sid=search,balvanera,47100,26.0,duplicado_mismo_id
MLA1946148113,https://departamento.mercadolibre.com.ar/MLA-1946148113-venta-3-amb-2-banos-duplex-frente-balvanera-_JM#polycard_client=search-desktop&price_drop=not_apply&be_origin=backend&overlay_label=not_apply&search_layout=grid&position=3&type=item&tracking_id=d1b2ce57-ad5c-4240-a40d-e042cec3cdc9&sid=search,balvanera,120000,67.0,duplicado_mismo_id
MLA1946146641,https://departamento.mercadolibre.com.ar/MLA-1946146641-venta-balvanera-3-ambientes-con-balcon-corrido-_JM#polycard_client=search-desktop&price_drop=not_apply&be_origin=backend&overlay_label=not_apply&search_layout=grid&position=4&type=item&tracking_id=d1b2ce57-ad5c-4240-a40d-e042cec3cdc9&sid=search,balvanera,107000,64.0,duplicado_mismo_id
MLA1972578233,https://departamento.mercadolibre.com.ar/MLA-1972578233-venta-departamento-3-ambientes-monserrat-_JM#polycard_client=search-desktop&price_drop=not_apply&be_origin=backend&overlay_label=not_apply&search_layout=grid&position=1&type=item&tracking_id=75f87929-e25e-4838-8f42-2e35c5e5ed4f&sid=search,monserrat,120000,76.0,duplicado_mismo_id
MLA2856297286,https://departamento.mercadolibre.com.ar/MLA-2856297286-monoambiente-luminoso-impecable-apto-prof-y-temporario-_JM#polycard_client=search-desktop&price_drop=not_apply&be_origin=backend&overlay_label=not_apply&search_layout=grid&position=2&type=item&tracking_id=b2f79af3-05ae-4fec-93df-d7329b364d3d&sid=search,san-nicolas,39500,23.0,duplicado_mismo_id
MLA1946152409,https://departamento.mercadolibre.com.ar/MLA-1946152409-2-amb-av-corrientes-ideal-vivienda-u-oficina-_JM#polycard_client=search-desktop&price_drop=not_apply&be_origin=backend&overlay_label=not_apply&search_layout=grid&position=27&type=item&tracking_id=2086a22b-e4bb-43b0-b3ca-c3afa6fb751b&sid=search,san-nicolas,69000,43.0,duplicado_mismo_id
MLA3642918814,https://departamento.mercadolibre.com.ar/MLA-3642918814-departamento-apto-credito-monoambiente-_JM#polycard_client=search-desktop&price_drop=not_apply&be_origin=backend&overlay_label=not_apply&search_layout=grid&position=37&type=item&tracking_id=1360fdfa-94f0-40ed-b5f9-48412c0d96c3&sid=search,san-nicolas,56000,23.0,duplicado_mismo_id
MLA1882484793,https://departamento.mercadolibre.com.ar/MLA-1882484793-venta-depto-3-ambientes-en-san-nicolas-super-luminoso-_JM#polycard_client=search-desktop&price_drop=not_apply&be_origin=backend&overlay_label=not_apply&search_layout=grid&position=40&type=item&tracking_id=1360fdfa-94f0-40ed-b5f9-48412c0d96c3&sid=search,san-nicolas,109000,75.0,duplicado_mismo_id
MLA3315916442,https://departamento.mercadolibre.com.ar/MLA-3315916442-venta-departamento-1-ambiente-en-retiro-_JM#polycard_client=search-desktop&price_drop=not_apply&be_origin=backend&overlay_label=not_apply&search_layout=grid&position=1&type=item&tracking_id=f50deb3d-79e7-4508-a560-d766ddb29b46&sid=search,retiro,100000,32.0,duplicado_mismo_id
MLA3328887602,https://departamento.mercadolibre.com.ar/MLA-3328887602-venta-departamento-3-ambientes-general-mitre-permuta-apto-credito-patios-_JM#polycard_client=search-desktop&price_drop=not_apply&be_origin=backend&overlay_label=not_apply&search_layout=grid&position=20&type=item&tracking_id=20d05038-58b0-4d81-a1c3-5e12a99a3699&sid=search,villa-general-mitre,120000,95.0,duplicado_mismo_id
MLA3640975908,https://departamento.mercadolibre.com.ar/MLA-3640975908-departamento-en-villa-gral-mitre-3-ambientes-y-dependencia-_JM#polycard_client=search-desktop&price_drop=not_apply&be_origin=backend&overlay_label=not_apply&search_layout=grid&position=46&type=item&tracking_id=20d05038-58b0-4d81-a1c3-5e12a99a3699&sid=search,villa-general-mitre,139000,89.0,duplicado_mismo_id
MLA1671409051,https://departamento.mercadolibre.com.ar/MLA-1671409051-departamento-en-venta-en-barrio-general-savio-_JM#polycard_client=search-desktop&price_drop=not_apply&be_origin=backend&overlay_label=not_apply&search_layout=grid&position=19&type=item&tracking_id=c4fe4bf6-74c3-4ed0-8019-c80796f53aa6&sid=search,villa-general-mitre,45000,49.0,duplicado_mismo_id
MLA3640975942,https://departamento.mercadolibre.com.ar/MLA-3640975942-departamento-en-villa-gral-mitre-3-ambientes-y-dependencia-_JM#polycard_client=search-desktop&price_drop=not_apply&be_origin=backend&overlay_label=not_apply&search_layout=grid&position=35&type=item&tracking_id=8b300fd5-9e6d-4b29-a346-35f02ae4b5f1&sid=search,paternal,139000,89.0,duplicado_mismo_id
MLA1688070937,https://departamento.mercadolibre.com.ar/MLA-1688070937-trelles-al-2100-villa-general-mitrepaternal-venta-departamento-monoambiente-dividido-c-balcon-_JM#polycard_client=search-desktop&float_highlight=not_apply&price_drop=not_apply&be_origin=backend&overlay_label=not_apply&search_layout=grid&position=48&type=item&tracking_id=8b300fd5-9e6d-4b29-a346-35f02ae4b5f1&sid=search,paternal,80000,30.0,duplicado_mismo_id
MLA1790703283,https://departamento.mercadolibre.com.ar/MLA-1790703283-venta-departamento-3-ambientes-general-mitre-permuta-apto-credito-patios-_JM#polycard_client=search-desktop&price_drop=not_apply&be_origin=backend&overlay_label=not_apply&search_layout=grid&position=9&type=item&tracking_id=fb71db8c-fc1c-47c1-885a-6eafc9e6cc3d&sid=search,paternal,120000,95.0,duplicado_mismo_id
MLA3706493272,https://departamento.mercadolibre.com.ar/MLA-3706493272-venta-departamento-2-ambientes-contrafrente-luminoso-villa-santa-rita-_JM#polycard_client=search-desktop&price_drop=not_apply&be_origin=backend&overlay_label=not_apply&search_layout=grid&position=2&type=item&tracking_id=b7fbd090-4a24-4407-950a-f101b4562ace&sid=search,villa-santa-rita,70000,32.0,duplicado_mismo_id
MLA3713809630,https://departamento.mercadolibre.com.ar/MLA-3713809630-venta-departamento-de-2-ambientes-villa-santa-rita-caba-_JM#polycard_client=search-desktop&price_drop=not_apply&be_origin=backend&overlay_label=not_apply&search_layout=grid&position=11&type=item&tracking_id=b7fbd090-4a24-4407-950a-f101b4562ace&sid=search,villa-santa-rita,73000,42.0,duplicado_mismo_id
MLA3640795296,https://departamento.mercadolibre.com.ar/MLA-3640795296-departamento-en-villa-gral-mitre-3-ambientes-y-dependencia-_JM#polycard_client=search-desktop&price_drop=not_apply&be_origin=backend&overlay_label=not_apply&search_layout=grid&position=43&type=item&tracking_id=b7fbd090-4a24-4407-950a-f101b4562ace&sid=search,villa-santa-rita,139000,89.0,duplicado_mismo_id
MLA3390004454,https://departamento.mercadolibre.com.ar/MLA-3390004454-nazca-al-1800-villa-santa-rita-villa-del-parque-piso-6-al-frente-34-ambientes-23-dormitorios-2-banos-77-m2-totales-balcon-corrido-lavadero-muy-buen-estado-_JM#polycard_client=search-desktop&price_drop=not_apply&be_origin=backend&overlay_label=not_apply&search_layout=grid&position=4&type=item&tracking_id=bcf5187a-5a5a-4641-ab1d-c33bf35ac31f&sid=search,villa-santa-rita,135000,68.0,duplicado_mismo_id
MLA1946158183,https://departamento.mercadolibre.com.ar/MLA-1946158183-departamento-de-3-ambientes-en-villa-santa-rita-_JM#polycard_client=search-desktop&price_drop=not_apply&be_origin=backend&overlay_label=not_apply&search_layout=grid&position=22&type=item&tracking_id=bcf5187a-5a5a-4641-ab1d-c33bf35ac31f&sid=search,villa-santa-rita,74000,54.0,duplicado_mismo_id
MLA1945492997,https://departamento.mercadolibre.com.ar/MLA-1945492997-venta-departamento-3-ambientes-villa-santa-rita-_JM#polycard_client=search-desktop&price_drop=not_apply&be_origin=backend&overlay_label=not_apply&search_layout=grid&position=24&type=item&tracking_id=bcf5187a-5a5a-4641-ab1d-c33bf35ac31f&sid=search,villa-santa-rita,135000,52.0,duplicado_mismo_id
MLA3454949128,https://departamento.mercadolibre.com.ar/MLA-3454949128-venta-departamento-3-ambientes-villa-santa-rita-_JM#polycard_client=search-desktop&price_drop=not_apply&be_origin=backend&overlay_label=not_apply&search_layout=grid&position=39&type=item&tracking_id=bcf5187a-5a5a-4641-ab1d-c33bf35ac31f&sid=search,villa-santa-rita,77000,49.0,duplicado_mismo_id
MLA3173719466,https://departamento.mercadolibre.com.ar/MLA-3173719466-venta-departamento-3-ambientes-patio-bajas-expensas-permuta-floresta-villa-santa-rita-_JM#polycard_client=search-desktop&float_highlight=not_apply&price_drop=not_apply&be_origin=backend&overlay_label=not_apply&search_layout=grid&position=48&type=item&tracking_id=bcf5187a-5a5a-4641-ab1d-c33bf35ac31f&sid=search,villa-santa-rita,89000,56.0,duplicado_mismo_id
MLA2881351346,https://departamento.mercadolibre.com.ar/MLA-2881351346-venta-depto-2-amb-con-2-balcones-y-cochera-villa-santa-rita-_JM#polycard_client=search-desktop&price_drop=not_apply&be_origin=backend&overlay_label=not_apply&search_layout=grid&position=3&type=item&tracking_id=66eb8cb0-642c-4c83-8a33-988072121750&sid=search,villa-santa-rita,114000,44.0,duplicado_mismo_id
MLA1987524185,https://departamento.mercadolibre.com.ar/MLA-1987524185-tres-ambientes-amplio-y-luminoso-en-villa-santa-rita-_JM#polycard_client=search-desktop&float_highlight=recent_publication&price_drop=not_apply&be_origin=backend&overlay_label=not_apply&search_layout=grid&position=12&type=item&tracking_id=66eb8cb0-642c-4c83-8a33-988072121750&sid=search,villa-santa-rita,120000,51.0,duplicado_mismo_id
MLA1675278327,https://departamento.mercadolibre.com.ar/MLA-1675278327-venta-departamento-monoambiente-a-estrenar-balcon-villa-santa-rita-floresta-_JM#polycard_client=search-desktop&price_drop=not_apply&be_origin=backend&overlay_label=not_apply&search_layout=grid&position=18&type=item&tracking_id=66eb8cb0-642c-4c83-8a33-988072121750&sid=search,villa-santa-rita,94770,26.0,duplicado_mismo_id
MLA1663250475,https://departamento.mercadolibre.com.ar/MLA-1663250475-venta-departamento-2-ambientes-a-estrenar-balcon-floresta-villa-santa-rita-_JM#polycard_client=search-desktop&price_drop=not_apply&be_origin=backend&overlay_label=not_apply&search_layout=grid&position=19&type=item&tracking_id=66eb8cb0-642c-4c83-8a33-988072121750&sid=search,villa-santa-rita,149000,42.0,duplicado_mismo_id
MLA1662991427,https://departamento.mercadolibre.com.ar/MLA-1662991427-venta-departamento-2-ambientes-a-estrenar-balcon-floresta-villa-santa-rita-_JM#polycard_client=search-desktop&price_drop=not_apply&be_origin=backend&overlay_label=not_apply&search_layout=grid&position=20&type=item&tracking_id=66eb8cb0-642c-4c83-8a33-988072121750&sid=search,villa-santa-rita,145000,42.0,duplicado_mismo_id
MLA1663237489,https://departamento.mercadolibre.com.ar/MLA-1663237489-venta-departamento-3-ambientes-a-estrenar-balcon-villa-santa-rita-floresta-_JM#polycard_client=search-desktop&price_drop=not_apply&be_origin=backend&overlay_label=not_apply&search_layout=grid&position=21&type=item&tracking_id=66eb8cb0-642c-4c83-8a33-988072121750&sid=search,villa-santa-rita,269700,78.0,duplicado_mismo_id
MLA1663185651,https://departamento.mercadolibre.com.ar/MLA-1663185651-venta-departamento-3-ambientes-a-estrenar-balcon-terraza-floresta-villa-santa-rita-_JM#polycard_client=search-desktop&price_drop=not_apply&be_origin=backend&overlay_label=not_apply&search_layout=grid&position=22&type=item&tracking_id=66eb8cb0-642c-4c83-8a33-988072121750&sid=search,villa-santa-rita,280000,63.0,duplicado_mismo_id
MLA1661865565,https://departamento.mercadolibre.com.ar/MLA-1661865565-venta-3-ambientes-floresta-villa-santa-rita-departamento-balcon-a-estrenar-_JM#polycard_client=search-desktop&price_drop=not_apply&be_origin=backend&overlay_label=not_apply&search_layout=grid&position=23&type=item&tracking_id=66eb8cb0-642c-4c83-8a33-988072121750&sid=search,villa-santa-rita,269700,78.0,duplicado_mismo_id
MLA1818672781,https://departamento.mercadolibre.com.ar/MLA-1818672781-departamento-en-venta-barrio-general-savio-edificio-35-_JM#polycard_client=search-desktop&price_drop=not_apply&be_origin=backend&overlay_label=not_apply&search_layout=grid&position=37&type=item&tracking_id=47094cc6-4309-4916-bcff-e4bbdf38d8c7&sid=search,villa-lugano,45000,50.0,duplicado_mismo_id
MLA2837371172,https://departamento.mercadolibre.com.ar/MLA-2837371172-departamento-en-venta-en-barrio-general-savio-_JM#polycard_client=search-desktop&price_drop=not_apply&be_origin=backend&overlay_label=not_apply&search_layout=grid&position=26&type=item&tracking_id=a311306c-e703-4943-8281-ca5871531cfc&sid=search,villa-lugano,45000,49.0,duplicado_mismo_id
MLA2832174946,https://departamento.mercadolibre.com.ar/MLA-2832174946-departamento-en-venta-en-general-savio-_JM#polycard_client=search-desktop&price_drop=not_apply&be_origin=backend&overlay_label=not_apply&search_layout=grid&position=12&type=item&tracking_id=d32168ef-ddef-4383-a0f2-da3abf43f709&sid=search,villa-lugano,58000,56.0,duplicado_mismo_id
MLA3650073484,https://departamento.mercadolibre.com.ar/MLA-3650073484-departamento-5amb-en-villa-lugano-av-general-paz-14600-_JM#polycard_client=search-desktop&price_drop=not_apply&be_origin=backend&overlay_label=not_apply&search_layout=grid&position=37&type=item&tracking_id=7f46f9e1-632a-449d-8385-387827c2f3a7&sid=search,villa-lugano,58000,135.0,duplicado_mismo_id
MLA1982315645,https://departamento.mercadolibre.com.ar/MLA-1982315645-venta-monoambiente-balcon-palermo-hollywood-pozo-_JM#polycard_client=search-desktop&float_highlight=recent_publication&price_drop=not_apply&be_origin=backend&overlay_label=not_apply&search_layout=grid&position=35&type=item&tracking_id=21eb8fd7-cb08-4808-ab5d-4cf8938a6a60&sid=search,palermo,123200,35.0,en_pozo
MLA1961480147,https://departamento.mercadolibre.com.ar/MLA-1961480147-venta-monoambiente-palermo-ideal-inversion-_JM#polycard_client=search-desktop&float_highlight=recent_publication&price_drop=not_apply&be_origin=backend&overlay_label=not_apply&search_layout=grid&position=43&type=item&tracking_id=36c3174f-cb59-403d-8e86-005fc34dbe31&sid=search,palermo,133000,35.0,en_pozo
MLA3745642248,https://departamento.mercadolibre.com.ar/MLA-3745642248-venta-departamento-monoambiente-pozo-palermo-aibnb-_JM#polycard_client=search-desktop&float_highlight=recent_publication&price_drop=not_apply&be_origin=backend&overlay_label=not_apply&search_layout=grid&position=5&type=item&tracking_id=bba466d8-6090-4da5-b06c-e7dc5c007b21&sid=search,palermo,140600,35.0,en_pozo
MLA1948885929,https://departamento.mercadolibre.com.ar/MLA-1948885929-venta-departamento-3-ambientes-con-balcon-y-amenities-en-palermo-_JM#polycard_client=search-desktop&price_drop=not_apply&be_origin=backend&overlay_label=not_apply&search_layout=grid&position=37&type=item&tracking_id=bba466d8-6090-4da5-b06c-e7dc5c007b21&sid=search,palermo,291200,74.0,en_pozo
MLA1945613169,https://departamento.mercadolibre.com.ar/MLA-1945613169-venta-2amb-c-balcon-terraza-pozo-palermo-_JM#polycard_client=search-desktop&price_drop=not_apply&be_origin=backend&overlay_label=not_apply&search_layout=grid&position=12&type=item&tracking_id=72539fad-7abb-42a8-a4a6-f2576ccf0a57&sid=search,palermo,222063,52.0,en_pozo
MLA3720476470,https://departamento.mercadolibre.com.ar/MLA-3720476470-venta-departamento-2-ambientes-palermo-air-bnb-_JM#polycard_client=search-desktop&price_drop=not_apply&be_origin=backend&overlay_label=not_apply&search_layout=grid&position=3&type=item&tracking_id=e3e9160b-4371-4911-99fb-21b3fa6340c0&sid=search,palermo,254000,49.0,en_pozo
MLA3720476460,https://departamento.mercadolibre.com.ar/MLA-3720476460-venta-duplex-2-ambientes-palermo-holywood-balcon-_JM#polycard_client=search-desktop&price_drop=not_apply&be_origin=backend&overlay_label=not_apply&search_layout=grid&position=5&type=item&tracking_id=e3e9160b-4371-4911-99fb-21b3fa6340c0&sid=search,palermo,364000,76.0,en_pozo
MLA3720476544,https://departamento.mercadolibre.com.ar/MLA-3720476544-vta-depto-1-amb-cbalcon-exc-ubi-palermo-_JM#polycard_client=search-desktop&price_drop=not_apply&be_origin=backend&overlay_label=not_apply&search_layout=grid&position=6&type=item&tracking_id=e3e9160b-4371-4911-99fb-21b3fa6340c0&sid=search,palermo,130000,35.0,en_pozo
MLA3720475928,https://departamento.mercadolibre.com.ar/MLA-3720475928-venta-palermo-depto-3-amb-al-frente-balcon-ameniti-_JM#polycard_client=search-desktop&price_drop=not_apply&be_origin=backend&overlay_label=not_apply&search_layout=grid&position=12&type=item&tracking_id=e3e9160b-4371-4911-99fb-21b3fa6340c0&sid=search,palermo,399500,85.0,en_pozo
MLA3720475930,https://departamento.mercadolibre.com.ar/MLA-3720475930-venta-palermo-depto-2-amb-68-m-t-balcon-amenities-_JM#polycard_client=search-desktop&price_drop=not_apply&be_origin=backend&overlay_label=not_apply&search_layout=grid&position=13&type=item&tracking_id=e3e9160b-4371-4911-99fb-21b3fa6340c0&sid=search,palermo,255000,57.0,en_pozo
MLA3720667624,https://departamento.mercadolibre.com.ar/MLA-3720667624-venta-duplex-2-ambientes-en-palermo-hollywood-_JM#polycard_client=search-desktop&price_drop=not_apply&be_origin=backend&overlay_label=not_apply&search_layout=grid&position=35&type=item&tracking_id=e3e9160b-4371-4911-99fb-21b3fa6340c0&sid=search,palermo,319800,59.0,en_pozo
MLA1945485071,https://departamento.mercadolibre.com.ar/MLA-1945485071-departamento-palermo-financiacion-_JM#polycard_client=search-desktop&price_drop=not_apply&be_origin=backend&overlay_label=not_apply&search_layout=grid&position=3&type=item&tracking_id=490924cf-d256-42e8-b93e-d7ce76b75886&sid=search,palermo,189000,65.0,en_pozo
MLA1905541705,https://departamento.mercadolibre.com.ar/MLA-1905541705-palermo-departamento-3-dormitorios-a-cuadras-shopping-_JM#polycard_client=search-desktop&price_drop=not_apply&be_origin=backend&overlay_label=not_apply&search_layout=grid&position=38&type=item&tracking_id=a2c3666e-daf3-4358-8f7a-79a31bddb653&sid=search,palermo,360000,117.0,en_pozo
MLA1714322663,https://departamento.mercadolibre.com.ar/MLA-1714322663-compro-t-estado-deuda-y-ocupacion-_JM#polycard_client=search-desktop&price_drop=not_apply&be_origin=backend&overlay_label=not_apply&search_layout=grid&position=32&type=item&tracking_id=fdf22f3d-bf58-4d2c-95c2-51a886f586e8&sid=search,palermo,10000000,100.0,precio_en_pesos
MLA3751205988,https://departamento.mercadolibre.com.ar/MLA-3751205988-duplex-en-venta-de-4-ambientes-en-torre-panedile-_JM#polycard_client=search-desktop&float_highlight=recent_publication&price_drop=not_apply&be_origin=backend&overlay_label=not_apply&search_layout=grid&position=30&type=item&tracking_id=6ebda8f2-31d5-479d-af89-85d43b199d41&sid=search,palermo,1100000,,superficie_invalida
MLA3727541038,https://departamento.mercadolibre.com.ar/MLA-3727541038-venta-departamento-1-ambiente-368m2-_JM#polycard_client=search-desktop&price_drop=not_apply&be_origin=backend&overlay_label=not_apply&search_layout=grid&position=31&type=item&tracking_id=18f98813-b29f-42f3-9fbd-47258e8d6119&sid=search,palermo,103040,31.0,en_pozo
MLA3727541080,https://departamento.mercadolibre.com.ar/MLA-3727541080-dos-ambientes-a-la-venta-de-8040-m2-_JM#polycard_client=search-desktop&price_drop=not_apply&be_origin=backend&overlay_label=not_apply&search_layout=grid&position=34&type=item&tracking_id=18f98813-b29f-42f3-9fbd-47258e8d6119&sid=search,palermo,139320,49.0,en_pozo
MLA3727541032,https://departamento.mercadolibre.com.ar/MLA-3727541032-venta-departamento-2-ambientes-de-pozo-en-palermo-_JM#polycard_client=search-desktop&price_drop=not_apply&be_origin=backend&overlay_label=not_apply&search_layout=grid&position=35&type=item&tracking_id=18f98813-b29f-42f3-9fbd-47258e8d6119&sid=search,palermo,166000,54.0,en_pozo
MLA3727515302,https://departamento.mercadolibre.com.ar/MLA-3727515302-venta-departamento-monoambiente-263-m2-_JM#polycard_client=search-desktop&price_drop=not_apply&be_origin=backend&overlay_label=not_apply&search_layout=grid&position=36&type=item&tracking_id=18f98813-b29f-42f3-9fbd-47258e8d6119&sid=search,palermo,74955,22.0,en_pozo
MLA1945495311,https://departamento.mercadolibre.com.ar/MLA-1945495311-edificio-en-construccion-2-ambientes-con-balcon-_JM#polycard_client=search-desktop&price_drop=not_apply&be_origin=backend&overlay_label=not_apply&search_layout=grid&position=31&type=item&tracking_id=4e7f1eb4-8f05-4ff8-be43-34acc33bf293&sid=search,palermo,139000,36.0,en_pozo
MLA3720473388,https://departamento.mercadolibre.com.ar/MLA-3720473388-venta-monoambiente-en-construccion-palermo-_JM#polycard_client=search-desktop&price_drop=not_apply&be_origin=backend&overlay_label=not_apply&search_layout=grid&position=11&type=item&tracking_id=4ad412cf-4451-4fa4-949f-33a4afdd9f09&sid=search,palermo,90000,35.0,en_pozo
MLA1945057759,https://departamento.mercadolibre.com.ar/MLA-1945057759-venta-de-departamento-monoambiente-en-palermo-_JM#polycard_client=search-desktop&price_drop=not_apply&be_origin=backend&overlay_label=not_apply&search_layout=grid&position=43&type=item&tracking_id=4ad412cf-4451-4fa4-949f-33a4afdd9f09&sid=search,palermo,123800,40.0,en_pozo
MLA1945060899,https://departamento.mercadolibre.com.ar/MLA-1945060899-venta-departamento-monoambiente-palermo-a-estrena-_JM#polycard_client=search-desktop&price_drop=not_apply&be_origin=backend&overlay_label=not_apply&search_layout=grid&position=10&type=item&tracking_id=efb02fe8-b3f5-49b0-9770-44cfe9cf1fbe&sid=search,palermo,116000,24.0,en_pozo
MLA1945057761,https://departamento.mercadolibre.com.ar/MLA-1945057761-venta-de-departamento-monoambiente-en-palermo-_JM#polycard_client=search-desktop&price_drop=not_apply&be_origin=backend&overlay_label=not_apply&search_layout=grid&position=19&type=item&tracking_id=efb02fe8-b3f5-49b0-9770-44cfe9cf1fbe&sid=search,palermo,120519,40.0,en_pozo
MLA3720473386,https://departamento.mercadolibre.com.ar/MLA-3720473386-venta-3-ambientes-en-construccion-palermo-_JM#polycard_client=search-desktop&price_drop=not_apply&be_origin=backend&overlay_label=not_apply&search_layout=grid&position=30&type=item&tracking_id=efb02fe8-b3f5-49b0-9770-44cfe9cf1fbe&sid=search,palermo,255000,74.0,en_pozo
MLA1945069921,https://departamento.mercadolibre.com.ar/MLA-1945069921-venta-de-departamento-tres-ambientes-en-palermo-_JM#polycard_client=search-desktop&price_drop=not_apply&be_origin=backend&overlay_label=not_apply&search_layout=grid&position=31&type=item&tracking_id=efb02fe8-b3f5-49b0-9770-44cfe9cf1fbe&sid=search,palermo,285829,86.0,en_pozo
MLA1908096479,https://departamento.mercadolibre.com.ar/MLA-1908096479-venta-de-departamento-2-ambientes-en-palermo-_JM#polycard_client=search-desktop&price_drop=not_apply&be_origin=backend&overlay_label=not_apply&search_layout=grid&position=21&type=item&tracking_id=c98b21f5-0999-44bf-8841-777e7b382a79&sid=search,palermo,133560,47.0,en_pozo
MLA3082829502,https://departamento.mercadolibre.com.ar/MLA-3082829502-compro-contado-todo-estado-deuda-y-ocupacion-_JM#polycard_client=search-desktop&price_drop=not_apply&be_origin=backend&overlay_label=not_apply&search_layout=grid&position=38&type=item&tracking_id=7b4c323d-49b4-4acf-ac14-58b0fc29d8ec&sid=search,belgrano,10000000,100.0,precio_en_pesos
MLA3727532030,https://departamento.mercadolibre.com.ar/MLA-3727532030-venta-belgrano-monoambiente-pozo-2027-cuotas-_JM#polycard_client=search-desktop&price_drop=not_apply&be_origin=backend&overlay_label=not_apply&search_layout=grid&position=18&type=item&tracking_id=fd797eca-7dcb-42a8-833d-5ab172aa0ac9&sid=search,belgrano,80000,30.0,en_pozo
MLA1945058719,https://departamento.mercadolibre.com.ar/MLA-1945058719-venta-2-ambientes-belgrano-en-construccion-_JM#polycard_client=search-desktop&price_drop=not_apply&be_origin=backend&overlay_label=not_apply&search_layout=grid&position=35&type=item&tracking_id=d473ed70-0688-4f88-8e3a-94a311e0266f&sid=search,belgrano,170000,48.0,en_pozo
MLA3720204564,https://departamento.mercadolibre.com.ar/MLA-3720204564-venta-depto-belgrano-2-ambientes-entrega-1127-_JM#polycard_client=search-desktop&price_drop=not_apply&be_origin=backend&overlay_label=not_apply&search_layout=grid&position=20&type=item&tracking_id=32447186-0bbd-4ce5-97c4-774fc180f88e&sid=search,belgrano,353185,59.0,en_pozo
MLA1945070635,https://departamento.mercadolibre.com.ar/MLA-1945070635-venta-2-amb-cbalcon-en-belgrano-entrega-122027-_JM#polycard_client=search-desktop&price_drop=not_apply&be_origin=backend&overlay_label=not_apply&search_layout=grid&position=39&type=item&tracking_id=32447186-0bbd-4ce5-97c4-774fc180f88e&sid=search,belgrano,159500,47.0,en_pozo
MLA3719601938,https://departamento.mercadolibre.com.ar/MLA-3719601938-venta-2-amb-cbalcon-en-belgrano-financiacion-_JM#polycard_client=search-desktop&price_drop=not_apply&be_origin=backend&overlay_label=not_apply&search_layout=grid&position=46&type=item&tracking_id=32447186-0bbd-4ce5-97c4-774fc180f88e&sid=search,belgrano,164900,50.0,en_pozo
MLA3720089036,https://departamento.mercadolibre.com.ar/MLA-3720089036-venta-depto-belgrano-3-ambientes-entrega-1127-_JM#polycard_client=search-desktop&price_drop=not_apply&be_origin=backend&overlay_label=not_apply&search_layout=grid&position=16&type=item&tracking_id=4ff786cf-1f12-4ce7-bc49-3d4cedf5d556&sid=search,belgrano,397092,68.0,en_pozo
MLA3720089034,https://departamento.mercadolibre.com.ar/MLA-3720089034-venta-depto-belgrano-4-ambientes-entrega-1127-_JM#polycard_client=search-desktop&price_drop=not_apply&be_origin=backend&overlay_label=not_apply&search_layout=grid&position=18&type=item&tracking_id=4ff786cf-1f12-4ce7-bc49-3d4cedf5d556&sid=search,belgrano,1186801,115.0,en_pozo
MLA3720204562,https://departamento.mercadolibre.com.ar/MLA-3720204562-venta-depto-belgrano-monoambiente-entrega-1127-_JM#polycard_client=search-desktop&price_drop=not_apply&be_origin=backend&overlay_label=not_apply&search_layout=grid&position=25&type=item&tracking_id=4ff786cf-1f12-4ce7-bc49-3d4cedf5d556&sid=search,belgrano,202707,42.0,en_pozo
MLA1948791861,https://departamento.mercadolibre.com.ar/MLA-1948791861-rosario-al-200-1er-piso-fte-6-amb-cochera-patio-y-balcon-sup-tot-24604-m2-por-m2-1830-_JM#polycard_client=search-desktop&price_drop=not_apply&be_origin=backend&overlay_label=not_apply&search_layout=grid&position=39&type=item&tracking_id=a9f3b0f6-0d8d-4ad9-8c22-a6982c7dc58e&sid=search,caballito,450000,,superficie_invalida
MLA3720545042,https://departamento.mercadolibre.com.ar/MLA-3720545042-dpto-2-amb-caballito-premium-inversion-pozo-financ-_JM#polycard_client=search-desktop&price_drop=not_apply&be_origin=backend&overlay_label=not_apply&search_layout=grid&position=20&type=item&tracking_id=bcd76640-c16f-4fc8-b794-a79b80d96a1b&sid=search,caballito,157695,45.0,en_pozo
MLA3720092350,https://departamento.mercadolibre.com.ar/MLA-3720092350-venta-2-amb-con-balcon-en-pozo-caballito-_JM#polycard_client=search-desktop&price_drop=not_apply&be_origin=backend&overlay_label=not_apply&search_layout=grid&position=33&type=item&tracking_id=bcd76640-c16f-4fc8-b794-a79b80d96a1b&sid=search,caballito,193050,59.0,en_pozo
MLA1902038407,https://departamento.mercadolibre.com.ar/MLA-1902038407-departamento-caballito-caba-descripcion-_JM#polycard_client=search-desktop&price_drop=not_apply&be_origin=backend&overlay_label=not_apply&search_layout=grid&position=21&type=item&tracking_id=2d26aa8f-bc65-4dcb-bb9f-d1132355b6e3&sid=search,caballito,105000,,superficie_invalida
MLA3739761294,https://departamento.mercadolibre.com.ar/MLA-3739761294-monoambiente-en-pozo-al-frente-con-balcon-financiacion-caballito-sur-_JM#polycard_client=search-desktop&price_drop=not_apply&be_origin=backend&overlay_label=not_apply&search_layout=grid&position=34&type=item&tracking_id=a6ce78e3-3083-493a-ac65-50e5ed63d73f&sid=search,caballito,87600,35.0,en_pozo
MLA1945612091,https://departamento.mercadolibre.com.ar/MLA-1945612091-departamento-venta-3-ambientes-94-metros-caballito-_JM#polycard_client=search-desktop&price_drop=not_apply&be_origin=backend&overlay_label=not_apply&search_layout=grid&position=17&type=item&tracking_id=d53bc24d-1ba4-4b1a-8849-505d85c2040b&sid=search,caballito,211500,72.0,en_pozo
MLA1945491695,https://departamento.mercadolibre.com.ar/MLA-1945491695-venta-pozo-2-amb-balcon-teraza-amenities-caballito-_JM#polycard_client=search-desktop&price_drop=not_apply&be_origin=backend&overlay_label=not_apply&search_layout=grid&position=13&type=item&tracking_id=4672e200-bf48-48f0-a676-cda363340daa&sid=search,caballito,108300,40.0,en_pozo
MLA1945491693,https://departamento.mercadolibre.com.ar/MLA-1945491693-venta-en-pozo-4-amb-balcon-amenities-en-caballito-_JM#polycard_client=search-desktop&price_drop=not_apply&be_origin=backend&overlay_label=not_apply&search_layout=grid&position=38&type=item&tracking_id=4672e200-bf48-48f0-a676-cda363340daa&sid=search,caballito,274000,101.0,en_pozo
MLA1945604469,https://departamento.mercadolibre.com.ar/MLA-1945604469-venta-en-pozo-3-amb-balcon-amenities-caballito-_JM#polycard_client=search-desktop&price_drop=not_apply&be_origin=backend&overlay_label=not_apply&search_layout=grid&position=46&type=item&tracking_id=4672e200-bf48-48f0-a676-cda363340daa&sid=search,caballito,156000,61.0,en_pozo
MLA1945604261,https://departamento.mercadolibre.com.ar/MLA-1945604261-venta-pozo-monoambiente-balcon-amenities-caballito-_JM#polycard_client=search-desktop&price_drop=not_apply&be_origin=backend&overlay_label=not_apply&search_layout=grid&position=37&type=item&tracking_id=1ab57a1f-c6c2-4c4d-bcb8-6b4e38798443&sid=search,caballito,84900,33.0,en_pozo
MLA3721455434,https://departamento.mercadolibre.com.ar/MLA-3721455434-departamento-venta-2-ambientes-40-metros-caballito-_JM#polycard_client=search-desktop&price_drop=not_apply&be_origin=backend&overlay_label=not_apply&search_layout=grid&position=43&type=item&tracking_id=661a31dc-2bc2-484b-9335-63533b03673f&sid=search,caballito,90000,37.0,en_pozo
MLA3342741564,https://departamento.mercadolibre.com.ar/MLA-3342741564-impresionante-penthouse-en-torre-de-categoria-con-balcon-terraza-amenities-y-seg-24-h-_JM#polycard_client=search-desktop&price_drop=not_apply&be_origin=backend&overlay_label=not_apply&search_layout=grid&position=30&type=item&tracking_id=8eba97a3-ef44-4244-8756-a5822ca6cc4d&sid=search,recoleta,111111111,163.0,precio_imposible
MLA3226828978,https://departamento.mercadolibre.com.ar/MLA-3226828978-semipiso-recoleta-_JM#polycard_client=search-desktop&price_drop=not_apply&be_origin=backend&overlay_label=not_apply&search_layout=grid&position=48&type=item&tracking_id=8eba97a3-ef44-4244-8756-a5822ca6cc4d&sid=search,recoleta,650000,,superficie_invalida
MLA3720467734,https://departamento.mercadolibre.com.ar/MLA-3720467734-venta-departamento-en-pozo-2-amb-barrio-norte-_JM#polycard_client=search-desktop&price_drop=not_apply&be_origin=backend&overlay_label=not_apply&search_layout=grid&position=13&type=item&tracking_id=fd392006-ea09-43dc-a718-d081398197ee&sid=search,recoleta,152010,37.0,en_pozo
MLA3727515332,https://departamento.mercadolibre.com.ar/MLA-3727515332-monoambiente-en-pozo-en-venta-paraguay-1288-recoleta-_JM#polycard_client=search-desktop&price_drop=not_apply&be_origin=backend&overlay_label=not_apply&search_layout=grid&position=27&type=item&tracking_id=5b7ebba6-717c-45fb-a641-8603c78482f7&sid=search,recoleta,129336,40.0,en_pozo
MLA3727515348,https://departamento.mercadolibre.com.ar/MLA-3727515348-monoambiente-en-pozo-en-venta-paraguay-1288-recoleta-_JM#polycard_client=search-desktop&price_drop=not_apply&be_origin=backend&overlay_label=not_apply&search_layout=grid&position=30&type=item&tracking_id=5b7ebba6-717c-45fb-a641-8603c78482f7&sid=search,recoleta,73970,34.0,en_pozo
MLA3727541104,https://departamento.mercadolibre.com.ar/MLA-3727541104-monoambiente-en-pozo-en-venta-paraguay-1288-recoleta-_JM#polycard_client=search-desktop&price_drop=not_apply&be_origin=backend&overlay_label=not_apply&search_layout=grid&position=31&type=item&tracking_id=5b7ebba6-717c-45fb-a641-8603c78482f7&sid=search,recoleta,103931,32.0,en_pozo
MLA3727541106,https://departamento.mercadolibre.com.ar/MLA-3727541106-monoambiente-en-pozo-en-venta-paraguay-1288-recoleta-_JM#polycard_client=search-desktop&price_drop=not_apply&be_origin=backend&overlay_label=not_apply&search_layout=grid&position=32&type=item&tracking_id=5b7ebba6-717c-45fb-a641-8603c78482f7&sid=search,recoleta,77942,22.0,en_pozo
MLA1945710341,https://departamento.mercadolibre.com.ar/MLA-1945710341-venta-departamentos-en-pozo-en-recoleta-_JM#polycard_client=search-desktop&price_drop=not_apply&be_origin=backend&overlay_label=not_apply&search_layout=grid&position=12&type=item&tracking_id=c61b6aed-74d9-4e40-962d-1337d0b9cd0a&sid=search,recoleta,76300,23.0,en_pozo
MLA3790549466,https://departamento.mercadolibre.com.ar/MLA-3790549466-venta-depto-2-amb-con-balcon-pozo-financiacion-_JM#polycard_client=search-desktop&float_highlight=recent_publication&price_drop=not_apply&be_origin=backend&overlay_label=not_apply&search_layout=grid&position=4&type=item&tracking_id=313d0936-97f0-49ef-b13e-e1a0e15b7be5&sid=search,villa-urquiza,153000,63.0,en_pozo
MLA1946229375,https://departamento.mercadolibre.com.ar/MLA-1946229375-departamento-venta-villa-urquiza-4-ambientes-_JM#polycard_client=search-desktop&price_drop=not_apply&be_origin=backend&overlay_label=not_apply&search_layout=grid&position=4&type=item&tracking_id=e2dd1914-92fb-488b-a256-ddea31e4bd2a&sid=search,villa-urquiza,370000,83.0,en_pozo
MLA1946329299,https://departamento.mercadolibre.com.ar/MLA-1946329299-departamento-en-venta-villa-urquiza-4-ambientes-_JM#polycard_client=search-desktop&price_drop=not_apply&be_origin=backend&overlay_label=not_apply&search_layout=grid&position=5&type=item&tracking_id=e2dd1914-92fb-488b-a256-ddea31e4bd2a&sid=search,villa-urquiza,267498,101.0,en_pozo
MLA1946329199,https://departamento.mercadolibre.com.ar/MLA-1946329199-departamento-en-venta-villa-urquiza-4-ambientes-_JM#polycard_client=search-desktop&price_drop=not_apply&be_origin=backend&overlay_label=not_apply&search_layout=grid&position=6&type=item&tracking_id=e2dd1914-92fb-488b-a256-ddea31e4bd2a&sid=search,villa-urquiza,261947,101.0,en_pozo
MLA1946329301,https://departamento.mercadolibre.com.ar/MLA-1946329301-departamento-en-venta-villa-urquiza-3-ambientes-_JM#polycard_client=search-desktop&price_drop=not_apply&be_origin=backend&overlay_label=not_apply&search_layout=grid&position=8&type=item&tracking_id=e2dd1914-92fb-488b-a256-ddea31e4bd2a&sid=search,villa-urquiza,206268,77.0,en_pozo
MLA1946329303,https://departamento.mercadolibre.com.ar/MLA-1946329303-departamento-en-venta-villa-urquiza-3-ambientes-_JM#polycard_client=search-desktop&price_drop=not_apply&be_origin=backend&overlay_label=not_apply&search_layout=grid&position=9&type=item&tracking_id=e2dd1914-92fb-488b-a256-ddea31e4bd2a&sid=search,villa-urquiza,309946,77.0,en_pozo
MLA1946229215,https://departamento.mercadolibre.com.ar/MLA-1946229215-departamento-en-venta-en-villa-urquiza-2-ambientes-_JM#polycard_client=search-desktop&price_drop=not_apply&be_origin=backend&overlay_label=not_apply&search_layout=grid&position=10&type=item&tracking_id=e2dd1914-92fb-488b-a256-ddea31e4bd2a&sid=search,villa-urquiza,129273,42.0,en_pozo
MLA1946229315,https://departamento.mercadolibre.com.ar/MLA-1946229315-departamento-en-venta-en-villa-urquiza-2-ambientes-_JM#polycard_client=search-desktop&price_drop=not_apply&be_origin=backend&overlay_label=not_apply&search_layout=grid&position=12&type=item&tracking_id=e2dd1914-92fb-488b-a256-ddea31e4bd2a&sid=search,villa-urquiza,123117,42.0,en_pozo
MLA1946229377,https://departamento.mercadolibre.com.ar/MLA-1946229377-departamento-en-venta-en-villa-urquiza-2-ambientes-_JM#polycard_client=search-desktop&price_drop=not_apply&be_origin=backend&overlay_label=not_apply&search_layout=grid&position=29&type=item&tracking_id=e2dd1914-92fb-488b-a256-ddea31e4bd2a&sid=search,villa-urquiza,117255,42.0,en_pozo
MLA1945706163,https://departamento.mercadolibre.com.ar/MLA-1945706163-departamento-3-ambientes-en-villa-urquiza-_JM#polycard_client=search-desktop&price_drop=not_apply&be_origin=backend&overlay_label=not_apply&search_layout=grid&position=30&type=item&tracking_id=e2dd1914-92fb-488b-a256-ddea31e4bd2a&sid=search,villa-urquiza,206000,77.0,en_pozo
MLA1945706165,https://departamento.mercadolibre.com.ar/MLA-1945706165-venta-departamento-4-ambientes-villa-urquiza-_JM#polycard_client=search-desktop&price_drop=not_apply&be_origin=backend&overlay_label=not_apply&search_layout=grid&position=33&type=item&tracking_id=e2dd1914-92fb-488b-a256-ddea31e4bd2a&sid=search,villa-urquiza,267000,101.0,en_pozo
MLA1945493557,https://departamento.mercadolibre.com.ar/MLA-1945493557-venta-departamento-2-ambientes-villa-urquiza-_JM#polycard_client=search-desktop&price_drop=not_apply&be_origin=backend&overlay_label=not_apply&search_layout=grid&position=5&type=item&tracking_id=647d2c50-177a-49b0-8901-0564a229a158&sid=search,villa-urquiza,117000,42.0,en_pozo
MLA3762180782,https://departamento.mercadolibre.com.ar/MLA-3762180782-departamento-monoambiente-en-villa-urquiza-en-construccion-_JM#polycard_client=search-desktop&float_highlight=recent_publication&price_drop=not_apply&be_origin=backend&overlay_label=not_apply&search_layout=grid&position=8&type=item&tracking_id=56e90b6d-2785-4bf5-b4a9-4ee5c10f244e&sid=search,villa-urquiza,87000,34.0,en_pozo
MLA1948767611,https://departamento.mercadolibre.com.ar/MLA-1948767611-venta-monoambiente-en-pozo-con-balcon-financiacion-cng-5588-_JM#polycard_client=search-desktop&price_drop=not_apply&be_origin=backend&overlay_label=not_apply&search_layout=grid&position=36&type=item&tracking_id=56e90b6d-2785-4bf5-b4a9-4ee5c10f244e&sid=search,villa-urquiza,84700,35.0,en_pozo
MLA3726717388,https://departamento.mercadolibre.com.ar/MLA-3726717388-venta-departamento-2-ambientes-en-pozo-con-balcon-financiado-cng-5588-_JM#polycard_client=search-desktop&price_drop=not_apply&be_origin=backend&overlay_label=not_apply&search_layout=grid&position=42&type=item&tracking_id=56e90b6d-2785-4bf5-b4a9-4ee5c10f244e&sid=search,villa-urquiza,144000,67.0,en_pozo
MLA1945076495,https://departamento.mercadolibre.com.ar/MLA-1945076495-departamento-3-ambientes-en-pozo-villa-urquiza-_JM#polycard_client=search-desktop&price_drop=not_apply&be_origin=backend&overlay_label=not_apply&search_layout=grid&position=17&type=item&tracking_id=c71c19ad-8c8c-42b4-ab7a-c63e006d7c62&sid=search,villa-urquiza,149000,60.0,en_pozo
MLA3761583542,https://departamento.mercadolibre.com.ar/MLA-3761583542-venta-departamento-en-desarrollo-2-ambientes-en-villa-del-parque-con-balcon-y-piscina-_JM#polycard_client=search-desktop&float_highlight=recent_publication&price_drop=not_apply&be_origin=backend&overlay_label=not_apply&search_layout=grid&position=36&type=item&tracking_id=41ae0929-635a-492a-8a1f-d6f6e0d7947e&sid=search,villa-urquiza,94000,40.0,en_pozo
MLA3679050918,https://departamento.mercadolibre.com.ar/MLA-3679050918-departamento-villa-urquiza-2-ambientes-ccocina-independiente-_JM#polycard_client=search-desktop&price_drop=not_apply&be_origin=backend&overlay_label=not_apply&search_layout=grid&position=27&type=item&tracking_id=2ba4a610-89e4-4d52-95e4-5d1fab13b283&sid=search,villa-urquiza,138000,0.0,superficie_invalida
MLA1945713349,https://departamento.mercadolibre.com.ar/MLA-1945713349-venta-depto-3-amb-c-cochera-a-estrenar-almagro-_JM#polycard_client=search-desktop&price_drop=not_apply&be_origin=backend&overlay_label=not_apply&search_layout=grid&position=26&type=item&tracking_id=7c9d857e-d9cb-4a0a-9548-12d1f2a5fb59&sid=search,almagro,237000,76.0,en_pozo
MLA1945486505,https://departamento.mercadolibre.com.ar/MLA-1945486505-venta-abasto-departamento-3-ambientes-amenities-_JM#polycard_client=search-desktop&price_drop=not_apply&be_origin=backend&overlay_label=not_apply&search_layout=grid&position=19&type=item&tracking_id=83001435-cc3c-4cee-b7c4-59e92518b363&sid=search,almagro,210000,80.0,en_pozo
MLA3720475926,https://departamento.mercadolibre.com.ar/MLA-3720475926-venta-abasto-departamento-3-amb-amenities-cocher-_JM#polycard_client=search-desktop&price_drop=not_apply&be_origin=backend&overlay_label=not_apply&search_layout=grid&position=11&type=item&tracking_id=21b36d94-bf10-40b5-a6fe-17a3b2c148a8&sid=search,almagro,245000,80.0,en_pozo
MLA3786537430,https://departamento.mercadolibre.com.ar/MLA-3786537430-oportunidad-en-almagro-_JM#polycard_client=search-desktop&float_highlight=recent_publication&price_drop=not_apply&be_origin=backend&overlay_label=not_apply&search_layout=grid&position=30&type=item&tracking_id=4692b8c1-96a5-4005-8510-c217dfe6722f&sid=search,almagro,139125,45.0,en_pozo
MLA3786575724,https://departamento.mercadolibre.com.ar/MLA-3786575724-dos-ambientes-en-almagro-_JM#polycard_client=search-desktop&float_highlight=recent_publication&price_drop=not_apply&be_origin=backend&overlay_label=not_apply&search_layout=grid&position=32&type=item&tracking_id=4692b8c1-96a5-4005-8510-c217dfe6722f&sid=search,almagro,145470,42.0,en_pozo
MLA1949489405,https://departamento.mercadolibre.com.ar/MLA-1949489405-departamento-en-pozo-evo-esencial-almagro-caballito-_JM#polycard_client=search-desktop&price_drop=not_apply&be_origin=backend&overlay_label=not_apply&search_layout=grid&position=12&type=item&tracking_id=c6b34551-eb7c-4169-80fe-e928817e3ac9&sid=search,almagro,137772,44.0,en_pozo
MLA1949489397,https://departamento.mercadolibre.com.ar/MLA-1949489397-departamento-en-pozo-evo-esencial-almagro-caballito-_JM#polycard_client=search-desktop&price_drop=not_apply&be_origin=backend&overlay_label=not_apply&search_layout=grid&position=13&type=item&tracking_id=c6b34551-eb7c-4169-80fe-e928817e3ac9&sid=search,almagro,85146,31.0,en_pozo
MLA1949489395,https://departamento.mercadolibre.com.ar/MLA-1949489395-departamento-en-pozo-evo-esencial-almagro-caballito-_JM#polycard_client=search-desktop&price_drop=not_apply&be_origin=backend&overlay_label=not_apply&search_layout=grid&position=14&type=item&tracking_id=c6b34551-eb7c-4169-80fe-e928817e3ac9&sid=search,almagro,62640,31.0,en_pozo
MLA1948884035,https://departamento.mercadolibre.com.ar/MLA-1948884035-venta-monoambiente-a-estrenar-almagro-balcon-_JM#polycard_client=search-desktop&price_drop=not_apply&be_origin=backend&overlay_label=not_apply&search_layout=grid&position=15&type=item&tracking_id=c6b34551-eb7c-4169-80fe-e928817e3ac9&sid=search,almagro,77000,32.0,en_pozo
MLA1948884027,https://departamento.mercadolibre.com.ar/MLA-1948884027-venta-monoambiente-en-almagro-_JM#polycard_client=search-desktop&price_drop=not_apply&be_origin=backend&overlay_label=not_apply&search_layout=grid&position=16&type=item&tracking_id=c6b34551-eb7c-4169-80fe-e928817e3ac9&sid=search,almagro,76000,32.0,en_pozo
MLA3727303896,https://departamento.mercadolibre.com.ar/MLA-3727303896-departamento-3-ambientes-al-frente-a-estrenar-_JM#polycard_client=search-desktop&price_drop=not_apply&be_origin=backend&overlay_label=not_apply&search_layout=grid&position=24&type=item&tracking_id=c6b34551-eb7c-4169-80fe-e928817e3ac9&sid=search,almagro,183000,78.0,en_pozo
MLA3727541086,https://departamento.mercadolibre.com.ar/MLA-3727541086-venta-2-ambientes-con-terraza-propia-de-11890-m2-_JM#polycard_client=search-desktop&price_drop=not_apply&be_origin=backend&overlay_label=not_apply&search_layout=grid&position=25&type=item&tracking_id=c6b34551-eb7c-4169-80fe-e928817e3ac9&sid=search,almagro,225420,54.0,en_pozo
MLA3727515322,https://departamento.mercadolibre.com.ar/MLA-3727515322-venta-de-monoambiente-2950-m2-_JM#polycard_client=search-desktop&price_drop=not_apply&be_origin=backend&overlay_label=not_apply&search_layout=grid&position=26&type=item&tracking_id=c6b34551-eb7c-4169-80fe-e928817e3ac9&sid=search,almagro,70800,29.0,en_pozo
MLA3726896208,https://departamento.mercadolibre.com.ar/MLA-3726896208-venta-departamento-3-ambientes-en-almagro-_JM#polycard_client=search-desktop&price_drop=not_apply&be_origin=backend&overlay_label=not_apply&search_layout=grid&position=4&type=item&tracking_id=94e6e5f3-103d-4fe2-8f08-8f4bc0adf0cd&sid=search,almagro,189000,78.0,en_pozo
MLA3173834124,https://departamento.mercadolibre.com.ar/MLA-3173834124-departamento-almagro-_JM#polycard_client=search-desktop&float_highlight=not_apply&price_drop=not_apply&be_origin=backend&overlay_label=not_apply&search_layout=grid&position=48&type=item&tracking_id=7126f21c-739b-472e-93c0-06991e59087c&sid=search,almagro,155000,0.0,superficie_invalida
MLA3623983136,https://departamento.mercadolibre.com.ar/MLA-3623983136-departamento-en-venta-de-2-amb-al-frente-c-balcon-a-1-mts-de-av-corrientes-_JM#polycard_client=search-desktop&price_drop=not_apply&be_origin=backend&overlay_label=not_apply&search_layout=grid&position=7&type=item&tracking_id=a0801218-0bf0-4666-9bd4-823612adb4d0&sid=search,almagro,89000,1.0,superficie_invalida
MLA1992216149,https://departamento.mercadolibre.com.ar/MLA-1992216149-departamento-en-almagro-_JM#polycard_client=search-desktop&float_highlight=recent_publication&price_drop=not_apply&be_origin=backend&overlay_label=not_apply&search_layout=grid&position=31&type=item&tracking_id=7158bdc8-0eaa-4f76-aca7-968c3f77922b&sid=search,almagro,121000,,superficie_invalida
MLA3777305284,https://departamento.mercadolibre.com.ar/MLA-3777305284-venta-departamento-2-ambientes-nunez-balcon-_JM#polycard_client=search-desktop&float_highlight=recent_publication&price_drop=not_apply&be_origin=backend&overlay_label=not_apply&search_layout=grid&position=44&type=item&tracking_id=4708f05b-1125-447a-ac73-bd863ed8930c&sid=search,nunez,136748,44.0,en_pozo
MLA3726020912,https://departamento.mercadolibre.com.ar/MLA-3726020912-departamento-en-venta-en-capital-nunez-tipo-monoambiente-en-pozo-_JM#polycard_client=search-desktop&price_drop=not_apply&be_origin=backend&overlay_label=not_apply&search_layout=grid&position=19&type=item&tracking_id=1e06f066-9462-45a7-8693-7d00f69f59d3&sid=search,nunez,91000,34.0,en_pozo
MLA3721808560,https://departamento.mercadolibre.com.ar/MLA-3721808560-venta-depto-2-ambientes-nunez-emprendimiento-pozo-_JM#polycard_client=search-desktop&price_drop=not_apply&be_origin=backend&overlay_label=not_apply&search_layout=grid&position=36&type=item&tracking_id=1e06f066-9462-45a7-8693-7d00f69f59d3&sid=search,nunez,210800,58.0,en_pozo
MLA3721591526,https://departamento.mercadolibre.com.ar/MLA-3721591526-venta-depto-2-ambientes-nunez-emprendimiento-pozo-_JM#polycard_client=search-desktop&price_drop=not_apply&be_origin=backend&overlay_label=not_apply&search_layout=grid&position=37&type=item&tracking_id=1e06f066-9462-45a7-8693-7d00f69f59d3&sid=search,nunez,112000,35.0,en_pozo
MLA3721808558,https://departamento.mercadolibre.com.ar/MLA-3721808558-venta-depto-2-ambientes-nunez-emprendimiento-pozo-_JM#polycard_client=search-desktop&price_drop=not_apply&be_origin=backend&overlay_label=not_apply&search_layout=grid&position=13&type=item&tracking_id=41ecfd41-0153-4be8-9f81-57e0ce25e91e&sid=search,nunez,150000,40.0,en_pozo
MLA3721808318,https://departamento.mercadolibre.com.ar/MLA-3721808318-venta-depto-2-ambientes-nunez-emprendimiento-pozo-_JM#polycard_client=search-desktop&price_drop=not_apply&be_origin=backend&overlay_label=not_apply&search_layout=grid&position=14&type=item&tracking_id=41ecfd41-0153-4be8-9f81-57e0ce25e91e&sid=search,nunez,148500,45.0,en_pozo
MLA3720477038,https://departamento.mercadolibre.com.ar/MLA-3720477038-venta-departamento-3-ambientes-nunez-balcon-_JM#polycard_client=search-desktop&price_drop=not_apply&be_origin=backend&overlay_label=not_apply&search_layout=grid&position=26&type=item&tracking_id=41ecfd41-0153-4be8-9f81-57e0ce25e91e&sid=search,nunez,159900,74.0,en_pozo
MLA3720477086,https://departamento.mercadolibre.com.ar/MLA-3720477086-venta-departamento-monoambiente-con-pileta-nunez-_JM#polycard_client=search-desktop&price_drop=not_apply&be_origin=backend&overlay_label=not_apply&search_layout=grid&position=39&type=item&tracking_id=41ecfd41-0153-4be8-9f81-57e0ce25e91e&sid=search,nunez,79100,28.0,en_pozo
MLA3720477090,https://departamento.mercadolibre.com.ar/MLA-3720477090-departamento-monoambiente-venta-nunez-con-pileta-_JM#polycard_client=search-desktop&price_drop=not_apply&be_origin=backend&overlay_label=not_apply&search_layout=grid&position=42&type=item&tracking_id=41ecfd41-0153-4be8-9f81-57e0ce25e91e&sid=search,nunez,76100,28.0,en_pozo
MLA1977872733,https://departamento.mercadolibre.com.ar/MLA-1977872733-venta-monoambiente-nunez-pozo-financ-entrega-2028-_JM#polycard_client=search-desktop&float_highlight=recent_publication&price_drop=not_apply&be_origin=backend&overlay_label=not_apply&search_layout=grid&position=42&type=item&tracking_id=a8fc847b-abde-4e5d-b1a4-ec132e61b7f6&sid=search,nunez,120250,29.0,en_pozo
MLA3770877750,https://departamento.mercadolibre.com.ar/MLA-3770877750-venta-2-ambientes-nunez-pozo-financ-entrega-2028-_JM#polycard_client=search-desktop&float_highlight=recent_publication&price_drop=not_apply&be_origin=backend&overlay_label=not_apply&search_layout=grid&position=43&type=item&tracking_id=a8fc847b-abde-4e5d-b1a4-ec132e61b7f6&sid=search,nunez,244000,50.0,en_pozo
MLA1972897593,https://departamento.mercadolibre.com.ar/MLA-1972897593-venta-departamento-de-pozo-nunez-entrega-2028-_JM#polycard_client=search-desktop&price_drop=not_apply&be_origin=backend&overlay_label=not_apply&search_layout=grid&position=48&type=item&tracking_id=a8fc847b-abde-4e5d-b1a4-ec132e61b7f6&sid=search,nunez,215000,64.0,en_pozo
MLA1952942281,https://departamento.mercadolibre.com.ar/MLA-1952942281-venta-3-ambientes-premium-pozo-nunez-amenities-_JM#polycard_client=search-desktop&price_drop=not_apply&be_origin=backend&overlay_label=not_apply&search_layout=grid&position=28&type=item&tracking_id=53877ae9-85e2-4d1e-8ceb-07011a17a748&sid=search,nunez,246500,72.0,en_pozo
MLA1952099087,https://departamento.mercadolibre.com.ar/MLA-1952099087-venta-departamento-monoambiente-de-pozo-en-nunez-_JM#polycard_client=search-desktop&price_drop=not_apply&be_origin=backend&overlay_label=not_apply&search_layout=grid&position=32&type=item&tracking_id=53877ae9-85e2-4d1e-8ceb-07011a17a748&sid=search,nunez,113443,33.0,en_pozo
MLA1945610311,https://departamento.mercadolibre.com.ar/MLA-1945610311-venta-dptos-en-pozo-a-partir-del-usd-65993-nunez-_JM#polycard_client=search-desktop&price_drop=not_apply&be_origin=backend&overlay_label=not_apply&search_layout=grid&position=15&type=item&tracking_id=6e811224-0fba-477d-a48a-52e4cca82580&sid=search,nunez,74993,33.0,en_pozo
MLA1945610309,https://departamento.mercadolibre.com.ar/MLA-1945610309-venta-de-2-amb-en-pozo-nunez-desde-usd-105816-_JM#polycard_client=search-desktop&price_drop=not_apply&be_origin=backend&overlay_label=not_apply&search_layout=grid&position=19&type=item&tracking_id=6e811224-0fba-477d-a48a-52e4cca82580&sid=search,nunez,105816,45.0,en_pozo
MLA1945490819,https://departamento.mercadolibre.com.ar/MLA-1945490819-venta-pozo-3-ambientes-premium-nunez-amenities-_JM#polycard_client=search-desktop&price_drop=not_apply&be_origin=backend&overlay_label=not_apply&search_layout=grid&position=25&type=item&tracking_id=6e811224-0fba-477d-a48a-52e4cca82580&sid=search,nunez,284947,74.0,en_pozo
MLA1945603407,https://departamento.mercadolibre.com.ar/MLA-1945603407-venta-pozo-2-ambientes-premium-nunez-amenities-_JM#polycard_client=search-desktop&price_drop=not_apply&be_origin=backend&overlay_label=not_apply&search_layout=grid&position=27&type=item&tracking_id=6e811224-0fba-477d-a48a-52e4cca82580&sid=search,nunez,144722,35.0,en_pozo
MLA1945603137,https://departamento.mercadolibre.com.ar/MLA-1945603137-venta-departamento-de-pozo-nunez-entrega-2028-_JM#polycard_client=search-desktop&price_drop=not_apply&be_origin=backend&overlay_label=not_apply&search_layout=grid&position=30&type=item&tracking_id=6e811224-0fba-477d-a48a-52e4cca82580&sid=search,nunez,92000,36.0,en_pozo
MLA3721453662,https://departamento.mercadolibre.com.ar/MLA-3721453662-venta-3-amb-en-pozo-con-terraza-propia-en-nunez-_JM#polycard_client=search-desktop&price_drop=not_apply&be_origin=backend&overlay_label=not_apply&search_layout=grid&position=47&type=item&tracking_id=6e811224-0fba-477d-a48a-52e4cca82580&sid=search,nunez,326488,58.0,en_pozo
MLA3720671426,https://departamento.mercadolibre.com.ar/MLA-3720671426-venta-2-ambientes-premium-pozo-nunez-amenities-_JM#polycard_client=search-desktop&price_drop=not_apply&be_origin=backend&overlay_label=not_apply&search_layout=grid&position=4&type=item&tracking_id=1739b10d-969c-4203-8981-4072ecd549b2&sid=search,nunez,160200,46.0,en_pozo
MLA3720095066,https://departamento.mercadolibre.com.ar/MLA-3720095066-venta-depto-2-ambientes-nunez-con-amenities-_JM#polycard_client=search-desktop&price_drop=not_apply&be_origin=backend&overlay_label=not_apply&search_layout=grid&position=35&type=item&tracking_id=1739b10d-969c-4203-8981-4072ecd549b2&sid=search,nunez,182333,52.0,en_pozo
MLA3720671418,https://departamento.mercadolibre.com.ar/MLA-3720671418-venta-pozo-4-ambientes-premium-nunez-amenities-_JM#polycard_client=search-desktop&price_drop=not_apply&be_origin=backend&overlay_label=not_apply&search_layout=grid&position=43&type=item&tracking_id=1739b10d-969c-4203-8981-4072ecd549b2&sid=search,nunez,421240,107.0,en_pozo
MLA3720095114,https://departamento.mercadolibre.com.ar/MLA-3720095114-venta-departamento-2-ambientes-de-pozo-en-nunez-_JM#polycard_client=search-desktop&price_drop=not_apply&be_origin=backend&overlay_label=not_apply&search_layout=grid&position=1&type=item&tracking_id=47644716-1f2c-4343-8bc5-377a75a44135&sid=search,nunez,170140,39.0,en_pozo
MLA3720095072,https://departamento.mercadolibre.com.ar/MLA-3720095072-venta-monoambiente-con-amenities-en-pozo-_JM#polycard_client=search-desktop&price_drop=not_apply&be_origin=backend&overlay_label=not_apply&search_layout=grid&position=4&type=item&tracking_id=47644716-1f2c-4343-8bc5-377a75a44135&sid=search,nunez,139360,39.0,en_pozo
MLA1945490817,https://departamento.mercadolibre.com.ar/MLA-1945490817-venta-pozo-monoambiente-premium-nunez-amenities-_JM#polycard_client=search-desktop&price_drop=not_apply&be_origin=backend&overlay_label=not_apply&search_layout=grid&position=23&type=item&tracking_id=47644716-1f2c-4343-8bc5-377a75a44135&sid=search,nunez,122815,31.0,en_pozo
MLA1967429789,https://departamento.mercadolibre.com.ar/MLA-1967429789-monoambiente-bien-ubicado-inmobiliaras-abstenerse-_JM#polycard_client=search-desktop&float_highlight=recent_publication&price_drop=not_apply&be_origin=backend&overlay_label=not_apply&search_layout=grid&position=26&type=item&tracking_id=858a7ec3-15db-4e2f-a48c-494e9f41a359&sid=search,nunez,1111111111,30.0,precio_en_pesos
MLA1945704599,https://departamento.mercadolibre.com.ar/MLA-1945704599-venta-dpto-3-amb-flores-oportunidad-inversion-_JM#polycard_client=search-desktop&price_drop=not_apply&be_origin=backend&overlay_label=not_apply&search_layout=grid&position=44&type=item&tracking_id=b53e0bff-8bb3-44b0-9976-d7e062b8cf5a&sid=search,flores,162000,70.0,en_pozo
MLA1945604279,https://departamento.mercadolibre.com.ar/MLA-1945604279-venta-dpto-3-amb-flores-oportunidad-inversion-_JM#polycard_client=search-desktop&price_drop=not_apply&be_origin=backend&overlay_label=not_apply&search_layout=grid&position=45&type=item&tracking_id=b53e0bff-8bb3-44b0-9976-d7e062b8cf5a&sid=search,flores,118000,58.0,en_pozo
MLA1945604297,https://departamento.mercadolibre.com.ar/MLA-1945604297-venta-dpto-3-amb-flores-oportunidad-inversion-_JM#polycard_client=search-desktop&price_drop=not_apply&be_origin=backend&overlay_label=not_apply&search_layout=grid&position=6&type=item&tracking_id=ea2cfa94-1b03-43f4-99fe-aa14669a419f&sid=search,flores,128000,60.0,en_pozo
MLA1945704597,https://departamento.mercadolibre.com.ar/MLA-1945704597-venta-dpto-3-amb-flores-oportunidad-inversion-_JM#polycard_client=search-desktop&price_drop=not_apply&be_origin=backend&overlay_label=not_apply&search_layout=grid&position=46&type=item&tracking_id=ea2cfa94-1b03-43f4-99fe-aa14669a419f&sid=search,flores,138000,58.0,en_pozo
MLA3720672298,https://departamento.mercadolibre.com.ar/MLA-3720672298-venta-dpto-3-amb-flores-oportunidad-inversion-_JM#polycard_client=search-desktop&price_drop=not_apply&be_origin=backend&overlay_label=not_apply&search_layout=grid&position=4&type=item&tracking_id=8d5a3667-2813-4bf3-be59-0921f46c5090&sid=search,flores,130000,57.0,en_pozo
MLA3720672294,https://departamento.mercadolibre.com.ar/MLA-3720672294-venta-dpto-mono-div-flores-oportunidad-inversion-_JM#polycard_client=search-desktop&price_drop=not_apply&be_origin=backend&overlay_label=not_apply&search_layout=grid&position=26&type=item&tracking_id=8d5a3667-2813-4bf3-be59-0921f46c5090&sid=search,flores,80000,36.0,en_pozo
MLA3265785116,https://departamento.mercadolibre.com.ar/MLA-3265785116-departamento-en-flores-_JM#polycard_client=search-desktop&price_drop=not_apply&be_origin=backend&overlay_label=not_apply&search_layout=grid&position=38&type=item&tracking_id=4590dae1-7df8-4ab4-9d19-3af5539a39f3&sid=search,flores,175000,,superficie_invalida
MLA2712848404,https://departamento.mercadolibre.com.ar/MLA-2712848404-departamento-en-flores-_JM#polycard_client=search-desktop&float_highlight=not_apply&price_drop=not_apply&be_origin=backend&overlay_label=not_apply&search_layout=grid&position=2&type=item&tracking_id=4f49140c-1997-4323-9e18-7fe7529328de&sid=search,flores,240000,,superficie_invalida
MLA3732435734,https://departamento.mercadolibre.com.ar/MLA-3732435734-venta-dpto-2-amb-villa-crespo-_JM#polycard_client=search-desktop&price_drop=not_apply&be_origin=backend&overlay_label=not_apply&search_layout=grid&position=5&type=item&tracking_id=e31d580b-1524-42aa-a3d9-1e7f30a4d229&sid=search,villa-crespo,205000,59.0,en_pozo
MLA3790539244,https://departamento.mercadolibre.com.ar/MLA-3790539244-departamento-venta-pozo-2-ambientes-villa-crespo-_JM#polycard_client=search-desktop&float_highlight=recent_publication&price_drop=not_apply&be_origin=backend&overlay_label=not_apply&search_layout=grid&position=15&type=item&tracking_id=de287787-8aa0-4604-9632-c2374979a321&sid=search,villa-crespo,190000,55.0,en_pozo
MLA1981710161,https://departamento.mercadolibre.com.ar/MLA-1981710161-venta-departamento-2-ambientes-pozo-villa-crespo-_JM#polycard_client=search-desktop&float_highlight=recent_publication&price_drop=not_apply&be_origin=backend&overlay_label=not_apply&search_layout=grid&position=27&type=item&tracking_id=de287787-8aa0-4604-9632-c2374979a321&sid=search,villa-crespo,205000,59.0,en_pozo
MLA1945487027,https://departamento.mercadolibre.com.ar/MLA-1945487027-venta-2-ambientes-en-construccion-villa-crespo-_JM#polycard_client=search-desktop&price_drop=not_apply&be_origin=backend&overlay_label=not_apply&search_layout=grid&position=21&type=item&tracking_id=483eb39b-45e7-4b2b-8723-e769fec84799&sid=search,villa-crespo,190000,55.0,en_pozo
MLA3720667652,https://departamento.mercadolibre.com.ar/MLA-3720667652-venta-departamento-2-ambientes-villa-crespo-balcon-_JM#polycard_client=search-desktop&price_drop=not_apply&be_origin=backend&overlay_label=not_apply&search_layout=grid&position=36&type=item&tracking_id=483eb39b-45e7-4b2b-8723-e769fec84799&sid=search,villa-crespo,205000,59.0,en_pozo
MLA3720667650,https://departamento.mercadolibre.com.ar/MLA-3720667650-venta-departamento-2-12-en-pozo-villa-crespo-_JM#polycard_client=search-desktop&price_drop=not_apply&be_origin=backend&overlay_label=not_apply&search_layout=grid&position=37&type=item&tracking_id=483eb39b-45e7-4b2b-8723-e769fec84799&sid=search,villa-crespo,190500,55.0,en_pozo
MLA1945071685,https://departamento.mercadolibre.com.ar/MLA-1945071685-monoambiente-con-balcon-en-pozo-villa-crespo-depto-_JM#polycard_client=search-desktop&price_drop=not_apply&be_origin=backend&overlay_label=not_apply&search_layout=grid&position=42&type=item&tracking_id=483eb39b-45e7-4b2b-8723-e769fec84799&sid=search,villa-crespo,86980,28.0,en_pozo
MLA3720093614,https://departamento.mercadolibre.com.ar/MLA-3720093614-departamento-en-pozo-2-ambientes-villa-crespo-caba-_JM#polycard_client=search-desktop&price_drop=not_apply&be_origin=backend&overlay_label=not_apply&search_layout=grid&position=2&type=item&tracking_id=ffc72e24-b364-410e-b32f-e2be334be413&sid=search,villa-crespo,126368,38.0,en_pozo
MLA3720476518,https://departamento.mercadolibre.com.ar/MLA-3720476518-venta-departamento-3-ambientes-villa-crespo-balcon-_JM#polycard_client=search-desktop&price_drop=not_apply&be_origin=backend&overlay_label=not_apply&search_layout=grid&position=20&type=item&tracking_id=ffc72e24-b364-410e-b32f-e2be334be413&sid=search,villa-crespo,189990,55.0,en_pozo
MLA3657564306,https://departamento.mercadolibre.com.ar/MLA-3657564306-departamento-en-villa-crespo-_JM#polycard_client=search-desktop&price_drop=not_apply&be_origin=backend&overlay_label=not_apply&search_layout=grid&position=13&type=item&tracking_id=577b7f35-7a54-402b-bd65-61c3066c8f0f&sid=search,villa-crespo,165000,,superficie_invalida
MLA3390766830,https://departamento.mercadolibre.com.ar/MLA-3390766830-gurruchaga-180-unidades-de-3-2-y-1-amb-y-amenities-_JM#polycard_client=search-desktop&float_highlight=not_apply&price_drop=not_apply&be_origin=backend&overlay_label=not_apply&search_layout=grid&position=28&type=item&tracking_id=abb08bbd-8748-4f40-bc48-af65e2547c74&sid=search,villa-crespo,122491,42.0,en_pozo
MLA3390585900,https://departamento.mercadolibre.com.ar/MLA-3390585900-gurruchaga-180-unidades-de-3-2-y-1-amb-y-amenities-_JM#polycard_client=search-desktop&float_highlight=not_apply&price_drop=not_apply&be_origin=backend&overlay_label=not_apply&search_layout=grid&position=29&type=item&tracking_id=abb08bbd-8748-4f40-bc48-af65e2547c74&sid=search,villa-crespo,84398,31.0,en_pozo
MLA3390766840,https://departamento.mercadolibre.com.ar/MLA-3390766840-gurruchaga-180-unidades-de-3-2-y-1-amb-y-amenities-_JM#polycard_client=search-desktop&float_highlight=not_apply&price_drop=not_apply&be_origin=backend&overlay_label=not_apply&search_layout=grid&position=30&type=item&tracking_id=abb08bbd-8748-4f40-bc48-af65e2547c74&sid=search,villa-crespo,120090,42.0,en_pozo
MLA3390753894,https://departamento.mercadolibre.com.ar/MLA-3390753894-gurruchaga-180-unidades-de-3-2-y-1-amb-y-amenities-_JM#polycard_client=search-desktop&float_highlight=not_apply&price_drop=not_apply&be_origin=backend&overlay_label=not_apply&search_layout=grid&position=31&type=item&tracking_id=abb08bbd-8748-4f40-bc48-af65e2547c74&sid=search,villa-crespo,86086,31.0,en_pozo
MLA3777307824,https://departamento.mercadolibre.com.ar/MLA-3777307824-monoambiente-a-estrenar-en-villa-crespo-_JM#polycard_client=search-desktop&float_highlight=recent_publication&price_drop=not_apply&be_origin=backend&overlay_label=not_apply&search_layout=grid&position=4&type=item&tracking_id=c9f43b4f-3490-4712-b324-22cdacebe71e&sid=search,villa-crespo,65000,33.0,en_pozo
MLA1945495629,https://departamento.mercadolibre.com.ar/MLA-1945495629-monoambiente-a-estrenar-en-villa-crespo-_JM#polycard_client=search-desktop&price_drop=not_apply&be_origin=backend&overlay_label=not_apply&search_layout=grid&position=24&type=item&tracking_id=0bc629fc-7234-413f-a6e6-661e9a52c5ed&sid=search,villa-crespo,75000,33.0,en_pozo
MLA1945494953,https://departamento.mercadolibre.com.ar/MLA-1945494953-1-ambiente-al-frente-con-balcon-37-m2-_JM#polycard_client=search-desktop&price_drop=not_apply&be_origin=backend&overlay_label=not_apply&search_layout=grid&position=31&type=item&tracking_id=0bc629fc-7234-413f-a6e6-661e9a52c5ed&sid=search,villa-crespo,90000,32.0,en_pozo
MLA1945069257,https://departamento.mercadolibre.com.ar/MLA-1945069257-venta-2-amb-la-isla-recoleta-full-amenities-pozo-_JM#polycard_client=search-desktop&price_drop=not_apply&be_origin=backend&overlay_label=not_apply&search_layout=grid&position=14&type=item&tracking_id=232f3cf8-2d2c-454b-a45e-fc56435c8462&sid=search,barrio-norte,200000,42.0,en_pozo
MLA3079047804,https://departamento.mercadolibre.com.ar/MLA-3079047804-ph-4-ambientes-barrio-norte-_JM#polycard_client=search-desktop&price_drop=not_apply&be_origin=backend&overlay_label=not_apply&search_layout=grid&position=7&type=item&tracking_id=b68a5886-31ff-4953-9f52-2bc66c14bdbc&sid=search,barrio-norte,130000,,superficie_invalida
MLA1903957613,https://departamento.mercadolibre.com.ar/MLA-1903957613-departamento-en-barrio-norte-_JM#polycard_client=search-desktop&price_drop=not_apply&be_origin=backend&overlay_label=not_apply&search_layout=grid&position=46&type=item&tracking_id=eebd7351-a4a4-4597-af8c-73a7f7224f79&sid=search,barrio-norte,120000,,superficie_invalida
MLA3410822954,https://departamento.mercadolibre.com.ar/MLA-3410822954-monoambiente-apto-credito-y-apto-profesional-en-recoleta-usd-59500-_JM#polycard_client=search-desktop&price_drop=not_apply&be_origin=backend&overlay_label=not_apply&search_layout=grid&position=26&type=item&tracking_id=8c61bbba-a1bf-4afb-a51c-c79c047fd3a4&sid=search,barrio-norte,59500,,superficie_invalida
MLA3757014342,https://departamento.mercadolibre.com.ar/MLA-3757014342-venta-departamento-de-pozo-3-ambientes-osten-tower-ii-puerto-madero-_JM#polycard_client=search-desktop&float_highlight=recent_publication&price_drop=not_apply&be_origin=backend&overlay_label=not_apply&search_layout=grid&position=2&type=item&tracking_id=39a964bc-3a84-4e8b-b227-a359f1526466&sid=search,puerto-madero,982104,129.0,en_pozo
MLA1961879253,https://departamento.mercadolibre.com.ar/MLA-1961879253-venta-departamento-de-pozo-4-ambientes-con-dependendecia-osten-tower-ii-puerto-madero-_JM#polycard_client=search-desktop&float_highlight=recent_publication&price_drop=not_apply&be_origin=backend&overlay_label=not_apply&search_layout=grid&position=3&type=item&tracking_id=39a964bc-3a84-4e8b-b227-a359f1526466&sid=search,puerto-madero,2023875,217.0,en_pozo
MLA1961904961,https://departamento.mercadolibre.com.ar/MLA-1961904961-venta-departamento-de-pozo-4-ambientes-osten-tower-ii-puerto-madero-_JM#polycard_client=search-desktop&float_highlight=recent_publication&price_drop=not_apply&be_origin=backend&overlay_label=not_apply&search_layout=grid&position=4&type=item&tracking_id=39a964bc-3a84-4e8b-b227-a359f1526466&sid=search,puerto-madero,1313088,162.0,en_pozo
MLA3748274630,https://departamento.mercadolibre.com.ar/MLA-3748274630-venta-departamento-de-pozo-3-ambientes-osten-tower-ii-puerto-madero-_JM#polycard_client=search-desktop&float_highlight=recent_publication&price_drop=not_apply&be_origin=backend&overlay_label=not_apply&search_layout=grid&position=5&type=item&tracking_id=39a964bc-3a84-4e8b-b227-a359f1526466&sid=search,puerto-madero,883803,129.0,en_pozo
MLA3748236004,https://departamento.mercadolibre.com.ar/MLA-3748236004-venta-departamento-2-ambientes-puerto-madero-de-pozo-_JM#polycard_client=search-desktop&float_highlight=recent_publication&price_drop=not_apply&be_origin=backend&overlay_label=not_apply&search_layout=grid&position=6&type=item&tracking_id=39a964bc-3a84-4e8b-b227-a359f1526466&sid=search,puerto-madero,453174,78.0,en_pozo
MLA3748274658,https://departamento.mercadolibre.com.ar/MLA-3748274658-venta-departamento-2-ambientes-puero-madero-de-pozo-_JM#polycard_client=search-desktop&float_highlight=recent_publication&price_drop=not_apply&be_origin=backend&overlay_label=not_apply&search_layout=grid&position=7&type=item&tracking_id=39a964bc-3a84-4e8b-b227-a359f1526466&sid=search,puerto-madero,502434,81.0,en_pozo
MLA3748236010,https://departamento.mercadolibre.com.ar/MLA-3748236010-venta-departamento-de-2-ambientes-puerto-madero-pzo-_JM#polycard_client=search-desktop&float_highlight=recent_publication&price_drop=not_apply&be_origin=backend&overlay_label=not_apply&search_layout=grid&position=8&type=item&tracking_id=39a964bc-3a84-4e8b-b227-a359f1526466&sid=search,puerto-madero,491620,81.0,en_pozo
MLA3748235974,https://departamento.mercadolibre.com.ar/MLA-3748235974-venta-departamento-de-pozo-3-ambientes-osten-tower-ii-puerto-madero-_JM#polycard_client=search-desktop&float_highlight=recent_publication&price_drop=not_apply&be_origin=backend&overlay_label=not_apply&search_layout=grid&position=9&type=item&tracking_id=39a964bc-3a84-4e8b-b227-a359f1526466&sid=search,puerto-madero,901470,129.0,en_pozo
MLA3748274622,https://departamento.mercadolibre.com.ar/MLA-3748274622-venta-departamento-de-pozo-3-ambientes-osten-tower-ii-puerto-madero-_JM#polycard_client=search-desktop&float_highlight=recent_publication&price_drop=not_apply&be_origin=backend&overlay_label=not_apply&search_layout=grid&position=10&type=item&tracking_id=39a964bc-3a84-4e8b-b227-a359f1526466&sid=search,puerto-madero,892712,129.0,en_pozo
MLA3748235992,https://departamento.mercadolibre.com.ar/MLA-3748235992-venta-departamento-2-ambientes-puerto-madero-de-pozo-_JM#polycard_client=search-desktop&float_highlight=recent_publication&price_drop=not_apply&be_origin=backend&overlay_label=not_apply&search_layout=grid&position=11&type=item&tracking_id=39a964bc-3a84-4e8b-b227-a359f1526466&sid=search,puerto-madero,450824,78.0,en_pozo
MLA3748287584,https://departamento.mercadolibre.com.ar/MLA-3748287584-venta-departamento-de-pozo-3-ambientes-osten-tower-ii-puerto-madero-_JM#polycard_client=search-desktop&float_highlight=recent_publication&price_drop=not_apply&be_origin=backend&overlay_label=not_apply&search_layout=grid&position=12&type=item&tracking_id=39a964bc-3a84-4e8b-b227-a359f1526466&sid=search,puerto-madero,910530,129.0,en_pozo
MLA3748287592,https://departamento.mercadolibre.com.ar/MLA-3748287592-venta-departamento-2-aambientes-puerto-madero-pozo-_JM#polycard_client=search-desktop&float_highlight=recent_publication&price_drop=not_apply&be_origin=backend&overlay_label=not_apply&search_layout=grid&position=13&type=item&tracking_id=39a964bc-3a84-4e8b-b227-a359f1526466&sid=search,puerto-madero,444150,78.0,en_pozo
MLA3748274610,https://departamento.mercadolibre.com.ar/MLA-3748274610-venta-departamento-de-pozo-4-ambientes-osten-tower-ii-_JM#polycard_client=search-desktop&float_highlight=recent_publication&price_drop=not_apply&be_origin=backend&overlay_label=not_apply&search_layout=grid&position=14&type=item&tracking_id=39a964bc-3a84-4e8b-b227-a359f1526466&sid=search,puerto-madero,1273728,162.0,en_pozo
MLA3748287552,https://departamento.mercadolibre.com.ar/MLA-3748287552-departamento-de-pozo-osten-tower-ii-4-ambientes-_JM#polycard_client=search-desktop&float_highlight=recent_publication&price_drop=not_apply&be_origin=backend&overlay_label=not_apply&search_layout=grid&position=15&type=item&tracking_id=39a964bc-3a84-4e8b-b227-a359f1526466&sid=search,puerto-madero,1192704,162.0,en_pozo
MLA3662631258,https://departamento.mercadolibre.com.ar/MLA-3662631258-venta-departamento-4-ambientes-10644-m-balcon-en-puerto-madero-_JM#polycard_client=search-desktop&price_drop=not_apply&be_origin=backend&overlay_label=not_apply&search_layout=grid&position=47&type=item&tracking_id=b4c3edc4-ddc1-49cd-bf24-5548efd2a095&sid=search,puerto-madero,470000,,superficie_invalida
MLA3662644800,https://departamento.mercadolibre.com.ar/MLA-3662644800-venta-departamento-4-ambientes-10644-m-balcon-en-puerto-madero-_JM#polycard_client=search-desktop&price_drop=not_apply&be_origin=backend&overlay_label=not_apply&search_layout=grid&position=48&type=item&tracking_id=b4c3edc4-ddc1-49cd-bf24-5548efd2a095&sid=search,puerto-madero,470000,,superficie_invalida
MLA1900451773,https://departamento.mercadolibre.com.ar/MLA-1900451773-departamento-en-alquiler-alvear-icon-puerto-madero-54m2-monoambiente-piso-alto-cochera-_JM#polycard_client=search-desktop&price_drop=not_apply&be_origin=backend&overlay_label=not_apply&search_layout=grid&position=44&type=item&tracking_id=650f0724-2e0c-42b2-8ad0-510f92c65e1e&sid=search,puerto-madero,3000,54.0,precio_menor_a_minimo
MLA1675850517,https://departamento.mercadolibre.com.ar/MLA-1675850517-departamento-a-la-venta-en-san-telmo-_JM#polycard_client=search-desktop&price_drop=not_apply&be_origin=backend&overlay_label=not_apply&search_layout=grid&position=34&type=item&tracking_id=2d17a86b-548a-433d-b7cd-d724a351d033&sid=search,san-telmo,68000,,superficie_invalida
MLA1945485111,https://departamento.mercadolibre.com.ar/MLA-1945485111-venta-3-ambientes-pozo-colegiales-terraza-propia-_JM#polycard_client=search-desktop&price_drop=not_apply&be_origin=backend&overlay_label=not_apply&search_layout=grid&position=25&type=item&tracking_id=5771538f-fe41-4413-b9ba-fb09f4618ad5&sid=search,colegiales,292300,67.0,en_pozo
MLA1945485113,https://departamento.mercadolibre.com.ar/MLA-1945485113-venta-2-ambientes-pozo-colegiales-balcon-parrilla-_JM#polycard_client=search-desktop&price_drop=not_apply&be_origin=backend&overlay_label=not_apply&search_layout=grid&position=31&type=item&tracking_id=5771538f-fe41-4413-b9ba-fb09f4618ad5&sid=search,colegiales,155800,41.0,en_pozo
MLA3720665708,https://departamento.mercadolibre.com.ar/MLA-3720665708-venta-monoambiente-pozo-colegiales-parrilla-_JM#polycard_client=search-desktop&price_drop=not_apply&be_origin=backend&overlay_label=not_apply&search_layout=grid&position=48&type=item&tracking_id=5771538f-fe41-4413-b9ba-fb09f4618ad5&sid=search,colegiales,116900,34.0,en_pozo
MLA3720475776,https://departamento.mercadolibre.com.ar/MLA-3720475776-venta-5-amb-jardinpiletaquincho-colegiales-_JM#polycard_client=search-desktop&price_drop=not_apply&be_origin=backend&overlay_label=not_apply&search_layout=grid&position=18&type=item&tracking_id=fd0c3365-c6a2-4010-b837-7769e323c82e&sid=search,colegiales,815000,147.0,en_pozo
MLA3720474518,https://departamento.mercadolibre.com.ar/MLA-3720474518-venta-2-ambientes-pozo-colegiales-balcon-parrilla-_JM#polycard_client=search-desktop&price_drop=not_apply&be_origin=backend&overlay_label=not_apply&search_layout=grid&position=19&type=item&tracking_id=fd0c3365-c6a2-4010-b837-7769e323c82e&sid=search,colegiales,153800,44.0,en_pozo
MLA3751220286,https://departamento.mercadolibre.com.ar/MLA-3751220286-departamento-3-ambientes-con-parrilla-pozo-colegiales-_JM#polycard_client=search-desktop&float_highlight=recent_publication&price_drop=not_apply&be_origin=backend&overlay_label=not_apply&search_layout=grid&position=36&type=item&tracking_id=3277e780-700b-4a9a-8cbd-a36e5a70ae99&sid=search,colegiales,286000,88.0,en_pozo
MLA3748274710,https://departamento.mercadolibre.com.ar/MLA-3748274710-venta-piso-departamento-3-ambientes-con-parrilla-y-terraza-pozo-colegiales-_JM#polycard_client=search-desktop&float_highlight=recent_publication&price_drop=not_apply&be_origin=backend&overlay_label=not_apply&search_layout=grid&position=37&type=item&tracking_id=3277e780-700b-4a9a-8cbd-a36e5a70ae99&sid=search,colegiales,430000,88.0,en_pozo
MLA1945492865,https://departamento.mercadolibre.com.ar/MLA-1945492865-dep-2-ambientes-en-venta-cbalcon-colegiales-_JM#polycard_client=search-desktop&price_drop=not_apply&be_origin=backend&overlay_label=not_apply&search_layout=grid&position=8&type=item&tracking_id=5d95bde8-cb0a-43bb-bb44-8862b6b4c1b3&sid=search,colegiales,136000,43.0,en_pozo
MLA1945490399,https://departamento.mercadolibre.com.ar/MLA-1945490399-venta-departamento-2-ambientes-en-pozo-colegiales-_JM#polycard_client=search-desktop&price_drop=not_apply&be_origin=backend&overlay_label=not_apply&search_layout=grid&position=11&type=item&tracking_id=5d95bde8-cb0a-43bb-bb44-8862b6b4c1b3&sid=search,colegiales,207900,45.0,en_pozo
MLA1945605863,https://departamento.mercadolibre.com.ar/MLA-1945605863-venta-dto-monoambiente-cbalcon-colegiales-_JM#polycard_client=search-desktop&price_drop=not_apply&be_origin=backend&overlay_label=not_apply&search_layout=grid&position=12&type=item&tracking_id=5d95bde8-cb0a-43bb-bb44-8862b6b4c1b3&sid=search,colegiales,95160,32.0,en_pozo
MLA1945705761,https://departamento.mercadolibre.com.ar/MLA-1945705761-dep-2-ambientes-en-venta-7p-cbalcon-colegiales-_JM#polycard_client=search-desktop&price_drop=not_apply&be_origin=backend&overlay_label=not_apply&search_layout=grid&position=14&type=item&tracking_id=5d95bde8-cb0a-43bb-bb44-8862b6b4c1b3&sid=search,colegiales,137000,43.0,en_pozo
MLA1945605701,https://departamento.mercadolibre.com.ar/MLA-1945605701-monoambiente-en-venta-cbalcon-contrafrente-_JM#polycard_client=search-desktop&price_drop=not_apply&be_origin=backend&overlay_label=not_apply&search_layout=grid&position=16&type=item&tracking_id=5d95bde8-cb0a-43bb-bb44-8862b6b4c1b3&sid=search,colegiales,67500,25.0,en_pozo
MLA1945492975,https://departamento.mercadolibre.com.ar/MLA-1945492975-venta-monoambiente-estudio-cbalcon-contrafrente-_JM#polycard_client=search-desktop&price_drop=not_apply&be_origin=backend&overlay_label=not_apply&search_layout=grid&position=19&type=item&tracking_id=5d95bde8-cb0a-43bb-bb44-8862b6b4c1b3&sid=search,colegiales,78000,25.0,en_pozo
MLA1945493009,https://departamento.mercadolibre.com.ar/MLA-1945493009-dep-2-ambientes-en-venta-cbalcon-colegiales-_JM#polycard_client=search-desktop&price_drop=not_apply&be_origin=backend&overlay_label=not_apply&search_layout=grid&position=22&type=item&tracking_id=5d95bde8-cb0a-43bb-bb44-8862b6b4c1b3&sid=search,colegiales,136900,43.0,en_pozo
MLA1945705759,https://departamento.mercadolibre.com.ar/MLA-1945705759-venta-dto-2-ambientes-cbalcon-colegiales-_JM#polycard_client=search-desktop&price_drop=not_apply&be_origin=backend&overlay_label=not_apply&search_layout=grid&position=23&type=item&tracking_id=5d95bde8-cb0a-43bb-bb44-8862b6b4c1b3&sid=search,colegiales,139500,43.0,en_pozo
MLA1945605499,https://departamento.mercadolibre.com.ar/MLA-1945605499-dto-2-ambientes-en-venta-ctoilette-colegiales-_JM#polycard_client=search-desktop&price_drop=not_apply&be_origin=backend&overlay_label=not_apply&search_layout=grid&position=29&type=item&tracking_id=5d95bde8-cb0a-43bb-bb44-8862b6b4c1b3&sid=search,colegiales,141499,47.0,en_pozo
MLA1945705467,https://departamento.mercadolibre.com.ar/MLA-1945705467-dep-2-ambientes-en-venta-cbalcon-colegiales-_JM#polycard_client=search-desktop&price_drop=not_apply&be_origin=backend&overlay_label=not_apply&search_layout=grid&position=31&type=item&tracking_id=5d95bde8-cb0a-43bb-bb44-8862b6b4c1b3&sid=search,colegiales,128000,43.0,en_pozo
MLA3720671382,https://departamento.mercadolibre.com.ar/MLA-3720671382-depto-de-pozo-2-ambientes-venta-en-colegiales-_JM#polycard_client=search-desktop&price_drop=not_apply&be_origin=backend&overlay_label=not_apply&search_layout=grid&position=34&type=item&tracking_id=5d95bde8-cb0a-43bb-bb44-8862b6b4c1b3&sid=search,colegiales,294168,56.0,en_pozo
MLA1945057763,https://departamento.mercadolibre.com.ar/MLA-1945057763-departamento-3-amb-con-terraza-en-colegiales-_JM#polycard_client=search-desktop&price_drop=not_apply&be_origin=backend&overlay_label=not_apply&search_layout=grid&position=2&type=item&tracking_id=6482ce34-8815-49d1-916c-35a2cd829066&sid=search,colegiales,343340,86.0,en_pozo
MLA1945057769,https://departamento.mercadolibre.com.ar/MLA-1945057769-venta-de-departamento-2-ambientes-en-colegiales-_JM#polycard_client=search-desktop&price_drop=not_apply&be_origin=backend&overlay_label=not_apply&search_layout=grid&position=7&type=item&tracking_id=6482ce34-8815-49d1-916c-35a2cd829066&sid=search,colegiales,153369,59.0,en_pozo
MLA3719601162,https://departamento.mercadolibre.com.ar/MLA-3719601162-venta-de-departamento-3-ambientes-en-colegiales-_JM#polycard_client=search-desktop&price_drop=not_apply&be_origin=backend&overlay_label=not_apply&search_layout=grid&position=32&type=item&tracking_id=6482ce34-8815-49d1-916c-35a2cd829066&sid=search,colegiales,269598,94.0,en_pozo
MLA1945605867,https://departamento.mercadolibre.com.ar/MLA-1945605867-venta-dep-3-ambientes-con-patio-en-colegiales-_JM#polycard_client=search-desktop&price_drop=not_apply&be_origin=backend&overlay_label=not_apply&search_layout=grid&position=34&type=item&tracking_id=6482ce34-8815-49d1-916c-35a2cd829066&sid=search,colegiales,220000,64.0,en_pozo
MLA1945713985,https://departamento.mercadolibre.com.ar/MLA-1945713985-venta-dpto-mono-39m2-villa-devoto-_JM#polycard_client=search-desktop&price_drop=not_apply&be_origin=backend&overlay_label=not_apply&search_layout=grid&position=33&type=item&tracking_id=0954d36f-5778-4cb4-ad1d-3f4932bac4e5&sid=search,villa-devoto,94575,33.0,en_pozo
MLA3721457302,https://departamento.mercadolibre.com.ar/MLA-3721457302-venta-dpto-2amb-68m2-1-bano-1-toilet-villa-devoto-_JM#polycard_client=search-desktop&price_drop=not_apply&be_origin=backend&overlay_label=not_apply&search_layout=grid&position=41&type=item&tracking_id=0954d36f-5778-4cb4-ad1d-3f4932bac4e5&sid=search,villa-devoto,164900,62.0,en_pozo
MLA1945713967,https://departamento.mercadolibre.com.ar/MLA-1945713967-venta-dpto-3amb-2-banos-102m2-villa-devoto-_JM#polycard_client=search-desktop&price_drop=not_apply&be_origin=backend&overlay_label=not_apply&search_layout=grid&position=32&type=item&tracking_id=8b44841d-4813-4b33-ad44-1f534a4b337b&sid=search,villa-devoto,247350,90.0,en_pozo
MLA1769481973,https://departamento.mercadolibre.com.ar/MLA-1769481973-venta-excelente-4-amb-2-cocheras-para-camioneta-y-baulera-villa-devoto-_JM#polycard_client=search-desktop&price_drop=not_apply&be_origin=backend&overlay_label=not_apply&search_layout=grid&position=48&type=item&tracking_id=6fa9d5ad-39e8-4ee1-999d-7a0dd03b712c&sid=search,villa-devoto,350000,,superficie_invalida
MLA1982647669,https://departamento.mercadolibre.com.ar/MLA-1982647669-venta-depto-3-amb-c-balc-ament-exc-villa-devoto-_JM#polycard_client=search-desktop&float_highlight=recent_publication&price_drop=not_apply&be_origin=backend&overlay_label=not_apply&search_layout=grid&position=47&type=item&tracking_id=0ee7e719-828a-4536-9eff-c99c24daf641&sid=search,villa-devoto,202000,70.0,en_pozo
MLA1945076523,https://departamento.mercadolibre.com.ar/MLA-1945076523-2-ambientes-en-venta-en-villa-devoto-_JM#polycard_client=search-desktop&price_drop=not_apply&be_origin=backend&overlay_label=not_apply&search_layout=grid&position=16&type=item&tracking_id=05628068-e08d-4dcb-97b5-b9943b6c198c&sid=search,villa-devoto,129000,38.0,en_pozo
MLA3720468614,https://departamento.mercadolibre.com.ar/MLA-3720468614-venta-monoambiente-con-balcon-emprendimiento-_JM#polycard_client=search-desktop&price_drop=not_apply&be_origin=backend&overlay_label=not_apply&search_layout=grid&position=23&type=item&tracking_id=05628068-e08d-4dcb-97b5-b9943b6c198c&sid=search,villa-devoto,95075,43.0,en_pozo
MLA3720089244,https://departamento.mercadolibre.com.ar/MLA-3720089244-2-ambientes-en-venta-villa-devoto-_JM#polycard_client=search-desktop&price_drop=not_apply&be_origin=backend&overlay_label=not_apply&search_layout=grid&position=43&type=item&tracking_id=05628068-e08d-4dcb-97b5-b9943b6c198c&sid=search,villa-devoto,80000,38.0,en_pozo
MLA3720217588,https://departamento.mercadolibre.com.ar/MLA-3720217588-3-ambientes-en-venta-villa-devoto-_JM#polycard_client=search-desktop&price_drop=not_apply&be_origin=backend&overlay_label=not_apply&search_layout=grid&position=47&type=item&tracking_id=05628068-e08d-4dcb-97b5-b9943b6c198c&sid=search,villa-devoto,159000,72.0,en_pozo
MLA1945707945,https://departamento.mercadolibre.com.ar/MLA-1945707945-venta-3-ambientes-a-estrenar-torre-en-abasto-_JM#polycard_client=search-desktop&price_drop=not_apply&be_origin=backend&overlay_label=not_apply&search_layout=grid&position=10&type=item&tracking_id=2f18d35a-d7ab-4b82-ad3b-4f6e9dfaba3c&sid=search,balvanera,189000,68.0,en_pozo
MLA3193038144,https://departamento.mercadolibre.com.ar/MLA-3193038144-excelente-departamento-en-venta-_JM#polycard_client=search-desktop&price_drop=not_apply&be_origin=backend&overlay_label=not_apply&search_layout=grid&position=6&type=item&tracking_id=7c8ea88c-0bd0-44e8-b3dd-086f171f1071&sid=search,balvanera,49500,,superficie_invalida
MLA3700628608,https://departamento.mercadolibre.com.ar/MLA-3700628608-monoambientes-de-lujo-equipados-_JM#polycard_client=search-desktop&price_drop=not_apply&be_origin=backend&overlay_label=not_apply&search_layout=grid&position=32&type=item&tracking_id=4c4374ec-c2bf-44fc-ad14-dbbbd24e3e75&sid=search,balvanera,120000000,26.0,precio_en_pesos
MLA3792111344,https://departamento.mercadolibre.com.ar/MLA-3792111344-venta-depto-2-amb-con-balcon-terraza-y-parrilla-_JM#polycard_client=search-desktop&float_highlight=recent_publication&price_drop=not_apply&be_origin=backend&overlay_label=not_apply&search_layout=grid&position=10&type=item&tracking_id=003c3677-e728-4f05-94ed-ea4dc474da7f&sid=search,villa-del-parque,160000,47.0,en_pozo
MLA1770772483,https://departamento.mercadolibre.com.ar/MLA-1770772483-departamento-en-venta-en-villa-del-parque-capital-federal-buenos-aires-_JM#polycard_client=search-desktop&float_highlight=not_apply&price_drop=not_apply&be_origin=backend&overlay_label=not_apply&search_layout=grid&position=2&type=item&tracking_id=ab54bab1-e5fb-4ffb-aa7d-03a737228132&sid=search,villa-del-parque,87000,0.0,superficie_invalida
MLA1971733717,https://departamento.mercadolibre.com.ar/MLA-1971733717-venta-departamento-en-desarrollo-3-ambientes-en-villa-del-parque-con-amplio-balcon-_JM#polycard_client=search-desktop&float_highlight=recent_publication&price_drop=not_apply&be_origin=backend&overlay_label=not_apply&search_layout=grid&position=11&type=item&tracking_id=8890950f-e2c7-423b-8ea3-5ac92e7c2ca2&sid=search,villa-del-parque,162000,57.0,en_pozo
MLA1971733701,https://departamento.mercadolibre.com.ar/MLA-1971733701-venta-departamento-en-desarrollo-3-ambientes-en-villa-del-parque-con-amplio-balcon-terraza-_JM#polycard_client=search-desktop&float_highlight=recent_publication&price_drop=not_apply&be_origin=backend&overlay_label=not_apply&search_layout=grid&position=12&type=item&tracking_id=8890950f-e2c7-423b-8ea3-5ac92e7c2ca2&sid=search,villa-del-parque,160000,62.0,en_pozo
MLA1971366495,https://departamento.mercadolibre.com.ar/MLA-1971366495-venta-departamento-en-desarrollo-2-ambientes-en-villa-del-parque-con-piscina-_JM#polycard_client=search-desktop&float_highlight=recent_publication&price_drop=not_apply&be_origin=backend&overlay_label=not_apply&search_layout=grid&position=13&type=item&tracking_id=8890950f-e2c7-423b-8ea3-5ac92e7c2ca2&sid=search,villa-del-parque,83600,41.0,en_pozo
MLA3761009884,https://departamento.mercadolibre.com.ar/MLA-3761009884-venta-departamento-en-desarrollo-2-ambientes-en-villa-del-parque-con-patio-_JM#polycard_client=search-desktop&float_highlight=recent_publication&price_drop=not_apply&be_origin=backend&overlay_label=not_apply&search_layout=grid&position=14&type=item&tracking_id=8890950f-e2c7-423b-8ea3-5ac92e7c2ca2&sid=search,villa-del-parque,105000,41.0,en_pozo
MLA3761009852,https://departamento.mercadolibre.com.ar/MLA-3761009852-venta-departamento-en-desarrollo-2-ambientes-en-villa-del-parque-con-balcon-y-piscina-_JM#polycard_client=search-desktop&float_highlight=recent_publication&price_drop=not_apply&be_origin=backend&overlay_label=not_apply&search_layout=grid&position=15&type=item&tracking_id=8890950f-e2c7-423b-8ea3-5ac92e7c2ca2&sid=search,villa-del-parque,104000,51.0,en_pozo
MLA3761009824,https://departamento.mercadolibre.com.ar/MLA-3761009824-venta-departamento-en-desarrollo-2-ambientes-en-villa-del-parque-con-balcon-y-piscina-_JM#polycard_client=search-desktop&float_highlight=recent_publication&price_drop=not_apply&be_origin=backend&overlay_label=not_apply&search_layout=grid&position=16&type=item&tracking_id=8890950f-e2c7-423b-8ea3-5ac92e7c2ca2&sid=search,villa-del-parque,90500,40.0,en_pozo
MLA3761009138,https://departamento.mercadolibre.com.ar/MLA-3761009138-venta-departamento-en-desarrollo-2-ambientes-en-villa-del-parque-con-piscina-_JM#polycard_client=search-desktop&float_highlight=recent_publication&price_drop=not_apply&be_origin=backend&overlay_label=not_apply&search_layout=grid&position=17&type=item&tracking_id=8890950f-e2c7-423b-8ea3-5ac92e7c2ca2&sid=search,villa-del-parque,87000,41.0,en_pozo
MLA3761583554,https://departamento.mercadolibre.com.ar/MLA-3761583554-venta-departamento-en-desarrollo-2-ambientes-en-villa-del-parque-con-balcon-y-piscina-_JM#polycard_client=search-desktop&float_highlight=recent_publication&price_drop=not_apply&be_origin=backend&overlay_label=not_apply&search_layout=grid&position=18&type=item&tracking_id=8890950f-e2c7-423b-8ea3-5ac92e7c2ca2&sid=search,villa-del-parque,106000,51.0,en_pozo
MLA1946775815,https://departamento.mercadolibre.com.ar/MLA-1946775815-venta-dpto-3-amb-amenities-nunez-pozo-financiacion-_JM#polycard_client=search-desktop&price_drop=not_apply&be_origin=backend&overlay_label=not_apply&search_layout=grid&position=29&type=item&tracking_id=fb2a81d3-be2b-4f0a-9359-8dc8056c17b6&sid=search,saavedra,282880,64.0,en_pozo
MLA3720662990,https://departamento.mercadolibre.com.ar/MLA-3720662990-venta-monoamb-35-metros-agosto-2026-_JM#polycard_client=search-desktop&price_drop=not_apply&be_origin=backend&overlay_label=not_apply&search_layout=grid&position=17&type=item&tracking_id=5d2e2de7-a9cc-4e45-b3bb-cc84edf63748&sid=search,saavedra,90000,32.0,en_pozo
MLA3720095312,https://departamento.mercadolibre.com.ar/MLA-3720095312-dpto-mono-en-casa-huidobro-nunez-pozo-amenities-_JM#polycard_client=search-desktop&price_drop=not_apply&be_origin=backend&overlay_label=not_apply&search_layout=grid&position=19&type=item&tracking_id=5d2e2de7-a9cc-4e45-b3bb-cc84edf63748&sid=search,saavedra,105586,30.0,en_pozo
MLA3792136846,https://departamento.mercadolibre.com.ar/MLA-3792136846-venta-6to-piso-saavedra-caba-residencial-pinto-_JM#polycard_client=search-desktop&float_highlight=recent_publication&price_drop=not_apply&be_origin=backend&overlay_label=not_apply&search_layout=grid&position=38&type=item&tracking_id=83511ff0-e2ad-4156-8787-8d580bf99b31&sid=search,saavedra,287500,100.0,en_pozo
MLA1986543623,https://departamento.mercadolibre.com.ar/MLA-1986543623-venta-departamento-2-ambientes-de-pozo-saavedra-_JM#polycard_client=search-desktop&float_highlight=recent_publication&price_drop=not_apply&be_origin=backend&overlay_label=not_apply&search_layout=grid&position=45&type=item&tracking_id=83511ff0-e2ad-4156-8787-8d580bf99b31&sid=search,saavedra,118000,40.0,en_pozo
MLA3726992064,https://departamento.mercadolibre.com.ar/MLA-3726992064-departamento-1-ambiente-saavedra-_JM#polycard_client=search-desktop&price_drop=not_apply&be_origin=backend&overlay_label=not_apply&search_layout=grid&position=16&type=item&tracking_id=0e4a026f-f1a3-48b6-9bd7-94d85bf55f91&sid=search,saavedra,98260,28.0,en_pozo
MLA3720671070,https://departamento.mercadolibre.com.ar/MLA-3720671070-venta-saavedra-3-ambient-terraza-marzo2027-cuotas-_JM#polycard_client=search-desktop&price_drop=not_apply&be_origin=backend&overlay_label=not_apply&search_layout=grid&position=19&type=item&tracking_id=1795c444-6c95-4b1b-8cc3-fe4a130296b5&sid=search,saavedra,325000,80.0,en_pozo
MLA3720098632,https://departamento.mercadolibre.com.ar/MLA-3720098632-casa-moldes-inverti-en-calidad-vivi-como-mereces-_JM#polycard_client=search-desktop&price_drop=not_apply&be_origin=backend&overlay_label=not_apply&search_layout=grid&position=33&type=item&tracking_id=1795c444-6c95-4b1b-8cc3-fe4a130296b5&sid=search,saavedra,120000,34.0,en_pozo
MLA3720544708,https://departamento.mercadolibre.com.ar/MLA-3720544708-venta-departamento-2-ambientes-a-estrenar-saavedra-_JM#polycard_client=search-desktop&price_drop=not_apply&be_origin=backend&overlay_label=not_apply&search_layout=grid&position=47&type=item&tracking_id=1795c444-6c95-4b1b-8cc3-fe4a130296b5&sid=search,saavedra,160500,45.0,en_pozo
MLA3720544612,https://departamento.mercadolibre.com.ar/MLA-3720544612-venta-en-pozo-3-amb-camenities-saavedra-_JM#polycard_client=search-desktop&price_drop=not_apply&be_origin=backend&overlay_label=not_apply&search_layout=grid&position=48&type=item&tracking_id=1795c444-6c95-4b1b-8cc3-fe4a130296b5&sid=search,saavedra,339456,64.0,en_pozo
MLA3701483992,https://departamento.mercadolibre.com.ar/MLA-3701483992-venta-saavedra-3-ambient-terraza-marzo2027-cuotas-_JM#polycard_client=search-desktop&price_drop=not_apply&be_origin=backend&overlay_label=not_apply&search_layout=grid&position=10&type=item&tracking_id=01d00f9c-b8d2-447e-9dd5-383cec624aed&sid=search,saavedra,329000,80.0,en_pozo
MLA3720659764,https://departamento.mercadolibre.com.ar/MLA-3720659764-venta-monoambiente-divisible-en-pozo-en-boedo-_JM#polycard_client=search-desktop&price_drop=not_apply&be_origin=backend&overlay_label=not_apply&search_layout=grid&position=11&type=item&tracking_id=cd9fc1bc-ff6e-4a76-9851-994398576594&sid=search,boedo,77446,38.0,en_pozo
MLA1741239089,https://departamento.mercadolibre.com.ar/MLA-1741239089-departamento-de-2-amb-en-boedo-_JM#polycard_client=search-desktop&float_highlight=not_apply&price_drop=not_apply&be_origin=backend&overlay_label=not_apply&search_layout=grid&position=33&type=item&tracking_id=fab33242-9ea6-4ae5-9649-f25d1f3a5dcb&sid=search,boedo,85000,,superficie_invalida
MLA1754450499,https://departamento.mercadolibre.com.ar/MLA-1754450499-departamento-en-venta-en-boedo-_JM#polycard_client=search-desktop&float_highlight=not_apply&price_drop=not_apply&be_origin=backend&overlay_label=not_apply&search_layout=grid&position=27&type=item&tracking_id=a9820f5f-0f13-4277-9fa2-1a010caedf7f&sid=search,boedo,117000,42.0,en_pozo
MLA1754556725,https://departamento.mercadolibre.com.ar/MLA-1754556725-departamento-en-venta-en-boedo-_JM#polycard_client=search-desktop&float_highlight=not_apply&price_drop=not_apply&be_origin=backend&overlay_label=not_apply&search_layout=grid&position=28&type=item&tracking_id=a9820f5f-0f13-4277-9fa2-1a010caedf7f&sid=search,boedo,120000,42.0,en_pozo
MLA2673033878,https://departamento.mercadolibre.com.ar/MLA-2673033878-departamento-en-venta-en-boedo-_JM#polycard_client=search-desktop&float_highlight=not_apply&price_drop=not_apply&be_origin=backend&overlay_label=not_apply&search_layout=grid&position=29&type=item&tracking_id=a9820f5f-0f13-4277-9fa2-1a010caedf7f&sid=search,boedo,125000,42.0,en_pozo
MLA2678256132,https://departamento.mercadolibre.com.ar/MLA-2678256132-departamento-en-venta-en-boedo-_JM#polycard_client=search-desktop&float_highlight=not_apply&price_drop=not_apply&be_origin=backend&overlay_label=not_apply&search_layout=grid&position=30&type=item&tracking_id=a9820f5f-0f13-4277-9fa2-1a010caedf7f&sid=search,boedo,95000,35.0,en_pozo
MLA1945612103,https://departamento.mercadolibre.com.ar/MLA-1945612103-departamento-venta-3-ambientes-80-metros-pozo-_JM#polycard_client=search-desktop&price_drop=not_apply&be_origin=backend&overlay_label=not_apply&search_layout=grid&position=31&type=item&tracking_id=7f53788f-e1fc-40a8-bdb4-04babb84f0bb&sid=search,monserrat,152000,60.0,en_pozo
MLA1945711995,https://departamento.mercadolibre.com.ar/MLA-1945711995-departamento-venta-monoambiente-27-metros-pozo-_JM#polycard_client=search-desktop&price_drop=not_apply&be_origin=backend&overlay_label=not_apply&search_layout=grid&position=32&type=item&tracking_id=7f53788f-e1fc-40a8-bdb4-04babb84f0bb&sid=search,monserrat,51300,24.0,en_pozo
MLA3721455446,https://departamento.mercadolibre.com.ar/MLA-3721455446-departamento-venta-2-ambientes-45-metros-pozo-_JM#polycard_client=search-desktop&price_drop=not_apply&be_origin=backend&overlay_label=not_apply&search_layout=grid&position=14&type=item&tracking_id=8a10ef52-3dab-4e91-be42-0a8c8ce94e28&sid=search,monserrat,85500,40.0,en_pozo
MLA1795331761,https://departamento.mercadolibre.com.ar/MLA-1795331761-venta-de-departamento-a-estrenar-en-palacio-paz-xxi-retiro-_JM#polycard_client=search-desktop&price_drop=not_apply&be_origin=backend&overlay_label=not_apply&search_layout=grid&position=43&type=item&tracking_id=f1d4d93b-8431-4570-8894-555a60f9635e&sid=search,retiro,1150000,,superficie_invalida
MLA1945495681,https://departamento.mercadolibre.com.ar/MLA-1945495681-venta-departamento-5-ambientes-en-chacarita-_JM#polycard_client=search-desktop&price_drop=not_apply&be_origin=backend&overlay_label=not_apply&search_layout=grid&position=19&type=item&tracking_id=8614860d-9e28-4626-a017-85c110a5cc2d&sid=search,chacarita,459000,147.0,en_pozo
MLA1945069515,https://departamento.mercadolibre.com.ar/MLA-1945069515-vende-2-amb-pozo-oportunidad-ortuzar-piso-7-_JM#polycard_client=search-desktop&price_drop=not_apply&be_origin=backend&overlay_label=not_apply&search_layout=grid&position=44&type=item&tracking_id=8614860d-9e28-4626-a017-85c110a5cc2d&sid=search,chacarita,115000,37.0,en_pozo
MLA3719600804,https://departamento.mercadolibre.com.ar/MLA-3719600804-vende-2-amb-pozo-oportunidad-ortuzar-_JM#polycard_client=search-desktop&price_drop=not_apply&be_origin=backend&overlay_label=not_apply&search_layout=grid&position=7&type=item&tracking_id=f676f721-0788-4065-b4bc-c85e72453bb6&sid=search,chacarita,105000,37.0,en_pozo
MLA3650583122,https://departamento.mercadolibre.com.ar/MLA-3650583122-monoambiente-12-divisible-en-venta-en-parque-patricipios-_JM#polycard_client=search-desktop&price_drop=not_apply&be_origin=backend&overlay_label=not_apply&search_layout=grid&position=17&type=item&tracking_id=d8c21601-6a4f-4241-a8ae-240e3ae4929f&sid=search,parque-patricios,70000,1.0,superficie_invalida
MLA3720091972,https://departamento.mercadolibre.com.ar/MLA-3720091972-departamento-monoambiente-coghlan-reservado-_JM#polycard_client=search-desktop&price_drop=not_apply&be_origin=backend&overlay_label=not_apply&search_layout=grid&position=14&type=item&tracking_id=a31f9434-67e0-4ffe-be22-4db534e56d2a&sid=search,coghlan,35000,14.0,superficie_invalida
MLA3752098598,https://departamento.mercadolibre.com.ar/MLA-3752098598-monoambiente-oportunidad-de-inversion-financiacion-_JM#polycard_client=search-desktop&price_drop=not_apply&be_origin=backend&overlay_label=not_apply&search_layout=grid&position=7&type=item&tracking_id=5b6637bc-8cfc-4d73-a88d-b6730db1c910&sid=search,coghlan,85000,35.0,en_pozo
MLA1972380947,https://departamento.mercadolibre.com.ar/MLA-1972380947-departamento-coghlan-_JM#polycard_client=search-desktop&price_drop=not_apply&be_origin=backend&overlay_label=not_apply&search_layout=grid&position=20&type=item&tracking_id=2a5357dd-2b46-4a53-ad8c-5da2f54df1ab&sid=search,coghlan,240000,,superficie_invalida
MLA1843141341,https://departamento.mercadolibre.com.ar/MLA-1843141341-departamento-en-venta-en-av-emilio-castro-4900-con-terraza-_JM#polycard_client=search-desktop&price_drop=not_apply&be_origin=backend&overlay_label=not_apply&search_layout=grid&position=21&type=item&tracking_id=1b4dd682-f580-47d2-8257-ae89f31f6157&sid=search,villa-luro,1100,920.0,precio_menor_a_minimo
MLA3701729770,https://departamento.mercadolibre.com.ar/MLA-3701729770-departamento-en-venta-en-villa-luro-_JM#polycard_client=search-desktop&price_drop=not_apply&be_origin=backend&overlay_label=not_apply&search_layout=grid&position=43&type=item&tracking_id=bd5700a8-1858-4282-b6db-c2dd5d3fb9f7&sid=search,villa-luro,220000,60.0,en_pozo
MLA3223343588,https://departamento.mercadolibre.com.ar/MLA-3223343588-departamento-en-mataderos-_JM#polycard_client=search-desktop&price_drop=not_apply&be_origin=backend&overlay_label=not_apply&search_layout=grid&position=21&type=item&tracking_id=2f2f7182-abad-46f4-a241-fcf02fc303b2&sid=search,mataderos,59000,,superficie_invalida
MLA1945611287,https://departamento.mercadolibre.com.ar/MLA-1945611287-venta-depto-3-ambientes-en-pozo-36-cuotas-_JM#polycard_client=search-desktop&price_drop=not_apply&be_origin=backend&overlay_label=not_apply&search_layout=grid&position=14&type=item&tracking_id=46e06405-bf62-4ab1-ae30-54318163b896&sid=search,liniers,169000,62.0,en_pozo
MLA1945711183,https://departamento.mercadolibre.com.ar/MLA-1945711183-venta-2-ambientes-en-pozo-anticipo-24-cuotas-_JM#polycard_client=search-desktop&price_drop=not_apply&be_origin=backend&overlay_label=not_apply&search_layout=grid&position=17&type=item&tracking_id=46e06405-bf62-4ab1-ae30-54318163b896&sid=search,liniers,90000,45.0,en_pozo
MLA1945711139,https://departamento.mercadolibre.com.ar/MLA-1945711139-venta-monoambiente-con-balcon-en-pozo-24-cuotas-_JM#polycard_client=search-desktop&price_drop=not_apply&be_origin=backend&overlay_label=not_apply&search_layout=grid&position=19&type=item&tracking_id=46e06405-bf62-4ab1-ae30-54318163b896&sid=search,liniers,72000,35.0,en_pozo
MLA3721454520,https://departamento.mercadolibre.com.ar/MLA-3721454520-venta-2-ambientes-en-pozo-anticipo-24-cuotas-_JM#polycard_client=search-desktop&price_drop=not_apply&be_origin=backend&overlay_label=not_apply&search_layout=grid&position=30&type=item&tracking_id=46e06405-bf62-4ab1-ae30-54318163b896&sid=search,liniers,95000,45.0,en_pozo
MLA1858823775,https://departamento.mercadolibre.com.ar/MLA-1858823775-villa-luro-larrazabal-700-departamentos-3-y-4-amb-de-lujo-gran-categoria-_JM#polycard_client=search-desktop&price_drop=not_apply&be_origin=backend&overlay_label=not_apply&search_layout=grid&position=11&type=item&tracking_id=1dc32074-e4d2-4273-8f74-7a8f38788e67&sid=search,liniers,3800,1.0,precio_menor_a_minimo
MLA1858780383,https://departamento.mercadolibre.com.ar/MLA-1858780383-liniers-larrazabal-700-departamentos-3-y-4-amb-de-lujo-gran-categoria-valor-por-m2-usd-3800-edificio-de-categoria-departamentos-3-y-4-ambientes-apenas-44-unidades-se-reparten-en-los-dos-edifi-_JM#polycard_client=search-desktop&price_drop=not_apply&be_origin=backend&overlay_label=not_apply&search_layout=grid&position=12&type=item&tracking_id=1dc32074-e4d2-4273-8f74-7a8f38788e67&sid=search,liniers,3800,1.0,precio_menor_a_minimo
MLA1971955273,https://departamento.mercadolibre.com.ar/MLA-1971955273-depto-4-amb-en-liniers-en-excelente-ubicacion-_JM#polycard_client=search-desktop&price_drop=not_apply&be_origin=backend&overlay_label=not_apply&search_layout=grid&position=29&type=item&tracking_id=e9f48bdd-821f-4a6a-b3aa-7b71a85d0f76&sid=search,liniers,110000,,superficie_invalida
MLA1946148949,https://departamento.mercadolibre.com.ar/MLA-1946148949-venta-en-pozo-departamento-2-ambientes-liniers-_JM#polycard_client=search-desktop&price_drop=not_apply&be_origin=backend&overlay_label=not_apply&search_layout=grid&position=3&type=item&tracking_id=744d3668-5e36-4454-9b0f-96b5a7585a59&sid=search,liniers,75000,43.0,en_pozo
MLA3721810610,https://departamento.mercadolibre.com.ar/MLA-3721810610-venta-en-pozo-departamento-3-ambientes-en-liniers-_JM#polycard_client=search-desktop&price_drop=not_apply&be_origin=backend&overlay_label=not_apply&search_layout=grid&position=8&type=item&tracking_id=744d3668-5e36-4454-9b0f-96b5a7585a59&sid=search,liniers,125000,58.0,en_pozo
MLA3720659762,https://departamento.mercadolibre.com.ar/MLA-3720659762-venta-departamento-2-amb-en-pozo-parque-chacabuco-_JM#polycard_client=search-desktop&price_drop=not_apply&be_origin=backend&overlay_label=not_apply&search_layout=grid&position=9&type=item&tracking_id=f30ec411-3ebb-470a-9d5e-e89118fa5d29&sid=search,parque-chacabuco,89964,46.0,en_pozo
MLA3805189822,https://departamento.mercadolibre.com.ar/MLA-3805189822-venta-2-ambientes-en-pozo-con-balcon-villa-ortuzar-_JM#polycard_client=search-desktop&float_highlight=recent_publication&price_drop=not_apply&be_origin=backend&overlay_label=not_apply&search_layout=grid&position=19&type=item&tracking_id=218c7f85-2871-448b-8cc2-1762af1ce718&sid=search,villa-ortuzar,132594,43.0,en_pozo
MLA1961878693,https://departamento.mercadolibre.com.ar/MLA-1961878693-venta-departamento-monoambiente-pozo-sustentable-villa-ortuzar-_JM#polycard_client=search-desktop&price_drop=not_apply&be_origin=backend&overlay_label=not_apply&search_layout=grid&position=32&type=item&tracking_id=218c7f85-2871-448b-8cc2-1762af1ce718&sid=search,villa-ortuzar,89700,33.0,en_pozo
MLA1961878119,https://departamento.mercadolibre.com.ar/MLA-1961878119-venta-departamento-monoambiente-pozo-sustentable-villa-ortuzar-_JM#polycard_client=search-desktop&price_drop=not_apply&be_origin=backend&overlay_label=not_apply&search_layout=grid&position=33&type=item&tracking_id=218c7f85-2871-448b-8cc2-1762af1ce718&sid=search,villa-ortuzar,93300,33.0,en_pozo
MLA1961877071,https://departamento.mercadolibre.com.ar/MLA-1961877071-venta-departamento-monoambiente-pozo-sustentable-villa-ortuzar-_JM#polycard_client=search-desktop&price_drop=not_apply&be_origin=backend&overlay_label=not_apply&search_layout=grid&position=34&type=item&tracking_id=218c7f85-2871-448b-8cc2-1762af1ce718&sid=search,villa-ortuzar,93100,33.0,en_pozo
MLA1961671703,https://departamento.mercadolibre.com.ar/MLA-1961671703-venta-departamento-monoambiente-en-villa-ortuzar-_JM#polycard_client=search-desktop&price_drop=not_apply&be_origin=backend&overlay_label=not_apply&search_layout=grid&position=35&type=item&tracking_id=218c7f85-2871-448b-8cc2-1762af1ce718&sid=search,villa-ortuzar,81000,32.0,en_pozo
MLA3748236154,https://departamento.mercadolibre.com.ar/MLA-3748236154-venta-departamento-2-ambientes-pozo-sustentable-villa-ortuzar-_JM#polycard_client=search-desktop&price_drop=not_apply&be_origin=backend&overlay_label=not_apply&search_layout=grid&position=36&type=item&tracking_id=218c7f85-2871-448b-8cc2-1762af1ce718&sid=search,villa-ortuzar,115300,42.0,en_pozo
MLA3748274848,https://departamento.mercadolibre.com.ar/MLA-3748274848-venta-departamento-monoambiente-pozo-sustentable-villa-ortuzar-_JM#polycard_client=search-desktop&price_drop=not_apply&be_origin=backend&overlay_label=not_apply&search_layout=grid&position=37&type=item&tracking_id=218c7f85-2871-448b-8cc2-1762af1ce718&sid=search,villa-ortuzar,94900,33.0,en_pozo
MLA3748287772,https://departamento.mercadolibre.com.ar/MLA-3748287772-venta-departamento-2-ambientes-pozo-sustentable-villa-ortuzar-_JM#polycard_client=search-desktop&price_drop=not_apply&be_origin=backend&overlay_label=not_apply&search_layout=grid&position=38&type=item&tracking_id=218c7f85-2871-448b-8cc2-1762af1ce718&sid=search,villa-ortuzar,119900,42.0,en_pozo
MLA3748287744,https://departamento.mercadolibre.com.ar/MLA-3748287744-venta-departamento-3-ambientes-pozo-sustentable-villa-ortuzar-_JM#polycard_client=search-desktop&price_drop=not_apply&be_origin=backend&overlay_label=not_apply&search_layout=grid&position=39&type=item&tracking_id=218c7f85-2871-448b-8cc2-1762af1ce718&sid=search,villa-ortuzar,170800,64.0,en_pozo
MLA3748274812,https://departamento.mercadolibre.com.ar/MLA-3748274812-venta-departamento-3-ambientes-pozo-sustentable-villa-ortuzar-_JM#polycard_client=search-desktop&price_drop=not_apply&be_origin=backend&overlay_label=not_apply&search_layout=grid&position=40&type=item&tracking_id=218c7f85-2871-448b-8cc2-1762af1ce718&sid=search,villa-ortuzar,245100,76.0,en_pozo
MLA3748287716,https://departamento.mercadolibre.com.ar/MLA-3748287716-venta-departamento-4-ambientes-pozo-sustentable-villa-ortuzar-_JM#polycard_client=search-desktop&price_drop=not_apply&be_origin=backend&overlay_label=not_apply&search_layout=grid&position=41&type=item&tracking_id=218c7f85-2871-448b-8cc2-1762af1ce718&sid=search,villa-ortuzar,334100,99.0,en_pozo
MLA3748274832,https://departamento.mercadolibre.com.ar/MLA-3748274832-venta-departamento-2-ambientes-pozo-sustentable-villa-ortuzar-_JM#polycard_client=search-desktop&price_drop=not_apply&be_origin=backend&overlay_label=not_apply&search_layout=grid&position=42&type=item&tracking_id=218c7f85-2871-448b-8cc2-1762af1ce718&sid=search,villa-ortuzar,165500,50.0,en_pozo
MLA3748287736,https://departamento.mercadolibre.com.ar/MLA-3748287736-venta-departamento-3-ambientes-pozo-sustentable-villa-ortuzar-_JM#polycard_client=search-desktop&price_drop=not_apply&be_origin=backend&overlay_label=not_apply&search_layout=grid&position=43&type=item&tracking_id=218c7f85-2871-448b-8cc2-1762af1ce718&sid=search,villa-ortuzar,176000,64.0,en_pozo
MLA3719600806,https://departamento.mercadolibre.com.ar/MLA-3719600806-vende-mono-amb-pozo-_JM#polycard_client=search-desktop&price_drop=not_apply&be_origin=backend&overlay_label=not_apply&search_layout=grid&position=24&type=item&tracking_id=7a6fe731-db12-4ce7-aa64-db4e1a2dbb4b&sid=search,villa-ortuzar,90000,31.0,en_pozo
MLA3727524724,https://departamento.mercadolibre.com.ar/MLA-3727524724-edificio-brooklin-3-ambientes-en-agronomia-villa-del-parque-_JM#polycard_client=search-desktop&price_drop=not_apply&be_origin=backend&overlay_label=not_apply&search_layout=grid&position=29&type=item&tracking_id=c4dc18ca-54e2-40de-afff-e5b94000c591&sid=search,agronomia,140500,58.0,en_pozo
MLA3727537632,https://departamento.mercadolibre.com.ar/MLA-3727537632-edificio-brooklin-2-ambientes-en-agronomia-villa-del-parque-_JM#polycard_client=search-desktop&price_drop=not_apply&be_origin=backend&overlay_label=not_apply&search_layout=grid&position=30&type=item&tracking_id=c4dc18ca-54e2-40de-afff-e5b94000c591&sid=search,agronomia,132800,44.0,en_pozo
MLA1948586747,https://departamento.mercadolibre.com.ar/MLA-1948586747-dpto-3-ambientes-en-pozo-en-monte-castro-c-suite-parrilla-y-balcon-aterrazado-acepta-permuta-_JM#polycard_client=search-desktop&price_drop=not_apply&be_origin=backend&overlay_label=not_apply&search_layout=grid&position=35&type=item&tracking_id=07cb556a-11be-4dc5-ac25-f141d4594865&sid=search,monte-castro,162470,63.0,en_pozo
MLA1948586745,https://departamento.mercadolibre.com.ar/MLA-1948586745-venta-departamento-3-amb-en-monte-castro-c-balcon-terraza-parrilla-y-2-banos-acepta-permuta-_JM#polycard_client=search-desktop&price_drop=not_apply&be_origin=backend&overlay_label=not_apply&search_layout=grid&position=36&type=item&tracking_id=07cb556a-11be-4dc5-ac25-f141d4594865&sid=search,monte-castro,162470,63.0,en_pozo
MLA1948586741,https://departamento.mercadolibre.com.ar/MLA-1948586741-departamento-2-ambientes-en-pozo-en-monte-castro-c-parrilla-propia-y-balcon-acepta-permuta-_JM#polycard_client=search-desktop&price_drop=not_apply&be_origin=backend&overlay_label=not_apply&search_layout=grid&position=37&type=item&tracking_id=07cb556a-11be-4dc5-ac25-f141d4594865&sid=search,monte-castro,120400,56.0,en_pozo
MLA1948695459,https://departamento.mercadolibre.com.ar/MLA-1948695459-dpto-2-ambientes-en-pozo-en-monte-castro-c-balcon-terraza-y-parrilla-acepta-permuta-_JM#polycard_client=search-desktop&price_drop=not_apply&be_origin=backend&overlay_label=not_apply&search_layout=grid&position=39&type=item&tracking_id=07cb556a-11be-4dc5-ac25-f141d4594865&sid=search,monte-castro,117880,56.0,en_pozo
MLA1946225269,https://departamento.mercadolibre.com.ar/MLA-1946225269-depto-2-amb-en-venta-en-monte-castro-caba-pozo-_JM#polycard_client=search-desktop&price_drop=not_apply&be_origin=backend&overlay_label=not_apply&search_layout=grid&position=42&type=item&tracking_id=07cb556a-11be-4dc5-ac25-f141d4594865&sid=search,monte-castro,83000,40.0,en_pozo
MLA3720671066,https://departamento.mercadolibre.com.ar/MLA-3720671066-venta-3-ambientes-montecastro-contrafrente-_JM#polycard_client=search-desktop&price_drop=not_apply&be_origin=backend&overlay_label=not_apply&search_layout=grid&position=26&type=item&tracking_id=a8055e36-0bfa-42a9-a31e-8333a955daef&sid=search,monte-castro,200000,74.0,en_pozo
MLA1908176845,https://departamento.mercadolibre.com.ar/MLA-1908176845-casa-en-horizontal-al-frente-con-entrada-exclusiva-reciclada-a-nuevo-en-optimo-estado-jardin-patio-y-amplia-terraza-proxima-centro-comercial-plaza-medios-comunicacion-etc-_JM#polycard_client=search-desktop&price_drop=not_apply&be_origin=backend&overlay_label=not_apply&search_layout=grid&position=9&type=item&tracking_id=8527550a-ab6b-4cdc-b469-7945fdb7baa9&sid=search,versalles,215000,,superficie_invalida
MLA1917507863,https://departamento.mercadolibre.com.ar/MLA-1917507863-alquiler-departamento-cochera-con-2-banos-versalles-_JM#polycard_client=search-desktop&price_drop=not_apply&be_origin=backend&overlay_label=not_apply&search_layout=grid&position=24&type=item&tracking_id=6d0a864c-3062-49f9-9e8a-cd58f2291638&sid=search,versalles,1500000,64.0,precio_en_pesos
MLA1711496065,https://departamento.mercadolibre.com.ar/MLA-1711496065-oportunidad-deja-de-alquilar-compra-en-cuotas-_JM#polycard_client=search-desktop&float_highlight=not_apply&price_drop=not_apply&be_origin=backend&overlay_label=not_apply&search_layout=grid&position=14&type=item&tracking_id=a311306c-e703-4943-8281-ca5871531cfc&sid=search,villa-lugano,30000,110.0,en_pozo
MLA1661863041,https://departamento.mercadolibre.com.ar/MLA-1661863041-departamento-de-7-amb-us-30000-y-cuo-leer-la-descripcion-_JM#polycard_client=search-desktop&float_highlight=not_apply&price_drop=not_apply&be_origin=backend&overlay_label=not_apply&search_layout=grid&position=29&type=item&tracking_id=a311306c-e703-4943-8281-ca5871531cfc&sid=search,villa-lugano,30000,110.0,en_pozo
