tipo	titulo	precio	moneda	precio_texto	es_emprendimiento	ambientes	dormitorios	banos	m2	atributos_texto	ubicacion	link	barrio	superficie_total	superficie_cubierta	cocheras	bauleras	departamentos_por_piso	numero_de_piso_de_la_unidad	tipo_de_departamento	disposicion	antig_edad	expensas	admite_mascotas	apto_credito	rampa_para_silla_de_ruedas	ascensor	lavanderia	seguridad	placards	terraza	comedor	living	dormitorio_en_suite	balcon	cocina	pileta	agua_corriente	gas_natural	aire_acondicionado	calefaccion	con_conexion_para_lavarropas	superficie_de_balcon	cantidad_de_pisos	orientacion	acceso_a_internet	con_lavadero	numero_de_torre	sauna	gimnasio	salon_de_usos_multiples	salon_de_fiestas	toilette	linea_telefonica	recepcion	heladera	estacionamiento_para_visitantes	tipo_de_seguridad	vestidor	apto_profesional	patio	jardin	desayunador	en_barrio_cerrado	jacuzzi	caldera	cisterna	parrilla	playroom	estudio	con_area_verde	amoblado	area_de_juegos_infantiles	con_cancha_de_futbol	grupo_electrogeno	cancha_de_basquetbol	canchas_de_usos_multiples	dependencia_de_servicio	cancha_de_paddle	cancha_de_tenis	roof_garden	area_de_cine	cowork	chimenea
Departamento en venta	Departamento En Venta En Versalles	90000	USD	US$90.000	False	3	2	1	56.0	3 ambs.1 baño56 m² cubiertos	Alvarez Jonte Y Av Juan B Justo, Versalles, Capital Federal	https://departamento.mercadolibre.com.ar/MLA-1952307629-departamento-en-venta-en-versalles-_JM#polycard_client=search-desktop&price_drop=not_apply&be_origin=backend&overlay_label=not_apply&search_layout=grid&position=1&type=item&tracking_id=8527550a-ab6b-4cdc-b469-7945fdb7baa9&sid=search	versalles	56 m²	56 m²	0	0	2	3	Departamento	Contrafrente	40 años	20.000 ARS	Sí	Sí	Sí	Sí	No	No	Sí	No	No	No	No	No	Sí	No	Sí	No	No	No	No																																										
Departamento en venta	Apto Credito Con Cochera Y Balcón Versalles	129900	USD	US$129.900	False	4	3	2	104.0	4 ambs.2 baños104 m² cubiertos	Madrid 6900, Versalles, Capital Federal	https://departamento.mercadolibre.com.ar/MLA-1945077895-apto-credito-con-cochera-y-balcon-versalles-_JM#polycard_client=search-desktop&price_drop=not_apply&be_origin=backend&overlay_label=not_apply&search_layout=grid&position=2&type=item&tracking_id=8527550a-ab6b-4cdc-b469-7945fdb7baa9&sid=search	versalles	113 m²	104 m²	1	0	99	10	Departamento	Frente	48 años	215.000 ARS	Sí	Sí		No		Sí		No	Sí	Sí		Sí	Sí		Sí	Sí	No	Sí	No	8,75 m²	16	Norte	Sí	Sí																																					
Departamento en venta	Venta De Departamento 3 Ambientes En Versalles	120000	USD	US$120.000	False	3	2	0	60.0	3 ambs.60 m² cubiertos	Bruselas Al 511. Entre Porcel De Peralta Y Gamboa, Versalles, Capital Federal	https://departamento.mercadolibre.com.ar/MLA-1790187743-venta-de-departamento-3-ambientes-en-versalles-_JM#polycard_client=search-desktop&price_drop=not_apply&be_origin=backend&overlay_label=not_apply&search_layout=grid&position=3&type=item&tracking_id=8527550a-ab6b-4cdc-b469-7945fdb7baa9&sid=search	versalles	62 m²	60 m²	1	0	6	7	Departamento	Contrafrente	10 años	220.000 ARS	Sí	Sí		Sí	Sí	No		No	No	No	No	Sí	Sí	Sí	Sí	Sí	No	No	No		7	Este			1	Sí	Sí	Sí	Sí	Sí																															
Departamento en venta	Venta Departamento 120 Mtr. Primer Piso	140000	USD	US$140.000	False	1	0	1	120.0	1 amb.1 baño120 m² cubiertos	CALDERON DE LA BARCA Al 1541. Entre Miranda Y Elpidio Gonzalez, Versalles, Capital Federal	https://departamento.mercadolibre.com.ar/MLA-1748606755-venta-departamento-120-mtr-primer-piso-_JM#polycard_client=search-desktop&price_drop=not_apply&be_origin=backend&overlay_label=not_apply&search_layout=grid&position=4&type=item&tracking_id=8527550a-ab6b-4cdc-b469-7945fdb7baa9&sid=search	versalles	120 m²	120,01 m²	0	0		1	Departamento		20 años	0 ARS	Sí	No		No	No	No		No	Sí	Sí	Sí	Sí	Sí	No	Sí	Sí	No	No	No		1				1					Sí																															
Departamento en venta	Triplex De 3 Ambientes Con Balcón! Venta Con Renta	190000	USD	US$190.000	False	3	2	1	75.0	3 ambs.1 baño75 m² cubiertos	Arregui 6400, Versalles, Capital Federal	https://departamento.mercadolibre.com.ar/MLA-2809460522-triplex-de-3-ambientes-con-balcon-venta-con-renta-_JM#polycard_client=search-desktop&price_drop=not_apply&be_origin=backend&overlay_label=not_apply&search_layout=grid&position=5&type=item&tracking_id=8527550a-ab6b-4cdc-b469-7945fdb7baa9&sid=search	versalles	82 m²	75 m²	0	1			Departamento	Frente	25 años	110.000 ARS	No	Sí		No	Sí	Sí		No	No	No	No	Sí	Sí	No	Sí	Sí	Sí	No	Sí		3	Norte		Sí						Sí																															
Departamento en venta	Venta De Hermoso Departamento De 3 Ambientes En Versalles	119000	USD	US$119.000	False	3	2	0	60.0	3 ambs.60 m² cubiertos	Bruselas Al 511. Entre Porcel De Peralta Y Gamboa, Versalles, Capital Federal	https://departamento.mercadolibre.com.ar/MLA-1927651983-venta-de-hermoso-departamento-de-3-ambientes-en-versalles-_JM#polycard_client=search-desktop&price_drop=not_apply&be_origin=backend&overlay_label=not_apply&search_layout=grid&position=6&type=item&tracking_id=8527550a-ab6b-4cdc-b469-7945fdb7baa9&sid=search	versalles	62 m²	60 m²	1	0	6	7	Departamento	Contrafrente	10 años	220.000 ARS	Sí	Sí		Sí	Sí	No		No	No	No	No	Sí	Sí	Sí	Sí	Sí	No	No	No		7	Este			1	Sí	Sí	Sí	Sí	Sí																															
Departamento en venta	Venta Departamento 4 Ambientes Versalles Apto Credito	125000	USD	US$125.000	False	4	3	2	75.0	4 ambs.2 baños75 m² cubiertos	Bruselas 525, Versalles, Capital Federal	https://departamento.mercadolibre.com.ar/MLA-3763976680-venta-departamento-4-ambientes-versalles-apto-credito-_JM#polycard_client=search-desktop&price_drop=not_apply&be_origin=backend&overlay_label=not_apply&search_layout=grid&position=7&type=item&tracking_id=8527550a-ab6b-4cdc-b469-7945fdb7baa9&sid=search	versalles	78 m²	75 m²	0	0	4	3	Departamento	Contrafrente	13 años	200.000 ARS	Sí	Sí	Sí	Sí	No	Sí	Sí	No	Sí	Sí	No	Sí	Sí	No	Sí	Sí	Sí	Sí	Sí	3 m²	10		Sí	Sí						Sí	Sí	Sí	Sí	Sí	Nocturno	Sí	Sí																								
Departamento en venta	Departamento En Venta En Versalles, Capital Federal, Buenos Aires	180000	USD	US$180.000	False	4	3	2	84.0	4 ambs.2 baños84 m² cubiertos	Irigoyen 1900, Versalles, Capital Federal	https://departamento.mercadolibre.com.ar/MLA-3082645608-departamento-en-venta-en-versalles-capital-federal-buenos-aires-_JM#polycard_client=search-desktop&float_highlight=not_apply&price_drop=not_apply&be_origin=backend&overlay_label=not_apply&search_layout=grid&position=8&type=item&tracking_id=8527550a-ab6b-4cdc-b469-7945fdb7baa9&sid=search	versalles	90 m²	84 m²	1			7	Departamento	Contrafrente	45 años	210.000 ARS		Sí								Sí		Sí	Sí										Sí																																						
Departamento en venta	Casa En Horizontal Al Frente Con Entrada Exclusiva -reciclada A Nuevo En Optimo Estado Jardin Patio Y Amplia Terraza -proxima Centro Comercial, Plaza, Medios Comunicacion Etc	215000	USD	US$215.000	False	5	3	2		5 ambs.2 baños	Álvarez Jonte 6000, Versalles, Capital Federal	https://departamento.mercadolibre.com.ar/MLA-1908176845-casa-en-horizontal-al-frente-con-entrada-exclusiva-reciclada-a-nuevo-en-optimo-estado-jardin-patio-y-amplia-terraza-proxima-centro-comercial-plaza-medios-comunicacion-etc-_JM#polycard_client=search-desktop&price_drop=not_apply&be_origin=backend&overlay_label=not_apply&search_layout=grid&position=9&type=item&tracking_id=8527550a-ab6b-4cdc-b469-7945fdb7baa9&sid=search	versalles			0														Sí	Sí	Sí	Sí	Sí		Sí											Sí														Sí	Sí																						
Departamento en venta	Ph Al Frente, Excelente Luminosidad. Acceso A 1° Piso Por Escalera. Cocina, Comedor Y Dormitorio Principal Al Frente. Dormitorios Con Pisos Flotantes Y Amplio Placard.	135000	USD	US$135.000	False	3	2	1	56.0	3 ambs.1 baño56 m² cubiertos	San Blas 5700, Versalles, Capital Federal	https://departamento.mercadolibre.com.ar/MLA-3782931680-ph-al-frente-excelente-luminosidad-acceso-a-1-piso-por-escalera-cocina-comedor-y-dormitorio-principal-al-frente-dormitorios-con-pisos-flotantes-y-amplio-placard-_JM#polycard_client=search-desktop&price_drop=not_apply&be_origin=backend&overlay_label=not_apply&search_layout=grid&position=10&type=item&tracking_id=8527550a-ab6b-4cdc-b469-7945fdb7baa9&sid=search	versalles	60 m²	56 m²	0	0	3	1	Ph	Frente	10 años	30.000 ARS	Sí						Sí		Sí		No	Sí	Sí							4 m²	1	Norte																																							
Departamento en venta	Devoto / Versalles - San Blas 5700 - 3 Amb. Venta	130000	USD	US$130.000	False	3	2	1	55.0	3 ambs.1 baño55 m² cubiertos	San Blas 5700, Versalles, Capital Federal	https://departamento.mercadolibre.com.ar/MLA-3790550302-devoto-versalles-san-blas-5700-3-amb-venta-_JM#polycard_client=search-desktop&float_highlight=recent_publication&price_drop=not_apply&be_origin=backend&overlay_label=not_apply&search_layout=grid&position=11&type=item&tracking_id=8527550a-ab6b-4cdc-b469-7945fdb7baa9&sid=search	versalles	60 m²	55 m²	0	0			Departamento		10 años	30.000 ARS	No			No	No	No								No	Sí	Sí	No	No				Norte																																							
Departamento en venta	Departamento 3 Ambientes En Venta En Versalles	90000	USD	US$90.000	False	3	2	1	56.0	3 ambs.1 baño56 m² cubiertos	AV Alvarez Jonte Al 6200, Versalles, Capital Federal	https://departamento.mercadolibre.com.ar/MLA-3770979604-departamento-3-ambientes-en-venta-en-versalles-_JM#polycard_client=search-desktop&price_drop=not_apply&be_origin=backend&overlay_label=not_apply&search_layout=grid&position=12&type=item&tracking_id=8527550a-ab6b-4cdc-b469-7945fdb7baa9&sid=search	versalles	56 m²	56 m²	0	0	2	3	Departamento	Contrafrente	40 años	0 ARS	Sí	No		Sí	No	Sí	Sí	No	No	No	No	No	Sí	No	Sí	Sí	No	No	No		1	Sur																																							
Departamento en venta	Depto 3 Amb, 60 M², Muy Buen Estado!	84500	USD	US$84.500	False	3	2	1	60.0	3 ambs.1 baño60 m² cubiertos	Calle Irigoyen 600, Versalles, Capital Federal	https://departamento.mercadolibre.com.ar/MLA-1945611203-depto-3-amb-60-m-muy-buen-estado-_JM#polycard_client=search-desktop&price_drop=not_apply&be_origin=backend&overlay_label=not_apply&search_layout=grid&position=13&type=item&tracking_id=8527550a-ab6b-4cdc-b469-7945fdb7baa9&sid=search	versalles	60 m²	60 m²	0	0	99	1	Departamento	Contrafrente	46 años	150.000 ARS	No	Sí		No			Sí	No	Sí	No		No	No		Sí	Sí	No	No	No		12	Norte		Sí																																					
Departamento en venta	Venta Departamento 3 Ambientes Versalles	85000	USD	US$85.000	False	3	2	1	50.0	3 ambs.1 baño50 m² cubiertos	Madrid 6900, Versalles, Capital Federal	https://departamento.mercadolibre.com.ar/MLA-1945710691-venta-departamento-3-ambientes-versalles-_JM#polycard_client=search-desktop&price_drop=not_apply&be_origin=backend&overlay_label=not_apply&search_layout=grid&position=14&type=item&tracking_id=8527550a-ab6b-4cdc-b469-7945fdb7baa9&sid=search	versalles	50 m²	50 m²	0	0	99	3	Departamento	Frente	48 años	85.000 ARS	No	No		Sí				No		Sí		No	Sí			No	No	No	No		15	Este																		Sí																					
Departamento en venta	Venta Departamento 3 Amb Apto Credito Sin Expensas	115000	USD	US$115.000	False	3	2	1	63.0	3 ambs.1 baño63 m² cubiertos	Viena 6500, Versalles, Capital Federal	https://departamento.mercadolibre.com.ar/MLA-3721808620-venta-departamento-3-amb-apto-credito-sin-expensas-_JM#polycard_client=search-desktop&price_drop=not_apply&be_origin=backend&overlay_label=not_apply&search_layout=grid&position=15&type=item&tracking_id=8527550a-ab6b-4cdc-b469-7945fdb7baa9&sid=search	versalles	66 m²	63 m²	0	1	99	1	Semi piso	Frente	39 años	0 ARS	Sí	Sí		No			Sí	No	Sí	Sí		Sí	Sí		Sí	Sí	No	No	No	3 m²	2	Norte	Sí								Sí																														
Departamento en venta	Venta Departamento 4 Amb Cochera Versalles	140000	USD	US$140.000	False	4	3	1	75.0	4 ambs.1 baño75 m² cubiertos	Bruselas 500, Versalles, Capital Federal	https://departamento.mercadolibre.com.ar/MLA-3721454246-venta-departamento-4-amb-cochera-versalles-_JM#polycard_client=search-desktop&price_drop=not_apply&be_origin=backend&overlay_label=not_apply&search_layout=grid&position=16&type=item&tracking_id=8527550a-ab6b-4cdc-b469-7945fdb7baa9&sid=search	versalles	78 m²	75 m²	1	0	99	4	Departamento	Contrafrente	13 años	365.000 ARS	No	Sí		No				No		Sí		Sí	Sí		Sí	Sí	No	No	No	3,43 m²	10	Este								Sí																															
Departamento en venta	Departamento En Versalles 3 Amb 2do X Escalera 65m2	85000	USD	US$85.000	False	3	2	1	62.0	3 ambs.1 baño62 m² cubiertos	Avenida Juan B Justo Al 9100, Versalles, Capital Federal	https://departamento.mercadolibre.com.ar/MLA-3691575868-departamento-en-versalles-3-amb-2do-x-escalera-65m2-_JM#polycard_client=search-desktop&price_drop=not_apply&be_origin=backend&overlay_label=not_apply&search_layout=grid&position=17&type=item&tracking_id=8527550a-ab6b-4cdc-b469-7945fdb7baa9&sid=search	versalles	62 m²	62 m²	0	0	2	2	Departamento	Frente	20 años	0 ARS	No	Sí		No	No	No		No	No	No	No	Sí	No	No	Sí	No	No	No	No		2	Norte																			Sí																				
Departamento en venta	Departamento En Versalles 3 Amb 2do X Escalera 65m2	85000	USD	US$85.000	False	3	2	1	62.0	3 ambs.1 baño62 m² cubiertos	Avenida Juan B Justo Al 9100, Versalles, Capital Federal	https://departamento.mercadolibre.com.ar/MLA-3663163750-departamento-en-versalles-3-amb-2do-x-escalera-65m2-_JM#polycard_client=search-desktop&price_drop=not_apply&be_origin=backend&overlay_label=not_apply&search_layout=grid&position=18&type=item&tracking_id=8527550a-ab6b-4cdc-b469-7945fdb7baa9&sid=search	versalles	62 m²	62 m²	0	0	2	2	Departamento	Frente	20 años	0 ARS	No	Sí		No	No	No		No	No	No	No	Sí	No	No	Sí	No	No	No	No		2	Norte																			Sí																				
Departamento en venta	Venta Departamento 3 Ambientes Con Patio Luminoso Excelente Ubicacion	70000	USD	US$70.000	False	3	2	1	33.0	3 ambs.1 baño33 m² cubiertos	Nogoya Al 6100, Versalles, Capital Federal	https://departamento.mercadolibre.com.ar/MLA-3613108474-venta-departamento-3-ambientes-con-patio-luminoso-excelente-ubicacion-_JM#polycard_client=search-desktop&price_drop=not_apply&be_origin=backend&overlay_label=not_apply&search_layout=grid&position=19&type=item&tracking_id=8527550a-ab6b-4cdc-b469-7945fdb7baa9&sid=search	versalles	33 m²	33 m²	0	0	2	1	Departamento	Contrafrente	60 años	0 ARS	No	No		No	No	No		No	No	No	No	No	No	No		No	No	No	No		1	Sur																																							
Departamento en venta	Venta Departamento 3 Ambientes Con Patio Luminoso Excelente Ubicacion	70000	USD	US$70.000	False	3	2	1	33.0	3 ambs.1 baño33 m² cubiertos	Nogoya Al 6100, Versalles, Capital Federal	https://departamento.mercadolibre.com.ar/MLA-3613108388-venta-departamento-3-ambientes-con-patio-luminoso-excelente-ubicacion-_JM#polycard_client=search-desktop&price_drop=not_apply&be_origin=backend&overlay_label=not_apply&search_layout=grid&position=20&type=item&tracking_id=8527550a-ab6b-4cdc-b469-7945fdb7baa9&sid=search	versalles	33 m²	33 m²	0	0	2	1	Departamento	Contrafrente	60 años	0 ARS	No	No		No	No	No		No	No	No	No	No	No	No		No	No	No	No		1	Sur																																							
Departamento en venta	Semipiso 4 Amb Dep | 120m² | Versalles | Doble Entrada (vivienda O Profesional)	159000	USD	US$159.000	False	4	3	2	101.0	4 ambs.2 baños101 m² cubiertos	AV Gral PAZ Al 10300, Versalles, Capital Federal	https://departamento.mercadolibre.com.ar/MLA-1854220117-semipiso-4-amb-dep-120m-versalles-doble-entrada-vivienda-o-profesional-_JM#polycard_client=search-desktop&price_drop=not_apply&be_origin=backend&overlay_label=not_apply&search_layout=grid&position=21&type=item&tracking_id=8527550a-ab6b-4cdc-b469-7945fdb7baa9&sid=search	versalles	120 m²	101 m²	1	0	4	1	Departamento	Frente	50 años	200.000 ARS	Sí	No		Sí	No	No		No	Sí	Sí	Sí	No	No	No	Sí	Sí	Sí	Sí	No			Norte	Sí							Sí	Sí						Sí																								
Departamento en venta	Av Álvarez Jonte 6200 Versalles 3amb U$90.000	90000	USD	US$90.000	False	3	2	1	50.0	3 ambs.1 baño50 m² cubiertos	Av Álvarez Jonte Al 6200. Entre Roma Y Lisboa, Versalles, Capital Federal	https://departamento.mercadolibre.com.ar/MLA-1833323475-av-alvarez-jonte-6200-versalles-3amb-u90000-_JM#polycard_client=search-desktop&price_drop=not_apply&be_origin=backend&overlay_label=not_apply&search_layout=grid&position=22&type=item&tracking_id=8527550a-ab6b-4cdc-b469-7945fdb7baa9&sid=search	versalles	50 m²	50 m²	0	0	2	3	Semi piso	Contrafrente	50 años	190.000 ARS	No	Sí		Sí	No	No		No	No	No	No	No	Sí	No		Sí	No	No	No			Sur			1																																				
Departamento en venta	Liniers Av Gral Paz 9700. Casa/ph 4 Ambientes Cochera P/2 Autos	139000	USD	US$139.000	False	4	3	1	80.0	4 ambs.1 baño80 m² cubiertos	Av. Gral. Paz 9700, Versalles, Capital Federal	https://departamento.mercadolibre.com.ar/MLA-1722436969-liniers-av-gral-paz-9700-casaph-4-ambientes-cochera-p2-autos-_JM#polycard_client=search-desktop&price_drop=not_apply&be_origin=backend&overlay_label=not_apply&search_layout=grid&position=23&type=item&tracking_id=8527550a-ab6b-4cdc-b469-7945fdb7baa9&sid=search	versalles	130 m²	80 m²	2				Ph	Frente						No				Sí	Sí	Sí			Sí											Sí														Sí																							
Departamento en venta	Venta Semipiso De 4 Ambientes	179000	USD	US$179.000	False	4	3	2	73.0	4 ambs.2 baños73 m² cubiertos	Bruselas 800, Versalles, Capital Federal	https://departamento.mercadolibre.com.ar/MLA-1981333959-venta-semipiso-de-4-ambientes-_JM#polycard_client=search-desktop&float_highlight=recent_publication&price_drop=not_apply&be_origin=backend&overlay_label=not_apply&search_layout=grid&position=24&type=item&tracking_id=8527550a-ab6b-4cdc-b469-7945fdb7baa9&sid=search	versalles	84 m²	73 m²	0	0	99	5	Semi piso	Frente	23 años	310.000 ARS	Sí	Sí		Sí				No		Sí		Sí	Sí			No	Sí	No	No	10,53 m²	7	Oeste																																							
Departamento en venta	Venta Depto 3 Amb. En Versalles C/terraza Propia	120000	USD	US$120.000	False	3	2	1	49.0	3 ambs.1 baño49 m² cubiertos	Gallardo 500, Versalles, Capital Federal	https://departamento.mercadolibre.com.ar/MLA-1971958431-venta-depto-3-amb-en-versalles-cterraza-propia-_JM#polycard_client=search-desktop&price_drop=not_apply&be_origin=backend&overlay_label=not_apply&search_layout=grid&position=25&type=item&tracking_id=8527550a-ab6b-4cdc-b469-7945fdb7baa9&sid=search	versalles	81 m²	49 m²	0	0	99	1	Departamento	Frente	17 años	200.000 ARS	No	Sí		No				Sí		No		Sí	Sí		Sí	Sí	No	No	No		3	Norte		Sí																																					
Departamento en venta	Departamento En Versalles	59999	USD	US$59.999	False	2	0	1	41.0	2 ambs.1 baño41 m² cubiertos	AV Alvarez Jonte Al 6100, Versalles, Capital Federal	https://departamento.mercadolibre.com.ar/MLA-3763474850-departamento-en-versalles-_JM#polycard_client=search-desktop&price_drop=not_apply&be_origin=backend&overlay_label=not_apply&search_layout=grid&position=26&type=item&tracking_id=8527550a-ab6b-4cdc-b469-7945fdb7baa9&sid=search	versalles	41 m²	41 m²	1	0		6	Departamento		44 años	100.000 ARS	No	No		Sí	No	Sí		No	No	No	No	Sí	Sí	No	Sí	Sí	No	No	No				Sí																																						
Departamento en venta	Venta Departamento De 2 Ambientes Con Balcón Y Cochera En Versalles. Apto Crédito !!	108000	USD	US$108.000	False	2	1	1	38.0	2 ambs.1 baño38 m² cubiertos	Gallardo 457, Versalles, Capital Federal	https://departamento.mercadolibre.com.ar/MLA-1948788953-venta-departamento-de-2-ambientes-con-balcon-y-cochera-en-versalles-apto-credito--_JM#polycard_client=search-desktop&price_drop=not_apply&be_origin=backend&overlay_label=not_apply&search_layout=grid&position=27&type=item&tracking_id=8527550a-ab6b-4cdc-b469-7945fdb7baa9&sid=search	versalles	40 m²	38 m²	1	0		2	Departamento	Interno	17 años	145.000 ARS	Sí	Sí		Sí	No	No		Sí	No	No	No	Sí	Sí	No	Sí	Sí	Sí	No	No		3		Sí								Sí				24 horas																										
Departamento en venta	Venta Depto Dos Ambientes Con Patio En Versalles	75000	USD	US$75.000	False	2	1	1	34.0	2 ambs.1 baño34 m² cubiertos	Irigoyen 800, Versalles, Capital Federal	https://departamento.mercadolibre.com.ar/MLA-1945712701-venta-depto-dos-ambientes-con-patio-en-versalles-_JM#polycard_client=search-desktop&price_drop=not_apply&be_origin=backend&overlay_label=not_apply&search_layout=grid&position=28&type=item&tracking_id=8527550a-ab6b-4cdc-b469-7945fdb7baa9&sid=search	versalles	39 m²	34 m²	0	0	99		Departamento	Frente	58 años	72.000 ARS	No	Sí		No				No		No		No	Sí			Sí	No	No	No		3	Norte	Sí																																						
Departamento en venta	Venta Dpto 2 Amb Con Balcón | Versalles, Caba.	54900	USD	US$54.900	False	2	1	1	30.0	2 ambs.1 baño30 m² cubiertos	Cuzco 500, Versalles, Capital Federal	https://departamento.mercadolibre.com.ar/MLA-1945611361-venta-dpto-2-amb-con-balcon-versalles-caba-_JM#polycard_client=search-desktop&price_drop=not_apply&be_origin=backend&overlay_label=not_apply&search_layout=grid&position=29&type=item&tracking_id=8527550a-ab6b-4cdc-b469-7945fdb7baa9&sid=search	versalles	33 m²	30 m²	0	0	99	3	Departamento	Frente	68 años	97.500 ARS	No	Sí		No				No		Sí		Sí	Sí		Sí	Sí	Sí	No	No	3 m²	3	Norte																																							
Departamento en venta	Departamento 3 Amb En Venta En Versalles Balc Ater	125000	USD	US$125.000	False	3	2	1	46.0	3 ambs.1 baño46 m² cubiertos	Juan Agustín García 5900, Versalles, Capital Federal	https://departamento.mercadolibre.com.ar/MLA-1945490473-departamento-3-amb-en-venta-en-versalles-balc-ater-_JM#polycard_client=search-desktop&price_drop=not_apply&be_origin=backend&overlay_label=not_apply&search_layout=grid&position=30&type=item&tracking_id=8527550a-ab6b-4cdc-b469-7945fdb7baa9&sid=search	versalles	72 m²	46 m²	0	0	99	8	Departamento	Frente	16 años	180.000 ARS	No	Sí		No			Sí	No	Sí	No		Sí	Sí			No	No	No	No		8	Norte																				Sí																			
Departamento en venta	Venta Depto 5 Ambientes En Versalles C/cochera	239000	USD	US$239.000	False	5	4	3	104.0	5 ambs.3 baños104 m² cubiertos	Irigoyen 1500, Versalles, Capital Federal	https://departamento.mercadolibre.com.ar/MLA-3720099422-venta-depto-5-ambientes-en-versalles-ccochera-_JM#polycard_client=search-desktop&price_drop=not_apply&be_origin=backend&overlay_label=not_apply&search_layout=grid&position=31&type=item&tracking_id=8527550a-ab6b-4cdc-b469-7945fdb7baa9&sid=search	versalles	112 m²	104 m²	1	0	99	1	Departamento	Frente	41 años	0 ARS	No	Sí	Sí	No				No		No		Sí	Sí			Sí	Sí	No	No	7,5 m²	4	Norte	Sí	Sí						Sí																															
Departamento en venta	Venta 3 Ambientes Con Balcon Al Frente Versalles	95000	USD	US$95.000	False	3	2	1	53.0	3 ambs.1 baño53 m² cubiertos	Lisboa 400, Versalles, Capital Federal	https://departamento.mercadolibre.com.ar/MLA-3720097872-venta-3-ambientes-con-balcon-al-frente-versalles-_JM#polycard_client=search-desktop&price_drop=not_apply&be_origin=backend&overlay_label=not_apply&search_layout=grid&position=32&type=item&tracking_id=8527550a-ab6b-4cdc-b469-7945fdb7baa9&sid=search	versalles	55 m²	53 m²	0	0	99	4	Departamento	Frente	40 años	316.000 ARS	No	No		No				No		Sí		Sí	Sí			No	No	No	No	2,43 m²	6	Este		Sí																																					
Departamento en venta	Venta 3 Ambientes Con Balcon Y Cochera Versalles	105000	USD	US$105.000	False	3	2	1	53.0	3 ambs.1 baño53 m² cubiertos	Lisboa 400, Versalles, Capital Federal	https://departamento.mercadolibre.com.ar/MLA-3720470138-venta-3-ambientes-con-balcon-y-cochera-versalles-_JM#polycard_client=search-desktop&price_drop=not_apply&be_origin=backend&overlay_label=not_apply&search_layout=grid&position=33&type=item&tracking_id=8527550a-ab6b-4cdc-b469-7945fdb7baa9&sid=search	versalles	55 m²	53 m²	1	0	99	4	Departamento	Frente	40 años	316.000 ARS	No	No		Sí	Sí		Sí	No	Sí	No		Sí	Sí		Sí	Sí	Sí	No	No	2,43 m²	6	Este	Sí	Sí									Sí																												
Departamento en venta	Venta Dto 2 Ambientes Versalles	65000	USD	US$65.000	False	2	1	1	49.0	2 ambs.1 baño49 m² cubiertos	Madrid 6900, Versalles, Capital Federal	https://departamento.mercadolibre.com.ar/MLA-3720090044-venta-dto-2-ambientes-versalles-_JM#polycard_client=search-desktop&price_drop=not_apply&be_origin=backend&overlay_label=not_apply&search_layout=grid&position=34&type=item&tracking_id=8527550a-ab6b-4cdc-b469-7945fdb7baa9&sid=search	versalles	53 m²	49 m²	0	0	99	2	Departamento	Frente	56 años	125.000 ARS	No	No		No			Sí	No		No		Sí	Sí			No	No	No	No	4 m²	3	Norte																																							
Departamento en venta	Venta Versalles 3 Ambientes Apto Credito	83000	USD	US$83.000	False	3	2	1	50.0	3 ambs.1 baño50 m² cubiertos	Madrid 6900, Versalles, Capital Federal	https://departamento.mercadolibre.com.ar/MLA-3720092520-venta-versalles-3-ambientes-apto-credito-_JM#polycard_client=search-desktop&price_drop=not_apply&be_origin=backend&overlay_label=not_apply&search_layout=grid&position=35&type=item&tracking_id=8527550a-ab6b-4cdc-b469-7945fdb7baa9&sid=search	versalles	50 m²	50 m²	0	0	99	2	Departamento	Frente	48 años	130.000 ARS	No	Sí		No	Sí		Sí	No		No		No	No			No	No	No	No		15	Norte																		Sí																					
Departamento en venta	Departamento De 4 Ambientes En Versalles	179000	USD	US$179.000	False	4	3	2	100.0	4 ambs.2 baños100 m² cubiertos	Irigoyen Al 1900, Versalles, Capital Federal	https://departamento.mercadolibre.com.ar/MLA-3681141836-departamento-de-4-ambientes-en-versalles-_JM#polycard_client=search-desktop&price_drop=not_apply&be_origin=backend&overlay_label=not_apply&search_layout=grid&position=36&type=item&tracking_id=8527550a-ab6b-4cdc-b469-7945fdb7baa9&sid=search	versalles	103 m²	100 m²	1	0			Departamento	Frente	33 años	160.000 ARS	Sí	No		No	Sí	No		No	No	No	No	Sí	Sí	No	Sí	Sí	Sí	No	Sí			Norte	Sí	Sí							Sí																														
Departamento en venta	Versalles. Avda Juan B Justo 9100 Barrio Kenedy. 3 Ambientes Planta Baja. Excelente Calidad	94900	USD	US$94.900	False	3	2	1	55.0	3 ambs.1 baño55 m² cubiertos	Av. Juan Bautista Justo 9100, Versalles, Capital Federal	https://departamento.mercadolibre.com.ar/MLA-1919959133-versalles-avda-juan-b-justo-9100-barrio-kenedy-3-ambientes-planta-baja-excelente-calidad-_JM#polycard_client=search-desktop&price_drop=not_apply&be_origin=backend&overlay_label=not_apply&search_layout=grid&position=37&type=item&tracking_id=8527550a-ab6b-4cdc-b469-7945fdb7baa9&sid=search	versalles	55 m²	55 m²	0							140.000 ARS						Sí	Sí		Sí	Sí			Sí											Sí																																					
Departamento en venta	Departamento 2 Ambientes Versallles Apto Crédito Bancario	110000	USD	US$110.000	False	2	1	1	57.0	2 ambs.1 baño57 m² cubiertos	Gallardo 400, Versalles, Capital Federal	https://departamento.mercadolibre.com.ar/MLA-3608572948-departamento-2-ambientes-versallles-apto-credito-bancario-_JM#polycard_client=search-desktop&price_drop=not_apply&be_origin=backend&overlay_label=not_apply&search_layout=grid&position=38&type=item&tracking_id=8527550a-ab6b-4cdc-b469-7945fdb7baa9&sid=search	versalles	57 m²	57 m²	1	0	3		Departamento	Contrafrente	7 años	0 ARS	No	Sí		Sí	No	No								No	Sí	Sí	No	Sí			1	Este									Sí												Sí																		
Departamento en venta	Venta Depto 4amb Cochera Versalles	145000	USD	US$145.000	False	4	3	2	74.0	4 ambs.2 baños74 m² cubiertos	BRUSELAS Al 525, Versalles, Capital Federal	https://departamento.mercadolibre.com.ar/MLA-3600693134-venta-depto-4amb-cochera-versalles-_JM#polycard_client=search-desktop&price_drop=not_apply&be_origin=backend&overlay_label=not_apply&search_layout=grid&position=39&type=item&tracking_id=8527550a-ab6b-4cdc-b469-7945fdb7baa9&sid=search	versalles	78,05 m²	74,62 m²	1	0	30	5	Departamento	Contrafrente	10 años	384.000 ARS	No	Sí		Sí	No	Sí	Sí	No	Sí	Sí	No	Sí	Sí	No		Sí	No	Sí	Sí		11				1					Sí					24 horas																										
Departamento en venta	Versalles Echenagucia 1200 A Estrenar 3 Amb. + Balcon 1er. Piso Frente Calidad A Estrenar!	175000	USD	US$175.000	False	3	2	1	55.0	3 ambs.1 baño55 m² cubiertos	Echenagucía 900 - 1200, Versalles, Capital Federal	https://departamento.mercadolibre.com.ar/MLA-1860136379-versalles-echenagucia-1200-a-estrenar-3-amb-balcon-1er-piso-frente-calidad-a-estrenar-_JM#polycard_client=search-desktop&price_drop=not_apply&be_origin=backend&overlay_label=not_apply&search_layout=grid&position=40&type=item&tracking_id=8527550a-ab6b-4cdc-b469-7945fdb7baa9&sid=search	versalles	64 m²	55 m²	0											Sí			Sí		Sí	Sí			Sí											Sí						Sí																															
Departamento en venta	Versalles.echenagucia 1200. 3 Amb.primer Piso Contrafte. A Estrenar Bajas Expensas !!!	156000	USD	US$156.000	False	3	2	2	55.0	3 ambs.2 baños55 m² cubiertos	Echenagucía 1200, Versalles, Capital Federal	https://departamento.mercadolibre.com.ar/MLA-3521974532-versallesechenagucia-1200-3-ambprimer-piso-contrafte-a-estrenar-bajas-expensas--_JM#polycard_client=search-desktop&price_drop=not_apply&be_origin=backend&overlay_label=not_apply&search_layout=grid&position=41&type=item&tracking_id=8527550a-ab6b-4cdc-b469-7945fdb7baa9&sid=search	versalles	55 m²	55 m²	0											Sí			Sí		Sí	Sí			Sí											Sí						Sí																															
Departamento en venta	Montecastro Calderon De La Barca Numero 1800. Departamento 2 Amb. Losa Radiante Balcon	93000	USD	US$93.000	False	2	1	1	45.0	2 ambs.1 baño45 m² cubiertos	Pedro Calderón De La Barca 1800, C1407KQJ, Versalles, Capital Federal	https://departamento.mercadolibre.com.ar/MLA-3516894348-montecastro-calderon-de-la-barca-numero-1800-departamento-2-amb-losa-radiante-balcon-_JM#polycard_client=search-desktop&price_drop=not_apply&be_origin=backend&overlay_label=not_apply&search_layout=grid&position=42&type=item&tracking_id=8527550a-ab6b-4cdc-b469-7945fdb7baa9&sid=search	versalles	50 m²	45 m²	0																																																																				
Departamento en venta	Departamento En Venta Dos Ambientes Frente Balcon Versalles	92000	USD	US$92.000	False	2	1	1	45.0	2 ambs.1 baño45 m² cubiertos	Juan B Justo 8557, Versalles, Capital Federal	https://departamento.mercadolibre.com.ar/MLA-1843450493-departamento-en-venta-dos-ambientes-frente-balcon-versalles-_JM#polycard_client=search-desktop&price_drop=not_apply&be_origin=backend&overlay_label=not_apply&search_layout=grid&position=43&type=item&tracking_id=8527550a-ab6b-4cdc-b469-7945fdb7baa9&sid=search	versalles	54 m²	45 m²	0	0	3		Departamento	Frente	50 años	135.000 ARS	Sí	No		Sí	Sí	No		No	No	Sí	No	Sí	Sí	No	Sí	Sí	No	No	Sí		1	Sur	Sí	Sí																																					
Departamento en venta	Departamento 2 Amb En Versalles	55500	USD	US$55.500	False	2	1	1	35.0	2 ambs.1 baño35 m² cubiertos	Cuzco Al 500, Versalles, Capital Federal	https://departamento.mercadolibre.com.ar/MLA-3465506414-departamento-2-amb-en-versalles-_JM#polycard_client=search-desktop&price_drop=not_apply&be_origin=backend&overlay_label=not_apply&search_layout=grid&position=44&type=item&tracking_id=8527550a-ab6b-4cdc-b469-7945fdb7baa9&sid=search	versalles	35 m²	35 m²	0	0			Departamento		50 años	50.000 ARS	No	No		No	No	No		No	No	No	No	No	No	No	Sí	Sí	No	No	No				Sí																																						
Departamento en venta	3 Amb Al Frente Sobre Corredor Del Metro Bus- Excelente Y Muy Amplio	89000	USD	US$89.000	False	3	2	1	70.0	3 ambs.1 baño70 m² cubiertos	Av. Juan Bautista Justo 9514, C1408AKZ, Versalles, Capital Federal	https://departamento.mercadolibre.com.ar/MLA-3444567224-3-amb-al-frente-sobre-corredor-del-metro-bus-excelente-y-muy-amplio-_JM#polycard_client=search-desktop&price_drop=not_apply&be_origin=backend&overlay_label=not_apply&search_layout=grid&position=45&type=item&tracking_id=8527550a-ab6b-4cdc-b469-7945fdb7baa9&sid=search	versalles	70 m²	70 m²	0		5	4	Departamento	Frente	60 años	150.000 ARS	Sí	Sí		Sí	No	No	Sí	No	Sí	Sí	No	Sí	Sí	No	Sí	Sí	No	No	Sí		6	Norte																						Sí																	
Departamento en venta	Venta Departamento 4 Ambientes Versalles Con Cochera	185000	USD	US$185.000	False	4	3	2	84.0	4 ambs.2 baños84 m² cubiertos	Irigoyen 1920, Versalles, Capital Federal	https://departamento.mercadolibre.com.ar/MLA-1824397125-venta-departamento-4-ambientes-versalles-con-cochera-_JM#polycard_client=search-desktop&price_drop=not_apply&be_origin=backend&overlay_label=not_apply&search_layout=grid&position=46&type=item&tracking_id=8527550a-ab6b-4cdc-b469-7945fdb7baa9&sid=search	versalles	89,85 m²	84,33 m²	1	0		13	Departamento		40 años	300.000 ARS	No	No		No	No	No		No	No	No	No	No	No	No		No	No	No	No																																										
Departamento en venta	Departamento - Versalles	8300075000	USD	US$83.000US$75.000 BAJÓ DE PRECIO	False	3	2	1	50.0	3 ambs.1 baño50 m² totales	Cuzco Al 500, Versalles, Capital Federal	https://departamento.mercadolibre.com.ar/MLA-1820752179-departamento-versalles-_JM#polycard_client=search-desktop&price_drop=true&be_origin=backend&overlay_label=not_apply&search_layout=grid&position=47&type=item&tracking_id=8527550a-ab6b-4cdc-b469-7945fdb7baa9&sid=search	versalles	50 m²		0	0			Departamento	Lateral	50 años	130.000 ARS	No	No		No	No	No		No	No	No	No	No	Sí	No	Sí	Sí	No	No	No			Norte																																							
Departamento en venta	3 Amb Al Frente Con Cocina Separada - Lavadero	78000	USD	US$78.000	False	3	2	1	65.0	3 ambs.1 baño65 m² cubiertos	Av. Juan Bautista Justo 9111, Versalles, Capital Federal	https://departamento.mercadolibre.com.ar/MLA-3404621664-3-amb-al-frente-con-cocina-separada-lavadero-_JM#polycard_client=search-desktop&price_drop=not_apply&be_origin=backend&overlay_label=not_apply&search_layout=grid&position=48&type=item&tracking_id=8527550a-ab6b-4cdc-b469-7945fdb7baa9&sid=search	versalles	72 m²	65 m²	0		4	2	Departamento	Frente	50 años	290.000 ARS	Sí	Sí		Sí	No	No	Sí	No	Sí	Sí	No	Sí	Sí	No	Sí	No	No	No	Sí	7 m²	4	Sur		Sí													Sí																								
Departamento en venta	3 Amb 1 Piso X Escalera Al Frente Con Patio Y Terraza	145000	USD	US$145.000	False	3	2	1	85.0	3 ambs.1 baño85 m² cubiertos	Manuel Porcel De Peralta 968, Versalles, Capital Federal	https://departamento.mercadolibre.com.ar/MLA-1757029907-3-amb-1-piso-x-escalera-al-frente-con-patio-y-terraza-_JM#polycard_client=search-desktop&float_highlight=not_apply&price_drop=not_apply&be_origin=backend&overlay_label=not_apply&search_layout=grid&position=1&type=item&tracking_id=6d0a864c-3062-49f9-9e8a-cd58f2291638&sid=search	versalles	85 m²	85 m²	0		1	1											Sí	Sí	Sí	Sí		Sí	Sí								1			Sí														Sí							Sí																
Departamento en venta	Piso 4 Amb + Escritorio - Cochera - 4 Baños	249000	USD	US$249.000	False	4	3	4	120.0	4 ambs.4 baños120 m² cubiertos	C. Irigoyen 1506, Versalles, Capital Federal	https://departamento.mercadolibre.com.ar/MLA-2966399938-piso-4-amb-escritorio-cochera-4-banos-_JM#polycard_client=search-desktop&float_highlight=not_apply&price_drop=not_apply&be_origin=backend&overlay_label=not_apply&search_layout=grid&position=2&type=item&tracking_id=6d0a864c-3062-49f9-9e8a-cd58f2291638&sid=search	versalles	130 m²	120 m²	1							340.000 ARS																				10 m²																																									
Departamento en venta	Departamento En Venta En Versalles, Capital Federal	97000	USD	US$97.000	False	3	2	1	55.0	3 ambs.1 baño55 m² cubiertos	Av. Álvarez Jonte 6193, Versalles, Capital Federal	https://departamento.mercadolibre.com.ar/MLA-2901517910-departamento-en-venta-en-versalles-capital-federal-_JM#polycard_client=search-desktop&price_drop=not_apply&be_origin=backend&overlay_label=not_apply&search_layout=grid&position=3&type=item&tracking_id=6d0a864c-3062-49f9-9e8a-cd58f2291638&sid=search	versalles	63 m²	55 m²	0	0	5	13	Departamento	Frente	50 años	150.000 ARS	Sí	Sí	Sí	Sí	No	No	Sí	No	Sí	Sí		Sí	Sí	No	Sí	Sí	No	No	Sí	5 m²	1	Oeste		Sí																																					
Departamento en venta	Departamento En Venta En Versalles	93000	USD	US$93.000	False	3	2	2	65.0	3 ambs.2 baños65 m² cubiertos	Av. Álvarez Jonte 6270, Versalles, Capital Federal	https://departamento.mercadolibre.com.ar/MLA-1654545787-departamento-en-venta-en-versalles-_JM#polycard_client=search-desktop&float_highlight=not_apply&price_drop=not_apply&be_origin=backend&overlay_label=not_apply&search_layout=grid&position=4&type=item&tracking_id=6d0a864c-3062-49f9-9e8a-cd58f2291638&sid=search	versalles	75 m²	65 m²	0	1	3		Loft	Frente	20 años	140.000 ARS	Sí			Sí		No	Sí	No	Sí	Sí	No	No	Sí	No	Sí	Sí	Sí	No	Sí		2	Oeste																Sí																							
Departamento en venta	Versalles.b*kenedy Juan B Justo 9100 3 Amb.c/balcon Todo Nuevo	89000	USD	US$89.000	False	3	2	1	65.0	3 ambs.1 baño65 m² cubiertos	Av. Juan B. Justo 9100, Versalles, Capital Federal	https://departamento.mercadolibre.com.ar/MLA-2600012014-versallesbkenedy-juan-b-justo-9100-3-ambcbalcon-todo-nuevo-_JM#polycard_client=search-desktop&price_drop=not_apply&be_origin=backend&overlay_label=not_apply&search_layout=grid&position=5&type=item&tracking_id=6d0a864c-3062-49f9-9e8a-cd58f2291638&sid=search	versalles	65 m²	65 m²	0																																																																				
Departamento en venta	Departamento En Venta En Versalles Con Balcón	87000	USD	US$87.000	False	2	1	1	32.0	2 ambs.1 baño32 m² cubiertos	Arregui 6129, Versalles, Capital Federal	https://departamento.mercadolibre.com.ar/MLA-3656482466-departamento-en-venta-en-versalles-con-balcon-_JM#polycard_client=search-desktop&float_highlight=not_apply&price_drop=not_apply&be_origin=backend&overlay_label=not_apply&search_layout=grid&position=6&type=item&tracking_id=6d0a864c-3062-49f9-9e8a-cd58f2291638&sid=search	versalles	35 m²	32 m²	0	0	3	6	Departamento	Lateral	50 años	60.000 ARS	Sí	Sí		Sí	No		Sí	No	Sí	Sí	No	Sí	Sí	No	Sí	Sí	No	Sí		3 m²	8	Norte		Sí																				Sí																	
Departamento en venta	3 Amb Al Frente *muy Amplio* Al Frente * Muy Buen Estado*	89000	USD	US$89.000	False	3	2	1	70.0	3 ambs.1 baño70 m² cubiertos	Av. Juan Bautista Justo 9514, C1408AKZ, Versalles, Capital Federal	https://departamento.mercadolibre.com.ar/MLA-1843642925-3-amb-al-frente-muy-amplio-al-frente-muy-buen-estado-_JM#polycard_client=search-desktop&float_highlight=not_apply&price_drop=not_apply&be_origin=backend&overlay_label=not_apply&search_layout=grid&position=7&type=item&tracking_id=6d0a864c-3062-49f9-9e8a-cd58f2291638&sid=search	versalles	70 m²	70 m²	0		5	5	Departamento	Frente	60 años	140.000 ARS	Sí	Sí		Sí			Sí	No	Sí	Sí	No	Sí	Sí	No	Sí	Sí	No	No	Sí		6	Norte		Sí																				Sí																	
Departamento en venta	Venta 2 Ambientes Con Cochera	119000	USD	US$119.000	False	2	1	1	37.0	2 ambs.1 baño37 m² cubiertos	Dupuy 1065, Versalles, Capital Federal	https://departamento.mercadolibre.com.ar/MLA-3512727836-venta-2-ambientes-con-cochera-_JM#polycard_client=search-desktop&float_highlight=not_apply&price_drop=not_apply&be_origin=backend&overlay_label=not_apply&search_layout=grid&position=8&type=item&tracking_id=6d0a864c-3062-49f9-9e8a-cd58f2291638&sid=search	versalles	41,36 m²	37,45 m²	1	0	3	1	Departamento	Contrafrente	4 años	55.000 ARS	Sí	Sí		Sí	No	No	Sí	No	Sí	Sí	No	Sí	Sí	No	Sí	Sí	Sí	Sí	Sí	3,91 m²	1	Este	Sí														Sí																								
Departamento en venta	Excelente Depto En Barrio Kennedy De 3 Amb Con Balcon	75000	USD	US$75.000	False	3	2	1	55.0	3 ambs.1 baño55 m² cubiertos	Av. Juan Bautista Justo 9100, Versalles, Capital Federal	https://departamento.mercadolibre.com.ar/MLA-1771103039-excelente-depto-en-barrio-kennedy-de-3-amb-con-balcon-_JM#polycard_client=search-desktop&price_drop=not_apply&be_origin=backend&overlay_label=not_apply&search_layout=grid&position=9&type=item&tracking_id=6d0a864c-3062-49f9-9e8a-cd58f2291638&sid=search	versalles	59 m²	55 m²	1	0	2	1	Departamento	Frente	60 años	100.000 ARS		Sí				Sí														4 m²	2	Este													24 horas						Sí																				
Departamento en venta	Venta Departamento 3 Ambientes C/ Terraza Compartida - Versalles	77500	USD	US$77.500	False	3	2	1	49.0	3 ambs.1 baño49 m² cubiertos	Nogoya 6100, Versalles, Capital Federal	https://departamento.mercadolibre.com.ar/MLA-1949462971-venta-departamento-3-ambientes-c-terraza-compartida-versalles-_JM#polycard_client=search-desktop&price_drop=not_apply&be_origin=backend&overlay_label=not_apply&search_layout=grid&position=10&type=item&tracking_id=6d0a864c-3062-49f9-9e8a-cd58f2291638&sid=search	versalles	49 m²	49 m²	0	0		2	Departamento	Lateral	46 años	18.000 ARS	Sí	Sí		No	No	No		Sí	No	No	No	No	Sí	No	Sí	Sí	No	No	No		2		Sí												24 horas																										
Departamento en venta	Venta Dto 2 Amb Bajas Expensas Apto Crédito	60000	USD	US$60.000	False	2	1	1	37.0	2 ambs.1 baño37 m² cubiertos	Madrid 6960, Versalles, Capital Federal	https://departamento.mercadolibre.com.ar/MLA-3717651408-venta-dto-2-amb-bajas-expensas-apto-credito-_JM#polycard_client=search-desktop&price_drop=not_apply&be_origin=backend&overlay_label=not_apply&search_layout=grid&position=11&type=item&tracking_id=6d0a864c-3062-49f9-9e8a-cd58f2291638&sid=search	versalles	39 m²	37 m²	0	0	4	3	Departamento	Contrafrente	46 años	67.000 ARS	Sí	No		No	No	No		No	No	No	No	No	Sí	No	Sí	Sí	Sí	No	No	2 m²		Este																																							
Departamento en venta	Venta Departamento Versalles 4 Ambientes Cochera Sum Piso Alto-vista Abierta-persianas-apto Credito	185000	USD	US$185.000	False	4	3	2	100.0	4 ambs.2 baños100 m² totales	Irigoyen Al 1900, Versalles, Capital Federal	https://departamento.mercadolibre.com.ar/MLA-1896077223-venta-departamento-versalles-4-ambientes-cochera-sum-piso-alto-vista-abierta-persianas-apto-credito-_JM#polycard_client=search-desktop&price_drop=not_apply&be_origin=backend&overlay_label=not_apply&search_layout=grid&position=12&type=item&tracking_id=6d0a864c-3062-49f9-9e8a-cd58f2291638&sid=search	versalles	100 m²		1	0	4	13	Departamento	Frente	25 años	300.000 ARS	Sí	Sí		Sí	No	No		No	Sí	Sí	No	No	Sí	No	Sí	Sí	Sí	No	No	12 m²	1	Sur	Sí					Sí									Sí		Sí																						
Departamento en venta	Departamento En Venta En Versalles	175000	USD	US$175.000	False	3	2	1	151.0	3 ambs.1 baño151 m² cubiertos	VIENA - (CABA) Al 6546. Entre Gallardo - (caba) Y Barragan - (caba), Versalles, Capital Federal	https://departamento.mercadolibre.com.ar/MLA-2769445034-departamento-en-venta-en-versalles-_JM#polycard_client=search-desktop&float_highlight=not_apply&price_drop=not_apply&be_origin=backend&overlay_label=not_apply&search_layout=grid&position=13&type=item&tracking_id=6d0a864c-3062-49f9-9e8a-cd58f2291638&sid=search	versalles	217 m²	151 m²	1	0	1		Departamento	Contrafrente	25 años	300 ARS	No	No		No	No	No		No	No	No	No	No	No	No		No	No	No	No	66 m²	2	Sur			1																																				
Departamento en venta	Departamento En Venta En Versalles, Capital Federal, Buenos Aires	58000	USD	US$58.000	False	2	1	1	33.0	2 ambs.1 baño33 m² cubiertos	Irigoyen 2100, Versalles, Capital Federal	https://departamento.mercadolibre.com.ar/MLA-1868878239-departamento-en-venta-en-versalles-capital-federal-buenos-aires-_JM#polycard_client=search-desktop&price_drop=not_apply&be_origin=backend&overlay_label=not_apply&search_layout=grid&position=14&type=item&tracking_id=6d0a864c-3062-49f9-9e8a-cd58f2291638&sid=search	versalles	39 m²	33 m²	0				Departamento	Contrafrente	30 años	150.000 ARS									Sí	Sí			Sí																									Sí								Sí															
Departamento en venta	Departamento 3 Ambientes Con Balcón Versalles Caba	90000	USD	US$90.000	False	3	2	1	54.0	3 ambs.1 baño54 m² cubiertos	Álvarez Jonte 6193, Versalles, Capital Federal	https://departamento.mercadolibre.com.ar/MLA-3108555564-departamento-3-ambientes-con-balcon-versalles-caba-_JM#polycard_client=search-desktop&price_drop=not_apply&be_origin=backend&overlay_label=not_apply&search_layout=grid&position=15&type=item&tracking_id=6d0a864c-3062-49f9-9e8a-cd58f2291638&sid=search	versalles	56 m²	54 m²	0	0			Departamento	Frente	30 años	100.000 ARS	Sí		Sí		No		Sí	No	Sí	Sí	No	Sí	Sí	No	Sí	Sí	Sí	Sí	Sí	2 m²	14		Sí	Sí													Sí										Sí														
Departamento en venta	Departamento En Venta En Versalles	78000	USD	US$78.000	False	3	2	1	64.0	3 ambs.1 baño64 m² cubiertos	Cuzco Al 532. Entre Aguaribay Y Madrid, Versalles, Capital Federal	https://departamento.mercadolibre.com.ar/MLA-3434733614-departamento-en-venta-en-versalles-_JM#polycard_client=search-desktop&price_drop=not_apply&be_origin=backend&overlay_label=not_apply&search_layout=grid&position=16&type=item&tracking_id=6d0a864c-3062-49f9-9e8a-cd58f2291638&sid=search	versalles	65 m²	64,99 m²	0	0		11	Departamento		50 años	230.000 ARS	No	No		Sí	No	No		No	No	No	No	No	No	No		No	No	No	No						1																																				
Departamento en venta	Excelente 3 Amb En Planta Baja Con Patio!!!	110000	USD	US$110.000	False	3	2	1	51.0	3 ambs.1 baño51 m² cubiertos	Arregui Al 6300, Versalles, Capital Federal	https://departamento.mercadolibre.com.ar/MLA-3379515198-excelente-3-amb-en-planta-baja-con-patio-_JM#polycard_client=search-desktop&price_drop=not_apply&be_origin=backend&overlay_label=not_apply&search_layout=grid&position=17&type=item&tracking_id=6d0a864c-3062-49f9-9e8a-cd58f2291638&sid=search	versalles	72 m²	51 m²	0	0			Departamento	Lateral	40 años	0 ARS	No	No		No	Sí	No		No	No	No	No	No	Sí	No	Sí	Sí	No	No	Sí		1			Sí														Sí																							
Departamento en venta	Departamento En Versalles	125000	USD	US$125.000	False	3	2	1	50.0	3 ambs.1 baño50 m² cubiertos	Juan A. Garcia Al 5900, Versalles, Capital Federal	https://departamento.mercadolibre.com.ar/MLA-3342581162-departamento-en-versalles-_JM#polycard_client=search-desktop&price_drop=not_apply&be_origin=backend&overlay_label=not_apply&search_layout=grid&position=18&type=item&tracking_id=6d0a864c-3062-49f9-9e8a-cd58f2291638&sid=search	versalles	88 m²	50 m²	0	0		8	Departamento	Frente	10 años	180.000 ARS	No	No		No	No	No		No	No	No	No	Sí	No	No	Sí	Sí	No	No	No																																										
Departamento en venta	Duplex 3 Ambientes Con Cochera	210000	USD	US$210.000	False	3	2	2	60.0	3 ambs.2 baños60 m² cubiertos	Irigoyen 1870, Versalles, Capital Federal	https://departamento.mercadolibre.com.ar/MLA-1790500715-duplex-3-ambientes-con-cochera-_JM#polycard_client=search-desktop&price_drop=not_apply&be_origin=backend&overlay_label=not_apply&search_layout=grid&position=19&type=item&tracking_id=6d0a864c-3062-49f9-9e8a-cd58f2291638&sid=search	versalles	60 m²	60 m²	1				Dúplex	Frente		0 ARS		No													Sí	Sí																																													
Departamento en venta	Depto De 3 Amb En Versalles (porcel De Peralta Al 900)	95000	USD	US$95.000	False	3	2	1	71.0	3 ambs.1 baño71 m² cubiertos	Manuel Porcel De Peralta Al 900, Versalles, Capital Federal	https://departamento.mercadolibre.com.ar/MLA-3271054958-depto-de-3-amb-en-versalles-porcel-de-peralta-al-900-_JM#polycard_client=search-desktop&price_drop=not_apply&be_origin=backend&overlay_label=not_apply&search_layout=grid&position=20&type=item&tracking_id=6d0a864c-3062-49f9-9e8a-cd58f2291638&sid=search	versalles	71 m²	71 m²	0	0			Departamento	Frente	50 años	60.000 ARS	No	No		No	No	No		Sí	No	No	No	No	No	No	Sí	Sí	Sí	No	No																				Sí						Sí																
Departamento en venta	Departamento En Venta En Versalles	105000	USD	US$105.000	False	2	1	1	56.0	2 ambs.1 baño56 m² cubiertos	Gallardo Al 457, Versalles, Capital Federal	https://departamento.mercadolibre.com.ar/MLA-3800740746-departamento-en-venta-en-versalles-_JM#polycard_client=search-desktop&float_highlight=not_apply&price_drop=not_apply&be_origin=backend&overlay_label=not_apply&search_layout=grid&position=21&type=item&tracking_id=6d0a864c-3062-49f9-9e8a-cd58f2291638&sid=search	versalles	56 m²	56 m²	1	0		3	Departamento	Contrafrente	12 años	0 ARS	No	No		Sí	No	No	Sí	Sí	No	No	No	No	No	No	Sí	Sí	No	No	No				Sí		1						Sí					Sí																									
Departamento en venta	Venta Departamento 3 Amb Barrio Kennedy	89000	USD	US$89.000	False	3	2	1	55.0	3 ambs.1 baño55 m² cubiertos	Av. Juan Bautista Justo 9100, Versalles, Capital Federal	https://departamento.mercadolibre.com.ar/MLA-1810348435-venta-departamento-3-amb-barrio-kennedy-_JM#polycard_client=search-desktop&price_drop=not_apply&be_origin=backend&overlay_label=not_apply&search_layout=grid&position=22&type=item&tracking_id=6d0a864c-3062-49f9-9e8a-cd58f2291638&sid=search	versalles	55 m²	55 m²	0	0	2	1	Semi piso	Contrafrente	60 años							Sí	Sí		Sí	Sí			Sí						Sí		2	Oeste		Sí																	Sí							Sí	Sí												
Departamento en venta	Venta De Departamento 4 Ambientes Con 2 Cocheras En Versalles, Capital Federal	155000	USD	US$155.000	False	5	3	2	78.0	5 ambs.2 baños78 m² cubiertos	Bruselas 535, Versalles, Capital Federal	https://departamento.mercadolibre.com.ar/MLA-1934010237-venta-de-departamento-4-ambientes-con-2-cocheras-en-versalles-capital-federal-_JM#polycard_client=search-desktop&price_drop=not_apply&be_origin=backend&overlay_label=not_apply&search_layout=grid&position=23&type=item&tracking_id=6d0a864c-3062-49f9-9e8a-cd58f2291638&sid=search	versalles	78 m²	78 m²	2		4	10	Departamento	Frente	12 años	300.000 ARS	Sí	Sí	Sí	Sí	No	Sí	Sí	No	Sí	No	No	Sí	Sí	No	Sí	Sí	No	Sí	Sí	3 m²	10	Sur	Sí							Sí		Sí			24 horas					Sí	Sí			Sí				Sí													
Departamento en venta	Alquiler Departamento Cochera Con 2 Baños Versalles	1500000	ARS	$1.500.000	False	3	2	2	64.0	3 ambs.2 baños64 m² cubiertos	Fernando Fader 6078, Versalles, Capital Federal	https://departamento.mercadolibre.com.ar/MLA-1917507863-alquiler-departamento-cochera-con-2-banos-versalles-_JM#polycard_client=search-desktop&price_drop=not_apply&be_origin=backend&overlay_label=not_apply&search_layout=grid&position=24&type=item&tracking_id=6d0a864c-3062-49f9-9e8a-cd58f2291638&sid=search	versalles	84 m²	64 m²	1	1	2	2	Semi piso	Frente	8 años	0 ARS		No		Sí																13 m²	3	Norte																																							
Departamento en venta	Venta 3 Amb - 2 Baños - Terraza - Villa Real	160000	USD	US$160.000	False	3	2	2	67.0	3 ambs.2 baños67 m² cubiertos	Cortina 2100, Villa Real, Capital Federal	https://departamento.mercadolibre.com.ar/MLA-3720666040-venta-3-amb-2-banos-terraza-villa-real-_JM#polycard_client=search-desktop&price_drop=not_apply&be_origin=backend&overlay_label=not_apply&search_layout=grid&position=1&type=item&tracking_id=2ed7ee14-4ccc-4e5c-9178-5e7d8fdc65c9&sid=search	villa-real	112 m²	67 m²	0	0	99	4	Departamento	Frente	1 años	0 ARS	No	No		No				No		Sí		Sí	No		Sí	Sí	No	No	No	45 m²	4	Norte	Sí							Sí	Sí						Sí																								
Departamento en venta	Venta 3 Ambientes 2 Baños Cochera Villa Real	153000	USD	US$153.000	False	3	2	2	56.0	3 ambs.2 baños56 m² cubiertos	Fernando Fader 6000, Villa Real, Capital Federal	https://departamento.mercadolibre.com.ar/MLA-3720665886-venta-3-ambientes-2-banos-cochera-villa-real-_JM#polycard_client=search-desktop&price_drop=not_apply&be_origin=backend&overlay_label=not_apply&search_layout=grid&position=2&type=item&tracking_id=2ed7ee14-4ccc-4e5c-9178-5e7d8fdc65c9&sid=search	villa-real	61 m²	56 m²	1	0	99	2	Departamento	Frente	8 años	170.000 ARS	No	Sí		Sí			Sí	No	Sí	Sí	Sí	Sí	Sí		Sí	Sí	Sí	Sí	No	4,66 m²	3	Norte														Sí	Sí			Sí																					
Departamento en venta	Alquiler Y Ó Venta - 2 Ambientes Con Balcon - Villa Real / Villa Devoto	109000	USD	US$109.000	False	2	1	1	40.0	2 ambs.1 baño40 m² cubiertos	Baigorria Al 5300, Villa Real, Capital Federal	https://departamento.mercadolibre.com.ar/MLA-3577749020-alquiler-y-o-venta-2-ambientes-con-balcon-villa-real-villa-devoto-_JM#polycard_client=search-desktop&price_drop=not_apply&be_origin=backend&overlay_label=not_apply&search_layout=grid&position=3&type=item&tracking_id=2ed7ee14-4ccc-4e5c-9178-5e7d8fdc65c9&sid=search	villa-real	44 m²	40 m²	0	0		2	Departamento	Frente	8 años	230.000 ARS	No	No		Sí	No	No		No	No	No	No	Sí	Sí	No	Sí	Sí	No	No	No	4 m²																																									
Departamento en venta	2 Ambientes Con Balcon - Villa Real / Villa Devoto - Venta Y Ó Alquiler	105000	USD	US$105.000	False	2	1	1	39.0	2 ambs.1 baño39 m² cubiertos	Baigorria Al 5300, Villa Real, Capital Federal	https://departamento.mercadolibre.com.ar/MLA-3577774228-2-ambientes-con-balcon-villa-real-villa-devoto-venta-y-o-alquiler-_JM#polycard_client=search-desktop&price_drop=not_apply&be_origin=backend&overlay_label=not_apply&search_layout=grid&position=4&type=item&tracking_id=2ed7ee14-4ccc-4e5c-9178-5e7d8fdc65c9&sid=search	villa-real	41 m²	39 m²	0	0		2	Departamento	Frente	8 años	220.000 ARS	No	No		Sí	No	No		No	No	No	No	Sí	Sí	No	Sí	Sí	No	No	No	2 m²																																									
Departamento en venta	Dpto 3 Ambientes Sin Expensas - A Estrenar	179000	USD	US$179.000	False	3	2	2	89.0	3 ambs.2 baños89 m² cubiertos	Av. Francisco Beiró 5700, Buenos Aires, Villa Real, Capital Federal	https://departamento.mercadolibre.com.ar/MLA-3567112652-dpto-3-ambientes-sin-expensas-a-estrenar-_JM#polycard_client=search-desktop&price_drop=not_apply&be_origin=backend&overlay_label=not_apply&search_layout=grid&position=5&type=item&tracking_id=2ed7ee14-4ccc-4e5c-9178-5e7d8fdc65c9&sid=search	villa-real	114 m²	89 m²	0		2			Frente				Sí						Sí	Sí	Sí		Sí	Sí		Sí	Sí					1												Sí												Sí																
Departamento en venta	Duplex Tipo Casa 4 Amb C/ Garaje Y Parque C/ Pileta Y Galeria	265000	USD	US$265.000	False	4	3	1	72.0	4 ambs.1 baño72 m² cubiertos	Simbrón 5800, Villa Real, Capital Federal	https://departamento.mercadolibre.com.ar/MLA-3534466966-duplex-tipo-casa-4-amb-c-garaje-y-parque-c-pileta-y-galeria-_JM#polycard_client=search-desktop&price_drop=not_apply&be_origin=backend&overlay_label=not_apply&search_layout=grid&position=6&type=item&tracking_id=2ed7ee14-4ccc-4e5c-9178-5e7d8fdc65c9&sid=search	villa-real	191 m²	72 m²	1	0			Departamento		25 años	0 ARS	Sí	No	Sí	No	Sí	Sí	Sí	No	Sí	Sí	No	No	Sí	No		Sí	No	No	Sí		2	Norte	Sí	Sí						Sí					Virtual				Sí		Sí				Sí																
Departamento en venta	Departamento 3 Ambientes Frente Con Balcón, Vista Panorámica, Lavadero Separado	95000	USD	US$95.000	False	3	2	1	43.0	3 ambs.1 baño43 m² cubiertos	Curuzu Cuatia Al 2400, Villa Real, Capital Federal	https://departamento.mercadolibre.com.ar/MLA-2821412976-departamento-3-ambientes-frente-con-balcon-vista-panoramica-lavadero-separado-_JM#polycard_client=search-desktop&float_highlight=not_apply&price_drop=not_apply&be_origin=backend&overlay_label=not_apply&search_layout=grid&position=7&type=item&tracking_id=2ed7ee14-4ccc-4e5c-9178-5e7d8fdc65c9&sid=search	villa-real	46 m²	43 m²	0	1			Departamento	Frente	23 años	180.000 ARS	No	Sí		No	No	No		No	Sí	No	No	Sí	Sí	No	Sí	Sí	No	No	No	3 m²	1	Norte																																							
Departamento en venta	Virgilio 2900 Villa Real 4amb U$199.000 Apto Cred Y Prof	199000	USD	US$199.000	False	4	3	2	72.0	4 ambs.2 baños72 m² cubiertos	Virgilio Al 2900. Entre Av Francisco Beiro Y Jose Luis Cantilo, Villa Real, Capital Federal	https://departamento.mercadolibre.com.ar/MLA-3659717464-virgilio-2900-villa-real-4amb-u199000-apto-cred-y-prof-_JM#polycard_client=search-desktop&float_highlight=not_apply&price_drop=not_apply&be_origin=backend&overlay_label=not_apply&search_layout=grid&position=8&type=item&tracking_id=2ed7ee14-4ccc-4e5c-9178-5e7d8fdc65c9&sid=search	villa-real	80 m²	72 m²	0	0	4	4	Departamento	Frente	45 años	450.000 ARS	Sí	Sí		Sí	No	No		No	No	No	No	Sí	Sí	No		No	No	No	No	8 m²	8			Sí	1												Sí																								
Departamento en venta	Departamento 4 Amb Con Patio 2 Bños Bajas Expensas	132900	USD	US$132.900	False	4	3	2	80.0	4 ambs.2 baños80 m² cubiertos	Av. General Paz Al 8700, Villa Real, Capital Federal	https://departamento.mercadolibre.com.ar/MLA-3809022668-departamento-4-amb-con-patio-2-bnos-bajas-expensas-_JM#polycard_client=search-desktop&float_highlight=recent_publication&price_drop=not_apply&be_origin=backend&overlay_label=not_apply&search_layout=grid&position=9&type=item&tracking_id=2ed7ee14-4ccc-4e5c-9178-5e7d8fdc65c9&sid=search	villa-real	90 m²	80 m²	0	0	2		Departamento	Contrafrente	50 años	129.000 ARS	Sí	No		No	Sí	No		No	No	No	No	No	Sí	No	Sí	Sí	Sí	Sí	Sí		1	Oeste	Sí	Sí							Sí							Sí	Sí						Sí																
Departamento en venta	Venta 4 Ambientes Luminoso Apto Credito, Caba	112000	USD	US$112.000	False	4	3	1	66.0	4 ambs.1 baño66 m² cubiertos	Curuzú Cuatiá 2418, Villa Real, Capital Federal	https://departamento.mercadolibre.com.ar/MLA-3726621898-venta-4-ambientes-luminoso-apto-credito-caba-_JM#polycard_client=search-desktop&price_drop=not_apply&be_origin=backend&overlay_label=not_apply&search_layout=grid&position=10&type=item&tracking_id=2ed7ee14-4ccc-4e5c-9178-5e7d8fdc65c9&sid=search	villa-real	71,98 m²	66,4 m²	1	0		9	Departamento	Frente	46 años	140.000 ARS	No	No		No	No	No		No	No	No	No	No	Sí	No	Sí	Sí	No	No	No					Sí											24 horas																										
Departamento en venta	Venta Departamento 2 Amb Con Balcon Y Cochera	120000110000	USD	US$120.000US$110.000 BAJÓ DE PRECIO	False	2	1	1	47.0	2 ambs.1 baño47 m² cubiertos	Irigoyen 2200, Villa Real, Capital Federal	https://departamento.mercadolibre.com.ar/MLA-1945487551-venta-departamento-2-amb-con-balcon-y-cochera-_JM#polycard_client=search-desktop&price_drop=true&be_origin=backend&overlay_label=not_apply&search_layout=grid&position=11&type=item&tracking_id=2ed7ee14-4ccc-4e5c-9178-5e7d8fdc65c9&sid=search	villa-real	52 m²	47 m²	1	0	99	2	Departamento	Frente	29 años	214.000 ARS	No	No		No				No		Sí		Sí	Sí			No	No	No	No	4,95 m²	3	Norte																																							
Departamento en venta	Venta Dpto 4 Amb Vista Panoram / Villa Real	105000	USD	US$105.000	False	4	3	1	72.0	4 ambs.1 baño72 m² cubiertos	Curuzú Cuatiá 2400, Villa Real, Capital Federal	https://departamento.mercadolibre.com.ar/MLA-3720096548-venta-dpto-4-amb-vista-panoram-villa-real-_JM#polycard_client=search-desktop&price_drop=not_apply&be_origin=backend&overlay_label=not_apply&search_layout=grid&position=12&type=item&tracking_id=2ed7ee14-4ccc-4e5c-9178-5e7d8fdc65c9&sid=search	villa-real	72 m²	72 m²	0	0	99	12	Departamento	Frente	50 años	210.000 ARS	No	Sí		No	Sí	Sí	Sí	No	Sí	No		No	No			No	No	No	No		14	Norte																	Sí									Sí													
Departamento en venta	Departamento En Venta En Villa Real	115000	USD	US$115.000	False	2	1	1	44.0	2 ambs.1 baño44 m² cubiertos	Simbrón Al 5800, Villa Real, Capital Federal	https://departamento.mercadolibre.com.ar/MLA-3590945980-departamento-en-venta-en-villa-real-_JM#polycard_client=search-desktop&price_drop=not_apply&be_origin=backend&overlay_label=not_apply&search_layout=grid&position=13&type=item&tracking_id=2ed7ee14-4ccc-4e5c-9178-5e7d8fdc65c9&sid=search	villa-real	46 m²	44 m²	0	0		3	Departamento	Contrafrente	43 años	100.000 ARS	No	Sí	Sí	No	No	Sí		No	No	No	No	Sí	Sí	No		No	No	No	No	2 m²																	Sí																								
Departamento en venta	Villa Real Moliere 2800 Departamento 2 Ambientes 35 M2 Bajas Expensas	69000	USD	US$69.000	False	2	1	1	35.0	2 ambs.1 baño35 m² cubiertos	Moliere 2800, Villa Real, Capital Federal	https://departamento.mercadolibre.com.ar/MLA-3373695676-villa-real-moliere-2800-departamento-2-ambientes-35-m2-bajas-expensas-_JM#polycard_client=search-desktop&price_drop=not_apply&be_origin=backend&overlay_label=not_apply&search_layout=grid&position=14&type=item&tracking_id=2ed7ee14-4ccc-4e5c-9178-5e7d8fdc65c9&sid=search	villa-real	35 m²	35 m²	0																			Sí	Sí						Sí																																										
Departamento en venta	Departamento De 2 Ambientes Con Patio Sin Expensas	83700	USD	US$83.700	False	2	1	1	40.0	2 ambs.1 baño40 m² cubiertos	Av. Francisco Beiró 5738, C1408 Cdad. Autónoma De Buenos Aires, Argentina, Villa Real, Capital Federal	https://departamento.mercadolibre.com.ar/MLA-3576640406-departamento-de-2-ambientes-con-patio-sin-expensas-_JM#polycard_client=search-desktop&price_drop=not_apply&be_origin=backend&overlay_label=not_apply&search_layout=grid&position=15&type=item&tracking_id=2ed7ee14-4ccc-4e5c-9178-5e7d8fdc65c9&sid=search	villa-real	53 m²	40 m²	0	0	3		Semi piso	Contrafrente	50 años	0 ARS	Sí	Sí		No			Sí		Sí	Sí	No	No	Sí	Sí	Sí	Sí	Sí				2		Sí	Sí													Sí	Sí		Sí																					
Departamento en venta	Departamento En Venta En Villa Real, Capital Federal, Buenos Aires	85000	USD	US$85.000	False	3	2	1	55.0	3 ambs.1 baño55 m² cubiertos	Gral. Paz 9000, Villa Real, Capital Federal	https://departamento.mercadolibre.com.ar/MLA-1760375843-departamento-en-venta-en-villa-real-capital-federal-buenos-aires-_JM#polycard_client=search-desktop&price_drop=not_apply&be_origin=backend&overlay_label=not_apply&search_layout=grid&position=16&type=item&tracking_id=2ed7ee14-4ccc-4e5c-9178-5e7d8fdc65c9&sid=search	villa-real	55 m²	55 m²	0		3	3	Departamento	Contrafrente	50 años			Sí		Sí			Sí		Sí	Sí		Sí	Sí						Sí		5	Norte		Sí													Sí	Sí										Sí													
Departamento en venta	Departamento En Venta En Villa Real, Capital Federal, Buenos Aires	119000	USD	US$119.000	False	5	3	3	85.0	5 ambs.3 baños85 m² cubiertos	Gral. Paz 9000, Villa Real, Capital Federal	https://departamento.mercadolibre.com.ar/MLA-3223340438-departamento-en-venta-en-villa-real-capital-federal-buenos-aires-_JM#polycard_client=search-desktop&price_drop=not_apply&be_origin=backend&overlay_label=not_apply&search_layout=grid&position=17&type=item&tracking_id=2ed7ee14-4ccc-4e5c-9178-5e7d8fdc65c9&sid=search	villa-real	91 m²	85 m²	0		3	3	Departamento	Frente	50 años					Sí	Sí		Sí		Sí	Sí		Sí	Sí						Sí	6 m²	5	Norte		Sí																							Sí	Sí													
Departamento en venta	Departamento En Venta En Villa Real, Capital Federal, Buenos Aires	57900	USD	US$57.900	False	2	1	1	33.0	2 ambs.1 baño33 m² cubiertos	Gral. Paz 9000, Villa Real, Capital Federal	https://departamento.mercadolibre.com.ar/MLA-3223352464-departamento-en-venta-en-villa-real-capital-federal-buenos-aires-_JM#polycard_client=search-desktop&price_drop=not_apply&be_origin=backend&overlay_label=not_apply&search_layout=grid&position=18&type=item&tracking_id=2ed7ee14-4ccc-4e5c-9178-5e7d8fdc65c9&sid=search	villa-real	33 m²	33 m²	0		3	3	Departamento	Lateral	50 años			Sí		Sí					Sí	Sí		Sí	Sí						Sí		5	Este		Sí													Sí	Sí																							
Departamento en venta	Depto 3 Amb Al Frente 56 M2 En Villa Real (curuzú Cuatiá 2400)	88000	USD	US$88.000	False	3	2	1	56.0	3 ambs.1 baño56 m² cubiertos	Curuzu Cuatia Al 2400, Villa Real, Capital Federal	https://departamento.mercadolibre.com.ar/MLA-3770866834-depto-3-amb-al-frente-56-m2-en-villa-real-curuzu-cuatia-2400-_JM#polycard_client=search-desktop&price_drop=not_apply&be_origin=backend&overlay_label=not_apply&search_layout=grid&position=19&type=item&tracking_id=2ed7ee14-4ccc-4e5c-9178-5e7d8fdc65c9&sid=search	villa-real	56 m²	56 m²	0	0	4	2	Departamento	Frente	50 años	250.000 ARS	Sí	Sí		Sí	Sí	No		No	No	No	No	Sí	Sí	No	Sí	Sí	No	No	Sí			Oeste		Sí													Sí																								
Departamento en venta	Venta Departamento 3 Ambientes Villa Riachuelo Con Cochera	87900	USD	US$87.900	False	3	2	1	52.0	3 ambs.1 baño52 m² cubiertos	Timoteo Gordillo Al 5500, Villa Riachuelo, Capital Federal	https://departamento.mercadolibre.com.ar/MLA-1952100319-venta-departamento-3-ambientes-villa-riachuelo-con-cochera-_JM#polycard_client=search-desktop&price_drop=not_apply&be_origin=backend&overlay_label=not_apply&search_layout=grid&position=1&type=item&tracking_id=63c310fb-56d8-4cc9-8490-b5ba9a7b6bf6&sid=search	villa-riachuelo	55 m²	52 m²	1	0			Departamento	Contrafrente	10 años	0 ARS	Sí	Sí	Sí	Sí	Sí	Sí		No	No	No	No	Sí	Sí	No	Sí	Sí	Sí	No	No	3 m²	9	Norte	Sí												Virtual																										
Departamento en venta	Departamento 3 Ambientes En Venta. Balcon. Moderno	120000	USD	US$120.000	False	3	2	1	51.0	3 ambs.1 baño51 m² cubiertos	Itaqui Al 6700, Villa Riachuelo, Capital Federal	https://departamento.mercadolibre.com.ar/MLA-1896858329-departamento-3-ambientes-en-venta-balcon-moderno-_JM#polycard_client=search-desktop&price_drop=not_apply&be_origin=backend&overlay_label=not_apply&search_layout=grid&position=2&type=item&tracking_id=63c310fb-56d8-4cc9-8490-b5ba9a7b6bf6&sid=search	villa-riachuelo	53 m²	51 m²	1	0	3	3	Departamento	Contrafrente	8 años	180.000 ARS	Sí	Sí	Sí	Sí	No	No	Sí	No	No	Sí	No	Sí	Sí	No	Sí	Sí	Sí	No	No		1	Sur																					Sí					Sí													
Departamento en venta	Departamento De Tres Ambientes Y Balcón C/frente, Piedrabuena 5138 - Villa Riachuelo	90000	USD	US$90.000	False	3	2	1	56.0	3 ambs.1 baño56 m² cubiertos	Piedrabuena 5100, Villa Riachuelo, Capital Federal	https://departamento.mercadolibre.com.ar/MLA-2785859254-departamento-de-tres-ambientes-y-balcon-cfrente-piedrabuena-5138-villa-riachuelo-_JM#polycard_client=search-desktop&price_drop=not_apply&be_origin=backend&overlay_label=not_apply&search_layout=grid&position=3&type=item&tracking_id=63c310fb-56d8-4cc9-8490-b5ba9a7b6bf6&sid=search	villa-riachuelo	60 m²	56 m²	0						11 años	30.000 ARS																				4 m²	3																																								
Departamento en venta	Venta Depto Dos Ambientes Con Patio, Villa Lugano	47000	USD	US$47.000	False	2	1	1	40.0	2 ambs.1 baño40 m² cubiertos	Avenida Lisandro De La Torre 5100, Villa Riachuelo, Capital Federal	https://departamento.mercadolibre.com.ar/MLA-1982314667-venta-depto-dos-ambientes-con-patio-villa-lugano-_JM#polycard_client=search-desktop&float_highlight=recent_publication&price_drop=not_apply&be_origin=backend&overlay_label=not_apply&search_layout=grid&position=4&type=item&tracking_id=63c310fb-56d8-4cc9-8490-b5ba9a7b6bf6&sid=search	villa-riachuelo	74 m²	40 m²	0	0	99	1	Departamento	Frente	50 años	0 ARS	No	No		No				No		No		No	Sí			No	No	No	No		2	Norte																																							
Departamento en venta	Moderno Departamento De 3 Ambientes En Venta En El Corazon De Villa Riachuelo.	80000	USD	US$80.000	False	0	2	1	55.0	2 dormitorios1 baño55 m² cubiertos	Timoteo Gordillo 5500, Villa Riachuelo, Capital Federal	https://departamento.mercadolibre.com.ar/MLA-1948883539-moderno-departamento-de-3-ambientes-en-venta-en-el-corazon-de-villa-riachuelo-_JM#polycard_client=search-desktop&price_drop=not_apply&be_origin=backend&overlay_label=not_apply&search_layout=grid&position=5&type=item&tracking_id=63c310fb-56d8-4cc9-8490-b5ba9a7b6bf6&sid=search	villa-riachuelo	61 m²	55 m²	0	0			Departamento	Frente	16 años	0 ARS	No	Sí		No	No	No		No	No	No	No	No	No	No	Sí	Sí	Sí	No	No				Sí												24 horas																										
Departamento en venta	Departamento 2 Ambientes Con Patio En Villa Lugano	90000	USD	US$90.000	False	2	1	1	44.0	2 ambs.1 baño44 m² cubiertos	Timoteo Gordillo 4900, Villa Riachuelo, Capital Federal	https://departamento.mercadolibre.com.ar/MLA-1971742583-departamento-2-ambientes-con-patio-en-villa-lugano-_JM#polycard_client=search-desktop&price_drop=not_apply&be_origin=backend&overlay_label=not_apply&search_layout=grid&position=6&type=item&tracking_id=63c310fb-56d8-4cc9-8490-b5ba9a7b6bf6&sid=search	villa-riachuelo	61 m²	44 m²	0	0	99	1	Departamento	Contrafrente	16 años	280.000 ARS	No	Sí		No				Sí		Sí		No	Sí			No	No	No	No		3	Norte																																							
Departamento en venta	Triplex En Venta En Lugano Barrio Olimpico	87000	USD	US$87.000	False	3	2	1	65.0	3 ambs.1 baño65 m² cubiertos	Alberto Demiddi 4500, Villa Riachuelo, Capital Federal	https://departamento.mercadolibre.com.ar/MLA-1946159085-triplex-en-venta-en-lugano-barrio-olimpico-_JM#polycard_client=search-desktop&price_drop=not_apply&be_origin=backend&overlay_label=not_apply&search_layout=grid&position=7&type=item&tracking_id=63c310fb-56d8-4cc9-8490-b5ba9a7b6bf6&sid=search	villa-riachuelo	80 m²	65 m²	0	0	99	9	Tríplex	Frente	6 años	75.000 ARS	No	Sí	Sí	No				Sí	Sí	No		No	Sí			No	No	No	No		9	Norte						Sí		Sí							Sí								Sí																
Departamento en venta	Departamento 3 Ambientes - Villa Lugano -	78000	USD	US$78.000	False	3	2	1	52.0	3 ambs.1 baño52 m² cubiertos	Avenida General Francisco Fernández De La Cruz 6200, Villa Riachuelo, Capital Federal	https://departamento.mercadolibre.com.ar/MLA-1946159009-departamento-3-ambientes-villa-lugano--_JM#polycard_client=search-desktop&price_drop=not_apply&be_origin=backend&overlay_label=not_apply&search_layout=grid&position=8&type=item&tracking_id=63c310fb-56d8-4cc9-8490-b5ba9a7b6bf6&sid=search	villa-riachuelo	55 m²	52 m²	0	0	99	5	Departamento	Frente	43 años	100.000 ARS	No	Sí		No				No		No		No	No			No	No	No	No		8	Norte																																							
Departamento en venta	Departamento 3 Ambientes Con Cochera, Villa Lugano	155000	USD	US$155.000	False	3	2	1	70.0	3 ambs.1 baño70 m² cubiertos	Timoteo Gordillo 4600, Villa Riachuelo, Capital Federal	https://departamento.mercadolibre.com.ar/MLA-1946159003-departamento-3-ambientes-con-cochera-villa-lugano-_JM#polycard_client=search-desktop&price_drop=not_apply&be_origin=backend&overlay_label=not_apply&search_layout=grid&position=9&type=item&tracking_id=63c310fb-56d8-4cc9-8490-b5ba9a7b6bf6&sid=search	villa-riachuelo	99 m²	70 m²	1	0	99	1	Departamento	Frente	11 años	120.000 ARS	No	Sí		No			Sí	No	Sí	No		Sí	Sí			No	No	No	No	9,54 m²	3	Norte		Sí						Sí			Sí					Sí																							
Departamento en venta	Departamento 3 Ambientes, Villa Lugano	117500	USD	US$117.500	False	3	2	1	65.0	3 ambs.1 baño65 m² cubiertos	Avenida General Francisco Fernández De La Cruz 6600, Villa Riachuelo, Capital Federal	https://departamento.mercadolibre.com.ar/MLA-1946232897-departamento-3-ambientes-villa-lugano-_JM#polycard_client=search-desktop&price_drop=not_apply&be_origin=backend&overlay_label=not_apply&search_layout=grid&position=10&type=item&tracking_id=63c310fb-56d8-4cc9-8490-b5ba9a7b6bf6&sid=search	villa-riachuelo	138 m²	65 m²	0	0	99	1	Departamento	Frente	51 años	0 ARS	No	No		No				Sí		No		Sí	Sí			Sí	No	No	No	8 m²	1	Norte		Sí													Sí																								
Departamento en venta	Departamento 3 Ambientes En Venta Villa Lugano	133000	USD	US$133.000	False	3	2	1	59.0	3 ambs.1 baño59 m² cubiertos	José Barros Pazos 6700, Villa Riachuelo, Capital Federal	https://departamento.mercadolibre.com.ar/MLA-1946332927-departamento-3-ambientes-en-venta-villa-lugano-_JM#polycard_client=search-desktop&price_drop=not_apply&be_origin=backend&overlay_label=not_apply&search_layout=grid&position=11&type=item&tracking_id=63c310fb-56d8-4cc9-8490-b5ba9a7b6bf6&sid=search	villa-riachuelo	59 m²	59 m²	1	0	99	3	Departamento	Frente	36 años	53.000 ARS	No	Sí		No			Sí	No	Sí	Sí		No	Sí			No	No	No	No		3	Norte		Sí									Sí																												
Departamento en venta	Departamento 2 Ambientes	85000	USD	US$85.000	False	2	1	1	49.0	2 ambs.1 baño49 m² cubiertos	Gral. Fructuoso Rivera 6520, Villa Riachuelo, Capital Federal	https://departamento.mercadolibre.com.ar/MLA-1762012541-departamento-2-ambientes-_JM#polycard_client=search-desktop&price_drop=not_apply&be_origin=backend&overlay_label=not_apply&search_layout=grid&position=12&type=item&tracking_id=63c310fb-56d8-4cc9-8490-b5ba9a7b6bf6&sid=search	villa-riachuelo	56,43 m²	49,43 m²	0	0	2	1	Departamento	Frente	30 años	25.000 ARS	Sí	Sí		No	No	No	Sí	No	Sí	Sí	No	Sí	Sí	No	Sí	Sí	No	Sí	Sí	7 m²	3	Norte	Sí	Sí																Sí																					
Departamento en venta	Venta Departamento 2 Dormitorios Villa Riachuelo	149000	USD	US$149.000	False	3	2	1	72.0	3 ambs.1 baño72 m² cubiertos	Lisandro, Villa Riachuelo, Capital Federal	https://departamento.mercadolibre.com.ar/MLA-1676295609-venta-departamento-2-dormitorios-villa-riachuelo-_JM#polycard_client=search-desktop&float_highlight=not_apply&price_drop=not_apply&be_origin=backend&overlay_label=not_apply&search_layout=grid&position=13&type=item&tracking_id=63c310fb-56d8-4cc9-8490-b5ba9a7b6bf6&sid=search	villa-riachuelo	72 m²	72 m²	0	0		1	Departamento	Frente	20 años	15.000 ARS	Sí	Sí		No	No	No		No	No	No	No	Sí	Sí	No	Sí	Sí	No	No	Sí			Este	Sí	Sí													Sí																								
Departamento en venta	Venta Departamento 3 Ambientes Con Terraza Y Parrilla, Villa Lugano	149000	USD	US$149.000	False	3	2	1	71.0	3 ambs.1 baño71 m² cubiertos	Cañada De Gómez 4789, Villa Riachuelo, Capital Federal	https://departamento.mercadolibre.com.ar/MLA-1676321175-venta-departamento-3-ambientes-con-terraza-y-parrilla-villa-lugano-_JM#polycard_client=search-desktop&float_highlight=not_apply&price_drop=not_apply&be_origin=backend&overlay_label=not_apply&search_layout=grid&position=14&type=item&tracking_id=63c310fb-56d8-4cc9-8490-b5ba9a7b6bf6&sid=search	villa-riachuelo	75 m²	71 m²	0	0		2	Departamento	Frente	20 años	0 ARS	Sí	Sí		No	No	No		Sí	No	No	No	Sí	Sí	No	Sí	Sí	No	No	Sí	4 m²		Sur	Sí	Sí							Sí														Sí																
Departamento en venta	Venta Departamento 4 Ambientes 1°p Villa Lugano	156000	USD	US$156.000	False	4	3	2	87.0	4 ambs.2 baños87 m² cubiertos	Guaminí 4794, Villa Riachuelo, Capital Federal	https://departamento.mercadolibre.com.ar/MLA-3745658176-venta-departamento-4-ambientes-1p-villa-lugano-_JM#polycard_client=search-desktop&price_drop=not_apply&be_origin=backend&overlay_label=not_apply&search_layout=grid&position=15&type=item&tracking_id=63c310fb-56d8-4cc9-8490-b5ba9a7b6bf6&sid=search	villa-riachuelo	96,18 m²	87,78 m²	0	2	2	1	Departamento	Frente	40 años	0 ARS	Sí	No		No		No	Sí	Sí	Sí	Sí	No	Sí	Sí	No	Sí	Sí	No	Sí	Sí	8,4 m²	1		Sí	Sí						Sí							Sí																								
Departamento en venta	Dúplex 4 Dormitorios Apto Crédito Con Balcón Barrio Olímpico Parque De La Ciudad	143900	USD	US$143.900	False	4	3	2	90.0	4 ambs.2 baños90 m² cubiertos	Av. Escalada 4548, Villa Soldati, Capital Federal	https://departamento.mercadolibre.com.ar/MLA-3726897920-duplex-4-dormitorios-apto-credito-con-balcon-barrio-olimpico-parque-de-la-ciudad-_JM#polycard_client=search-desktop&price_drop=not_apply&be_origin=backend&overlay_label=not_apply&search_layout=grid&position=1&type=item&tracking_id=35baef4d-1ce4-4c1c-8fc4-11ee31c7901a&sid=search	villa-soldati	100 m²	90 m²	0	0		4	Departamento	Frente	6 años	90.000 ARS	No	Sí		Sí	No	No		No	Sí	No	No	Sí	Sí	No	Sí	Sí	No	No	No		6		Sí	Sí							Sí				24 horas																										
Departamento en venta	Departamento 2 Ambientes Con Balcon Barrio Olimpico Lago Sur. Bajamos Precio!!!	75000	USD	US$75.000	False	2	1	2	59.0	2 ambs.2 baños59 m² cubiertos	Alberto Demiddi 4365, Villa Soldati, Capital Federal	https://departamento.mercadolibre.com.ar/MLA-1947821063-departamento-2-ambientes-con-balcon-barrio-olimpico-lago-sur-bajamos-precio-_JM#polycard_client=search-desktop&price_drop=not_apply&be_origin=backend&overlay_label=not_apply&search_layout=grid&position=2&type=item&tracking_id=35baef4d-1ce4-4c1c-8fc4-11ee31c7901a&sid=search	villa-soldati	59 m²	59 m²	1	0		5	Departamento	Frente	7 años	0 ARS	Sí	Sí		No	No	No		No	No	No	No	Sí	Sí	No	Sí	No	No	No	No																24 horas																										
Departamento en venta	Departamento 2 Ambientes Venta Barrio Olimpico	79900	USD	US$79.900	False	2	1	1	51.0	2 ambs.1 baño51 m² cubiertos	Alberto Demiddi 4500, Villa Soldati, Capital Federal	https://departamento.mercadolibre.com.ar/MLA-3721461170-departamento-2-ambientes-venta-barrio-olimpico-_JM#polycard_client=search-desktop&price_drop=not_apply&be_origin=backend&overlay_label=not_apply&search_layout=grid&position=3&type=item&tracking_id=35baef4d-1ce4-4c1c-8fc4-11ee31c7901a&sid=search	villa-soldati	112 m²	51 m²	0	0	99	1	Dúplex	Frente	7 años	50.000 ARS	No	Sí		No				No	Sí	No	Sí	No	No			No	No	No	No		6	Norte						Sí																																	
Departamento en venta	Venta Departamento 3 Ambientes Soldati	26900	USD	US$26.900	False	3	2	1	44.0	3 ambs.1 baño44 m² cubiertos	Avenida Coronel Roca 3600, Villa Soldati, Capital Federal	https://departamento.mercadolibre.com.ar/MLA-3721586718-venta-departamento-3-ambientes-soldati-_JM#polycard_client=search-desktop&price_drop=not_apply&be_origin=backend&overlay_label=not_apply&search_layout=grid&position=4&type=item&tracking_id=35baef4d-1ce4-4c1c-8fc4-11ee31c7901a&sid=search	villa-soldati	47 m²	44 m²	0	0	99	2	Departamento	Frente	51 años	3.000 ARS	No	No		No				No		No		Sí	No			No	No	No	No	3 m²	15	Norte																																							
Departamento en venta	Venta 5 Ambientes Villa Soldati	32500	USD	US$32.500	False	5	4	2	75.0	5 ambs.2 baños75 m² cubiertos	Avenida Lacarra Block 56 3400, Villa Soldati, Capital Federal	https://departamento.mercadolibre.com.ar/MLA-1945717317-venta-5-ambientes-villa-soldati-_JM#polycard_client=search-desktop&price_drop=not_apply&be_origin=backend&overlay_label=not_apply&search_layout=grid&position=5&type=item&tracking_id=35baef4d-1ce4-4c1c-8fc4-11ee31c7901a&sid=search	villa-soldati	83 m²	75 m²	0	0	99	2	Departamento	Frente	51 años	20.000 ARS	No	No		No				No		No		No	No			No	No	No	No		2	Norte																																							
Departamento en venta	Venta Departamento Ttipo Duplex 2 Ambientes Con Terraza	79900	USD	US$79.900	False	2	1	1	70.0	2 ambs.1 baño70 m² cubiertos	Blvd. Olimpico Jose Benjamin Zubiaur Al 4300, Villa Soldati, Capital Federal	https://departamento.mercadolibre.com.ar/MLA-3516156770-venta-departamento-ttipo-duplex-2-ambientes-con-terraza-_JM#polycard_client=search-desktop&price_drop=not_apply&be_origin=backend&overlay_label=not_apply&search_layout=grid&position=6&type=item&tracking_id=35baef4d-1ce4-4c1c-8fc4-11ee31c7901a&sid=search	villa-soldati	92 m²	70 m²	0	0	6	8	Departamento	Frente	10 años	78.000 ARS	Sí	Sí		Sí	No	No		Sí	No	No	No	No	Sí	No		No	No	No	No		3	Norte	Sí														Sí																								
Departamento en venta	Departamento En Villa Soldati	45000	USD	US$45.000	False	3	2	1	48.0	3 ambs.1 baño48 m² cubiertos	Mariano Acosta Al 3400, Villa Soldati, Capital Federal	https://departamento.mercadolibre.com.ar/MLA-1820248689-departamento-en-villa-soldati-_JM#polycard_client=search-desktop&price_drop=not_apply&be_origin=backend&overlay_label=not_apply&search_layout=grid&position=7&type=item&tracking_id=35baef4d-1ce4-4c1c-8fc4-11ee31c7901a&sid=search	villa-soldati	51 m²	48 m²	0	0	4		Departamento	Frente	50 años	20.000 ARS	No	Sí		No	No	No		No	Sí	Sí	No	No	No	No		No	No	No	No	3 m²		Sur																																							
Departamento en venta	Venta Depto 3 Amb Con Balcon Villa Soldati	27000	USD	US$27.000	False	3	2	1	41.0	3 ambs.1 baño41 m² cubiertos	Avenida Mariano Acosta 3400, Villa Soldati, Capital Federal	https://departamento.mercadolibre.com.ar/MLA-3203750872-venta-depto-3-amb-con-balcon-villa-soldati-_JM#polycard_client=search-desktop&float_highlight=not_apply&price_drop=not_apply&be_origin=backend&overlay_label=not_apply&search_layout=grid&position=8&type=item&tracking_id=35baef4d-1ce4-4c1c-8fc4-11ee31c7901a&sid=search	villa-soldati	47 m²	41 m²	0			4			44 años	10.000 ARS				Sí					Sí	Sí		Sí	Sí								24																																								
Departamento en venta	Av Lacarra 3700 2° V Soldati 5amb C/balc 2bañ U$45.000	45000	USD	US$45.000	False	5	4	2	71.0	5 ambs.2 baños71 m² cubiertos	Av Lacarra Al 3700. Entre Av. Francisco Rabanal Y Av Mariano Acosta, Villa Soldati, Capital Federal	https://departamento.mercadolibre.com.ar/MLA-1720793611-av-lacarra-3700-2-v-soldati-5amb-cbalc-2ban-u45000-_JM#polycard_client=search-desktop&float_highlight=not_apply&price_drop=not_apply&be_origin=backend&overlay_label=not_apply&search_layout=grid&position=9&type=item&tracking_id=35baef4d-1ce4-4c1c-8fc4-11ee31c7901a&sid=search	villa-soldati	77,49 m²	71,57 m²	0	0		2	Departamento	Frente	45 años	15.000 ARS	Sí	No		Sí	No	No		No	No	No	No	Sí	Sí	No		Sí	No	No	No	5,92 m²					1																																				
Departamento en venta	Ph Por Pasillo En Venta 3 Amb. C/patio Y Terraza- Contrafrente U$s 67.000	67000	USD	US$67.000	False	3	2	2	80.0	3 ambs.2 baños80 m² cubiertos	Condor Al 2600, Villa Soldati, Capital Federal	https://departamento.mercadolibre.com.ar/MLA-2792967584-ph-por-pasillo-en-venta-3-amb-cpatio-y-terraza-contrafrente-us-67000-_JM#polycard_client=search-desktop&float_highlight=not_apply&price_drop=not_apply&be_origin=backend&overlay_label=not_apply&search_layout=grid&position=10&type=item&tracking_id=35baef4d-1ce4-4c1c-8fc4-11ee31c7901a&sid=search	villa-soldati	80 m²	80 m²	0	0			Departamento		40 años	0 ARS	Sí	No		No	Sí	No		Sí	No	Sí	No	No	Sí	No	Sí	Sí	No	No	Sí			Sur		Sí														Sí	Sí																						
Departamento en venta	Av Lacarra 3800 7º Villa Soldati 5 Amb U$ 35.000	35000	USD	US$35.000	False	5	4	2	81.0	5 ambs.2 baños81 m² cubiertos	Av Lacarra Al 3800. Entre Corrales Y Av. Coronel Roca, Villa Soldati, Capital Federal	https://departamento.mercadolibre.com.ar/MLA-1652036125-av-lacarra-3800-7-villa-soldati-5-amb-u-35000-_JM#polycard_client=search-desktop&float_highlight=not_apply&price_drop=not_apply&be_origin=backend&overlay_label=not_apply&search_layout=grid&position=11&type=item&tracking_id=35baef4d-1ce4-4c1c-8fc4-11ee31c7901a&sid=search	villa-soldati	81 m²	81 m²	0	0		7	Departamento	Contrafrente	45 años	25.000 ARS	Sí	No		No	No	No		No	No	No	No	Sí	No	No		No	Sí	No	No		9				1																																				
Departamento en venta	Corrales 3600 Villa Soldati 5amb U$72.000 Apto Cred	72000	USD	US$72.000	False	5	4	1	72.0	5 ambs.1 baño72 m² cubiertos	Corrales Al 3600. Entre Av Lacarra Y Mariano Acosta, Villa Soldati, Capital Federal	https://departamento.mercadolibre.com.ar/MLA-3659717486-corrales-3600-villa-soldati-5amb-u72000-apto-cred-_JM#polycard_client=search-desktop&float_highlight=not_apply&price_drop=not_apply&be_origin=backend&overlay_label=not_apply&search_layout=grid&position=12&type=item&tracking_id=35baef4d-1ce4-4c1c-8fc4-11ee31c7901a&sid=search	villa-soldati	100 m²	72 m²	0	1	3	5	Departamento	Frente	50 años	8.000 ARS	No	Sí		Sí	No	No		No	No	No	No	Sí	Sí	No		No	No	No	No	28 m²	7				1																																				
Departamento en venta	Mariano Acosta 3500 Villa Soldati 3amb U$46.000 Apto Cred	44000	USD	US$44.000	False	3	2	1	46.0	3 ambs.1 baño46 m² cubiertos	Mariano Acosta Al 3500. Entre Tabare Y Corrales, Villa Soldati, Capital Federal	https://departamento.mercadolibre.com.ar/MLA-3659704802-mariano-acosta-3500-villa-soldati-3amb-u46000-apto-cred-_JM#polycard_client=search-desktop&float_highlight=not_apply&price_drop=not_apply&be_origin=backend&overlay_label=not_apply&search_layout=grid&position=13&type=item&tracking_id=35baef4d-1ce4-4c1c-8fc4-11ee31c7901a&sid=search	villa-soldati	52 m²	46 m²	0	0	5	5	Departamento	Lateral	40 años	10.000 ARS	No	Sí		No	No	No		No	No	No	No	Sí	Sí	No		No	No	No	No	6 m²	8			Sí	1																																				
Departamento en venta	Vende Ph Apto Creidito Particular.	95000	USD	US$95.000	False	3	2	0	80.0	3 ambs.80 m² cubiertos	Martinez Casrto Al 3148. Entre Chilavert, Martiniano, Cnel. Y Joaquin V Perez, Villa Soldati, Capital Federal	https://departamento.mercadolibre.com.ar/MLA-1986916031-vende-ph-apto-creidito-particular-_JM#polycard_client=search-desktop&float_highlight=recent_publication&price_drop=not_apply&be_origin=backend&overlay_label=not_apply&search_layout=grid&position=14&type=item&tracking_id=35baef4d-1ce4-4c1c-8fc4-11ee31c7901a&sid=search	villa-soldati	92 m²	80 m²	0	0			Departamento	Frente	30 años	0 ARS	No	No		No	No	No		No	No	No	No	No	No	No		No	No	No	No	12 m²					1																																				
Departamento en venta	Hermoso Ph En Planta Alta En Venta Sobre Av. Cruz 2900	120000	USD	US$120.000	False	4	3	1	101.0	4 ambs.1 baño101 m² cubiertos	Av. Gral. Francisco Fernández De La Cruz 2937, Ciudad Autónoma De Buenos Aires, Argentina, Villa Soldati, Capital Federal	https://departamento.mercadolibre.com.ar/MLA-1983578407-hermoso-ph-en-planta-alta-en-venta-sobre-av-cruz-2900-_JM#polycard_client=search-desktop&float_highlight=recent_publication&price_drop=not_apply&be_origin=backend&overlay_label=not_apply&search_layout=grid&position=15&type=item&tracking_id=35baef4d-1ce4-4c1c-8fc4-11ee31c7901a&sid=search	villa-soldati	127 m²	101 m²	0	0		1	Departamento	Frente	35 años	0 ARS	No	Sí		No	No	No	Sí	Sí	Sí	Sí	No	Sí	Sí	No		Sí	No	Sí	No		1		Sí		1													Sí																							
Departamento en venta	4 Amb Venta Barrio Olimpico Excelente Vista Y Parrilla	170000	USD	US$170.000	False	4	3	2	102.0	4 ambs.2 baños102 m² cubiertos	Carlos E. Diaz S. Valiente 4500, Villa Soldati, Capital Federal	https://departamento.mercadolibre.com.ar/MLA-3727303670-4-amb-venta-barrio-olimpico-excelente-vista-y-parrilla-_JM#polycard_client=search-desktop&price_drop=not_apply&be_origin=backend&overlay_label=not_apply&search_layout=grid&position=16&type=item&tracking_id=35baef4d-1ce4-4c1c-8fc4-11ee31c7901a&sid=search	villa-soldati	119 m²	102 m²	0	0		7	Departamento	Frente	9 años	191.000 ARS	Sí	No		Sí	No	No		Sí	Sí	No	Sí	Sí	Sí	No	Sí	No	No	No	No				Sí								Sí				24 horas																										
Departamento en venta	Departamento 5 Amb, Apto Credit0	48000	USD	US$48.000	False	5	5	2	93.0	5 ambs.2 baños93 m² cubiertos	Avenida Mariano Acosta 3400, Villa Soldati, Capital Federal	https://departamento.mercadolibre.com.ar/MLA-1946158851-departamento-5-amb-apto-credit0-_JM#polycard_client=search-desktop&price_drop=not_apply&be_origin=backend&overlay_label=not_apply&search_layout=grid&position=17&type=item&tracking_id=35baef4d-1ce4-4c1c-8fc4-11ee31c7901a&sid=search	villa-soldati	102 m²	93 m²	1	0	99	2	Departamento	Frente	48 años	8.000 ARS	No	No		No				No	Sí	No		Sí	Sí			No	No	No	No	8,7 m²	7	Norte																																							
Departamento en venta	Venta Departamento 5 Amb Villa Soldati A Reciclar	29000	USD	US$29.000	False	5	4	2	96.0	5 ambs.2 baños96 m² cubiertos	Avenida Mariano Acosta 3400, Villa Soldati, Capital Federal	https://departamento.mercadolibre.com.ar/MLA-1946226951-venta-departamento-5-amb-villa-soldati-a-reciclar-_JM#polycard_client=search-desktop&price_drop=not_apply&be_origin=backend&overlay_label=not_apply&search_layout=grid&position=18&type=item&tracking_id=35baef4d-1ce4-4c1c-8fc4-11ee31c7901a&sid=search	villa-soldati	99 m²	96 m²	1	0	99	1	Departamento	Frente	61 años	0 ARS	No	No		No				No	Sí	No		Sí	Sí		Sí	No	No	No	No	3 m²	4	Norte																			Sí																				
Departamento en venta	Bº Olimpico - Depto. 3 Ambientes Con 2 Baños	92000	USD	US$92.000	False	3	2	2	56.0	3 ambs.2 baños56 m² cubiertos	Demiddi 4500, Villa Soldati, Capital Federal	https://departamento.mercadolibre.com.ar/MLA-3721803752-b-olimpico-depto-3-ambientes-con-2-banos-_JM#polycard_client=search-desktop&price_drop=not_apply&be_origin=backend&overlay_label=not_apply&search_layout=grid&position=19&type=item&tracking_id=35baef4d-1ce4-4c1c-8fc4-11ee31c7901a&sid=search	villa-soldati	62 m²	56 m²	0	0	99	4	Departamento	Frente	7 años	75.000 ARS	Sí	No		Sí			Sí	No	Sí	No		Sí	Sí		Sí	Sí	Sí	No	No	5,73 m²	9	Norte	Sí	Sí				Sí								Sí																									
Departamento en venta	Venta Depto 3 Amb 51 M2 En Pb Mariano Acosta 3500	29000	USD	US$29.000	False	3	2	1	51.0	3 ambs.1 baño51 m² cubiertos	Mariano Acosta 3500, Villa Soldati, Capital Federal	https://departamento.mercadolibre.com.ar/MLA-3721455694-venta-depto-3-amb-51-m2-en-pb-mariano-acosta-3500-_JM#polycard_client=search-desktop&price_drop=not_apply&be_origin=backend&overlay_label=not_apply&search_layout=grid&position=20&type=item&tracking_id=35baef4d-1ce4-4c1c-8fc4-11ee31c7901a&sid=search	villa-soldati	51 m²	51 m²	0	0	99		Departamento	Frente	40 años	12.000 ARS	No	No		No				No		No		No	No			No	No	No	No		9	Norte																																							
Departamento en venta	Departamento En Venta En Villa Soldati	130000	USD	US$130.000	False	7	6	2	182.0	7 ambs.2 baños182 m² cubiertos	Corrales Al 2287. Entre Carlos Berg Y Bonorino, Villa Soldati, Capital Federal	https://departamento.mercadolibre.com.ar/MLA-3564975548-departamento-en-venta-en-villa-soldati-_JM#polycard_client=search-desktop&price_drop=not_apply&be_origin=backend&overlay_label=not_apply&search_layout=grid&position=21&type=item&tracking_id=35baef4d-1ce4-4c1c-8fc4-11ee31c7901a&sid=search	villa-soldati	182 m²	182 m²	1	0			Departamento	Frente	50 años	0 ARS	No	No		No	No	No		Sí	No	Sí	No	No	Sí	No	Sí	Sí	No	No	Sí		2	Sur		Sí	1					Sí								Sí																							
Departamento en venta	Venta Monoambiente Villa Soldati	39000	USD	US$39.000	False	1	0	1	28.0	1 amb.1 baño28 m² cubiertos	Castañon Al 2900, Villa Soldati, Capital Federal	https://departamento.mercadolibre.com.ar/MLA-3295514986-venta-monoambiente-villa-soldati-_JM#polycard_client=search-desktop&price_drop=not_apply&be_origin=backend&overlay_label=not_apply&search_layout=grid&position=22&type=item&tracking_id=35baef4d-1ce4-4c1c-8fc4-11ee31c7901a&sid=search	villa-soldati	28 m²	28 m²	0	0			Departamento		6 años	0 ARS	No	No	Sí	No	No	No		No	No	No	No	Sí	Sí	No	Sí	Sí	No	No	No		3																																								
Departamento en venta	Venta Departamento Dos Ambientes En Villa Soldati	58000	USD	US$58.000	False	2	1	1	42.0	2 ambs.1 baño42 m² cubiertos	Castañon Al 2900, Villa Soldati, Capital Federal	https://departamento.mercadolibre.com.ar/MLA-3295579480-venta-departamento-dos-ambientes-en-villa-soldati-_JM#polycard_client=search-desktop&price_drop=not_apply&be_origin=backend&overlay_label=not_apply&search_layout=grid&position=23&type=item&tracking_id=35baef4d-1ce4-4c1c-8fc4-11ee31c7901a&sid=search	villa-soldati	45 m²	42 m²	0	0			Departamento		6 años	0 ARS	No	No	Sí	No	No	No		No	Sí	No	No	Sí	Sí	No	Sí	Sí	No	No	No	3 m²	3																																								
Departamento en venta	Ph 5 Ambientes En Soldati - 4 Dormitorios + Terraza - ¡crédito Privado 50%!	65000	USD	US$65.000	False	5	4	2	81.0	5 ambs.2 baños81 m² cubiertos	Valparaiso 3515, Villa Soldati, Villa Soldati, Capital Federal	https://departamento.mercadolibre.com.ar/MLA-1757121267-ph-5-ambientes-en-soldati-4-dormitorios-terraza-credito-privado-50-_JM#polycard_client=search-desktop&float_highlight=not_apply&price_drop=not_apply&be_origin=backend&overlay_label=not_apply&search_layout=grid&position=24&type=item&tracking_id=35baef4d-1ce4-4c1c-8fc4-11ee31c7901a&sid=search	villa-soldati	110 m²	81 m²	0	0			Departamento		40 años	0 ARS	No	No		No	No	No		No	No	No	No	No	No	No		No	No	No	No		1				1																																				
Departamento en venta	Venta- Departamento De 3 Ambientes En Boulevard Olimpico- Acepta Permuta	135000	USD	US$135.000	False	3	2	2	71.0	3 ambs.2 baños71 m² cubiertos	Boulevard Olimpico Jose B. Zubiaur 4400, Villa Soldati, Capital Federal	https://departamento.mercadolibre.com.ar/MLA-3147104534-venta-departamento-de-3-ambientes-en-boulevard-olimpico-acepta-permuta-_JM#polycard_client=search-desktop&price_drop=not_apply&be_origin=backend&overlay_label=not_apply&search_layout=grid&position=25&type=item&tracking_id=35baef4d-1ce4-4c1c-8fc4-11ee31c7901a&sid=search	villa-soldati	73 ha	71 m²	0	0		3	Departamento	Contrafrente	5 años	100.000 ARS	Sí	Sí		Sí	No	No		No	No	No	No	Sí	No	No	Sí	Sí	No	No	No	2 m²		Oeste	Sí								Sí						Sí																								
Departamento en venta	Vende Ph Sobre Pedernera 2828 - Soldati	65000	USD	US$65.000	False	3	2	1	86.0	3 ambs.1 baño86 m² cubiertos	Pedernera Al 2828, Villa Soldati, Capital Federal	https://departamento.mercadolibre.com.ar/MLA-1707716949-vende-ph-sobre-pedernera-2828-soldati-_JM#polycard_client=search-desktop&float_highlight=not_apply&price_drop=not_apply&be_origin=backend&overlay_label=not_apply&search_layout=grid&position=26&type=item&tracking_id=35baef4d-1ce4-4c1c-8fc4-11ee31c7901a&sid=search	villa-soldati	131 m²	86 m²	1	0			Departamento		50 años	0 ARS	No	No		No	No	No		No	No	No	No	No	No	No		No	No	No	No		1				1																																				
Departamento en venta	Departamento En Venta En Villa Olímpica	120000	USD	US$120.000	False	3	2	2	100.0	3 ambs.2 baños100 m² cubiertos	23 De Junio 4300, Villa Soldati, Capital Federal	https://departamento.mercadolibre.com.ar/MLA-3241187260-departamento-en-venta-en-villa-olimpica-_JM#polycard_client=search-desktop&float_highlight=not_apply&price_drop=not_apply&be_origin=backend&overlay_label=not_apply&search_layout=grid&position=27&type=item&tracking_id=35baef4d-1ce4-4c1c-8fc4-11ee31c7901a&sid=search	villa-soldati	100 m²	100 m²	0									Sí		Sí				Sí	Sí	Sí		Sí	Sí															Sí		Sí																		Sí													
Departamento en venta	Departamento En Venta En Villa Soldati	70000	USD	US$70.000	False	4	3	1	65.0	4 ambs.1 baño65 m² cubiertos	Rivera Indarte Al 3488. Entre Rabanal Y Ramirez, Villa Soldati, Capital Federal	https://departamento.mercadolibre.com.ar/MLA-3625263296-departamento-en-venta-en-villa-soldati-_JM#polycard_client=search-desktop&price_drop=not_apply&be_origin=backend&overlay_label=not_apply&search_layout=grid&position=28&type=item&tracking_id=35baef4d-1ce4-4c1c-8fc4-11ee31c7901a&sid=search	villa-soldati	91 m²	65 m²	0	0	4		Departamento		70 años	0 ARS	No	No		No	No	No		Sí	Sí	No	No	No	Sí	No	Sí	Sí	No	No	No	26 m²	1			Sí	1					Sí								Sí																							
Departamento en venta	Venta Ph 3 Ambientes Av. Varela 3300, Soldati	75000	USD	US$75.000	False	3	2	1	57.0	3 ambs.1 baño57 m² cubiertos	Av. Varela Al 3329, Villa Soldati, Capital Federal	https://departamento.mercadolibre.com.ar/MLA-1910436797-venta-ph-3-ambientes-av-varela-3300-soldati-_JM#polycard_client=search-desktop&price_drop=not_apply&be_origin=backend&overlay_label=not_apply&search_layout=grid&position=29&type=item&tracking_id=35baef4d-1ce4-4c1c-8fc4-11ee31c7901a&sid=search	villa-soldati	83 m²	57 m²	0	0			Departamento		10 años	0 ARS	No	No		No	No	No		No	No	No	No	No	No	No		No	No	No	No		1				1																																				
Departamento en venta	Tipo Casa Frente Planta Alta 3 Ambientes Con Patio	62000	USD	US$62.000	False	3	2	1	60.0	3 ambs.1 baño60 m² cubiertos	Martínez Castro Al 3182, Villa Soldati, Capital Federal	https://departamento.mercadolibre.com.ar/MLA-3418824762-tipo-casa-frente-planta-alta-3-ambientes-con-patio-_JM#polycard_client=search-desktop&price_drop=not_apply&be_origin=backend&overlay_label=not_apply&search_layout=grid&position=30&type=item&tracking_id=35baef4d-1ce4-4c1c-8fc4-11ee31c7901a&sid=search	villa-soldati	73 m²	60 m²	0	0		1	Departamento	Frente	55 años	0 ARS	No	No		No	No	No	Sí	No	Sí	No	No	No	Sí	No		Sí	No	Sí	No		1	Sur	Sí		1													Sí																							
Departamento en venta	Departamento De 3 Ambientes C/balcon En Venta - Villa Soldati, Capital Federal	39990	USD	US$39.990	False	3	2	1	40.0	3 ambs.1 baño40 m² cubiertos	Coronel Roca 3550, Villa Soldati, Capital Federal	https://departamento.mercadolibre.com.ar/MLA-1949490241-departamento-de-3-ambientes-cbalcon-en-venta-villa-soldati-capital-federal-_JM#polycard_client=search-desktop&price_drop=not_apply&be_origin=backend&overlay_label=not_apply&search_layout=grid&position=31&type=item&tracking_id=35baef4d-1ce4-4c1c-8fc4-11ee31c7901a&sid=search	villa-soldati	46 m²	40 m²	1	0		4	Departamento	Lateral	40 años	36.000 ARS	Sí	No		Sí	No	No		No	No	No	No	Sí	Sí	No	Sí	Sí	No	No	No		4		Sí	Sí							Sí				24 horas																										
Departamento en venta	Departamento En Venta Barrio Olimpico	119900	USD	US$119.900	False	3	2	2	68.0	3 ambs.2 baños68 m² cubiertos	Francisco Camet 4400, Villa Soldati, Capital Federal	https://departamento.mercadolibre.com.ar/MLA-1946159063-departamento-en-venta-barrio-olimpico-_JM#polycard_client=search-desktop&price_drop=not_apply&be_origin=backend&overlay_label=not_apply&search_layout=grid&position=32&type=item&tracking_id=35baef4d-1ce4-4c1c-8fc4-11ee31c7901a&sid=search	villa-soldati	77 m²	68 m²	0	0	99	1	Departamento	Frente	7 años	80.000 ARS	No	No		No				No	Sí	Sí	Sí	Sí	Sí			No	No	No	No	9 m²	8	Norte																																							
Departamento en venta	Venta Departamento 4 Ambientes Villa Soldati	35000	USD	US$35.000	False	4	3	1	62.0	4 ambs.1 baño62 m² cubiertos	Avenida Coronel Roca 3800, Villa Soldati, Capital Federal	https://departamento.mercadolibre.com.ar/MLA-1946332923-venta-departamento-4-ambientes-villa-soldati-_JM#polycard_client=search-desktop&price_drop=not_apply&be_origin=backend&overlay_label=not_apply&search_layout=grid&position=33&type=item&tracking_id=35baef4d-1ce4-4c1c-8fc4-11ee31c7901a&sid=search	villa-soldati	62 m²	62 m²	0	0	99	1	Tríplex	Frente	47 años	0 ARS	No	No		No				No		Sí		No	No			No	No	No	No		3	Norte		Sí																																					
Departamento en venta	Departamento - Villa Soldati	60000	USD	US$60.000	False	3	2	1	75.0	3 ambs.1 baño75 m² cubiertos	Varela Al 3300, Villa Soldati, Capital Federal	https://departamento.mercadolibre.com.ar/MLA-1774826427-departamento-villa-soldati-_JM#polycard_client=search-desktop&price_drop=not_apply&be_origin=backend&overlay_label=not_apply&search_layout=grid&position=34&type=item&tracking_id=35baef4d-1ce4-4c1c-8fc4-11ee31c7901a&sid=search	villa-soldati	75 m²	75 m²	0	0			Departamento	Contrafrente	20 años	0 ARS	No	No		No	No	No		No	No	Sí	No	No	No	No	Sí	Sí	No	No	No																																										
Departamento en venta	¡impecable Y Luminoso Departamento Con Detalles De Calidad! Caba. B Olimpico	65000	USD	US$65.000	False	2	1	1	40.0	2 ambs.1 baño40 m² cubiertos	Barrio Olímpico, Villa Soldati, CABA, Argentina, Villa Soldati, Capital Federal	https://departamento.mercadolibre.com.ar/MLA-3328263656-impecable-y-luminoso-departamento-con-detalles-de-calidad-caba-b-olimpico-_JM#polycard_client=search-desktop&price_drop=not_apply&be_origin=backend&overlay_label=not_apply&search_layout=grid&position=35&type=item&tracking_id=35baef4d-1ce4-4c1c-8fc4-11ee31c7901a&sid=search	villa-soldati	40 m²	40 m²	0			8	Departamento	Interno	5 años	10.000 ARS			Sí	Sí								Sí	Sí							2 m²	10	Norte																										Sí													
Departamento en venta	Venta/av Roca 3500, Caba/ Departamento 4 Ambientes Balcón Muy Buen Estado 62m2 / U$s 35.000	35000	USD	US$35.000	False	4	3	1	62.0	4 ambs.1 baño62 m² cubiertos	Av. Coronel Roca 3500, Villa Soldati, Capital Federal	https://departamento.mercadolibre.com.ar/MLA-1880515079-ventaav-roca-3500-caba-departamento-4-ambientes-balcon-muy-buen-estado-62m2-us-35000-_JM#polycard_client=search-desktop&price_drop=not_apply&be_origin=backend&overlay_label=not_apply&search_layout=grid&position=36&type=item&tracking_id=35baef4d-1ce4-4c1c-8fc4-11ee31c7901a&sid=search	villa-soldati	62 m²	62 m²	0				Departamento	Contrafrente		200 ARS		Sí		Sí					Sí	Sí		Sí	Sí		Sí	Sí						Sur	Sí	Sí										Sí																											
Departamento en venta	Departamento De 4 Ambientes En Venta En Villa Soldati	270000	USD	US$270.000	False	4	3	2	111.0	4 ambs.2 baños111 m² cubiertos	1 DE MAYO 1900, Villa Soldati, Capital Federal	https://departamento.mercadolibre.com.ar/MLA-1924994313-departamento-de-4-ambientes-en-venta-en-villa-soldati-_JM#polycard_client=search-desktop&price_drop=not_apply&be_origin=backend&overlay_label=not_apply&search_layout=grid&position=37&type=item&tracking_id=35baef4d-1ce4-4c1c-8fc4-11ee31c7901a&sid=search	villa-soldati	133 m²	111 m²	0						12 años	111.111 ARS																																																													
Departamento en venta	Departamento De 4 Ambientes En Venta En Villa Soldati	200000	USD	US$200.000	False	4	3	2	111.0	4 ambs.2 baños111 m² cubiertos	1 DE MAYO 1900, Villa Soldati, Capital Federal	https://departamento.mercadolibre.com.ar/MLA-1924994309-departamento-de-4-ambientes-en-venta-en-villa-soldati-_JM#polycard_client=search-desktop&price_drop=not_apply&be_origin=backend&overlay_label=not_apply&search_layout=grid&position=38&type=item&tracking_id=35baef4d-1ce4-4c1c-8fc4-11ee31c7901a&sid=search	villa-soldati	133 m²	111 m²	0						12 años	111.111 ARS																																																													
Departamento en venta	Departamento De 4 Ambientes En Venta En Villa Soldati	240000	USD	US$240.000	False	4	3	1	65.0	4 ambs.1 baño65 m² cubiertos	1 DE MAYO 1900, Villa Soldati, Capital Federal	https://departamento.mercadolibre.com.ar/MLA-1905466415-departamento-de-4-ambientes-en-venta-en-villa-soldati-_JM#polycard_client=search-desktop&price_drop=not_apply&be_origin=backend&overlay_label=not_apply&search_layout=grid&position=39&type=item&tracking_id=35baef4d-1ce4-4c1c-8fc4-11ee31c7901a&sid=search	villa-soldati	65 m²	65 m²	0						9 años	111.111 ARS																																																													
Departamento en venta	Departamento De 3 Ambientes En Venta En Villa Soldati	888888	USD	US$888.888	False	3	2	1	65.0	3 ambs.1 baño65 m² cubiertos	1 DE MAYO 1900, Villa Soldati, Capital Federal	https://departamento.mercadolibre.com.ar/MLA-1732308075-departamento-de-3-ambientes-en-venta-en-villa-soldati-_JM#polycard_client=search-desktop&price_drop=not_apply&be_origin=backend&overlay_label=not_apply&search_layout=grid&position=40&type=item&tracking_id=35baef4d-1ce4-4c1c-8fc4-11ee31c7901a&sid=search	villa-soldati	65 m²	65 m²	1						22 años	120.000 ARS																																																													
Departamento en venta	Departamento De 3 Ambientes	25000	USD	US$25.000	False	3	2	1	70.0	3 ambs.1 baño70 m² cubiertos	Av. Mariano Acosta 3575, Villa Soldati, Capital Federal	https://departamento.mercadolibre.com.ar/MLA-1956805295-departamento-de-3-ambientes-_JM#polycard_client=search-desktop&price_drop=not_apply&be_origin=backend&overlay_label=not_apply&search_layout=grid&position=41&type=item&tracking_id=35baef4d-1ce4-4c1c-8fc4-11ee31c7901a&sid=search	villa-soldati	70 m²	70 m²	0			3	Departamento	Frente	60 años	0 ARS		Sí		No					Sí	Sí		Sí	Sí								3																											Sí													
Departamento en venta	Venta Departamento 3 Ambientes Lugano Apto Credito	42000	USD	US$42.000	False	3	2	1	52.0	3 ambs.1 baño52 m² cubiertos	Cafayate Al 5200, Villa Lugano, Capital Federal	https://departamento.mercadolibre.com.ar/MLA-1904729781-venta-departamento-3-ambientes-lugano-apto-credito-_JM#polycard_client=search-desktop&price_drop=not_apply&be_origin=backend&overlay_label=not_apply&search_layout=grid&position=1&type=item&tracking_id=785835d6-def5-497b-9abc-6b433a9a4783&sid=search	villa-lugano	52 m²	52 m²	0	0			Departamento	Frente	60 años	60.000 ARS	No	No		No	No	Sí		No	No	No	No	No	Sí	No	Sí	Sí	No	No	No				Sí																																						
Departamento en venta	Departamento 3 Ambientes En Venta. Balcon. Moderno	120000	USD	US$120.000	False	3	2	1	51.0	3 ambs.1 baño51 m² cubiertos	Itaqui Al 6700, Villa Lugano, Capital Federal	https://departamento.mercadolibre.com.ar/MLA-1896947001-departamento-3-ambientes-en-venta-balcon-moderno-_JM#polycard_client=search-desktop&price_drop=not_apply&be_origin=backend&overlay_label=not_apply&search_layout=grid&position=2&type=item&tracking_id=785835d6-def5-497b-9abc-6b433a9a4783&sid=search	villa-lugano	53 m²	51 m²	1	0	3	3	Departamento	Contrafrente	8 años	180.000 ARS	Sí	Sí	Sí	Sí	No	No	Sí	No	No	Sí	No	Sí	Sí	No	Sí	Sí	Sí	No	No		1	Sur																					Sí					Sí													
Departamento en venta	Departamento En Villa Lugano	76000	USD	US$76.000	False	5	4	2	85.0	5 ambs.2 baños85 m² cubiertos	Corvalán Al 2900, Villa Lugano, Capital Federal	https://departamento.mercadolibre.com.ar/MLA-3559655300-departamento-en-villa-lugano-_JM#polycard_client=search-desktop&price_drop=not_apply&be_origin=backend&overlay_label=not_apply&search_layout=grid&position=3&type=item&tracking_id=785835d6-def5-497b-9abc-6b433a9a4783&sid=search	villa-lugano	91 m²	85 m²	1	0	4	6	Departamento	Frente	45 años	0 ARS	Sí	No		Sí	No	Sí		No	No	Sí	No	Sí	Sí	No	Sí	No	No	No	No	6 m²		Norte																								Sí															
Departamento en venta	Departamento 3 Ambientes - Con Patio	140000	USD	US$140.000	False	3	2	1	63.0	3 ambs.1 baño63 m² cubiertos	Avenida Riestra 6000, Villa Lugano, Capital Federal	https://departamento.mercadolibre.com.ar/MLA-3489243698-departamento-3-ambientes-con-patio-_JM#polycard_client=search-desktop&price_drop=not_apply&be_origin=backend&overlay_label=not_apply&search_layout=grid&position=4&type=item&tracking_id=785835d6-def5-497b-9abc-6b433a9a4783&sid=search	villa-lugano	92,57 m²	63,99 m²	0	0	2	1	Semi piso	Contrafrente	19 años	200.000 ARS		Sí		Sí	No	No		No	Sí	Sí	No	No	Sí	No	Sí	Sí	Sí	Sí	Sí		10	Oeste	Sí	Sí				Sí		Sí								Sí					Sí	Sí																	
Departamento en venta	Venta Departamento 4 Ambientes Con Vista Al Golf En Lugano	95000	USD	US$95.000	False	4	3	1	73.0	4 ambs.1 baño73 m² cubiertos	Avda. Escalada Al 4215, Villa Lugano, Capital Federal	https://departamento.mercadolibre.com.ar/MLA-1676773309-venta-departamento-4-ambientes-con-vista-al-golf-en-lugano-_JM#polycard_client=search-desktop&price_drop=not_apply&be_origin=backend&overlay_label=not_apply&search_layout=grid&position=5&type=item&tracking_id=785835d6-def5-497b-9abc-6b433a9a4783&sid=search	villa-lugano	73 m²	73 m²	0	0			Departamento	Contrafrente	20 años	150.000 ARS	No	Sí	Sí	No	Sí	Sí		No	No	No	No	Sí	Sí	No	Sí	Sí	No	No	Sí			Oeste		Sí													Sí																								
Departamento en venta	Venta Depto V. Lugano Oportunidad! 4 Amb, Luminoso, Cochera	50000	USD	US$50.000	False	4	3	1	65.0	4 ambs.1 baño65 m² cubiertos	Pailebot Davison 3886, Villa Lugano, Capital Federal	https://departamento.mercadolibre.com.ar/MLA-3457917776-venta-depto-v-lugano-oportunidad-4-amb-luminoso-cochera-_JM#polycard_client=search-desktop&price_drop=not_apply&be_origin=backend&overlay_label=not_apply&search_layout=grid&position=6&type=item&tracking_id=785835d6-def5-497b-9abc-6b433a9a4783&sid=search	villa-lugano	65,1 m²	65 m²	1							80.000 ARS		Sí	Sí	No					Sí	Sí			Sí											Sí															Sí																						
Departamento en venta	Venta Depto V. Lugano Oportunidad! 4 Amb, Luminoso, Cochera	50000	USD	US$50.000	False	4	3	1	65.0	4 ambs.1 baño65 m² cubiertos	Pailebot Davison, Villa Lugano, Capital Federal	https://departamento.mercadolibre.com.ar/MLA-3309695198-venta-depto-v-lugano-oportunidad-4-amb-luminoso-cochera-_JM#polycard_client=search-desktop&price_drop=not_apply&be_origin=backend&overlay_label=not_apply&search_layout=grid&position=7&type=item&tracking_id=785835d6-def5-497b-9abc-6b433a9a4783&sid=search	villa-lugano	65,1 m²	65,1 m²	1	0	4	1	Departamento	Frente	40 años	50.000 ARS	Sí	Sí		No	No	No	Sí	Sí	Sí	Sí	No	No	Sí	No	Sí	Sí	Sí	Sí	Sí		30	Este	Sí	Sí							Sí						Sí		Sí					Sí				Sí		Sí											
Departamento en venta	Venta Departamento 4 Ambientes En Villa Lugano	53000	USD	US$53.000	False	4	3	1	64.0	4 ambs.1 baño64 m² cubiertos	Goleta Santa Cruz Al 6500, Villa Lugano, Capital Federal	https://departamento.mercadolibre.com.ar/MLA-3664136908-venta-departamento-4-ambientes-en-villa-lugano-_JM#polycard_client=search-desktop&price_drop=not_apply&be_origin=backend&overlay_label=not_apply&search_layout=grid&position=8&type=item&tracking_id=785835d6-def5-497b-9abc-6b433a9a4783&sid=search	villa-lugano	64 m²	64 m²	0	0		2	Departamento	Lateral	15 años	63.000 ARS	No	No		No	Sí	No	Sí	No	No	No	No	No	Sí	No	Sí	Sí	No	No	Sí		1	Norte		Sí																																					
Departamento en venta	Luminoso Departamento 6 Amb - Apto Crédito	55000	USD	US$55.000	False	6	5	2	97.0	6 ambs.2 baños97 m² cubiertos	2 De Abril De 1982 Al 6400, Villa Lugano, Capital Federal	https://departamento.mercadolibre.com.ar/MLA-1812550003-luminoso-departamento-6-amb-apto-credito-_JM#polycard_client=search-desktop&price_drop=not_apply&be_origin=backend&overlay_label=not_apply&search_layout=grid&position=9&type=item&tracking_id=785835d6-def5-497b-9abc-6b433a9a4783&sid=search	villa-lugano	104 m²	97 m²	0	0			Departamento	Frente	30 años	65.000 ARS	Sí	No		Sí	Sí	No		No	Sí	Sí	No	No	Sí	No	Sí	Sí	No	Sí	Sí	7 m²		Sur		Sí														Sí																							
Departamento en venta	Departamento 6 Amb - Apto Crédito	55000	USD	US$55.000	False	6	5	2	97.0	6 ambs.2 baños97 m² cubiertos	2 De Abril De 1982 Al 6400, Villa Lugano, Capital Federal	https://departamento.mercadolibre.com.ar/MLA-3403820968-departamento-6-amb-apto-credito-_JM#polycard_client=search-desktop&price_drop=not_apply&be_origin=backend&overlay_label=not_apply&search_layout=grid&position=10&type=item&tracking_id=785835d6-def5-497b-9abc-6b433a9a4783&sid=search	villa-lugano	104 m²	97 m²	0	0			Departamento	Frente	30 años	65.000 ARS	Sí	Sí		Sí	Sí	No		No	Sí	Sí	No	No	Sí	No	Sí	Sí	No	Sí	Sí	7 m²		Sur		Sí														Sí																							
Departamento en venta	3 Amb. Barrio Olimpico **no Credito Se Escucha Oferta**	100000	USD	US$100.000	False	3	2	2	57.0	3 ambs.2 baños57 m² cubiertos	Francisco Camet 4461, Villa Lugano, Capital Federal	https://departamento.mercadolibre.com.ar/MLA-1726346825-3-amb-barrio-olimpico-no-credito-se-escucha-oferta-_JM#polycard_client=search-desktop&price_drop=not_apply&be_origin=backend&overlay_label=not_apply&search_layout=grid&position=11&type=item&tracking_id=785835d6-def5-497b-9abc-6b433a9a4783&sid=search	villa-lugano	80 m²	57 m²	0		4		Departamento		5 años	55.000 ARS															Sí	No	Sí			15 m²	12	Este	Sí								Sí																														
Departamento en venta	Excelente Precio - 4 Ambientes Castañares 4781 Caba Barrio Samoré	61900	USD	US$61.900	False	4	4	2	80.0	4 ambs.2 baños80 m² cubiertos	Av. Castañares 4781, Comuna 8, Villa Lugano, Capital Federal	https://departamento.mercadolibre.com.ar/MLA-3672742276-excelente-precio-4-ambientes-castanares-4781-caba-barrio-samore-_JM#polycard_client=search-desktop&price_drop=not_apply&be_origin=backend&overlay_label=not_apply&search_layout=grid&position=12&type=item&tracking_id=785835d6-def5-497b-9abc-6b433a9a4783&sid=search	villa-lugano	80 m²	80 m²	0	0	3	5	Departamento	Frente	35 años	80.000 ARS	Sí	No		Sí					Sí	Sí		Sí	Sí		Sí	Sí	Sí			3 m²	9	Sur	Sí	Sí	4					Sí	Sí			Sí														Sí													
Departamento en venta	Departamento De Dos Ambientes Al Frente Con Balcón, Guamini 5794 - Villa Lugano	45000	USD	US$45.000	False	2	1	1	27.0	2 ambs.1 baño27 m² cubiertos	Guamini 5700, Villa Lugano, Capital Federal	https://departamento.mercadolibre.com.ar/MLA-3793311466-departamento-de-dos-ambientes-al-frente-con-balcon-guamini-5794-villa-lugano-_JM#polycard_client=search-desktop&float_highlight=recent_publication&price_drop=not_apply&be_origin=backend&overlay_label=not_apply&search_layout=grid&position=13&type=item&tracking_id=785835d6-def5-497b-9abc-6b433a9a4783&sid=search	villa-lugano	31 m²	27 m²	0						56 años	0 ARS																					2																																								
Departamento en venta	Departamento 3 Ambientes , Ideal Inversores	42000	USD	US$42.000	False	3	2	1	45.0	3 ambs.1 baño45 m² cubiertos	Jose Leon Suarez 5100, Villa Lugano, Capital Federal	https://departamento.mercadolibre.com.ar/MLA-1972308779-departamento-3-ambientes-ideal-inversores-_JM#polycard_client=search-desktop&price_drop=not_apply&be_origin=backend&overlay_label=not_apply&search_layout=grid&position=14&type=item&tracking_id=785835d6-def5-497b-9abc-6b433a9a4783&sid=search	villa-lugano	45 m²	45 m²	0						56 años	80.000 ARS		Sí		No	No	No		No	No	No	No	No	No	No		No	No	No	No		10																																								
Departamento en venta	Departamento En Villa Lugano	32000	USD	US$32.000	False	3	2	1	50.0	3 ambs.1 baño50 m² cubiertos	Martín Guerrico Al 5500, Villa Lugano, Capital Federal	https://departamento.mercadolibre.com.ar/MLA-1971953117-departamento-en-villa-lugano-_JM#polycard_client=search-desktop&price_drop=not_apply&be_origin=backend&overlay_label=not_apply&search_layout=grid&position=15&type=item&tracking_id=785835d6-def5-497b-9abc-6b433a9a4783&sid=search	villa-lugano	50 m²	50 m²	0	0	4	8	Departamento	Frente	29 años	95.000 ARS	No	Sí		Sí	No	No		No	No	No	No	No	Sí	No	Sí	Sí	No	No	No																																										
Departamento en venta	4 Ambientes | 6° Piso | Balcón Con Vista Abierta | Muy Luminoso | Gran Potencial De Inversión	77000	USD	US$77.000	False	4	3	1	62.0	4 ambs.1 baño62 m² cubiertos	Albariño Al 3000, Villa Lugano, Capital Federal	https://departamento.mercadolibre.com.ar/MLA-1957110243-4-ambientes-6-piso-balcon-con-vista-abierta-muy-luminoso-gran-potencial-de-inversion-_JM#polycard_client=search-desktop&price_drop=not_apply&be_origin=backend&overlay_label=not_apply&search_layout=grid&position=16&type=item&tracking_id=785835d6-def5-497b-9abc-6b433a9a4783&sid=search	villa-lugano	68 m²	62 m²	0	0	4	6	Departamento	Lateral	50 años	60.000 ARS	Sí	Sí		Sí	Sí	No		No	Sí	Sí	No	Sí	Sí	No	Sí	Sí	No	No	Sí			Norte		Sí																																					
Departamento en venta	Departamento 4 Ambientes Con Balcon Y Lavadero	58000	USD	US$58.000	False	4	3	2	63.0	4 ambs.2 baños63 m² cubiertos	Dellepiane Norte 4961, Villa Lugano, Capital Federal	https://departamento.mercadolibre.com.ar/MLA-3732977560-departamento-4-ambientes-con-balcon-y-lavadero-_JM#polycard_client=search-desktop&price_drop=not_apply&be_origin=backend&overlay_label=not_apply&search_layout=grid&position=17&type=item&tracking_id=785835d6-def5-497b-9abc-6b433a9a4783&sid=search	villa-lugano	68 m²	63 m²	0						56 años	130.000 ARS		No		No	No	No		No	No	No	No	No	No	No		No	No	No	No		12																																								
Departamento en venta	Venta Dpto 3 Amb. En Villa Lugano	42500	USD	US$42.500	False	3	2	1	53.0	3 ambs.1 baño53 m² cubiertos	Nicolas Descalzi 5400, Villa Lugano, Capital Federal	https://departamento.mercadolibre.com.ar/MLA-3726359024-venta-dpto-3-amb-en-villa-lugano-_JM#polycard_client=search-desktop&price_drop=not_apply&be_origin=backend&overlay_label=not_apply&search_layout=grid&position=18&type=item&tracking_id=785835d6-def5-497b-9abc-6b433a9a4783&sid=search	villa-lugano	53 m²	53 m²	0	0	99	2	Departamento	Contrafrente	47 años	165.000 ARS	No	No		Sí				No		No		No	Sí			No	Sí	No	No		14	Norte																																							
Departamento en venta	Venta De Departamento 4 Amb En Villa Lugano, Capital Federal	99900	USD	US$99.900	False	4	3	1	70.0	4 ambs.1 baño70 m² cubiertos	AV. ESCALADA 4215, Villa Lugano, Capital Federal	https://departamento.mercadolibre.com.ar/MLA-1947821037-venta-de-departamento-4-amb-en-villa-lugano-capital-federal-_JM#polycard_client=search-desktop&price_drop=not_apply&be_origin=backend&overlay_label=not_apply&search_layout=grid&position=19&type=item&tracking_id=785835d6-def5-497b-9abc-6b433a9a4783&sid=search	villa-lugano	75,04 m²	70,63 m²	0	0		8	Departamento	Frente	22 años	100.000 ARS	Sí	No		Sí	No	No		No	No	No	No	Sí	Sí	No	Sí	Sí	Sí	Sí	No				Sí	Sí											24 horas																										
Departamento en venta	Departamento 5 Ambientes 4 Dormitorios En Villa Lugano, Capital Federal ...	204000	USD	US$204.000	False	5	4	2	170.0	5 ambs.2 baños170 m² cubiertos	Montreal 5300, Villa Lugano, Capital Federal	https://departamento.mercadolibre.com.ar/MLA-1947820971-departamento-5-ambientes-4-dormitorios-en-villa-lugano-capital-federal--_JM#polycard_client=search-desktop&price_drop=not_apply&be_origin=backend&overlay_label=not_apply&search_layout=grid&position=20&type=item&tracking_id=785835d6-def5-497b-9abc-6b433a9a4783&sid=search	villa-lugano	170 m²	170 m²	0	0			Departamento	Frente	36 años	0 ARS	Sí	Sí		No	No	No		Sí	No	No	No	No	Sí	No	Sí	Sí	No	No	No					Sí											24 horas																										
Departamento en venta	Depto 3 Amb Venta Villa Lugano Refaccionado	40000	USD	US$40.000	False	3	2	1	50.0	3 ambs.1 baño50 m² cubiertos	Calle Contraalmirante Martin Guerrico 5500, Villa Lugano, Capital Federal	https://departamento.mercadolibre.com.ar/MLA-1946153843-depto-3-amb-venta-villa-lugano-refaccionado-_JM#polycard_client=search-desktop&price_drop=not_apply&be_origin=backend&overlay_label=not_apply&search_layout=grid&position=21&type=item&tracking_id=785835d6-def5-497b-9abc-6b433a9a4783&sid=search	villa-lugano	50 m²	50 m²	0	0	99	10	Departamento	Frente	51 años	55.000 ARS	No	No		Sí				No	Sí	No		No	No		Sí	Sí	No	No	No		10	Norte											Sí						Sí						Sí																
Departamento en venta	Venta Depto 3 Ambientes Villa Lugano Apto Credito	53000	USD	US$53.000	False	3	2	1	49.0	3 ambs.1 baño49 m² cubiertos	Nicolas Descalzi 5400, Villa Lugano, Capital Federal	https://departamento.mercadolibre.com.ar/MLA-1946146789-venta-depto-3-ambientes-villa-lugano-apto-credito-_JM#polycard_client=search-desktop&price_drop=not_apply&be_origin=backend&overlay_label=not_apply&search_layout=grid&position=22&type=item&tracking_id=785835d6-def5-497b-9abc-6b433a9a4783&sid=search	villa-lugano	49 m²	49 m²	0	0	99	9	Departamento	Frente	56 años	56.000 ARS	No	No		No			Sí	No	Sí	No		No	Sí			No	No	No	No		15	Norte																			Sí							Sí													
Departamento en venta	Departamento 2 Ambientes Apto Credito Villa Lugano	45000	USD	US$45.000	False	2	1	1	48.0	2 ambs.1 baño48 m² cubiertos	Avenida Castañares 4500, Villa Lugano, Capital Federal	https://departamento.mercadolibre.com.ar/MLA-1945611023-departamento-2-ambientes-apto-credito-villa-lugano-_JM#polycard_client=search-desktop&price_drop=not_apply&be_origin=backend&overlay_label=not_apply&search_layout=grid&position=23&type=item&tracking_id=785835d6-def5-497b-9abc-6b433a9a4783&sid=search	villa-lugano	48 m²	48 m²	0	0	99	4	Departamento	Frente	37 años	50.000 ARS	No	No		No				No		Sí		No	Sí			No	No	No	No		9	Norte		Sí																																					
Departamento en venta	Venta Dpto. 2 Amb. Lugano Apto Credito	65000	USD	US$65.000	False	2	1	1	39.0	2 ambs.1 baño39 m² cubiertos	Guaminí 4800, Villa Lugano, Capital Federal	https://departamento.mercadolibre.com.ar/MLA-3721809600-venta-dpto-2-amb-lugano-apto-credito-_JM#polycard_client=search-desktop&price_drop=not_apply&be_origin=backend&overlay_label=not_apply&search_layout=grid&position=24&type=item&tracking_id=785835d6-def5-497b-9abc-6b433a9a4783&sid=search	villa-lugano	41 m²	39 m²	0	0	99	1	Departamento	Contrafrente	52 años	69.000 ARS	Sí	Sí		No				Sí		No		No	Sí			Sí	No	No	No		3	Norte		Sí															Sí																						
Departamento en venta	Venta Depto 5 Amb C/balcón - Villa Lugano Copello	69000	USD	US$69.000	False	5	4	2	85.0	5 ambs.2 baños85 m² cubiertos	Avenida Teniente General Luis Dellepiane 4700, Villa Lugano, Capital Federal	https://departamento.mercadolibre.com.ar/MLA-3721464020-venta-depto-5-amb-cbalcon-villa-lugano-copello-_JM#polycard_client=search-desktop&price_drop=not_apply&be_origin=backend&overlay_label=not_apply&search_layout=grid&position=25&type=item&tracking_id=785835d6-def5-497b-9abc-6b433a9a4783&sid=search	villa-lugano	92 m²	85 m²	0	0	99	8	Departamento	Frente	41 años	140.000 ARS	No	Sí	Sí	No				No		Sí		Sí	Sí			Sí	No	No	No	6,61 m²	12	Norte		Sí																																					
Departamento en venta	Departamento 4 Ambientes Villa Lugano B° Copello	59000	USD	US$59.000	False	4	3	1	61.0	4 ambs.1 baño61 m² cubiertos	Corvalán 2900, Villa Lugano, Capital Federal	https://departamento.mercadolibre.com.ar/MLA-3721589990-departamento-4-ambientes-villa-lugano-b-copello-_JM#polycard_client=search-desktop&price_drop=not_apply&be_origin=backend&overlay_label=not_apply&search_layout=grid&position=26&type=item&tracking_id=785835d6-def5-497b-9abc-6b433a9a4783&sid=search	villa-lugano	67 m²	61 m²	0	1	99	2	Departamento	Frente	39 años	120.000 ARS	Sí	Sí	Sí	No				No		Sí		Sí	Sí		Sí	Sí	No	No	No	6 m²	12	Norte		Sí						Sí																															
Departamento en venta	Venta Depto 4 Amb Piedra Buena Lugano	39000	USD	US$39.000	False	4	3	1	75.0	4 ambs.1 baño75 m² cubiertos	Zuviría 6800, Villa Lugano, Capital Federal	https://departamento.mercadolibre.com.ar/MLA-3721589686-venta-depto-4-amb-piedra-buena-lugano-_JM#polycard_client=search-desktop&price_drop=not_apply&be_origin=backend&overlay_label=not_apply&search_layout=grid&position=27&type=item&tracking_id=785835d6-def5-497b-9abc-6b433a9a4783&sid=search	villa-lugano	75 m²	75 m²	0	0	99	5	Departamento	Frente	43 años	31.000 ARS	No	Sí		Sí				No		No		No	Sí		Sí	Sí	No	No	No		9	Norte	Sí	Sí																																					
Departamento en venta	Venta Departamento 3 Ambientes Villa Lugano	44000	USD	US$44.000	False	3	2	1	50.0	3 ambs.1 baño50 m² cubiertos	Calle Contraalmirante Martin Guerrico 5400, Villa Lugano, Capital Federal	https://departamento.mercadolibre.com.ar/MLA-3721461252-venta-departamento-3-ambientes-villa-lugano-_JM#polycard_client=search-desktop&price_drop=not_apply&be_origin=backend&overlay_label=not_apply&search_layout=grid&position=28&type=item&tracking_id=785835d6-def5-497b-9abc-6b433a9a4783&sid=search	villa-lugano	50 m²	50 m²	0	0	99	4	Departamento	Frente	51 años	150.000 ARS	No	No		No				No		No		No	No			No	No	No	No		15	Norte																																							
Departamento en venta	Venta Departamento En Villa Lugano Apto Credito	53000	USD	US$53.000	False	3	2	1	50.0	3 ambs.1 baño50 m² cubiertos	Nicolás Descalzi 5500, Villa Lugano, Capital Federal	https://departamento.mercadolibre.com.ar/MLA-3721461244-venta-departamento-en-villa-lugano-apto-credito-_JM#polycard_client=search-desktop&price_drop=not_apply&be_origin=backend&overlay_label=not_apply&search_layout=grid&position=29&type=item&tracking_id=785835d6-def5-497b-9abc-6b433a9a4783&sid=search	villa-lugano	50 m²	50 m²	0	0	99	10	Departamento	Frente	56 años	100.000 ARS	No	Sí		No				No	Sí	No		No	No			No	No	No	No		14	Norte																	Sí									Sí													
Departamento en venta	Departamento 3 Ambientes Venta Parque Avellaneda	59900	USD	US$59.900	False	3	2	1	57.0	3 ambs.1 baño57 m² cubiertos	Mozart 2400, Villa Lugano, Capital Federal	https://departamento.mercadolibre.com.ar/MLA-3721461114-departamento-3-ambientes-venta-parque-avellaneda-_JM#polycard_client=search-desktop&price_drop=not_apply&be_origin=backend&overlay_label=not_apply&search_layout=grid&position=30&type=item&tracking_id=785835d6-def5-497b-9abc-6b433a9a4783&sid=search	villa-lugano	57 m²	57 m²	0	0	99	5	Departamento	Frente	31 años	100.000 ARS	No	No		No			Sí	No		No		No	No			No	No	No	No		11	Norte																										Sí													
Departamento en venta	Departamento Venta 3 Ambiente Villa Lugano 1 Y 2	47000	USD	US$47.000	False	3	2	1	50.0	3 ambs.1 baño50 m² cubiertos	Comodoro Ceferino Ramírez 5500, Villa Lugano, Capital Federal	https://departamento.mercadolibre.com.ar/MLA-3721586918-departamento-venta-3-ambiente-villa-lugano-1-y-2-_JM#polycard_client=search-desktop&price_drop=not_apply&be_origin=backend&overlay_label=not_apply&search_layout=grid&position=31&type=item&tracking_id=785835d6-def5-497b-9abc-6b433a9a4783&sid=search	villa-lugano	50 m²	50 m²	0	0	99	4	Departamento	Frente	46 años	90.000 ARS	No	No		No				No		No		No	No			No	No	No	No		14	Norte																																							
Departamento en venta	Departamento 3 Ambientes Venta Barrio Olimpico	123000	USD	US$123.000	False	3	2	2	72.0	3 ambs.2 baños72 m² cubiertos	Avenida Escalada 4500, Villa Lugano, Capital Federal	https://departamento.mercadolibre.com.ar/MLA-3721586900-departamento-3-ambientes-venta-barrio-olimpico-_JM#polycard_client=search-desktop&price_drop=not_apply&be_origin=backend&overlay_label=not_apply&search_layout=grid&position=32&type=item&tracking_id=785835d6-def5-497b-9abc-6b433a9a4783&sid=search	villa-lugano	81 m²	72 m²	0	0	99	3	Departamento	Frente	7 años	150.000 ARS	No	No		No				No		No		No	No			No	No	No	No			Norte																																							
Departamento en venta	Departamento Venta 4 Ambientes Piedra Buena Lugano	39500	USD	US$39.500	False	4	3	1	63.0	4 ambs.1 baño63 m² cubiertos	Montiel 3900, Villa Lugano, Capital Federal	https://departamento.mercadolibre.com.ar/MLA-3721586898-departamento-venta-4-ambientes-piedra-buena-lugano-_JM#polycard_client=search-desktop&price_drop=not_apply&be_origin=backend&overlay_label=not_apply&search_layout=grid&position=33&type=item&tracking_id=785835d6-def5-497b-9abc-6b433a9a4783&sid=search	villa-lugano	70 m²	63 m²	0	0	99	9	Departamento	Frente	46 años	30.000 ARS	No	No		No				No		No		No	No			No	No	No	No		11	Norte																																							
Departamento en venta	Venta Departamento 3 Ambientes	42000	USD	US$42.000	False	3	2	1	50.0	3 ambs.1 baño50 m² cubiertos	Nicolas Descalzi 5400, Villa Lugano, Capital Federal	https://departamento.mercadolibre.com.ar/MLA-3721586848-venta-departamento-3-ambientes-_JM#polycard_client=search-desktop&price_drop=not_apply&be_origin=backend&overlay_label=not_apply&search_layout=grid&position=34&type=item&tracking_id=785835d6-def5-497b-9abc-6b433a9a4783&sid=search	villa-lugano	50 m²	50 m²	0	0	99	6	Departamento	Frente	47 años	0 ARS	No	No		No			Sí	No	Sí	No		No	Sí			Sí	No	No	No		1	Norte																																							
Departamento en venta	Nuevo Valor Departamento 3 Ambientes Villa Lugano	62500	USD	US$62.500	False	3	2	1	61.0	3 ambs.1 baño61 m² cubiertos	Comodoro Ceferino Ramírez 5400, Villa Lugano, Capital Federal	https://departamento.mercadolibre.com.ar/MLA-3721803700-nuevo-valor-departamento-3-ambientes-villa-lugano-_JM#polycard_client=search-desktop&price_drop=not_apply&be_origin=backend&overlay_label=not_apply&search_layout=grid&position=35&type=item&tracking_id=785835d6-def5-497b-9abc-6b433a9a4783&sid=search	villa-lugano	65 m²	61 m²	0	0	99	19	Departamento	Frente	51 años	89.000 ARS	No	No		No				No		Sí		Sí	Sí			No	No	No	No	4 m²	19	Norte																																							
Departamento en venta	Depto 4 Amb Con Balcón Piso Alto. Villa Lugano	58500	USD	US$58.500	False	4	3	1	69.0	4 ambs.1 baño69 m² cubiertos	Cafayate 5000, Villa Lugano, Capital Federal	https://departamento.mercadolibre.com.ar/MLA-3721583096-depto-4-amb-con-balcon-piso-alto-villa-lugano-_JM#polycard_client=search-desktop&price_drop=not_apply&be_origin=backend&overlay_label=not_apply&search_layout=grid&position=36&type=item&tracking_id=785835d6-def5-497b-9abc-6b433a9a4783&sid=search	villa-lugano	76 m²	69 m²	0	0	99	20	Departamento	Frente	33 años	164.000 ARS	No	No		No				No	Sí	No		No	No			No	No	No	No		22	Norte								Sí																		Sí		Sí											
Departamento en venta	Departamento Venta 4 Amb Villa Lugano B° Copello	52000	USD	US$52.000	False	4	3	1	69.0	4 ambs.1 baño69 m² cubiertos	Balbastro 5000, Villa Lugano, Capital Federal	https://departamento.mercadolibre.com.ar/MLA-3720474554-departamento-venta-4-amb-villa-lugano-b-copello-_JM#polycard_client=search-desktop&price_drop=not_apply&be_origin=backend&overlay_label=not_apply&search_layout=grid&position=37&type=item&tracking_id=785835d6-def5-497b-9abc-6b433a9a4783&sid=search	villa-lugano	69 m²	69 m²	0	0	99	4	Departamento	Frente	39 años	200.000 ARS	No	Sí		No				No		No		No	No			No	No	No	No		12	Norte								Sí																															
Departamento en venta	Venta Monoambiente Mataderos Sin Expensas	40000	USD	US$40.000	False	1	1	1	30.0	1 amb.1 baño30 m² cubiertos	Avenida Larrazábal 2700, Villa Lugano, Capital Federal	https://departamento.mercadolibre.com.ar/MLA-3720665592-venta-monoambiente-mataderos-sin-expensas-_JM#polycard_client=search-desktop&price_drop=not_apply&be_origin=backend&overlay_label=not_apply&search_layout=grid&position=38&type=item&tracking_id=785835d6-def5-497b-9abc-6b433a9a4783&sid=search	villa-lugano	30 m²	30 m²	0	0	99	1	Departamento	Frente	50 años	0 ARS	No	No		No				No		Sí		No	Sí		Sí	Sí	No	No	No		1	Norte	Sí																																						
Departamento en venta	Venta Departamento 3 Amb Villa Lugano	42000	USD	US$42.000	False	3	2	1	65.0	3 ambs.1 baño65 m² cubiertos	Cuter Luisito 4000, Villa Lugano, Capital Federal	https://departamento.mercadolibre.com.ar/MLA-3720099354-venta-departamento-3-amb-villa-lugano-_JM#polycard_client=search-desktop&price_drop=not_apply&be_origin=backend&overlay_label=not_apply&search_layout=grid&position=39&type=item&tracking_id=785835d6-def5-497b-9abc-6b433a9a4783&sid=search	villa-lugano	75 m²	65 m²	0	0	99		Departamento	Frente	69 años	110.600 ARS	No	Sí		No				No		No		No	No			No	No	No	No		2	Norte																																							
Departamento en venta	Venta Departamento 4 Ambientes En Villa Lugano	53000	USD	US$53.000	False	4	2	1	65.0	4 ambs.1 baño65 m² cubiertos	Avenida Soldado De La Frontera 5100, Villa Lugano, Capital Federal	https://departamento.mercadolibre.com.ar/MLA-3720543954-venta-departamento-4-ambientes-en-villa-lugano-_JM#polycard_client=search-desktop&price_drop=not_apply&be_origin=backend&overlay_label=not_apply&search_layout=grid&position=40&type=item&tracking_id=785835d6-def5-497b-9abc-6b433a9a4783&sid=search	villa-lugano	65 m²	65 m²	0	0	99	2	Departamento	Frente	46 años	90.000 ARS	Sí	Sí		No				No	Sí	No		No	Sí			No	No	No	No		12	Norte																																							
Departamento en venta	Dpto. 3 Ambientes Con Balcon-apto Credito	6950064900	USD	US$69.500US$64.900 BAJÓ DE PRECIO	False	3	2	1	57.0	3 ambs.1 baño57 m² cubiertos	Avenida Castañares 4200, Villa Lugano, Capital Federal	https://departamento.mercadolibre.com.ar/MLA-3720543852-dpto-3-ambientes-con-balcon-apto-credito-_JM#polycard_client=search-desktop&price_drop=true&be_origin=backend&overlay_label=not_apply&search_layout=grid&position=41&type=item&tracking_id=785835d6-def5-497b-9abc-6b433a9a4783&sid=search	villa-lugano	60 m²	57 m²	0	0	99	6	Departamento	Frente	16 años	54.000 ARS	No	Sí		No			Sí	No		No		No	No			No	No	No	No		9	Norte																																							
Departamento en venta	Venta Depto 4 Ambientes, Villa Lugano	49500	USD	US$49.500	False	4	3	1	65.0	4 ambs.1 baño65 m² cubiertos	Av. Piedra Buena 3800, Villa Lugano, Capital Federal	https://departamento.mercadolibre.com.ar/MLA-1946148183-venta-depto-4-ambientes-villa-lugano-_JM#polycard_client=search-desktop&price_drop=not_apply&be_origin=backend&overlay_label=not_apply&search_layout=grid&position=42&type=item&tracking_id=785835d6-def5-497b-9abc-6b433a9a4783&sid=search	villa-lugano	65 m²	65 m²	0	0	99	2	Departamento	Frente	56 años	74.000 ARS	Sí	Sí		No	Sí	Sí	Sí	No	Sí	Sí		No	Sí		Sí	Sí	No	No	No		3	Norte		Sí															Sí									Sí													
Departamento en venta	Venta Deptartamento 3 Ambientes En Barrio Nágera	56000	USD	US$56.000	False	3	2	1	57.0	3 ambs.1 baño57 m² cubiertos	Autopista Dellepiane 4474, Barrio Nagera 4400, Villa Lugano, Capital Federal	https://departamento.mercadolibre.com.ar/MLA-3721457312-venta-deptartamento-3-ambientes-en-barrio-nagera-_JM#polycard_client=search-desktop&price_drop=not_apply&be_origin=backend&overlay_label=not_apply&search_layout=grid&position=43&type=item&tracking_id=785835d6-def5-497b-9abc-6b433a9a4783&sid=search	villa-lugano	57 m²	57 m²	1	0	99	10	Departamento	Frente	76 años	173.000 ARS	No	Sí		Sí				No		Sí		No	Sí			Sí	No	Sí	No		11	Oeste		Sí																																					
Departamento en venta	Venta Depto Lugano 3 Ambientes Apto Credito	41500	USD	US$41.500	False	3	2	1	49.0	3 ambs.1 baño49 m² cubiertos	Teniente General Eduardo Racedo 5900, Villa Lugano, Capital Federal	https://departamento.mercadolibre.com.ar/MLA-3721809514-venta-depto-lugano-3-ambientes-apto-credito-_JM#polycard_client=search-desktop&price_drop=not_apply&be_origin=backend&overlay_label=not_apply&search_layout=grid&position=44&type=item&tracking_id=785835d6-def5-497b-9abc-6b433a9a4783&sid=search	villa-lugano	49 m²	49 m²	0	0	99	9	Departamento	Frente	44 años	120.000 ARS	Sí	Sí		Sí	Sí		Sí	No	Sí	No		No	Sí		Sí	Sí	No	No	No		14	Norte																		Sí								Sí													
Departamento en venta	Departamento En Piedrabuena Hecho Nuevo Escalera 25	39000	USD	US$39.000	False	3	2	1	46.0	3 ambs.1 baño46 m² cubiertos	Montiel 4000, Comuna 8, Villa Lugano, Capital Federal	https://departamento.mercadolibre.com.ar/MLA-3706493768-departamento-en-piedrabuena-hecho-nuevo-escalera-25-_JM#polycard_client=search-desktop&price_drop=not_apply&be_origin=backend&overlay_label=not_apply&search_layout=grid&position=45&type=item&tracking_id=785835d6-def5-497b-9abc-6b433a9a4783&sid=search	villa-lugano	46 m²	46 m²	0									Sí							Sí	Sí																																																			
Departamento en venta	Departamento De 4 Ambientes Reformado A Nuevo En Excelente Estado, En Planta Baja, Barrio Mascias Grupo 2 - Villa Lugano	76000	USD	US$76.000	False	4	3	1	65.0	4 ambs.1 baño65 m² cubiertos	Avenida Cruz 5921, Villa Lugano, Capital Federal	https://departamento.mercadolibre.com.ar/MLA-3700627030-departamento-de-4-ambientes-reformado-a-nuevo-en-excelente-estado-en-planta-baja-barrio-mascias-grupo-2-villa-lugano-_JM#polycard_client=search-desktop&price_drop=not_apply&be_origin=backend&overlay_label=not_apply&search_layout=grid&position=46&type=item&tracking_id=785835d6-def5-497b-9abc-6b433a9a4783&sid=search	villa-lugano	65 m²	65 m²	0						46 años	90.000 ARS									Sí	Sí		Sí	Sí								3			Sí																Sí																					
Departamento en venta	Venta Departamento 4 Ambientes Villa Lugano	46000	USD	US$46.000	False	4	3	1	65.0	4 ambs.1 baño65 m² cubiertos	Soldado De La Frontera Al 5100, Villa Lugano, Capital Federal	https://departamento.mercadolibre.com.ar/MLA-3688214510-venta-departamento-4-ambientes-villa-lugano-_JM#polycard_client=search-desktop&price_drop=not_apply&be_origin=backend&overlay_label=not_apply&search_layout=grid&position=47&type=item&tracking_id=785835d6-def5-497b-9abc-6b433a9a4783&sid=search	villa-lugano	65 m²	65 m²	0	0	4	2	Departamento	Frente	49 años	90.000 ARS	Sí	Sí		Sí	No	No		No	No	Sí	No	No	Sí	No	Sí	No	Sí	No	No			Oeste																																							
Departamento en venta	Tres Ambientes En Lugano 1 Y 2 Edificio 26	43500	USD	US$43.500	False	3	2	1	50.0	3 ambs.1 baño50 m² cubiertos	Gral. Napoleón Uriburu 5695, Villa Lugano, Capital Federal	https://departamento.mercadolibre.com.ar/MLA-1926317937-tres-ambientes-en-lugano-1-y-2-edificio-26-_JM#polycard_client=search-desktop&price_drop=not_apply&be_origin=backend&overlay_label=not_apply&search_layout=grid&position=48&type=item&tracking_id=785835d6-def5-497b-9abc-6b433a9a4783&sid=search	villa-lugano	50 m²	50 m²	0									Sí		Sí			Sí		Sí	Sí			Sí																																			Sí													
Departamento en venta	Venta Departamento Tipo Dúplex De 4 Ambientes Con Terraza, Cochera Y Baulera - Apto Crédito	95000	USD	US$95.000	False	4	3	1	99.0	4 ambs.1 baño99 m² cubiertos	Cosquín Al 5400, Villa Lugano, Capital Federal	https://departamento.mercadolibre.com.ar/MLA-3675765450-venta-departamento-tipo-duplex-de-4-ambientes-con-terraza-cochera-y-baulera-apto-credito-_JM#polycard_client=search-desktop&price_drop=not_apply&be_origin=backend&overlay_label=not_apply&search_layout=grid&position=1&type=item&tracking_id=47094cc6-4309-4916-bcff-e4bbdf38d8c7&sid=search	villa-lugano	148 m²	99 m²	1	0		1	Departamento	Contrafrente	35 años	0 ARS	No	Sí		No	Sí	No		Sí	No	No	No	Sí	Sí	No	Sí	Sí	No	No	Sí		2	Sur		Sí						Sí																															
Departamento en venta	Departamento 3 Ambientes Frente Al Autodromo	47000	USD	US$47.000	False	3	2	1	50.0	3 ambs.1 baño50 m² totales	Racedo 5827, Villa Lugano, Capital Federal	https://departamento.mercadolibre.com.ar/MLA-3664795896-departamento-3-ambientes-frente-al-autodromo-_JM#polycard_client=search-desktop&price_drop=not_apply&be_origin=backend&overlay_label=not_apply&search_layout=grid&position=2&type=item&tracking_id=47094cc6-4309-4916-bcff-e4bbdf38d8c7&sid=search	villa-lugano	50 m²		0		4	6	Departamento	Contrafrente	56 años	95.000 ARS		Sí	Sí	Sí	No	No	Sí	No	Sí	Sí	No	No	Sí	No	Sí	Sí	No	No	Sí		14	Sur	Sí	Sí																								Sí													
Departamento en venta	Tres Ambientes En Venta En Lugano 1 Y 2 Edificio 20	46000	USD	US$46.000	False	3	2	1	50.0	3 ambs.1 baño50 m² cubiertos	Gral. Conrado Villegas 5442, Villa Lugano, Capital Federal	https://departamento.mercadolibre.com.ar/MLA-1911264923-tres-ambientes-en-venta-en-lugano-1-y-2-edificio-20-_JM#polycard_client=search-desktop&price_drop=not_apply&be_origin=backend&overlay_label=not_apply&search_layout=grid&position=3&type=item&tracking_id=47094cc6-4309-4916-bcff-e4bbdf38d8c7&sid=search	villa-lugano	50 m²	50 m²	0					Frente		120.000 ARS		Sí					Sí		Sí	Sí			Sí																																																
Departamento en venta	Cinco Ambientes En Venta En El Barrio Copello	8300078000	USD	US$83.000US$78.000 BAJÓ DE PRECIO	False	5	4	2	85.0	5 ambs.2 baños85 m² cubiertos	Corvalán 2990, Villa Lugano, Capital Federal	https://departamento.mercadolibre.com.ar/MLA-1908097061-cinco-ambientes-en-venta-en-el-barrio-copello-_JM#polycard_client=search-desktop&price_drop=true&be_origin=backend&overlay_label=not_apply&search_layout=grid&position=4&type=item&tracking_id=47094cc6-4309-4916-bcff-e4bbdf38d8c7&sid=search	villa-lugano	91 m²	85 m²	0									Sí							Sí	Sí		Sí	Sí											Sí																																					
Departamento en venta	Departamento 3 Ambientes Venta En Villa Lugano	47000	USD	US$47.000	False	3	2	1	49.0	3 ambs.1 baño49 m² cubiertos	CONTRAALMIRANTE MARTIN GUERRICO Al 5400, Villa Lugano, Capital Federal	https://departamento.mercadolibre.com.ar/MLA-1916784177-departamento-3-ambientes-venta-en-villa-lugano-_JM#polycard_client=search-desktop&price_drop=not_apply&be_origin=backend&overlay_label=not_apply&search_layout=grid&position=5&type=item&tracking_id=47094cc6-4309-4916-bcff-e4bbdf38d8c7&sid=search	villa-lugano	49 m²	49 m²	0	0			Departamento	Contrafrente	60 años	95.000 ARS	Sí	No		Sí	No	No		No	No	No	No	No	No	No	Sí	Sí	No	No	No						1																																				
Departamento en venta	Venta Departamento 4 Ambientes Villa Lugano	39500	USD	US$39.500	False	4	3	1	69.0	4 ambs.1 baño69 m² cubiertos	Montiel Al 3900, Villa Lugano, Capital Federal	https://departamento.mercadolibre.com.ar/MLA-1916772733-venta-departamento-4-ambientes-villa-lugano-_JM#polycard_client=search-desktop&price_drop=not_apply&be_origin=backend&overlay_label=not_apply&search_layout=grid&position=6&type=item&tracking_id=47094cc6-4309-4916-bcff-e4bbdf38d8c7&sid=search	villa-lugano	69 m²	69 m²	0	0			Departamento	Frente	40 años	30.000 ARS	Sí	Sí		Sí	No	No		No	No	No	No	No	No	No	Sí	Sí	No	No	No			Oeste			1																																				
Departamento en venta	Se Vende Departamento De 3 Ambientes , Apto Credito , Lugano 1 Y 2, Caba	49900	USD	US$49.900	False	3	2	1	50.0	3 ambs.1 baño50 m² cubiertos	C. Contraalmirante Martin Guerrico 5400, Villa Lugano, Capital Federal	https://departamento.mercadolibre.com.ar/MLA-1899396911-se-vende-departamento-de-3-ambientes-apto-credito-lugano-1-y-2-caba-_JM#polycard_client=search-desktop&price_drop=not_apply&be_origin=backend&overlay_label=not_apply&search_layout=grid&position=7&type=item&tracking_id=47094cc6-4309-4916-bcff-e4bbdf38d8c7&sid=search	villa-lugano	55 m²	50 m²	0					Lateral		1.600 ARS		Sí							Sí	Sí			Sí		Sí	Sí			Sí		18	Sur		Sí									Sí															Sí													
Departamento en venta	Venta Departamento 3 Ambientes Con Balcón, 2° Piso Por Escalera En Villa Lugano - Apto Crédito	85000	USD	US$85.000	False	3	2	1	59.0	3 ambs.1 baño59 m² cubiertos	Avenida Castañares Al 5400, Villa Lugano, Capital Federal	https://departamento.mercadolibre.com.ar/MLA-3604494116-venta-departamento-3-ambientes-con-balcon-2-piso-por-escalera-en-villa-lugano-apto-credito-_JM#polycard_client=search-desktop&price_drop=not_apply&be_origin=backend&overlay_label=not_apply&search_layout=grid&position=8&type=item&tracking_id=47094cc6-4309-4916-bcff-e4bbdf38d8c7&sid=search	villa-lugano	76 m²	59 m²	0	0	2	2	Departamento	Frente	45 años	0 ARS	Sí	Sí		No	Sí	No		No	No	No	No	Sí	Sí	No	Sí	Sí	No	No	Sí	5 m²		Norte		Sí						Sí								Sí																							
Departamento en venta	Venta Departamento 3 Ambientes Con Balcón, 2° Piso Por Escalera En Villa Lugano - Apto Crédito	85000	USD	US$85.000	False	3	2	1	59.0	3 ambs.1 baño59 m² cubiertos	Avenida Castañares Al 5400, Villa Lugano, Capital Federal	https://departamento.mercadolibre.com.ar/MLA-3604479100-venta-departamento-3-ambientes-con-balcon-2-piso-por-escalera-en-villa-lugano-apto-credito-_JM#polycard_client=search-desktop&price_drop=not_apply&be_origin=backend&overlay_label=not_apply&search_layout=grid&position=9&type=item&tracking_id=47094cc6-4309-4916-bcff-e4bbdf38d8c7&sid=search	villa-lugano	76 m²	59 m²	0	0	2	2	Departamento	Frente	45 años	0 ARS	Sí	Sí		No	Sí	No		No	No	No	No	Sí	Sí	No	Sí	Sí	No	No	Sí	5 m²		Norte		Sí						Sí								Sí																							
Departamento en venta	Departamento En Venta Tipo Ph En Lisandro De La Torre 5200	70000	USD	US$70.000	False	6	5	2	57.0	6 ambs.2 baños57 m² cubiertos	Lisandro, Av. Lisandro De La Torre 5221, C1439 Cdad. Autónoma De Buenos Aires, Argentina, Villa Lugano, Capital Federal	https://departamento.mercadolibre.com.ar/MLA-1889100447-departamento-en-venta-tipo-ph-en-lisandro-de-la-torre-5200-_JM#polycard_client=search-desktop&price_drop=not_apply&be_origin=backend&overlay_label=not_apply&search_layout=grid&position=10&type=item&tracking_id=47094cc6-4309-4916-bcff-e4bbdf38d8c7&sid=search	villa-lugano	117 m²	57 m²	0					Frente		0 ARS										Sí		Sí	Sí																									Sí																							
Departamento en venta	Savio Iii, Torres 5, 10, De 3 Y 4 Amb., Con Balcon, Y Parque Comun A Edificio	60000	USD	US$60.000	False	3	2	1	65.0	3 ambs.1 baño65 m² cubiertos	Savio III Lugano 1 Y 2, Villa Lugano, Capital Federal	https://departamento.mercadolibre.com.ar/MLA-1888233533-savio-iii-torres-5-10-de-3-y-4-amb-con-balcon-y-parque-comun-a-edificio-_JM#polycard_client=search-desktop&price_drop=not_apply&be_origin=backend&overlay_label=not_apply&search_layout=grid&position=11&type=item&tracking_id=47094cc6-4309-4916-bcff-e4bbdf38d8c7&sid=search	villa-lugano	72 m²	65 m²	0						46 años	7.000 ARS		Sí					Sí		Sí	Sí		Sí	Sí								1			Sí																									Sí												
Departamento en venta	Apto Crédito - Depto. De Tres Ambientes, Amplio Con Dos Patios En Pleno Centro Comercial - Murguiondo 4057 - Capital Fed...	89900	USD	US$89.900	False	3	2	1	69.0	3 ambs.1 baño69 m² cubiertos	Murguiondo 4050, Villa Lugano, Capital Federal	https://departamento.mercadolibre.com.ar/MLA-3586406242-apto-credito-depto-de-tres-ambientes-amplio-con-dos-patios-en-pleno-centro-comercial-murguiondo-4057-capital-fed-_JM#polycard_client=search-desktop&price_drop=not_apply&be_origin=backend&overlay_label=not_apply&search_layout=grid&position=12&type=item&tracking_id=47094cc6-4309-4916-bcff-e4bbdf38d8c7&sid=search	villa-lugano	92 m²	69 m²	0						56 años	40.000 ARS		Sí					Sí		Sí	Sí			Sí								2			Sí														Sí																							
Departamento en venta	Cuatro Ambientes En Venta En Lugano 1 Y 2 Edificio 23	45000	USD	US$45.000	False	4	3	1	65.0	4 ambs.1 baño65 m² cubiertos	Av. Soldado De La Frontera 5071, Villa Lugano, Capital Federal	https://departamento.mercadolibre.com.ar/MLA-3576666580-cuatro-ambientes-en-venta-en-lugano-1-y-2-edificio-23-_JM#polycard_client=search-desktop&price_drop=not_apply&be_origin=backend&overlay_label=not_apply&search_layout=grid&position=13&type=item&tracking_id=47094cc6-4309-4916-bcff-e4bbdf38d8c7&sid=search	villa-lugano	65 m²	65 m²	0					Frente		110.000 ARS		Sí								Sí			Sí																																																
Departamento en venta	Cuatro Ambientes En Venta En El Barrio Piedrabuena Esc. 55	49000	USD	US$49.000	False	4	3	1	62.0	4 ambs.1 baño62 m² cubiertos	Montiel 4050, Villa Lugano, Capital Federal	https://departamento.mercadolibre.com.ar/MLA-1880657255-cuatro-ambientes-en-venta-en-el-barrio-piedrabuena-esc-55-_JM#polycard_client=search-desktop&price_drop=not_apply&be_origin=backend&overlay_label=not_apply&search_layout=grid&position=14&type=item&tracking_id=47094cc6-4309-4916-bcff-e4bbdf38d8c7&sid=search	villa-lugano	69 m²	62 m²	0					Frente				Sí							Sí	Sí			Sí											Sí														Sí																							
Departamento en venta	Departamento De 3 Ambientes En Venta En Lugano	36000	USD	US$36.000	False	3	2	1	46.0	3 ambs.1 baño46 m² cubiertos	Goleta Santa Cruz Al 6800, Villa Lugano, Capital Federal	https://departamento.mercadolibre.com.ar/MLA-1880696525-departamento-de-3-ambientes-en-venta-en-lugano-_JM#polycard_client=search-desktop&price_drop=not_apply&be_origin=backend&overlay_label=not_apply&search_layout=grid&position=15&type=item&tracking_id=47094cc6-4309-4916-bcff-e4bbdf38d8c7&sid=search	villa-lugano	52 m²	46 m²	0	0	4	2	Departamento	Frente	55 años	35.000 ARS	Sí	No		Sí	No	Sí		No	No	No	No	No	Sí	No	Sí	Sí	No	No	No	6 m²		Norte	Sí																																						
Departamento en venta	Departamento En Venta En Villa Lugano	57000	USD	US$57.000	False	4	3	2	70.0	4 ambs.2 baños70 m² cubiertos	Cafayate Al 5000. Entre Soldado De La Frontera Y Olascoaga, Manuel Jose, Villa Lugano, Capital Federal	https://departamento.mercadolibre.com.ar/MLA-1873561739-departamento-en-venta-en-villa-lugano-_JM#polycard_client=search-desktop&price_drop=not_apply&be_origin=backend&overlay_label=not_apply&search_layout=grid&position=16&type=item&tracking_id=47094cc6-4309-4916-bcff-e4bbdf38d8c7&sid=search	villa-lugano	75 m²	70 m²	0	0		13	Departamento	Frente	30 años	0 ARS	Sí	No		Sí	No	No		No	No	No	No	Sí	No	No		No	No	No	No			Sur			1																				Sí			Sí													
Departamento en venta	Tres Ambientes En Venta Excelente Estado Barrio Castro	50000	USD	US$50.000	False	3	2	1	56.0	3 ambs.1 baño56 m² cubiertos	Crisóstomo Álvarez 4602, Villa Lugano, Capital Federal	https://departamento.mercadolibre.com.ar/MLA-1871743773-tres-ambientes-en-venta-excelente-estado-barrio-castro-_JM#polycard_client=search-desktop&price_drop=not_apply&be_origin=backend&overlay_label=not_apply&search_layout=grid&position=17&type=item&tracking_id=47094cc6-4309-4916-bcff-e4bbdf38d8c7&sid=search	villa-lugano	56 m²	56 m²	0							147.000 ARS		Sí								Sí			Sí																																																
Departamento en venta	Departamento De Cuatro Ambientes En Piedrabuena	48000	USD	US$48.000	False	4	3	1	64.0	4 ambs.1 baño64 m² cubiertos	Goleta Sta. Cruz 6589, Villa Lugano, Capital Federal	https://departamento.mercadolibre.com.ar/MLA-3553194288-departamento-de-cuatro-ambientes-en-piedrabuena-_JM#polycard_client=search-desktop&price_drop=not_apply&be_origin=backend&overlay_label=not_apply&search_layout=grid&position=18&type=item&tracking_id=47094cc6-4309-4916-bcff-e4bbdf38d8c7&sid=search	villa-lugano	64 m²	64 m²	0							110.000 ARS		Sí							Sí	Sí			Sí									Este		Sí																																					
Departamento en venta	Departamento De 4 Ambientes En Venta En Villa Lugano	72000	USD	US$72.000	False	4	3	1	69.0	4 ambs.1 baño69 m² cubiertos	Av. Francisco Fernandez De La Cruz Al 6000, Villa Lugano, Capital Federal	https://departamento.mercadolibre.com.ar/MLA-1863880077-departamento-de-4-ambientes-en-venta-en-villa-lugano-_JM#polycard_client=search-desktop&price_drop=not_apply&be_origin=backend&overlay_label=not_apply&search_layout=grid&position=19&type=item&tracking_id=47094cc6-4309-4916-bcff-e4bbdf38d8c7&sid=search	villa-lugano	71 m²	69 m²	1	0	4	2	Departamento	Frente	30 años	100.000 ARS	No	No		No	No	No		No	No	Sí	No	Sí	No	No	Sí	Sí	Sí	No	No	2 m²	3	Sur																										Sí													
Departamento en venta	Venta | Departamento 3 Ambientes Con Balcón En Villa Lugano - Apto Crédito	95000	USD	US$95.000	False	3	2	1	56.0	3 ambs.1 baño56 m² cubiertos	Av. Lisandro De La Torre Al 4600, Villa Lugano, Capital Federal	https://departamento.mercadolibre.com.ar/MLA-3534465888-venta-departamento-3-ambientes-con-balcon-en-villa-lugano-apto-credito-_JM#polycard_client=search-desktop&price_drop=not_apply&be_origin=backend&overlay_label=not_apply&search_layout=grid&position=20&type=item&tracking_id=47094cc6-4309-4916-bcff-e4bbdf38d8c7&sid=search	villa-lugano	60 m²	56 m²	0	0	12	1	Departamento	Contrafrente	10 años	0 ARS	No	Sí		Sí	No	No		No	No	No	No	Sí	Sí	No	Sí	Sí	No	Sí	No	4 m²		Norte																																							
Departamento en venta	Venta | Departamento 3 Ambientes Con Balcón En Villa Lugano - Apto Crédito	95000	USD	US$95.000	False	3	2	1	56.0	3 ambs.1 baño56 m² cubiertos	Av. Lisandro De La Torre Al 4600, Villa Lugano, Capital Federal	https://departamento.mercadolibre.com.ar/MLA-3534378016-venta-departamento-3-ambientes-con-balcon-en-villa-lugano-apto-credito-_JM#polycard_client=search-desktop&price_drop=not_apply&be_origin=backend&overlay_label=not_apply&search_layout=grid&position=21&type=item&tracking_id=47094cc6-4309-4916-bcff-e4bbdf38d8c7&sid=search	villa-lugano	60 m²	56 m²	0	0	12	1	Departamento	Contrafrente	10 años	0 ARS	No	Sí		Sí	No	No		No	No	No	No	Sí	Sí	No	Sí	Sí	No	Sí	No	4 m²		Norte																																							
Departamento en venta	Venta | Departamento 3 Ambientes Con Balcón En Villa Lugano - Apto Crédito	95000	USD	US$95.000	False	3	2	1	56.0	3 ambs.1 baño56 m² cubiertos	Av. Lisandro De La Torre Al 4600, Villa Lugano, Capital Federal	https://departamento.mercadolibre.com.ar/MLA-3534378046-venta-departamento-3-ambientes-con-balcon-en-villa-lugano-apto-credito-_JM#polycard_client=search-desktop&price_drop=not_apply&be_origin=backend&overlay_label=not_apply&search_layout=grid&position=22&type=item&tracking_id=47094cc6-4309-4916-bcff-e4bbdf38d8c7&sid=search	villa-lugano	60 m²	56 m²	0	0	12	1	Departamento	Contrafrente	10 años	0 ARS	No	Sí		Sí	No	No		No	No	No	No	Sí	Sí	No	Sí	Sí	No	Sí	No	4 m²		Norte																																							
Departamento en venta	Venta Departamento De 3 Ambientes En Villa Lugano, Capital Federal (ac)	42000	USD	US$42.000	False	3	2	1	60.0	3 ambs.1 baño60 m² cubiertos	ALVAREZ CRISOSTOMO 4600, Villa Lugano, Capital Federal	https://departamento.mercadolibre.com.ar/MLA-1863880739-venta-departamento-de-3-ambientes-en-villa-lugano-capital-federal-ac-_JM#polycard_client=search-desktop&price_drop=not_apply&be_origin=backend&overlay_label=not_apply&search_layout=grid&position=23&type=item&tracking_id=47094cc6-4309-4916-bcff-e4bbdf38d8c7&sid=search	villa-lugano	60 m²	60 m²	0		5				58 años					Sí					Sí	Sí			Sí								9																																								
Departamento en venta	Venta Departamento 3 Ambientes Con Cochera En Villa Lugano - Apto Crédito	160000	USD	US$160.000	False	3	2	1	70.0	3 ambs.1 baño70 m² cubiertos	Timoteo Gordillo Al 4600, Villa Lugano, Capital Federal	https://departamento.mercadolibre.com.ar/MLA-3517171246-venta-departamento-3-ambientes-con-cochera-en-villa-lugano-apto-credito-_JM#polycard_client=search-desktop&price_drop=not_apply&be_origin=backend&overlay_label=not_apply&search_layout=grid&position=24&type=item&tracking_id=47094cc6-4309-4916-bcff-e4bbdf38d8c7&sid=search	villa-lugano	79 m²	70 m²	1	0	2	2	Departamento	Frente	10 años	0 ARS	No	Sí		No	No	No		No	No	No	No	Sí	Sí	No	Sí	Sí	Sí	No	No	9 m²		Sur								Sí																															
Departamento en venta	Venta Departamento 3 Ambientes Con Cochera En Villa Lugano - Apto Crédito	160000	USD	US$160.000	False	3	2	1	70.0	3 ambs.1 baño70 m² cubiertos	Timoteo Gordillo Al 4600, Villa Lugano, Capital Federal	https://departamento.mercadolibre.com.ar/MLA-3514970810-venta-departamento-3-ambientes-con-cochera-en-villa-lugano-apto-credito-_JM#polycard_client=search-desktop&price_drop=not_apply&be_origin=backend&overlay_label=not_apply&search_layout=grid&position=25&type=item&tracking_id=47094cc6-4309-4916-bcff-e4bbdf38d8c7&sid=search	villa-lugano	79 m²	70 m²	1	0	2	2	Departamento	Frente	10 años	0 ARS	No	Sí		No	No	No		No	No	No	No	Sí	Sí	No	Sí	Sí	Sí	No	No	9 m²		Sur								Sí																															
Departamento en venta	Venta Departamento 4 Ambientes Con Cochera	140000125000	USD	US$140.000US$125.000 BAJÓ DE PRECIO	False	4	0	2	114.0	4 ambs.2 baños114 m² cubiertos	Escalada Al 4500, Villa Lugano, Capital Federal	https://departamento.mercadolibre.com.ar/MLA-1852344945-venta-departamento-4-ambientes-con-cochera-_JM#polycard_client=search-desktop&price_drop=true&be_origin=backend&overlay_label=not_apply&search_layout=grid&position=26&type=item&tracking_id=47094cc6-4309-4916-bcff-e4bbdf38d8c7&sid=search	villa-lugano	127 m²	114 m²	1	0			Departamento	Frente	2.000 años	169.000 ARS	No	No		No	Sí	No		No	Sí	Sí	No	Sí	Sí	No	Sí	Sí	No	No	Sí	12 m²				Sí						Sí																		Sí													
Departamento en venta	Pola 2600. Villa Lugano. Piso De 3 Ambientes Con Balcon A Estrenar	185000	USD	US$185.000	False	3	2	2	103.0	3 ambs.2 baños103 m² cubiertos	Pola 2600, Villa Lugano, Capital Federal	https://departamento.mercadolibre.com.ar/MLA-1852039381-pola-2600-villa-lugano-piso-de-3-ambientes-con-balcon-a-estrenar-_JM#polycard_client=search-desktop&price_drop=not_apply&be_origin=backend&overlay_label=not_apply&search_layout=grid&position=27&type=item&tracking_id=47094cc6-4309-4916-bcff-e4bbdf38d8c7&sid=search	villa-lugano	123 m²	103 m²	0				Piso	Frente						Sí					Sí	Sí	Sí	Sí	Sí											Sí												Sí				Sí																					
Departamento en venta	Monoambiente Amplio En Plena Zona Comercial Villa Lugano	59900	USD	US$59.900	False	1	1	1	37.0	1 amb.1 baño37 m² cubiertos	Cañada De Gomez 4847, Villa Lugano, Capital Federal	https://departamento.mercadolibre.com.ar/MLA-3493736780-monoambiente-amplio-en-plena-zona-comercial-villa-lugano-_JM#polycard_client=search-desktop&price_drop=not_apply&be_origin=backend&overlay_label=not_apply&search_layout=grid&position=28&type=item&tracking_id=47094cc6-4309-4916-bcff-e4bbdf38d8c7&sid=search	villa-lugano	39,58 m²	37 m²	0						16 años	70.000 ARS										Sí		Sí	Sí								5																																								
Departamento en venta	Departamento En Villa Lugano	57900	USD	US$57.900	False	3	0	1	57.0	3 ambs.1 baño57 m² cubiertos	Corvalan Al 2900 Piso 6to, Villa Lugano, Capital Federal	https://departamento.mercadolibre.com.ar/MLA-1846990785-departamento-en-villa-lugano-_JM#polycard_client=search-desktop&price_drop=not_apply&be_origin=backend&overlay_label=not_apply&search_layout=grid&position=29&type=item&tracking_id=47094cc6-4309-4916-bcff-e4bbdf38d8c7&sid=search	villa-lugano	57 m²	57 m²	0	0	6	6	Departamento		40 años	0 ARS	No	No		Sí	No	No		No	No	Sí	No	Sí	Sí	No	Sí	Sí	No	No	No	5 m²			Sí								Sí																	Sí													
Departamento en venta	Departamento En Venta 3 Ambientes Lugano	51500	USD	US$51.500	False	3	2	1	50.0	3 ambs.1 baño50 m² cubiertos	Santiago Costamagna Al 5700 - 6000, Villa Lugano, Capital Federal	https://departamento.mercadolibre.com.ar/MLA-3454447646-departamento-en-venta-3-ambientes-lugano-_JM#polycard_client=search-desktop&price_drop=not_apply&be_origin=backend&overlay_label=not_apply&search_layout=grid&position=30&type=item&tracking_id=47094cc6-4309-4916-bcff-e4bbdf38d8c7&sid=search	villa-lugano	50 m²	50 m²	0	0		1	Departamento	Contrafrente	52 años	100.000 ARS	No	Sí		No	No	No		No	No	No	No	No	Sí	No	Sí	Sí	No	No	No			Norte													Virtual																										
Departamento en venta	Venta Departamento Villa Lugano	80000	USD	US$80.000	False	3	2	1	55.0	3 ambs.1 baño55 m² cubiertos	Timoteo Gordillo 5500, Villa Lugano, Capital Federal	https://departamento.mercadolibre.com.ar/MLA-3453806918-venta-departamento-villa-lugano-_JM#polycard_client=search-desktop&price_drop=not_apply&be_origin=backend&overlay_label=not_apply&search_layout=grid&position=31&type=item&tracking_id=47094cc6-4309-4916-bcff-e4bbdf38d8c7&sid=search	villa-lugano	61 m²	55 m²	0	0	6	8	Departamento	Frente	10 años	140.000 ARS	No	Sí		No	No	No	Sí	No	Sí	Sí	No	Sí	Sí	No	Sí	Sí	Sí	No	No																																										
Departamento en venta	Venta Depto De 4 Ambientes Al Frente Con Dos Baños - Bo Copello Torre 15 - Capital Federal	67500	USD	US$67.500	False	4	3	2	64.0	4 ambs.2 baños64 m² cubiertos	Barrio Copello Torre 15, Villa Lugano, Capital Federal	https://departamento.mercadolibre.com.ar/MLA-3450019314-venta-depto-de-4-ambientes-al-frente-con-dos-banos-bo-copello-torre-15-capital-federal-_JM#polycard_client=search-desktop&price_drop=not_apply&be_origin=backend&overlay_label=not_apply&search_layout=grid&position=32&type=item&tracking_id=47094cc6-4309-4916-bcff-e4bbdf38d8c7&sid=search	villa-lugano	70 m²	64 m²	0		6		Departamento	Frente	41 años	148.800 ARS		Sí		Sí			Sí		Sí	Sí		Sí	Sí						Sí	6 m²	8			Sí						Sí				Sí					Sí									Sí													
Departamento en venta	Depto De 4 Ambientes Con Dos Baños, Torre 10 En Piso Alto, Barrio Gral Savio Iii 10 - Villa Lugano	59900	USD	US$59.900	False	4	3	1	65.0	4 ambs.1 baño65 m² cubiertos	Bo Savio III Torre 10, Villa Lugano, Capital Federal	https://departamento.mercadolibre.com.ar/MLA-3450070588-depto-de-4-ambientes-con-dos-banos-torre-10-en-piso-alto-barrio-gral-savio-iii-10-villa-lugano-_JM#polycard_client=search-desktop&price_drop=not_apply&be_origin=backend&overlay_label=not_apply&search_layout=grid&position=33&type=item&tracking_id=47094cc6-4309-4916-bcff-e4bbdf38d8c7&sid=search	villa-lugano	70 m²	65 m²	0						51 años	140.000 ARS							Sí		Sí	Sí		Sí	Sí						Sí	5 m²	24			Sí																																					
Departamento en venta	Dos Ambientes En Venta Cafayate Y Chilavert Villa Lugano	78000	USD	US$78.000	False	2	1	1	57.0	2 ambs.1 baño57 m² cubiertos	Cafayate 4630, Villa Lugano, Capital Federal	https://departamento.mercadolibre.com.ar/MLA-1822697965-dos-ambientes-en-venta-cafayate-y-chilavert-villa-lugano-_JM#polycard_client=search-desktop&price_drop=not_apply&be_origin=backend&overlay_label=not_apply&search_layout=grid&position=34&type=item&tracking_id=47094cc6-4309-4916-bcff-e4bbdf38d8c7&sid=search	villa-lugano	57 m²	57 m²	0					Frente		0 ARS		Sí					Sí		Sí	Sí			Sí						Sí																																										
Departamento en venta	Cuatro Ambientes Venta Edificio 39 Lugano 1 Y 2	45000	USD	US$45.000	False	4	3	1	65.0	4 ambs.1 baño65 m² cubiertos	Sold, Av. Soldado De La Frontera 5283, Villa Lugano, Capital Federal	https://departamento.mercadolibre.com.ar/MLA-3431033974-cuatro-ambientes-venta-edificio-39-lugano-1-y-2-_JM#polycard_client=search-desktop&price_drop=not_apply&be_origin=backend&overlay_label=not_apply&search_layout=grid&position=35&type=item&tracking_id=47094cc6-4309-4916-bcff-e4bbdf38d8c7&sid=search	villa-lugano	65 m²	65 m²	0					Contrafrente				Sí							Sí	Sí			Sí						Sí																																										
Departamento en venta	Venta Departamento 5 Ambientes Lugano Barrio Piedrabuena	4500040000	USD	US$45.000US$40.000 BAJÓ DE PRECIO	False	5	4	1	92.0	5 ambs.1 baño92 m² cubiertos	Montiel Al 3900, Villa Lugano, Capital Federal	https://departamento.mercadolibre.com.ar/MLA-1819785335-venta-departamento-5-ambientes-lugano-barrio-piedrabuena-_JM#polycard_client=search-desktop&price_drop=true&be_origin=backend&overlay_label=not_apply&search_layout=grid&position=36&type=item&tracking_id=47094cc6-4309-4916-bcff-e4bbdf38d8c7&sid=search	villa-lugano	92 m²	92 m²	0	0	4	2	Departamento	Contrafrente	50 años	0 ARS	No	No		No	Sí	Sí		No	No	No	No	No	Sí	No	Sí	Sí	No	No	Sí		1	Norte	Sí	Sí							Sí				Diurno																										
Departamento en venta	Departamento En Venta Barrio General Savio Edificio 35	45000	USD	US$45.000	False	3	2	1	50.0	3 ambs.1 baño50 m² cubiertos	Nicolás Descalzi 5520, Villa Lugano, Capital Federal	https://departamento.mercadolibre.com.ar/MLA-1818672781-departamento-en-venta-barrio-general-savio-edificio-35-_JM#polycard_client=search-desktop&price_drop=not_apply&be_origin=backend&overlay_label=not_apply&search_layout=grid&position=37&type=item&tracking_id=47094cc6-4309-4916-bcff-e4bbdf38d8c7&sid=search	villa-lugano	50 m²	50 m²	0							130.000 ARS		Sí					Sí		Sí	Sí			Sí																																																
Departamento en venta	Cuatro Ambientes En Venta En Barrio Castro	60000	USD	US$60.000	False	4	3	1	71.0	4 ambs.1 baño71 m² cubiertos	Av. Escalada 2557, Villa Lugano, Capital Federal	https://departamento.mercadolibre.com.ar/MLA-3421286058-cuatro-ambientes-en-venta-en-barrio-castro-_JM#polycard_client=search-desktop&price_drop=not_apply&be_origin=backend&overlay_label=not_apply&search_layout=grid&position=38&type=item&tracking_id=47094cc6-4309-4916-bcff-e4bbdf38d8c7&sid=search	villa-lugano	71 m²	71 m²	0									Sí																																																											
Departamento en venta	Departamento 3 Ambientes - A Refaccionar - Villa Lugano	42000	USD	US$42.000	False	3	2	1	60.0	3 ambs.1 baño60 m² cubiertos	Alvarez, Crisostomo Al 4600, Villa Lugano, Capital Federal	https://departamento.mercadolibre.com.ar/MLA-3404411634-departamento-3-ambientes-a-refaccionar-villa-lugano-_JM#polycard_client=search-desktop&price_drop=not_apply&be_origin=backend&overlay_label=not_apply&search_layout=grid&position=39&type=item&tracking_id=47094cc6-4309-4916-bcff-e4bbdf38d8c7&sid=search	villa-lugano	60 m²	60 m²	0	0	5		Departamento	Frente	58 años	0 ARS	No	No		No	No	No		No	No	No	No	No	Sí	No	Sí	No	No	No	No		1	Este																																							
Departamento en venta	Venta Departamento 2 Ambientes Apto Credito Villa Lugano	55000	USD	US$55.000	False	2	1	0	37.0	2 ambs.37 m² cubiertos	Guamini Al 5400, Villa Lugano, Capital Federal	https://departamento.mercadolibre.com.ar/MLA-1812547381-venta-departamento-2-ambientes-apto-credito-villa-lugano-_JM#polycard_client=search-desktop&price_drop=not_apply&be_origin=backend&overlay_label=not_apply&search_layout=grid&position=40&type=item&tracking_id=47094cc6-4309-4916-bcff-e4bbdf38d8c7&sid=search	villa-lugano	37 m²	37 m²	0	0	2	1	Departamento		30 años	30.000 ARS	Sí	No		No	Sí	Sí		Sí	No	No	No	No	Sí	No	Sí	Sí	No	No	Sí					Sí																																					
Departamento en venta	Venta Departamento 3 Ambientes Piso Alto Barrio Samore Villa Lugano	5700054000	USD	US$57.000US$54.000 BAJÓ DE PRECIO	False	3	2	1	59.0	3 ambs.1 baño59 m² cubiertos	Av Castañares Al 4600, Villa Lugano, Capital Federal	https://departamento.mercadolibre.com.ar/MLA-1802887877-venta-departamento-3-ambientes-piso-alto-barrio-samore-villa-lugano-_JM#polycard_client=search-desktop&price_drop=true&be_origin=backend&overlay_label=not_apply&search_layout=grid&position=41&type=item&tracking_id=47094cc6-4309-4916-bcff-e4bbdf38d8c7&sid=search	villa-lugano	59 m²	59 m²	0	0			Departamento		42 años	35.000 ARS	Sí	Sí	Sí	Sí	Sí	No		No	Sí	No	No	No	Sí	No	Sí	Sí	Sí	No	Sí		9			Sí																																					
Departamento en venta	Departamento En Venta De 4 Ambientes En Barrio Piedrabuena, Escalera 3. Sobre Zuviria	47000	USD	US$47.000	False	4	3	1	74.0	4 ambs.1 baño74 m² cubiertos	Zuviría 6848, BEZ, Villa Lugano, Capital Federal	https://departamento.mercadolibre.com.ar/MLA-3366591184-departamento-en-venta-de-4-ambientes-en-barrio-piedrabuena-escalera-3-sobre-zuviria-_JM#polycard_client=search-desktop&price_drop=not_apply&be_origin=backend&overlay_label=not_apply&search_layout=grid&position=42&type=item&tracking_id=47094cc6-4309-4916-bcff-e4bbdf38d8c7&sid=search	villa-lugano	74 m²	74 m²	0									Sí							Sí	Sí			Sí						Sí					Sí														Sí																							
Departamento en venta	Dpto De 2 Ambientes Al Contrafrente Con Balcón.	68000	USD	US$68.000	False	2	1	1	35.0	2 ambs.1 baño35 m² cubiertos	Cañada De Gomez 4800, Villa Lugano, Capital Federal	https://departamento.mercadolibre.com.ar/MLA-1800610931-dpto-de-2-ambientes-al-contrafrente-con-balcon-_JM#polycard_client=search-desktop&price_drop=not_apply&be_origin=backend&overlay_label=not_apply&search_layout=grid&position=43&type=item&tracking_id=47094cc6-4309-4916-bcff-e4bbdf38d8c7&sid=search	villa-lugano	40 m²	35 m²	0						36 años	38.000 ARS				Sí			Sí		Sí	Sí		Sí	Sí																																																
Departamento en venta	Departamento En Venta Lugano 1 Y 2 Edificio 139	45000	USD	US$45.000	False	3	2	1	49.0	3 ambs.1 baño49 m² cubiertos	Comodoro Ceferino Ramírez 5582, Villa Lugano, Capital Federal	https://departamento.mercadolibre.com.ar/MLA-1799430897-departamento-en-venta-lugano-1-y-2-edificio-139-_JM#polycard_client=search-desktop&price_drop=not_apply&be_origin=backend&overlay_label=not_apply&search_layout=grid&position=44&type=item&tracking_id=47094cc6-4309-4916-bcff-e4bbdf38d8c7&sid=search	villa-lugano	49 m²	49 m²	0				Departamento	Contrafrente		130.000 ARS		Sí					Sí		Sí	Sí			Sí																																																
Departamento en venta	Departamento En Venta En Villa Lugano	41000	USD	US$41.000	False	3	2	1	52.0	3 ambs.1 baño52 m² cubiertos	SOLDADO DE LA FRONTERA Al 5031. Entre Descalzi, Nicolas Y Villegas, Gral., Villa Lugano, Capital Federal	https://departamento.mercadolibre.com.ar/MLA-1797680987-departamento-en-venta-en-villa-lugano-_JM#polycard_client=search-desktop&price_drop=not_apply&be_origin=backend&overlay_label=not_apply&search_layout=grid&position=45&type=item&tracking_id=47094cc6-4309-4916-bcff-e4bbdf38d8c7&sid=search	villa-lugano	52,74 m²	52,74 m²	0	0		10	Departamento	Contrafrente	56 años	0 ARS	No	Sí		Sí	No	No		No	No	No	No	No	Sí	No		Sí	No	No	No		15	Sur	Sí		1						Sí								Sí									Sí													
Departamento en venta	Departamento En Villa Lugano	66900	USD	US$66.900	False	5	4	2	84.0	5 ambs.2 baños84 m² cubiertos	Corvalan Al 2900, Villa Lugano, Capital Federal	https://departamento.mercadolibre.com.ar/MLA-3291639170-departamento-en-villa-lugano-_JM#polycard_client=search-desktop&price_drop=not_apply&be_origin=backend&overlay_label=not_apply&search_layout=grid&position=46&type=item&tracking_id=47094cc6-4309-4916-bcff-e4bbdf38d8c7&sid=search	villa-lugano	91 m²	84 m²	0	0		7	Departamento		43 años	120.000 ARS	No	Sí		Sí	No	No		No	No	No	Sí	No	No	No		No	No	No	No	6 m²																																									
Departamento en venta	Depto De 4 Amb. Al Frente- Apto Credito - Lugano I Y Ii, Edificio 30 - Villa Lugano	45900	USD	US$45.900	False	4	3	1	68.0	4 ambs.1 baño68 m² cubiertos	Lugano I Y II Edificio 30, Villa Lugano, Capital Federal	https://departamento.mercadolibre.com.ar/MLA-1780502833-depto-de-4-amb-al-frente-apto-credito-lugano-i-y-ii-edificio-30-villa-lugano-_JM#polycard_client=search-desktop&price_drop=not_apply&be_origin=backend&overlay_label=not_apply&search_layout=grid&position=47&type=item&tracking_id=47094cc6-4309-4916-bcff-e4bbdf38d8c7&sid=search	villa-lugano	68 m²	68 m²	0						51 años	120.000 ARS																					14																																								
Departamento en venta	Edificio 5 Barrio Nagera Parque Avellaneda	51000	USD	US$51.000	False	3	2	1	56.0	3 ambs.1 baño56 m² cubiertos	Teniente Gral. Luis Dellepiane 4280, Villa Lugano, Capital Federal	https://departamento.mercadolibre.com.ar/MLA-3410964398-edificio-5-barrio-nagera-parque-avellaneda-_JM#polycard_client=search-desktop&price_drop=not_apply&be_origin=backend&overlay_label=not_apply&search_layout=grid&position=48&type=item&tracking_id=47094cc6-4309-4916-bcff-e4bbdf38d8c7&sid=search	villa-lugano	56 m²	56 m²	0		2			Frente	50 años	100.000 ARS		Sí							Sí	Sí			Sí																																																
Departamento en venta	Venta Departamento De 2 Ambientes En Villa Lugano, 2° Piso Lateral - Apto Crédito	50000	USD	US$50.000	False	2	1	1	45.0	2 ambs.1 baño45 m² cubiertos	Corrales Al 6500, Villa Lugano, Capital Federal	https://departamento.mercadolibre.com.ar/MLA-3236137684-venta-departamento-de-2-ambientes-en-villa-lugano-2-piso-lateral-apto-credito-_JM#polycard_client=search-desktop&float_highlight=not_apply&price_drop=not_apply&be_origin=backend&overlay_label=not_apply&search_layout=grid&position=1&type=item&tracking_id=a311306c-e703-4943-8281-ca5871531cfc&sid=search	villa-lugano	45 m²	45 m²	0	0		2	Departamento	Lateral	40 años	0 ARS	No	Sí		Sí	No	No		No	No	No	No	No	Sí	No	Sí	Sí	No	Sí	No			Norte																																							
Departamento en venta	Tres Ambientes En Villa Lugano Edificio 56	45000	USD	US$45.000	False	3	2	1	51.0	3 ambs.1 baño51 m² cubiertos	Tte. Gral. Eduardo Racedo 5813, Villa Lugano, Capital Federal	https://departamento.mercadolibre.com.ar/MLA-1763080251-tres-ambientes-en-villa-lugano-edificio-56-_JM#polycard_client=search-desktop&float_highlight=not_apply&price_drop=not_apply&be_origin=backend&overlay_label=not_apply&search_layout=grid&position=2&type=item&tracking_id=a311306c-e703-4943-8281-ca5871531cfc&sid=search	villa-lugano	51 m²	51 m²	0		4		Departamento			100.000 ARS		Sí					Sí		Sí	Sí			Sí								14	Oeste																																							
Departamento en venta	Departamento De Dos Ambientes Al Frente Con Balcón, Unanue 6000 - Villa Lugano	75000	USD	US$75.000	False	2	1	1	38.0	2 ambs.1 baño38 m² cubiertos	Unanue 6000, Villa Lugano, Capital Federal	https://departamento.mercadolibre.com.ar/MLA-1758061495-departamento-de-dos-ambientes-al-frente-con-balcon-unanue-6000-villa-lugano-_JM#polycard_client=search-desktop&price_drop=not_apply&be_origin=backend&overlay_label=not_apply&search_layout=grid&position=3&type=item&tracking_id=a311306c-e703-4943-8281-ca5871531cfc&sid=search	villa-lugano	42 m²	38 m²	0						66 años	0 ARS							Sí		Sí	Sí		Sí	Sí						Sí		3			Sí																																					
Departamento en venta	Cuatro Ambientes En Venta Barrio Piedrabuena - Escalera 11	45000	USD	US$45.000	False	4	3	1	74.0	4 ambs.1 baño74 m² cubiertos	Pje. 2 De Abril De 1982 6550, Comuna 8, Villa Lugano, Capital Federal	https://departamento.mercadolibre.com.ar/MLA-1754422139-cuatro-ambientes-en-venta-barrio-piedrabuena-escalera-11-_JM#polycard_client=search-desktop&price_drop=not_apply&be_origin=backend&overlay_label=not_apply&search_layout=grid&position=4&type=item&tracking_id=a311306c-e703-4943-8281-ca5871531cfc&sid=search	villa-lugano	74 m²	74 m²	0									Sí								Sí			Sí											Sí																																					
Departamento en venta	Departamento 3 Amb En Venta Ed. 128 Lugano 1 Y 2	44900	USD	US$44.900	False	3	2	1	50.0	3 ambs.1 baño50 m² cubiertos	Martín Guerrico 5528, Villa Lugano, Capital Federal	https://departamento.mercadolibre.com.ar/MLA-3198944754-departamento-3-amb-en-venta-ed-128-lugano-1-y-2-_JM#polycard_client=search-desktop&float_highlight=not_apply&price_drop=not_apply&be_origin=backend&overlay_label=not_apply&search_layout=grid&position=5&type=item&tracking_id=a311306c-e703-4943-8281-ca5871531cfc&sid=search	villa-lugano	50 m²	50 m²	0		4	4	Departamento	Contrafrente	56 años	80.000 ARS		Sí	Sí	Sí	No	No	Sí	No	Sí	Sí	No	No	Sí	No	Sí	Sí	No	Sí	Sí		14	Sur	Sí	Sí																					Sí			Sí													
Departamento en venta	Departamento 3 Amb En Venta Ed. 128 Lugano 1 Y 2	44900	USD	US$44.900	False	3	2	1	50.0	3 ambs.1 baño50 m² cubiertos	Martín Guerrico 5528, Villa Lugano, Capital Federal	https://departamento.mercadolibre.com.ar/MLA-3197792494-departamento-3-amb-en-venta-ed-128-lugano-1-y-2-_JM#polycard_client=search-desktop&float_highlight=not_apply&price_drop=not_apply&be_origin=backend&overlay_label=not_apply&search_layout=grid&position=6&type=item&tracking_id=a311306c-e703-4943-8281-ca5871531cfc&sid=search	villa-lugano	50 m²	50 m²	0		4	4	Departamento	Contrafrente	56 años	80.000 ARS		Sí	Sí	Sí	No	No	Sí	No	Sí	Sí	No	No	Sí	No	Sí	Sí	No	Sí	Sí		14	Sur	Sí	Sí																					Sí			Sí													
Departamento en venta	Tres Ambientes En Venta En Ultimo Piso Villa Lugano	60000	USD	US$60.000	False	3	2	1	52.0	3 ambs.1 baño52 m² cubiertos	Echeandía 4800, Villa Lugano, Capital Federal	https://departamento.mercadolibre.com.ar/MLA-1736541163-tres-ambientes-en-venta-en-ultimo-piso-villa-lugano-_JM#polycard_client=search-desktop&float_highlight=not_apply&price_drop=not_apply&be_origin=backend&overlay_label=not_apply&search_layout=grid&position=7&type=item&tracking_id=a311306c-e703-4943-8281-ca5871531cfc&sid=search	villa-lugano	52 m²	52 m²	0				Penthhouse			59.000 ARS							Sí	Sí	Sí	Sí		Sí	Sí							27 m²				Sí																																					
Departamento en venta	2 Ambientes Luminoso, Bajas Expensas Apto Credito	39000	USD	US$39.000	False	2	1	1	30.0	2 ambs.1 baño30 m² cubiertos	Castañares 5456, Villa Lugano, Capital Federal	https://departamento.mercadolibre.com.ar/MLA-1735127879-2-ambientes-luminoso-bajas-expensas-apto-credito-_JM#polycard_client=search-desktop&price_drop=not_apply&be_origin=backend&overlay_label=not_apply&search_layout=grid&position=8&type=item&tracking_id=a311306c-e703-4943-8281-ca5871531cfc&sid=search	villa-lugano	30 m²	30 m²	0	0	1	1	Departamento	Contrafrente	46 años	10.000 ARS				No	No	No	Sí	No	Sí	No	No	No	Sí	No	Sí	Sí	No	No	Sí		4	Sur	Sí																																						
Departamento en venta	Departamento 2 Ambientes Sin Expensas En Villa Lugano	82000	USD	US$82.000	False	2	1	1	42.0	2 ambs.1 baño42 m² cubiertos	Cosquin 4950, Villa Lugano, Capital Federal	https://departamento.mercadolibre.com.ar/MLA-1735127645-departamento-2-ambientes-sin-expensas-en-villa-lugano-_JM#polycard_client=search-desktop&float_highlight=not_apply&price_drop=not_apply&be_origin=backend&overlay_label=not_apply&search_layout=grid&position=9&type=item&tracking_id=a311306c-e703-4943-8281-ca5871531cfc&sid=search	villa-lugano	42 m²	42 m²	0						26 años																						3																																								
Departamento en venta	Departamento De Cuatro Ambientes En Venta En Barrio Piedrabuena	49000	USD	US$49.000	False	4	3	1	64.0	4 ambs.1 baño64 m² cubiertos	Pailebot Davison 3800, Villa Lugano, Capital Federal	https://departamento.mercadolibre.com.ar/MLA-3141346148-departamento-de-cuatro-ambientes-en-venta-en-barrio-piedrabuena-_JM#polycard_client=search-desktop&float_highlight=not_apply&price_drop=not_apply&be_origin=backend&overlay_label=not_apply&search_layout=grid&position=10&type=item&tracking_id=a311306c-e703-4943-8281-ca5871531cfc&sid=search	villa-lugano	64 m²	64 m²	2									Sí							Sí	Sí			Sí						Sí					Sí																																					
Departamento en venta	Excelente Dpto 4 Amb Cochera 65 Mts Fernandez De La Cruz 5900 Lugano	79000	USD	US$79.000	False	4	3	1	62.0	4 ambs.1 baño62 m² cubiertos	Gral. Fernández De La Cruz, Villa Lugano, Capital Federal	https://departamento.mercadolibre.com.ar/MLA-3122010484-excelente-dpto-4-amb-cochera-65-mts-fernandez-de-la-cruz-5900-lugano-_JM#polycard_client=search-desktop&float_highlight=not_apply&price_drop=not_apply&be_origin=backend&overlay_label=not_apply&search_layout=grid&position=11&type=item&tracking_id=a311306c-e703-4943-8281-ca5871531cfc&sid=search	villa-lugano	65 m²	62 m²	1		4			Frente		110.000 ARS		Sí							Sí	Sí			Sí							3 m²	3	Norte																	Sí																						
Departamento en venta	Venta 3 Ambientes Villa Lugano Con Cochera	75000	USD	US$75.000	False	3	2	1	60.0	3 ambs.1 baño60 m² cubiertos	Castañares Al 4200, Villa Lugano, Capital Federal	https://departamento.mercadolibre.com.ar/MLA-1726138387-venta-3-ambientes-villa-lugano-con-cochera-_JM#polycard_client=search-desktop&price_drop=not_apply&be_origin=backend&overlay_label=not_apply&search_layout=grid&position=12&type=item&tracking_id=a311306c-e703-4943-8281-ca5871531cfc&sid=search	villa-lugano	80 m²	60 m²	1	0	2	3	Departamento	Frente	15 años	0 ARS	No	No		Sí	No	No		No	Sí	Sí	No	Sí	Sí	No	Sí	No	Sí	No	No	5 m²		Sur																																							
Departamento en venta	Monoambiente A Estrenar Villa Lugano	74000	USD	US$74.000	False	1	1	1	37.0	1 amb.1 baño37 m² totales	Chilavert 6600, Villa Lugano, Capital Federal	https://departamento.mercadolibre.com.ar/MLA-3094117734-monoambiente-a-estrenar-villa-lugano-_JM#polycard_client=search-desktop&float_highlight=not_apply&price_drop=not_apply&be_origin=backend&overlay_label=not_apply&search_layout=grid&position=13&type=item&tracking_id=a311306c-e703-4943-8281-ca5871531cfc&sid=search	villa-lugano	37 m²		0						2 años	86.600 ARS																					5																																								
Departamento en venta	Oportunidad Deja De Alquilar Compra En Cuotas	30000	USD	US$30.000	False	7	5	2	110.0	7 ambs.2 baños110 m² cubiertos	Pje. 2 De Abril De 1982 6873, Villa Lugano, Capital Federal	https://departamento.mercadolibre.com.ar/MLA-1711496065-oportunidad-deja-de-alquilar-compra-en-cuotas-_JM#polycard_client=search-desktop&float_highlight=not_apply&price_drop=not_apply&be_origin=backend&overlay_label=not_apply&search_layout=grid&position=14&type=item&tracking_id=a311306c-e703-4943-8281-ca5871531cfc&sid=search	villa-lugano	110 m²	110 m²	0	0	4	5	Departamento	Frente	40.000 años	50.000 ARS	Sí	Sí	Sí	Sí	No	No	Sí	No	Sí	Sí	No	Sí	Sí	No	Sí	Sí	No	Sí	Sí		12	Sur	Sí	Sí	14						Sí						Sí	Sí	Sí	Sí							Sí	Sí													
Departamento en venta	Departamento En Barrio Savio En Venta!	49000	USD	US$49.000	False	3	2	1	49.0	3 ambs.1 baño49 m² cubiertos	Combate De San Carlos 5400 - 5700, Villa Lugano, Capital Federal	https://departamento.mercadolibre.com.ar/MLA-3051460672-departamento-en-barrio-savio-en-venta-_JM#polycard_client=search-desktop&price_drop=not_apply&be_origin=backend&overlay_label=not_apply&search_layout=grid&position=15&type=item&tracking_id=a311306c-e703-4943-8281-ca5871531cfc&sid=search	villa-lugano	49 m²	49 m²	0									Sí					Sí		Sí	Sí			Sí																																																
Departamento en venta	2 Ambientes Con Balcón, Excelente Estado, Apto Credito	59000	USD	US$59.000	False	2	1	1	30.0	2 ambs.1 baño30 m² cubiertos	Guamaní 5679, Villa Lugano, Capital Federal	https://departamento.mercadolibre.com.ar/MLA-3027954672-2-ambientes-con-balcon-excelente-estado-apto-credito-_JM#polycard_client=search-desktop&price_drop=not_apply&be_origin=backend&overlay_label=not_apply&search_layout=grid&position=16&type=item&tracking_id=a311306c-e703-4943-8281-ca5871531cfc&sid=search	villa-lugano	33 m²	30 m²	0	0	7		Departamento	Lateral	26 años	20.000 ARS				No	No	No		No	Sí	Sí	No	Sí	Sí	No	Sí	Sí	Sí	Sí	Sí			Norte	Sí	Sí														Sí																							
Departamento en venta	Departamento En Venta En Villa Lugano B° Piedrabuena	38000	USD	US$38.000	False	3	2	1	44.0	3 ambs.1 baño44 m² cubiertos	Pje. 2 De Abril De 1982 6456, Villa Lugano, Capital Federal	https://departamento.mercadolibre.com.ar/MLA-3024853682-departamento-en-venta-en-villa-lugano-b-piedrabuena-_JM#polycard_client=search-desktop&float_highlight=not_apply&price_drop=not_apply&be_origin=backend&overlay_label=not_apply&search_layout=grid&position=17&type=item&tracking_id=a311306c-e703-4943-8281-ca5871531cfc&sid=search	villa-lugano	51 m²	44 m²	0														Sí		Sí				Sí																																																
Departamento en venta	Venta Departamento En Lugano I Y Ii	50000	USD	US$50.000	False	3	2	1	51.0	3 ambs.1 baño51 m² cubiertos	Santiago Costamagna 5700, Villa Lugano, Capital Federal	https://departamento.mercadolibre.com.ar/MLA-1692126869-venta-departamento-en-lugano-i-y-ii-_JM#polycard_client=search-desktop&float_highlight=not_apply&price_drop=not_apply&be_origin=backend&overlay_label=not_apply&search_layout=grid&position=18&type=item&tracking_id=a311306c-e703-4943-8281-ca5871531cfc&sid=search	villa-lugano	51 m²	51 m²	0		4		Departamento	Contrafrente	54 años	85.000 ARS		Sí	Sí	Sí			Sí		Sí	Sí		No	Sí		Sí	Sí		Sí	Sí		14	Norte		Sí				Sí	Sí				Sí						Sí						Sí			Sí													
Departamento en venta	Saraza 4200 Villa Lugano 3amb U$74500	74500	USD	US$74.500	False	3	2	1	57.0	3 ambs.1 baño57 m² cubiertos	Saraza Al 4200. Entre Roberto Esteves, Villa Lugano, Capital Federal	https://departamento.mercadolibre.com.ar/MLA-3013616886-saraza-4200-villa-lugano-3amb-u74500-_JM#polycard_client=search-desktop&float_highlight=not_apply&price_drop=not_apply&be_origin=backend&overlay_label=not_apply&search_layout=grid&position=19&type=item&tracking_id=a311306c-e703-4943-8281-ca5871531cfc&sid=search	villa-lugano	57,8 m²	57,8 m²	0	0	3	7	Departamento	Contrafrente	7 años	98.000 ARS	No	Sí		No	No	No		No	No	No	No	No	Sí	No		No	No	No	No		9				1																																				
Departamento en venta	Depto En Venta Villa Lugano B° Gral Savio 3 Ambientes Excelente Ubicacion Vista Panoramica Muy Luminoso	40000	USD	US$40.000	False	3	2	1	50.0	3 ambs.1 baño50 m² cubiertos	Av. Sold. Frontera Al 5000 Y Nicolas Descalzi, Villa Lugano, Capital Federal	https://departamento.mercadolibre.com.ar/MLA-1684075301-depto-en-venta-villa-lugano-b-gral-savio-3-ambientes-excelente-ubicacion-vista-panoramica-muy-luminoso-_JM#polycard_client=search-desktop&price_drop=not_apply&be_origin=backend&overlay_label=not_apply&search_layout=grid&position=20&type=item&tracking_id=a311306c-e703-4943-8281-ca5871531cfc&sid=search	villa-lugano	50 m²	50 m²	0						55 años	90.000 ARS																					14																																								
Departamento en venta	Departamento En Venta En Piedrabuena	45000	USD	US$45.000	False	4	3	1	76.0	4 ambs.1 baño76 m² cubiertos	Zuviría 6950, Villa Lugano, Capital Federal	https://departamento.mercadolibre.com.ar/MLA-2904302086-departamento-en-venta-en-piedrabuena-_JM#polycard_client=search-desktop&price_drop=not_apply&be_origin=backend&overlay_label=not_apply&search_layout=grid&position=21&type=item&tracking_id=a311306c-e703-4943-8281-ca5871531cfc&sid=search	villa-lugano	76 m²	76 m²	0																Sí	Sí			Sí																									Sí																							
Departamento en venta	Departamento En Venta En Villa Lugano	50000	USD	US$50.000	False	4	2	1	65.0	4 ambs.1 baño65 m² cubiertos	C. Contraalmirante Martin Guerrico 5681, Villa Lugano, Capital Federal	https://departamento.mercadolibre.com.ar/MLA-1680280969-departamento-en-venta-en-villa-lugano-_JM#polycard_client=search-desktop&price_drop=not_apply&be_origin=backend&overlay_label=not_apply&search_layout=grid&position=22&type=item&tracking_id=a311306c-e703-4943-8281-ca5871531cfc&sid=search	villa-lugano	65 m²	65 m²	0					Contrafrente		120.000 ARS	Sí	Sí					Sí		Sí	Sí			Sí																																																
Departamento en venta	Departamento Al Frente De 2 Ambientes Con Balcon, Nuevo A Estrenar	77500	USD	US$77.500	False	2	1	1	45.0	2 ambs.1 baño45 m² cubiertos	Jose Leon Suarez 4700, Villa Lugano, Capital Federal	https://departamento.mercadolibre.com.ar/MLA-2866123392-departamento-al-frente-de-2-ambientes-con-balcon-nuevo-a-estrenar-_JM#polycard_client=search-desktop&price_drop=not_apply&be_origin=backend&overlay_label=not_apply&search_layout=grid&position=23&type=item&tracking_id=a311306c-e703-4943-8281-ca5871531cfc&sid=search	villa-lugano	48 m²	45 m²	0		3		Departamento	Frente	3 años	0 ARS		No		No	No	No		No	Sí	Sí	No	Sí	Sí	No	Sí	No	No	No	No		2	Este	Sí							Sí			Sí							Sí																					
Departamento en venta	Venta Apto Crédito 3 Amb Piso 7 Luminoso Edificio Torre Con Juegos Y Parrilla Villa Lugano Caba	52000	USD	US$52.000	False	3	2	1	52.0	3 ambs.1 baño52 m² cubiertos	Cafayate Al 5000, Caba, Villa Lugano, Capital Federal	https://departamento.mercadolibre.com.ar/MLA-2866139758-venta-apto-credito-3-amb-piso-7-luminoso-edificio-torre-con-juegos-y-parrilla-villa-lugano-caba-_JM#polycard_client=search-desktop&price_drop=not_apply&be_origin=backend&overlay_label=not_apply&search_layout=grid&position=24&type=item&tracking_id=a311306c-e703-4943-8281-ca5871531cfc&sid=search	villa-lugano	59 m²	52 m²	0	0	6	7	Departamento	Contrafrente	40 años	101.000 ARS	Sí	Sí		Sí	Sí	No		No	Sí	Sí	No	Sí	Sí	No	Sí	Sí	No	No	Sí	1 m²	1	Este	Sí	Sí																																					
Departamento en venta	Departamento De Dos Ambientes En Planta Baja - Barrio Mascias - Villa Lugano	57000	USD	US$57.000	False	2	1	1	37.0	2 ambs.1 baño37 m² cubiertos	Avenida Cruz 5921, Villa Lugano, Capital Federal	https://departamento.mercadolibre.com.ar/MLA-1670621711-departamento-de-dos-ambientes-en-planta-baja-barrio-mascias-villa-lugano-_JM#polycard_client=search-desktop&price_drop=not_apply&be_origin=backend&overlay_label=not_apply&search_layout=grid&position=25&type=item&tracking_id=a311306c-e703-4943-8281-ca5871531cfc&sid=search	villa-lugano	40 m²	37 m²	0						46 años	62.000 ARS																				3 m²	3																																								
Departamento en venta	Departamento En Venta En Barrio General Savio	45000	USD	US$45.000	False	3	2	1	49.0	3 ambs.1 baño49 m² cubiertos	Ctte, C. Contraalmirante Martin Guerrico 5578, Villa Lugano, Villa Lugano, Capital Federal	https://departamento.mercadolibre.com.ar/MLA-2837371172-departamento-en-venta-en-barrio-general-savio-_JM#polycard_client=search-desktop&price_drop=not_apply&be_origin=backend&overlay_label=not_apply&search_layout=grid&position=26&type=item&tracking_id=a311306c-e703-4943-8281-ca5871531cfc&sid=search	villa-lugano	49 m²	49 m²	0						50 años			Sí					Sí		Sí	Sí			Sí																																																
Departamento en venta	Departamento En Venta En Barrio Savio	43000	USD	US$43.000	False	3	2	1	49.0	3 ambs.1 baño49 m² cubiertos	Gral. Napoleón Uriburu 5803, Villa Lugano, Capital Federal	https://departamento.mercadolibre.com.ar/MLA-3410964106-departamento-en-venta-en-barrio-savio-_JM#polycard_client=search-desktop&price_drop=not_apply&be_origin=backend&overlay_label=not_apply&search_layout=grid&position=27&type=item&tracking_id=a311306c-e703-4943-8281-ca5871531cfc&sid=search	villa-lugano	49 m²	49 m²	0						50 años			Sí					Sí		Sí	Sí			Sí																																																
Departamento en venta	Departamento De 3 Ambientes Reformado A Dos Con Balcón Al Frente - Villa Lugano, Riestra 5400 - Villa Lugano	84900	USD	US$84.900	False	2	1	1	41.0	2 ambs.1 baño41 m² cubiertos	Riestra 5400, Villa Lugano, Capital Federal	https://departamento.mercadolibre.com.ar/MLA-2830764900-departamento-de-3-ambientes-reformado-a-dos-con-balcon-al-frente-villa-lugano-riestra-5400-villa-lugano-_JM#polycard_client=search-desktop&price_drop=not_apply&be_origin=backend&overlay_label=not_apply&search_layout=grid&position=28&type=item&tracking_id=a311306c-e703-4943-8281-ca5871531cfc&sid=search	villa-lugano	51 m²	41 m²	0						36 años	150.000 ARS							Sí			Sí		Sí	Sí							10 m²	8																			Sí																					
Departamento en venta	Departamento De 7 Amb U$s 30.000 Y Cuo . Leer La Descripcion	30000	USD	US$30.000	False	7	5	2	110.0	7 ambs.2 baños110 m² cubiertos	Pje. 2 De Abril De 1982 6873, Villa Lugano, Capital Federal	https://departamento.mercadolibre.com.ar/MLA-1661863041-departamento-de-7-amb-us-30000-y-cuo-leer-la-descripcion-_JM#polycard_client=search-desktop&float_highlight=not_apply&price_drop=not_apply&be_origin=backend&overlay_label=not_apply&search_layout=grid&position=29&type=item&tracking_id=a311306c-e703-4943-8281-ca5871531cfc&sid=search	villa-lugano	110 m²	110 m²	0	0	4	5	Departamento	Frente	40.000 años	55.000 ARS	Sí	Sí	Sí	Sí	No	No	Sí	No	Sí	Sí	No	Sí	Sí	No	Sí	Sí	No	Sí	Sí		12	Sur	Sí	Sí	14						Sí						Sí	Sí	Sí	Sí							Sí	Sí													
Departamento en venta	Venta De Departamento 3 Ambientes En Villa Lugano	48000	USD	US$48.000	False	3	2	1	49.0	3 ambs.1 baño49 m² cubiertos	Avenida Teniente General Luis Dellepiane 4264, Ciudad Autónoma De Buenos Aires, Argentina, Villa Lugano, Capital Federal	https://departamento.mercadolibre.com.ar/MLA-2697616686-venta-de-departamento-3-ambientes-en-villa-lugano-_JM#polycard_client=search-desktop&price_drop=not_apply&be_origin=backend&overlay_label=not_apply&search_layout=grid&position=30&type=item&tracking_id=a311306c-e703-4943-8281-ca5871531cfc&sid=search	villa-lugano	49 m²	49 m²	0			1		Frente	41 años	85.000 ARS	Sí	Sí		Sí											Sí	Sí					11	Sur																																							
Departamento en venta	Departamento En Venta De 4 Ambientes Al Frente - Lugano I Y Ii, Lugano I Y Ii Edificio 30 - Villa Lugano	48500	USD	US$48.500	False	4	3	1	68.0	4 ambs.1 baño68 m² cubiertos	Lugano I Y II Edificio 30, Villa Lugano, Capital Federal	https://departamento.mercadolibre.com.ar/MLA-1605231773-departamento-en-venta-de-4-ambientes-al-frente-lugano-i-y-ii-lugano-i-y-ii-edificio-30-villa-lugano-_JM#polycard_client=search-desktop&price_drop=not_apply&be_origin=backend&overlay_label=not_apply&search_layout=grid&position=31&type=item&tracking_id=a311306c-e703-4943-8281-ca5871531cfc&sid=search	villa-lugano	68 m²	68 m²	0						56 años	130.000 ARS																					14																																								
Departamento en venta	Departamento De 3 Ambientes En Duplex, Con Toilette, Baño Y Dos Amplios Balcones	155000	USD	US$155.000	False	3	2	2	69.0	3 ambs.2 baños69 m² cubiertos	Somellera 5800, Villa Lugano, Capital Federal	https://departamento.mercadolibre.com.ar/MLA-1598174419-departamento-de-3-ambientes-en-duplex-con-toilette-bano-y-dos-amplios-balcones-_JM#polycard_client=search-desktop&price_drop=not_apply&be_origin=backend&overlay_label=not_apply&search_layout=grid&position=32&type=item&tracking_id=a311306c-e703-4943-8281-ca5871531cfc&sid=search	villa-lugano	96 m²	69 m²	0						9 años	120.000 ARS																					5																																								
Departamento en venta	Departamento En Venta En Barrio Nagera Apto Credito	53000	USD	US$53.000	False	3	2	1	56.0	3 ambs.1 baño56 m² cubiertos	Dellepiane Sur 4384, C1439 Cdad. Autónoma De Buenos Aires, Argentina, Villa Lugano, Capital Federal	https://departamento.mercadolibre.com.ar/MLA-1596325071-departamento-en-venta-en-barrio-nagera-apto-credito-_JM#polycard_client=search-desktop&price_drop=not_apply&be_origin=backend&overlay_label=not_apply&search_layout=grid&position=33&type=item&tracking_id=a311306c-e703-4943-8281-ca5871531cfc&sid=search	villa-lugano	56 m²	56 m²	0					Contrafrente	50 años			Sí					Sí		Sí	Sí			Sí																																																
Departamento en venta	Departamento En Venta En Villa Lugano	37000	USD	US$37.000	False	3	2	1	44.0	3 ambs.1 baño44 m² cubiertos	Pje. 2 De Abril De 1982 6749, Villa Lugano, Capital Federal	https://departamento.mercadolibre.com.ar/MLA-3668811614-departamento-en-venta-en-villa-lugano-_JM#polycard_client=search-desktop&price_drop=not_apply&be_origin=backend&overlay_label=not_apply&search_layout=grid&position=34&type=item&tracking_id=a311306c-e703-4943-8281-ca5871531cfc&sid=search	villa-lugano	51 m²	44 m²	0		2							Sí							Sí	Sí			Sí								12																	Sí																							
Departamento en venta	Departamento En Venta En Piedrabuena	39000	USD	US$39.000	False	3	2	1	47.0	3 ambs.1 baño47 m² cubiertos	Montiel 3953, Villa Lugano, Capital Federal	https://departamento.mercadolibre.com.ar/MLA-3729636426-departamento-en-venta-en-piedrabuena-_JM#polycard_client=search-desktop&float_highlight=not_apply&price_drop=not_apply&be_origin=backend&overlay_label=not_apply&search_layout=grid&position=35&type=item&tracking_id=a311306c-e703-4943-8281-ca5871531cfc&sid=search	villa-lugano	47 m²	47 m²	0				Departamento					Sí		Sí					Sí				Sí		Sí	Sí	Sí		Sí				Sí															Sí	Sí									Sí		Sí											
Departamento en venta	Departamento En Venta En Villa Lugano Planta Baja	54000	USD	US$54.000	False	3	2	1	62.0	3 ambs.1 baño62 m² cubiertos	Cafayate 5218, Villa Lugano, Capital Federal	https://departamento.mercadolibre.com.ar/MLA-1822693407-departamento-en-venta-en-villa-lugano-planta-baja-_JM#polycard_client=search-desktop&price_drop=not_apply&be_origin=backend&overlay_label=not_apply&search_layout=grid&position=36&type=item&tracking_id=a311306c-e703-4943-8281-ca5871531cfc&sid=search	villa-lugano	62 m²	62 m²	0					Lateral									Sí		Sí	Sí			Sí						Sí		22			Sí																																					
Departamento en venta	Dellepiane 4500 5° Barrio Samoré 3amb U$ 52.000	52000	USD	US$52.000	False	3	2	1	55.0	3 ambs.1 baño55 m² cubiertos	Dellepiane Al 4500. Entre Av. Escalada Y Albariño, Villa Lugano, Capital Federal	https://departamento.mercadolibre.com.ar/MLA-3564992724-dellepiane-4500-5-barrio-samore-3amb-u-52000-_JM#polycard_client=search-desktop&float_highlight=not_apply&price_drop=not_apply&be_origin=backend&overlay_label=not_apply&search_layout=grid&position=37&type=item&tracking_id=a311306c-e703-4943-8281-ca5871531cfc&sid=search	villa-lugano	59,17 m²	55,36 m²	0	0	3	5	Departamento	Lateral	35 años	95.200 ARS	No	No		Sí	No	No	Sí	No	No	No	No	No	Sí	No		Sí	No	No	No		9			Sí	1														Sí												Sí										
Departamento en venta	Departamento En Venta En Bo Piedrabuena, Planta Baja	42000	USD	US$42.000	False	4	3	1	61.0	4 ambs.1 baño61 m² cubiertos	Pje. 2 De Abril De 1982 6526, Villa Lugano, Villa Lugano, Capital Federal	https://departamento.mercadolibre.com.ar/MLA-3668811850-departamento-en-venta-en-bo-piedrabuena-planta-baja-_JM#polycard_client=search-desktop&price_drop=not_apply&be_origin=backend&overlay_label=not_apply&search_layout=grid&position=38&type=item&tracking_id=a311306c-e703-4943-8281-ca5871531cfc&sid=search	villa-lugano	61 m²	61 m²	0									Sí							Sí	Sí			Sí																																																
Departamento en venta	Departamento En Venta En Bo Papa Francisco Con Balcón	50000	USD	US$50.000	False	3	2	1	50.0	3 ambs.1 baño50 m² cubiertos	María Reiche, Villa Lugano, Capital Federal	https://departamento.mercadolibre.com.ar/MLA-1880714087-departamento-en-venta-en-bo-papa-francisco-con-balcon-_JM#polycard_client=search-desktop&price_drop=not_apply&be_origin=backend&overlay_label=not_apply&search_layout=grid&position=39&type=item&tracking_id=a311306c-e703-4943-8281-ca5871531cfc&sid=search	villa-lugano	56 m²	50 m²	0					Lateral												Sí		Sí	Sí							6 m²	3			Sí																																					
Departamento en venta	Tres Ambientes En Venta En Planta Baja Bo Piedrabuena Esc 36a	35000	USD	US$35.000	False	3	2	1	40.0	3 ambs.1 baño40 m² cubiertos	Montiel 3974, Villa Lugano, Capital Federal	https://departamento.mercadolibre.com.ar/MLA-3668912600-tres-ambientes-en-venta-en-planta-baja-bo-piedrabuena-esc-36a-_JM#polycard_client=search-desktop&price_drop=not_apply&be_origin=backend&overlay_label=not_apply&search_layout=grid&position=40&type=item&tracking_id=a311306c-e703-4943-8281-ca5871531cfc&sid=search	villa-lugano	43 m²	40 m²	0																Sí	Sí			Sí																																																
Departamento en venta	Tres Ambientes En Lugano 1 Y 2 En Edificio 120 En Venta	39500	USD	US$39.500	False	3	2	1	49.0	3 ambs.1 baño49 m² cubiertos	Santiago Costamagna 5825, Villa Lugano, Villa Lugano, Capital Federal	https://departamento.mercadolibre.com.ar/MLA-3643221430-tres-ambientes-en-lugano-1-y-2-en-edificio-120-en-venta-_JM#polycard_client=search-desktop&price_drop=not_apply&be_origin=backend&overlay_label=not_apply&search_layout=grid&position=41&type=item&tracking_id=a311306c-e703-4943-8281-ca5871531cfc&sid=search	villa-lugano	49 m²	49 m²	0							100.000 ARS									Sí	Sí			Sí																																																
Departamento en venta	Tte. Gral. Luis Dellepiane 4700 3 Villa Lugano 4amb $59500	59500	USD	US$59.500	False	4	3	2	70.0	4 ambs.2 baños70 m² cubiertos	DELLEPIANE, L. TTE. GRAL. Al 4700. Entre Basualdo Y Miralla, Villa Lugano, Capital Federal	https://departamento.mercadolibre.com.ar/MLA-3361576116-tte-gral-luis-dellepiane-4700-3-villa-lugano-4amb-59500-_JM#polycard_client=search-desktop&float_highlight=not_apply&price_drop=not_apply&be_origin=backend&overlay_label=not_apply&search_layout=grid&position=42&type=item&tracking_id=a311306c-e703-4943-8281-ca5871531cfc&sid=search	villa-lugano	70 m²	70 m²	1	0	4	3	Departamento	Frente	40 años	165.000 ARS	No	Sí		Sí	No	No	Sí	No	No	No	No	No	Sí	No	Sí	Sí	No	No	Sí		12	Sur			1																							Sí													
Departamento en venta	Dos Ambientes En El Barrio Piedrabuena, Edificio D	35000	USD	US$35.000	False	2	1	1	36.0	2 ambs.1 baño36 m² cubiertos	Goleta Sta. Cruz 6589, Villa Lugano, Capital Federal	https://departamento.mercadolibre.com.ar/MLA-1724174711-dos-ambientes-en-el-barrio-piedrabuena-edificio-d-_JM#polycard_client=search-desktop&price_drop=not_apply&be_origin=backend&overlay_label=not_apply&search_layout=grid&position=43&type=item&tracking_id=a311306c-e703-4943-8281-ca5871531cfc&sid=search	villa-lugano	36 m²	36 m²	0					Lateral		40.000 ARS																					3																																								
Departamento en venta	Venta De Departamento De 3 Ambientes Villa Lugano	90000	USD	US$90.000	False	3	2	1	52.0	3 ambs.1 baño52 m² cubiertos	Av. Riestra 5442, Villa Lugano, Capital Federal	https://departamento.mercadolibre.com.ar/MLA-3158479762-venta-de-departamento-de-3-ambientes-villa-lugano-_JM#polycard_client=search-desktop&price_drop=not_apply&be_origin=backend&overlay_label=not_apply&search_layout=grid&position=44&type=item&tracking_id=a311306c-e703-4943-8281-ca5871531cfc&sid=search	villa-lugano	63 m²	52,4 m²	1	0	6	5	Departamento	Contrafrente	40 años	70.000 ARS	Sí	Sí	Sí	Sí	No	No	Sí	No	Sí	No	No	Sí	Sí	No	Sí	Sí	No	Sí	Sí	10,4 m²	1	Norte	Sí	Sí							Sí						Sí							Sí																	
Departamento en venta	Tres Ambientes En Venta Torre 9 Lugano 1 Y 2	47000	USD	US$47.000	False	3	2	1	58.0	3 ambs.1 baño58 m² cubiertos	Ctte, C. Contraalmirante Martin Guerrico 5465, Villa Lugano, Capital Federal	https://departamento.mercadolibre.com.ar/MLA-3112629700-tres-ambientes-en-venta-torre-9-lugano-1-y-2-_JM#polycard_client=search-desktop&float_highlight=not_apply&price_drop=not_apply&be_origin=backend&overlay_label=not_apply&search_layout=grid&position=45&type=item&tracking_id=a311306c-e703-4943-8281-ca5871531cfc&sid=search	villa-lugano	59 m²	58 m²	0		6		Departamento	Contrafrente		100.000 ARS		Sí					Sí		Sí	Sí		Sí	Sí						Sí	1 m²	22			Sí																																					
Departamento en venta	Departamento En Venta En Villa Lugano	75000	USD	US$75.000	False	2	1	1	38.0	2 ambs.1 baño38 m² cubiertos	Albariño 3500, Villa Lugano, Capital Federal	https://departamento.mercadolibre.com.ar/MLA-1889134377-departamento-en-venta-en-villa-lugano-_JM#polycard_client=search-desktop&price_drop=not_apply&be_origin=backend&overlay_label=not_apply&search_layout=grid&position=46&type=item&tracking_id=a311306c-e703-4943-8281-ca5871531cfc&sid=search	villa-lugano	48 m²	38 m²	0				Loft	Frente	3 años			Sí						Sí	Sí	Sí			Sí						Sí	10 m²		Norte																							Sí																
Departamento en venta	Departamento En Venta En Villa Lugano	41000	USD	US$41.000	False	3	2	1	49.0	3 ambs.1 baño49 m² cubiertos	Gral. Napoleón Uriburu 5701, Villa Lugano, Capital Federal	https://departamento.mercadolibre.com.ar/MLA-2831851564-departamento-en-venta-en-villa-lugano-_JM#polycard_client=search-desktop&price_drop=not_apply&be_origin=backend&overlay_label=not_apply&search_layout=grid&position=47&type=item&tracking_id=a311306c-e703-4943-8281-ca5871531cfc&sid=search	villa-lugano	49 m²	49 m²	0		4		Departamento	Contrafrente				Sí							Sí	Sí			Sí						Sí		14			Sí																																					
Departamento en venta	Departamento En Venta En Villa Lugano	55000	USD	US$55.000	False	4	3	1	65.0	4 ambs.1 baño65 m² cubiertos	Goleta Sta. Cruz 6519, Villa Lugano, Capital Federal	https://departamento.mercadolibre.com.ar/MLA-3729618376-departamento-en-venta-en-villa-lugano-_JM#polycard_client=search-desktop&float_highlight=not_apply&price_drop=not_apply&be_origin=backend&overlay_label=not_apply&search_layout=grid&position=48&type=item&tracking_id=a311306c-e703-4943-8281-ca5871531cfc&sid=search	villa-lugano	65 m²	65 m²	1			2						Sí							Sí				Sí		Sí	Sí							Sí														Sí	Sí																							
Departamento en venta	Departamento En Venta En Villa Lugano	37000	USD	US$37.000	False	2	1	1	35.0	2 ambs.1 baño35 m² cubiertos	Goleta Sta. Cruz 6545, HSA, Villa Lugano, Capital Federal	https://departamento.mercadolibre.com.ar/MLA-2831864146-departamento-en-venta-en-villa-lugano-_JM#polycard_client=search-desktop&price_drop=not_apply&be_origin=backend&overlay_label=not_apply&search_layout=grid&position=1&type=item&tracking_id=d32168ef-ddef-4383-a0f2-da3abf43f709&sid=search	villa-lugano	35 m²	35 m²	0				Departamento	Contrafrente				Sí																																																											
Departamento en venta	Departamento En Venta En Barrio Copello	59000	USD	US$59.000	False	4	3	1	60.0	4 ambs.1 baño60 m² cubiertos	Teniente General, Villa Lugano, Capital Federal	https://departamento.mercadolibre.com.ar/MLA-1812414853-departamento-en-venta-en-barrio-copello-_JM#polycard_client=search-desktop&price_drop=not_apply&be_origin=backend&overlay_label=not_apply&search_layout=grid&position=2&type=item&tracking_id=d32168ef-ddef-4383-a0f2-da3abf43f709&sid=search	villa-lugano	66,61 m²	60,38 m²	0				Departamento	Frente				Sí			Sí				Sí	Sí		Sí	Sí						Sí					Sí																																					
Departamento en venta	Departamento Tres Ambientes En Venta En La Torre 10 De Lugano I Y Ii	60000	USD	US$60.000	False	3	2	1	58.0	3 ambs.1 baño58 m² cubiertos	Comodoro Ceferino Ramírez 5450, Villa Lugano, Capital Federal	https://departamento.mercadolibre.com.ar/MLA-3112629650-departamento-tres-ambientes-en-venta-en-la-torre-10-de-lugano-i-y-ii-_JM#polycard_client=search-desktop&float_highlight=not_apply&price_drop=not_apply&be_origin=backend&overlay_label=not_apply&search_layout=grid&position=3&type=item&tracking_id=d32168ef-ddef-4383-a0f2-da3abf43f709&sid=search	villa-lugano	60 m²	58 m²	0									Sí		Sí		Sí			Sí	Sí		Sí	Sí											Sí															Sí									Sí													
Departamento en venta	Departamento En Venta De 3 Ambientes Barrio Copello	65000	USD	US$65.000	False	3	2	1	58.0	3 ambs.1 baño58 m² cubiertos	Au Luis Dellepiane 4751, C1439 Cdad. Autónoma De Buenos Aires, Argentina, Villa Lugano, Capital Federal	https://departamento.mercadolibre.com.ar/MLA-1724145367-departamento-en-venta-de-3-ambientes-barrio-copello-_JM#polycard_client=search-desktop&price_drop=not_apply&be_origin=backend&overlay_label=not_apply&search_layout=grid&position=4&type=item&tracking_id=d32168ef-ddef-4383-a0f2-da3abf43f709&sid=search	villa-lugano	58 m²	58 m²	0							55.000 ARS		Sí					Sí		Sí	Sí		Sí	Sí						Sí					Sí																																					
Departamento en venta	Departamento En Venta En Villa Lugano	36000	USD	US$36.000	False	3	2	1	45.0	3 ambs.1 baño45 m² cubiertos	Pasaje 2 De Abril De 1982 & Montiel, Ciudad Autónoma De Buenos Aires, Argentina, Villa Lugano, Capital Federal	https://departamento.mercadolibre.com.ar/MLA-2832019766-departamento-en-venta-en-villa-lugano-_JM#polycard_client=search-desktop&price_drop=not_apply&be_origin=backend&overlay_label=not_apply&search_layout=grid&position=5&type=item&tracking_id=d32168ef-ddef-4383-a0f2-da3abf43f709&sid=search	villa-lugano	51 m²	45 m²	0																Sí	Sí			Sí																																																
Departamento en venta	Av Escalada 2800 V. Lugano 3amb U$70.000 Apto Cred Y Prof	70000	USD	US$70.000	False	3	2	1	60.0	3 ambs.1 baño60 m² cubiertos	Av Escalada Al 2800. Entre Av CastaÑares Y Dellepiane, L. Tte. Gral., Villa Lugano, Capital Federal	https://departamento.mercadolibre.com.ar/MLA-3658609358-av-escalada-2800-v-lugano-3amb-u70000-apto-cred-y-prof-_JM#polycard_client=search-desktop&float_highlight=not_apply&price_drop=not_apply&be_origin=backend&overlay_label=not_apply&search_layout=grid&position=6&type=item&tracking_id=d32168ef-ddef-4383-a0f2-da3abf43f709&sid=search	villa-lugano	60 m²	60 m²	0	0	3	9	Departamento	Lateral	30 años	70.000 ARS	No	Sí		No	No	No		No	Sí	No	No	Sí	Sí	No		No	No	No	No		9			Sí	1												Sí																								
Departamento en venta	Av Soldado De La Frontera 5000 Villa Lugano 3amb U$50.000	50000	USD	US$50.000	False	3	2	1	50.0	3 ambs.1 baño50 m² cubiertos	Av Soldado De La Frontera Al 5000. Entre Cdro Ceferino Ramírez Y Ana Díaz, Villa Lugano, Capital Federal	https://departamento.mercadolibre.com.ar/MLA-3659717858-av-soldado-de-la-frontera-5000-villa-lugano-3amb-u50000-_JM#polycard_client=search-desktop&float_highlight=not_apply&price_drop=not_apply&be_origin=backend&overlay_label=not_apply&search_layout=grid&position=7&type=item&tracking_id=d32168ef-ddef-4383-a0f2-da3abf43f709&sid=search	villa-lugano	50 m²	50 m²	0	0	4	11	Departamento	Frente	50 años	80.000 ARS	No	Sí		Sí	No	No		No	No	No	No	No	Sí	No		Sí	No	No	No		14	Oeste			1																				Sí																
Departamento en venta	Av Riestra 5500 Villa Lugano 3amb C/coch U$105.000	105000	USD	US$105.000	False	3	2	2	45.0	3 ambs.2 baños45 m² cubiertos	Av Riestra Al 5500. Entre Oliden Y Larrazabal, Av., Villa Lugano, Capital Federal	https://departamento.mercadolibre.com.ar/MLA-3659717252-av-riestra-5500-villa-lugano-3amb-ccoch-u105000-_JM#polycard_client=search-desktop&float_highlight=not_apply&price_drop=not_apply&be_origin=backend&overlay_label=not_apply&search_layout=grid&position=8&type=item&tracking_id=d32168ef-ddef-4383-a0f2-da3abf43f709&sid=search	villa-lugano	50 m²	45 m²	1	0	3	6	Departamento	Contrafrente	40 años	168.000 ARS	No	Sí		Sí	No	No		No	No	No	No	Sí	Sí	No		No	No	No	No	5 m²	12	Oeste		Sí	1																											Sí									
Departamento en venta	Venta De Departamento En Villa Lugano En Cañada De Gómez Al 4800	68000	USD	US$68.000	False	2	1	1	42.0	2 ambs.1 baño42 m² cubiertos	Cañada De Gómez 4800, Villa Lugano, Capital Federal	https://departamento.mercadolibre.com.ar/MLA-1829434983-venta-de-departamento-en-villa-lugano-en-canada-de-gomez-al-4800-_JM#polycard_client=search-desktop&price_drop=not_apply&be_origin=backend&overlay_label=not_apply&search_layout=grid&position=9&type=item&tracking_id=d32168ef-ddef-4383-a0f2-da3abf43f709&sid=search	villa-lugano	42 m²	42 m²	0	0	4	1	Departamento	Frente	10 años	58.000 ARS	Sí	Sí		No		No			Sí			Sí	Sí		Sí	Sí	Sí	Sí	Sí		1		Sí								Sí																														
Departamento en venta	Departamento En Venta En Barrio Copello	58000	USD	US$58.000	False	4	3	2	66.0	4 ambs.2 baños66 m² cubiertos	Dellepiane Norte 4900, Buenos Aires, Argentina, Villa Lugano, Capital Federal	https://departamento.mercadolibre.com.ar/MLA-2831864154-departamento-en-venta-en-barrio-copello-_JM#polycard_client=search-desktop&price_drop=not_apply&be_origin=backend&overlay_label=not_apply&search_layout=grid&position=10&type=item&tracking_id=d32168ef-ddef-4383-a0f2-da3abf43f709&sid=search	villa-lugano	66 m²	66 m²	0														Sí		Sí	Sí			Sí											Sí																																					
Departamento en venta	Departamento En Venta En Barrio Piedrabuena	50000	USD	US$50.000	False	5	4	2	91.0	5 ambs.2 baños91 m² cubiertos	2 De Abril De 1982 6500, Buenos Aires, Argentina, Villa Lugano, Capital Federal	https://departamento.mercadolibre.com.ar/MLA-2832097774-departamento-en-venta-en-barrio-piedrabuena-_JM#polycard_client=search-desktop&price_drop=not_apply&be_origin=backend&overlay_label=not_apply&search_layout=grid&position=11&type=item&tracking_id=d32168ef-ddef-4383-a0f2-da3abf43f709&sid=search	villa-lugano	91,74 m²	91,74 m²	0							5.000 ARS									Sí	Sí			Sí												38													Sí																							
Departamento en venta	Departamento En Venta En General Savio	58000	USD	US$58.000	False	3	2	1	56.0	3 ambs.1 baño56 m² cubiertos	Torre 7, Combate De San Carlos 5580, Buenos Aires, Argentina, Villa Lugano, Capital Federal	https://departamento.mercadolibre.com.ar/MLA-2832174946-departamento-en-venta-en-general-savio-_JM#polycard_client=search-desktop&price_drop=not_apply&be_origin=backend&overlay_label=not_apply&search_layout=grid&position=12&type=item&tracking_id=d32168ef-ddef-4383-a0f2-da3abf43f709&sid=search	villa-lugano	59,38 m²	56 m²	0																Sí	Sí		Sí	Sí								22																																								
Departamento en venta	Departamento 4 Ambientes Con Balcón	63000	USD	US$63.000	False	4	3	1	62.0	4 ambs.1 baño62 m² cubiertos	Av. Dellepiane Al 4700, Villa Lugano, Capital Federal	https://departamento.mercadolibre.com.ar/MLA-2005336421-departamento-4-ambientes-con-balcon-_JM#polycard_client=search-desktop&float_highlight=recent_publication&price_drop=not_apply&be_origin=backend&overlay_label=not_apply&search_layout=grid&position=13&type=item&tracking_id=d32168ef-ddef-4383-a0f2-da3abf43f709&sid=search	villa-lugano	62 m²	62 m²	0	1		4	Departamento	Frente	40 años	178.000 ARS	No	Sí		Sí	Sí	No		No	No	No	No	Sí	Sí	No	Sí	Sí	Sí	No	Sí	6 m²	1			Sí						Sí																															
Departamento en venta	Venta Departamento 3 Ambientes En Villa Lugano	43500	USD	US$43.500	False	3	2	1	49.0	3 ambs.1 baño49 m² cubiertos	Contralmirante Martín Guerrico Al 5400, Villa Lugano, Capital Federal	https://departamento.mercadolibre.com.ar/MLA-2001445925-venta-departamento-3-ambientes-en-villa-lugano-_JM#polycard_client=search-desktop&float_highlight=recent_publication&price_drop=not_apply&be_origin=backend&overlay_label=not_apply&search_layout=grid&position=14&type=item&tracking_id=d32168ef-ddef-4383-a0f2-da3abf43f709&sid=search	villa-lugano	49 m²	49 m²	0	0	4	1	Departamento	Frente	47 años	100.000 ARS	No	Sí	Sí	Sí	No	No		No	Sí	No	No	No	No	No	Sí	Sí	No	No	No		1																																								
Departamento en venta	Departamento En Villa Lugano	175000	USD	US$175.000	False	4	3	2	100.0	4 ambs.2 baños100 m² totales	"Fructuoso Rivera 6843 1º ""A"", Villa Lugano, Capital Federal"	https://departamento.mercadolibre.com.ar/MLA-3786071838-departamento-en-villa-lugano-_JM#polycard_client=search-desktop&float_highlight=recent_publication&price_drop=not_apply&be_origin=backend&overlay_label=not_apply&search_layout=grid&position=15&type=item&tracking_id=d32168ef-ddef-4383-a0f2-da3abf43f709&sid=search	villa-lugano	100 m²		1	0			Departamento		15 años	0 ARS	No	No		No	No	No		No	No	No	No	Sí	No	No	Sí	Sí	No	No	No				Sí								Sí																														
Departamento en venta	Se Vende Departamento Cuatro Amb, Con Cochera (torre 11)	62000	USD	US$62.000	False	4	3	2	65.0	4 ambs.2 baños65 m² cubiertos	C. Contraalmirante Martin Guerrico 5215, Cdad. Autónoma De Buenos Aires, Argentina, Villa Lugano, Capital Federal	https://departamento.mercadolibre.com.ar/MLA-1982032143-se-vende-departamento-cuatro-amb-con-cochera-torre-11-_JM#polycard_client=search-desktop&float_highlight=recent_publication&price_drop=not_apply&be_origin=backend&overlay_label=not_apply&search_layout=grid&position=16&type=item&tracking_id=d32168ef-ddef-4383-a0f2-da3abf43f709&sid=search	villa-lugano	75 m²	65 m²	1	0	6	22	Departamento	Lateral	50 años	130.000 ARS	No	Sí		Sí		No	Sí	No	No	No	No	No	No	No	Sí	Sí	No	No	No	65 m²	5	Oeste			11										Virtual										Sí																
Departamento en venta	Departamento 3 Ambientes	52000	USD	US$52.000	False	3	2	1	56.0	3 ambs.1 baño56 m² cubiertos	Dellepiane Al 4400, Villa Lugano, Capital Federal	https://departamento.mercadolibre.com.ar/MLA-1981935945-departamento-3-ambientes-_JM#polycard_client=search-desktop&float_highlight=recent_publication&price_drop=not_apply&be_origin=backend&overlay_label=not_apply&search_layout=grid&position=17&type=item&tracking_id=d32168ef-ddef-4383-a0f2-da3abf43f709&sid=search	villa-lugano	56 m²	56 m²	0	0	2	8	Departamento	Frente	60 años	173.000 ARS	No	Sí		Sí	No	No		No	No	No	No	No	Sí	No	Sí	Sí	No	No	No																																										
Departamento en venta	Se Vende Departamento Tres Ambientes (edificio 139)	45000	USD	US$45.000	False	3	2	1	49.0	3 ambs.1 baño49 m² cubiertos	Comodoro Ceferino Ramírez 5582, Cdad. Autónoma De Buenos Aires, Argentina, Villa Lugano, Capital Federal	https://departamento.mercadolibre.com.ar/MLA-1981045363-se-vende-departamento-tres-ambientes-edificio-139-_JM#polycard_client=search-desktop&float_highlight=recent_publication&price_drop=not_apply&be_origin=backend&overlay_label=not_apply&search_layout=grid&position=18&type=item&tracking_id=d32168ef-ddef-4383-a0f2-da3abf43f709&sid=search	villa-lugano	49,5 m²	49,5 m²	0	0	4	9	Departamento	Contrafrente	50 años	110.000 ARS	No	Sí				No		No	Sí	No	No	No	No	No		No	No	No	No		5	Sur			139																				Sí																
Departamento en venta	Venta Dpto. 2 Ambientes En Villa Lugano	49000	USD	US$49.000	False	2	1	1	37.0	2 ambs.1 baño37 m² cubiertos	Araujo 2400, Villa Lugano, Capital Federal	https://departamento.mercadolibre.com.ar/MLA-3770703874-venta-dpto-2-ambientes-en-villa-lugano-_JM#polycard_client=search-desktop&price_drop=not_apply&be_origin=backend&overlay_label=not_apply&search_layout=grid&position=19&type=item&tracking_id=d32168ef-ddef-4383-a0f2-da3abf43f709&sid=search	villa-lugano	39 m²	37 m²	0	0	99	4	Departamento	Frente	47 años	200.000 ARS	No	No	Sí	No	Sí			Sí	Sí	Sí		Sí	Sí			No	No	No	No	2 m²	10	Norte		Sí													Sí																								
Departamento en venta	Venta Dpto 2 Amb. Con Jardín Y Cochera En Lugano	49000	USD	US$49.000	False	2	1	1	45.0	2 ambs.1 baño45 m² cubiertos	Avenida Castañares 4700, Villa Lugano, Capital Federal	https://departamento.mercadolibre.com.ar/MLA-1977619435-venta-dpto-2-amb-con-jardin-y-cochera-en-lugano-_JM#polycard_client=search-desktop&price_drop=not_apply&be_origin=backend&overlay_label=not_apply&search_layout=grid&position=20&type=item&tracking_id=d32168ef-ddef-4383-a0f2-da3abf43f709&sid=search	villa-lugano	45 m²	45 m²	1	0	99	6	Departamento	Frente	31 años	60.000 ARS	No	Sí	Sí	No				No	Sí	No		No	No			No	No	No	No		10	Norte															Sí		Sí									Sí													
Departamento en venta	Departamento Venta 3 Amb Villa Lugano	47000	USD	US$47.000	False	3	2	1	51.0	3 ambs.1 baño51 m² cubiertos	Cafayate 5148, Villa Lugano, Capital Federal	https://departamento.mercadolibre.com.ar/MLA-3762429436-departamento-venta-3-amb-villa-lugano-_JM#polycard_client=search-desktop&price_drop=not_apply&be_origin=backend&overlay_label=not_apply&search_layout=grid&position=21&type=item&tracking_id=d32168ef-ddef-4383-a0f2-da3abf43f709&sid=search	villa-lugano	51 m²	51 m²	0	0		14	Departamento	Frente	51 años	0 ARS	Sí	Sí		Sí	No	No		No	Sí	No	No	No	Sí	No	Sí	Sí	No	No	No					Sí											24 horas																										
Departamento en venta	Departamento En Venta 3 Ambientes Torre 8 Lugano I Y Ii	59000	USD	US$59.000	False	3	2	1	60.0	3 ambs.1 baño60 m² cubiertos	Ceferino Ramírez 5440, Villa Lugano, Capital Federal	https://departamento.mercadolibre.com.ar/MLA-1971731811-departamento-en-venta-3-ambientes-torre-8-lugano-i-y-ii-_JM#polycard_client=search-desktop&price_drop=not_apply&be_origin=backend&overlay_label=not_apply&search_layout=grid&position=22&type=item&tracking_id=d32168ef-ddef-4383-a0f2-da3abf43f709&sid=search	villa-lugano	60,65 m²	60,65 m²	0	0		9	Departamento	Frente	51 años	0 ARS	Sí	Sí		Sí	No	No		No	No	No	No	Sí	Sí	No	Sí	Sí	Sí	No	No		22			Sí											24 horas																										
Departamento en venta	Venta Departamento 3 Ambientes Piso Alto Y Luminoso!!	58000	USD	US$58.000	False	3	2	1	49.0	3 ambs.1 baño49 m² cubiertos	General Napoleón Uriburu 5755, Villa Lugano, Capital Federal	https://departamento.mercadolibre.com.ar/MLA-1971365181-venta-departamento-3-ambientes-piso-alto-y-luminoso-_JM#polycard_client=search-desktop&price_drop=not_apply&be_origin=backend&overlay_label=not_apply&search_layout=grid&position=23&type=item&tracking_id=d32168ef-ddef-4383-a0f2-da3abf43f709&sid=search	villa-lugano	49,49 m²	49,49 m²	0	0		13	Departamento	Frente	53 años	40.000 ARS	Sí	Sí		Sí	No	No		No	No	No	No	No	Sí	No	Sí	Sí	Sí	Sí	No		15			Sí											24 horas				Sí																						
Departamento en venta	Venta Departamento 3 Ambientes Bajas Expensas Apto Credito - Villa Lugano	80000	USD	US$80.000	False	3	2	1	62.0	3 ambs.1 baño62 m² cubiertos	Corvalán 2650, Cdad. Autónoma De Buenos Aires, Argentina, Villa Lugano, Capital Federal	https://departamento.mercadolibre.com.ar/MLA-3761925646-venta-departamento-3-ambientes-bajas-expensas-apto-credito-villa-lugano-_JM#polycard_client=search-desktop&price_drop=not_apply&be_origin=backend&overlay_label=not_apply&search_layout=grid&position=24&type=item&tracking_id=d32168ef-ddef-4383-a0f2-da3abf43f709&sid=search	villa-lugano	66 m²	62 m²	0				Departamento		40 años		No	No				No	Sí	No	No	No	No	No	No	No		No	No	No	No																																										
Departamento en venta	Venta Departamento 3 Ambientes A Estrenar En Barrio Olímpico	129000	USD	US$129.000	False	3	2	2	65.0	3 ambs.2 baños65 m² cubiertos	Jeanette Campbell 4581, Villa Lugano, Capital Federal	https://departamento.mercadolibre.com.ar/MLA-3761007238-venta-departamento-3-ambientes-a-estrenar-en-barrio-olimpico-_JM#polycard_client=search-desktop&price_drop=not_apply&be_origin=backend&overlay_label=not_apply&search_layout=grid&position=25&type=item&tracking_id=d32168ef-ddef-4383-a0f2-da3abf43f709&sid=search	villa-lugano	82,4 m²	65,86 m²	0	0		4	Departamento	Frente	2.020 años	52.200 ARS	Sí	No		Sí	No	No		No	Sí	No	Sí	Sí	Sí	No	Sí	No	No	No	No																24 horas																										
Departamento en venta	Departamento 3 Amb Venta En Villa Lugano	45000	USD	US$45.000	False	3	2	1	50.0	3 ambs.1 baño50 m² cubiertos	Cafayate 5100, Villa Lugano, Capital Federal	https://departamento.mercadolibre.com.ar/MLA-1964344629-departamento-3-amb-venta-en-villa-lugano-_JM#polycard_client=search-desktop&price_drop=not_apply&be_origin=backend&overlay_label=not_apply&search_layout=grid&position=26&type=item&tracking_id=d32168ef-ddef-4383-a0f2-da3abf43f709&sid=search	villa-lugano	51 m²	50 m²	0	0	99	3	Departamento	Lateral	46 años	129.000 ARS	No	No		Sí	Sí			No	Sí	No		No	Sí		Sí	Sí	No	No	No		22	Norte	Sí	Sí																																					
Departamento en venta	Departamento En Villa Lugano	95000	USD	US$95.000	False	3	2	1	50.0	3 ambs.1 baño50 m² cubiertos	Lisandro DE LA Torre Al 4600, Villa Lugano, Capital Federal	https://departamento.mercadolibre.com.ar/MLA-3747769512-departamento-en-villa-lugano-_JM#polycard_client=search-desktop&price_drop=not_apply&be_origin=backend&overlay_label=not_apply&search_layout=grid&position=27&type=item&tracking_id=d32168ef-ddef-4383-a0f2-da3abf43f709&sid=search	villa-lugano	50 m²	50 m²	1	0		3	Departamento		15 años	230.000 ARS	No	No		Sí	No	No		No	No	No	No	Sí	Sí	No	Sí	Sí	No	No	No																																										
Departamento en venta	Venta Departamento 5 Ambientes Con Patio Cubierto - Barrio Piedrabuena	46000	USD	US$46.000	False	5	4	2	94.0	5 ambs.2 baños94 m² cubiertos	2 DE Abril DE 1982 Al 6400, Villa Lugano, Capital Federal	https://departamento.mercadolibre.com.ar/MLA-3740169852-venta-departamento-5-ambientes-con-patio-cubierto-barrio-piedrabuena-_JM#polycard_client=search-desktop&price_drop=not_apply&be_origin=backend&overlay_label=not_apply&search_layout=grid&position=28&type=item&tracking_id=d32168ef-ddef-4383-a0f2-da3abf43f709&sid=search	villa-lugano	94 m²	94 m²	0	1		2	Departamento		40 años	30.000 ARS	Sí	No		No	No	No		No	Sí	Sí	No	No	Sí	No	Sí	Sí	No	No	No		1	Norte									Sí							Sí																							
Departamento en venta	Depto 2 Amb C/bcón Y Cochera En Venta - Aquino Al 5500 - Loiacono Propiedades	120000	USD	US$120.000	False	2	1	2	41.0	2 ambs.2 baños41 m² cubiertos	Aquino 5500, Villa Lugano, Capital Federal	https://departamento.mercadolibre.com.ar/MLA-3732981778-depto-2-amb-cbcon-y-cochera-en-venta-aquino-al-5500-loiacono-propiedades-_JM#polycard_client=search-desktop&price_drop=not_apply&be_origin=backend&overlay_label=not_apply&search_layout=grid&position=29&type=item&tracking_id=d32168ef-ddef-4383-a0f2-da3abf43f709&sid=search	villa-lugano	45 m²	41 m²	1									No		Sí			Sí		Sí	Sí	Sí	Sí	Sí																	Sí								Sí		Sí																					
Departamento en venta	Se Vende Departamento Cuatro Amb, Remodelado, Con Espacio Aereo!!! Apto Credito!!	92000	USD	US$92.000	False	4	3	2	84.0	4 ambs.2 baños84 m² cubiertos	Cosquin 5624, Villa Lugano, Capital Federal	https://departamento.mercadolibre.com.ar/MLA-3732686982-se-vende-departamento-cuatro-amb-remodelado-con-espacio-aereo-apto-credito-_JM#polycard_client=search-desktop&price_drop=not_apply&be_origin=backend&overlay_label=not_apply&search_layout=grid&position=30&type=item&tracking_id=d32168ef-ddef-4383-a0f2-da3abf43f709&sid=search	villa-lugano	107 m²	84 m²	0		3		Departamento	Frente	45 años		No	Sí				No	Sí	No	No	No	No	No	No	No		No	No	No	No	23 m²		Norte																																							
Departamento en venta	Venta-departamento 3 Amb. Con Cochera En Torre 11 De Lugano 1 Y 2	65000	USD	US$65.000	False	3	2	2	72.0	3 ambs.2 baños72 m² cubiertos	Contraalmirante Martin Guerrico 5215, Villa Lugano, Capital Federal	https://departamento.mercadolibre.com.ar/MLA-3726365466-venta-departamento-3-amb-con-cochera-en-torre-11-de-lugano-1-y-2-_JM#polycard_client=search-desktop&price_drop=not_apply&be_origin=backend&overlay_label=not_apply&search_layout=grid&position=31&type=item&tracking_id=d32168ef-ddef-4383-a0f2-da3abf43f709&sid=search	villa-lugano	75 m²	72 m²	0	0		12	Departamento	Frente	43 años	130.000 ARS	Sí	Sí		Sí	No	Sí		No	No	No	No	Sí	Sí	No	Sí	Sí	No	No	No					Sí											24 horas										Sí																
Departamento en venta	Departamento 3 Ambientes, En Venta. Villa Lugano	79000	USD	US$79.000	False	3	2	1	59.0	3 ambs.1 baño59 m² cubiertos	Avenida Castañares 4800, Villa Lugano, Capital Federal	https://departamento.mercadolibre.com.ar/MLA-1946232633-departamento-3-ambientes-en-venta-villa-lugano-_JM#polycard_client=search-desktop&price_drop=not_apply&be_origin=backend&overlay_label=not_apply&search_layout=grid&position=32&type=item&tracking_id=d32168ef-ddef-4383-a0f2-da3abf43f709&sid=search	villa-lugano	59 m²	59 m²	0	0	99	9	Departamento	Frente	37 años	50.000 ARS	No	No		Sí			Sí	No	Sí	No		No	Sí		Sí	Sí	Sí	Sí	No		9	Norte																																							
Departamento en venta	Vanta Departamento 3 Ambientes Apto Credito	79000	USD	US$79.000	False	3	2	1	55.0	3 ambs.1 baño55 m² cubiertos	Oliden 4400, Villa Lugano, Capital Federal	https://departamento.mercadolibre.com.ar/MLA-1946230717-vanta-departamento-3-ambientes-apto-credito-_JM#polycard_client=search-desktop&price_drop=not_apply&be_origin=backend&overlay_label=not_apply&search_layout=grid&position=33&type=item&tracking_id=d32168ef-ddef-4383-a0f2-da3abf43f709&sid=search	villa-lugano	55 m²	55 m²	0	0	99		Departamento	Frente	48 años	60.000 ARS	No	Sí		No				No	Sí	No		No	Sí			No	No	No	No		4	Norte		Sí													Sí																								
Departamento en venta	Venta Depto 4 Amb Lugano Copello Norte	129900	USD	US$129.900	False	4	3	2	70.0	4 ambs.2 baños70 m² cubiertos	Pasaje Del Colegio 6300, Villa Lugano, Capital Federal	https://departamento.mercadolibre.com.ar/MLA-1946147655-venta-depto-4-amb-lugano-copello-norte-_JM#polycard_client=search-desktop&price_drop=not_apply&be_origin=backend&overlay_label=not_apply&search_layout=grid&position=34&type=item&tracking_id=d32168ef-ddef-4383-a0f2-da3abf43f709&sid=search	villa-lugano	85 m²	70 m²	0	0	99	2	Dúplex	Frente	6 años	0 ARS	Sí	No		No				Sí		Sí		Sí	Sí			Sí	No	No	No	15 m²	3	Norte		Sí																					Sí																
Departamento en venta	Oportunidad! Venta Dpto 4 Ambientes!! B° Nagera	73000	USD	US$73.000	False	4	3	1	63.0	4 ambs.1 baño63 m² cubiertos	Teniente General Luis Dellepiane 4200, Villa Lugano, Capital Federal	https://departamento.mercadolibre.com.ar/MLA-1946147497-oportunidad-venta-dpto-4-ambientes-b-nagera-_JM#polycard_client=search-desktop&price_drop=not_apply&be_origin=backend&overlay_label=not_apply&search_layout=grid&position=35&type=item&tracking_id=d32168ef-ddef-4383-a0f2-da3abf43f709&sid=search	villa-lugano	63 m²	63 m²	0	0	99	9	Departamento	Frente	26 años	125.000 ARS	Sí	No	Sí	Sí			Sí	No	Sí	Sí		No	Sí			No	No	No	No		10	Norte																																							
Departamento en venta	Departamento Venta 4 Ambientes Lugano Apto Credito	48000	USD	US$48.000	False	4	3	1	66.0	4 ambs.1 baño66 m² cubiertos	Calle Contraalmirante Martin Guerrico 5400, Villa Lugano, Capital Federal	https://departamento.mercadolibre.com.ar/MLA-1945712347-departamento-venta-4-ambientes-lugano-apto-credito-_JM#polycard_client=search-desktop&price_drop=not_apply&be_origin=backend&overlay_label=not_apply&search_layout=grid&position=36&type=item&tracking_id=d32168ef-ddef-4383-a0f2-da3abf43f709&sid=search	villa-lugano	75 m²	66 m²	0	0	99	21	Departamento	Frente	16 años	0 ARS	No	Sí		No				No		No		Sí	Sí		Sí	Sí	No	No	No	9,1 m²	22	Norte								Sí																															
Departamento en venta	Departamento 3 Amb Venta Con Balcon Lugano	56000	USD	US$56.000	False	3	2	1	56.0	3 ambs.1 baño56 m² cubiertos	Avenida Escalada 2800, Villa Lugano, Capital Federal	https://departamento.mercadolibre.com.ar/MLA-1945608159-departamento-3-amb-venta-con-balcon-lugano-_JM#polycard_client=search-desktop&price_drop=not_apply&be_origin=backend&overlay_label=not_apply&search_layout=grid&position=37&type=item&tracking_id=d32168ef-ddef-4383-a0f2-da3abf43f709&sid=search	villa-lugano	60 m²	56 m²	0	0	99	1	Departamento	Frente	37 años	95.000 ARS	No	Sí		No				No		Sí		Sí	Sí		Sí	Sí	Sí	No	No	3,82 m²	10	Norte		Sí																																					
Departamento en venta	Vta 3 Amb Av Escalada 2500, Lugano 59mts Apto Cred	52000	USD	US$52.000	False	3	2	1	56.0	3 ambs.1 baño56 m² cubiertos	Avenida Escalada 2500, Villa Lugano, Capital Federal	https://departamento.mercadolibre.com.ar/MLA-1945604503-vta-3-amb-av-escalada-2500-lugano-59mts-apto-cred-_JM#polycard_client=search-desktop&price_drop=not_apply&be_origin=backend&overlay_label=not_apply&search_layout=grid&position=38&type=item&tracking_id=d32168ef-ddef-4383-a0f2-da3abf43f709&sid=search	villa-lugano	56 m²	56 m²	0	0	99	4	Departamento	Lateral	58 años	140.000 ARS	No	No		Sí			Sí	No		Sí		No	Sí		Sí	Sí	Sí	Sí	No		9	Norte																	Sí									Sí		Sí											
Departamento en venta	Venta Departamento 3 Ambientes Villa Lugano	32000	USD	US$32.000	False	3	2	1	51.0	3 ambs.1 baño51 m² cubiertos	Pasaje 2 De Abril 6451 6400, Villa Lugano, Capital Federal	https://departamento.mercadolibre.com.ar/MLA-1945604417-venta-departamento-3-ambientes-villa-lugano-_JM#polycard_client=search-desktop&price_drop=not_apply&be_origin=backend&overlay_label=not_apply&search_layout=grid&position=39&type=item&tracking_id=d32168ef-ddef-4383-a0f2-da3abf43f709&sid=search	villa-lugano	51 m²	51 m²	0	0	99	10	Departamento	Frente	56 años	25.000 ARS	No	No		No				No		No		No	No			No	No	No	No			Norte																																							
Departamento en venta	Departamento 3 Amb En Venta En Lugano	54000	USD	US$54.000	False	3	2	1	56.0	3 ambs.1 baño56 m² cubiertos	Avenida Escalada 2500, Villa Lugano, Capital Federal	https://departamento.mercadolibre.com.ar/MLA-1945490445-departamento-3-amb-en-venta-en-lugano-_JM#polycard_client=search-desktop&price_drop=not_apply&be_origin=backend&overlay_label=not_apply&search_layout=grid&position=40&type=item&tracking_id=d32168ef-ddef-4383-a0f2-da3abf43f709&sid=search	villa-lugano	56 m²	56 m²	0	0	99		Departamento	Frente	56 años	155.000 ARS	No	No		No				No	Sí	No		No	No			No	No	No	No		5	Norte																										Sí													
Departamento en venta	Venta Depto 3 Amb Excelente Ubicacion Villa Lugano	73000	USD	US$73.000	False	3	2	1	60.0	3 ambs.1 baño60 m² cubiertos	Avenida Castañares 4800, Villa Lugano, Capital Federal	https://departamento.mercadolibre.com.ar/MLA-3721814084-venta-depto-3-amb-excelente-ubicacion-villa-lugano-_JM#polycard_client=search-desktop&price_drop=not_apply&be_origin=backend&overlay_label=not_apply&search_layout=grid&position=41&type=item&tracking_id=d32168ef-ddef-4383-a0f2-da3abf43f709&sid=search	villa-lugano	60 m²	60 m²	0	0	99	1	Departamento	Frente	34 años	62.000 ARS	No	No		No				No	Sí	Sí		Sí	Sí			No	No	No	No		9	Norte																	Sí																						
Departamento en venta	Venta Duplex 4 Ambientes Lugano Copello	159900	USD	US$159.900	False	4	3	2	97.0	4 ambs.2 baños97 m² cubiertos	Pasaje Del Colegio 6300, Villa Lugano, Capital Federal	https://departamento.mercadolibre.com.ar/MLA-3721809332-venta-duplex-4-ambientes-lugano-copello-_JM#polycard_client=search-desktop&price_drop=not_apply&be_origin=backend&overlay_label=not_apply&search_layout=grid&position=42&type=item&tracking_id=d32168ef-ddef-4383-a0f2-da3abf43f709&sid=search	villa-lugano	112 m²	97 m²	0	0	99	1	Dúplex	Frente	6 años	0 ARS	Sí	No		No			Sí	Sí	Sí	Sí		No	Sí			Sí	No	No	No		3	Norte		Sí																					Sí																
Departamento en venta	Venta Departamento 3 Amb Lugano Copello	99900	USD	US$99.900	False	3	2	2	55.0	3 ambs.2 baños55 m² cubiertos	Pasaje Del Colegio 6300, Villa Lugano, Capital Federal	https://departamento.mercadolibre.com.ar/MLA-3721809324-venta-departamento-3-amb-lugano-copello-_JM#polycard_client=search-desktop&price_drop=not_apply&be_origin=backend&overlay_label=not_apply&search_layout=grid&position=43&type=item&tracking_id=d32168ef-ddef-4383-a0f2-da3abf43f709&sid=search	villa-lugano	70 m²	55 m²	0	0	99	3	Dúplex	Frente	6 años	0 ARS	Sí	No		No			Sí	Sí	Sí	Sí		Sí	Sí			Sí	No	No	No	15 m²	3	Norte		Sí																					Sí																
Departamento en venta	Venta Dpto 4 Ambientes Villa Lugano Luminoso	49000	USD	US$49.000	False	4	3	1	65.0	4 ambs.1 baño65 m² cubiertos	Pailebot Davison 3800, Villa Lugano, Capital Federal	https://departamento.mercadolibre.com.ar/MLA-3721592120-venta-dpto-4-ambientes-villa-lugano-luminoso-_JM#polycard_client=search-desktop&price_drop=not_apply&be_origin=backend&overlay_label=not_apply&search_layout=grid&position=44&type=item&tracking_id=d32168ef-ddef-4383-a0f2-da3abf43f709&sid=search	villa-lugano	65 m²	65 m²	1	0	99		Departamento	Frente	46 años	40.000 ARS	No	Sí		No				No		No		No	Sí		Sí	Sí	Sí	No	No		4	Este	Sí								Sí														Sí																
Departamento en venta	Venta Departamento Monoambiente Villa Lugano	44900	USD	US$44.900	False	1	0	1	33.0	1 amb.1 baño33 m² cubiertos	Cabo 1° Julio Omar Benítez 4200, Villa Lugano, Capital Federal	https://departamento.mercadolibre.com.ar/MLA-3721461466-venta-departamento-monoambiente-villa-lugano-_JM#polycard_client=search-desktop&price_drop=not_apply&be_origin=backend&overlay_label=not_apply&search_layout=grid&position=45&type=item&tracking_id=d32168ef-ddef-4383-a0f2-da3abf43f709&sid=search	villa-lugano	38 m²	33 m²	0	0	99	9	Departamento	Contrafrente	9 años	60.000 ARS	No	Sí		Sí				No		No		Sí	Sí			Sí	Sí	No	No	4,71 m²	9	Norte																																							
Departamento en venta	Venta Depto Barrio Olimpico 3 Amb A Estrenar	120000	USD	US$120.000	False	3	2	2	66.0	3 ambs.2 baños66 m² cubiertos	Jeanette Campbell 4500, Villa Lugano, Capital Federal	https://departamento.mercadolibre.com.ar/MLA-3721461454-venta-depto-barrio-olimpico-3-amb-a-estrenar-_JM#polycard_client=search-desktop&price_drop=not_apply&be_origin=backend&overlay_label=not_apply&search_layout=grid&position=46&type=item&tracking_id=d32168ef-ddef-4383-a0f2-da3abf43f709&sid=search	villa-lugano	83 m²	66 m²	0	0	99	4	Departamento	Frente	7 años	84.000 ARS	Sí	No		Sí				No	Sí	No		Sí	Sí			No	No	No	No	17 m²	9	Norte																																							
Departamento en venta	Venta Departamento 4 Ambientes Muy Luminoso Lugano	52000	USD	US$52.000	False	4	3	1	57.0	4 ambs.1 baño57 m² cubiertos	Cafayate 5100, Villa Lugano, Capital Federal	https://departamento.mercadolibre.com.ar/MLA-3721461360-venta-departamento-4-ambientes-muy-luminoso-lugano-_JM#polycard_client=search-desktop&price_drop=not_apply&be_origin=backend&overlay_label=not_apply&search_layout=grid&position=47&type=item&tracking_id=d32168ef-ddef-4383-a0f2-da3abf43f709&sid=search	villa-lugano	59 m²	57 m²	0	0	99	22	Departamento	Frente	56 años	90.000 ARS	Sí	No	Sí	No				No	Sí	Sí		No	No		Sí	Sí	No	No	No		22	Este		Sí										Sí														Sí		Sí											
Departamento en venta	Venta Departamento 3 Ambientes Impecable	52000	USD	US$52.000	False	3	2	1	49.0	3 ambs.1 baño49 m² cubiertos	Coronel Pedro A. García 5700, Villa Lugano, Capital Federal	https://departamento.mercadolibre.com.ar/MLA-3721587122-venta-departamento-3-ambientes-impecable-_JM#polycard_client=search-desktop&price_drop=not_apply&be_origin=backend&overlay_label=not_apply&search_layout=grid&position=48&type=item&tracking_id=d32168ef-ddef-4383-a0f2-da3abf43f709&sid=search	villa-lugano	49 m²	49 m²	0	0	99	9	Departamento	Frente	48 años	0 ARS	No	No	Sí	Sí				No		Sí		No	Sí		Sí	Sí	No	No	No		14	Oeste	Sí	Sí																																					
Departamento en venta	Venta Lindisimo 2 Ambientes Lugano Super Luminoso!	46000	USD	US$46.000	False	2	1	1	45.0	2 ambs.1 baño45 m² cubiertos	Avenida Castañares 4500, Villa Lugano, Capital Federal	https://departamento.mercadolibre.com.ar/MLA-3721455910-venta-lindisimo-2-ambientes-lugano-super-luminoso-_JM#polycard_client=search-desktop&price_drop=not_apply&be_origin=backend&overlay_label=not_apply&search_layout=grid&position=1&type=item&tracking_id=9b390156-b448-4c6f-b90a-fb138cf3d08a&sid=search	villa-lugano	45 m²	45 m²	0	0	99	9	Departamento	Lateral	37 años	60.000 ARS	No	Sí	Sí	Sí	Sí			No	Sí	Sí		No	Sí		Sí	Sí	No	No	No		9	Norte																										Sí													
Departamento en venta	Venta Dpto 2 Y 1/2 Ambientes Con Terraza Propia.	44000	USD	US$44.000	False	3	1	1	42.0	3 ambs.1 baño42 m² cubiertos	Cuter Luisito 4000, Villa Lugano, Capital Federal	https://departamento.mercadolibre.com.ar/MLA-3721455586-venta-dpto-2-y-12-ambientes-con-terraza-propia-_JM#polycard_client=search-desktop&price_drop=not_apply&be_origin=backend&overlay_label=not_apply&search_layout=grid&position=2&type=item&tracking_id=9b390156-b448-4c6f-b90a-fb138cf3d08a&sid=search	villa-lugano	77 m²	42 m²	0	0	99	1	Departamento	Frente	78 años	90.000 ARS	No	Sí		No			Sí	Sí	Sí	No		No	No		Sí	Sí	Sí	Sí	No		2	Norte	Sí																	Sí								Sí													
Departamento en venta	Venta 4 Amb Luminoso Reciclado Balcon Araujo 2900	69000	USD	US$69.000	False	4	3	1	68.0	4 ambs.1 baño68 m² cubiertos	Araujo 2900, Villa Lugano, Capital Federal	https://departamento.mercadolibre.com.ar/MLA-3721455578-venta-4-amb-luminoso-reciclado-balcon-araujo-2900-_JM#polycard_client=search-desktop&price_drop=not_apply&be_origin=backend&overlay_label=not_apply&search_layout=grid&position=3&type=item&tracking_id=9b390156-b448-4c6f-b90a-fb138cf3d08a&sid=search	villa-lugano	68 m²	68 m²	1	0	99	9	Departamento	Frente	39 años	130.000 ARS	No	No		No	Sí		Sí	No	Sí	No		No	No			No	No	No	No		12	Norte																		Sí							Sí	Sí													
Departamento en venta	Venta Departamento 3 Ambientes En Barrio Nagera	53000	USD	US$53.000	False	3	2	1	57.0	3 ambs.1 baño57 m² cubiertos	Avenida Teniente General Luis Dellepiane 4400, Villa Lugano, Capital Federal	https://departamento.mercadolibre.com.ar/MLA-3721455568-venta-departamento-3-ambientes-en-barrio-nagera-_JM#polycard_client=search-desktop&price_drop=not_apply&be_origin=backend&overlay_label=not_apply&search_layout=grid&position=4&type=item&tracking_id=9b390156-b448-4c6f-b90a-fb138cf3d08a&sid=search	villa-lugano	57 m²	57 m²	0	0	99	8	Departamento	Frente	56 años	75.000 ARS	No	Sí		No			Sí	No	Sí	Sí		No	Sí			No	No	No	No		11	Norte		Sí																								Sí													
Departamento en venta	Departamento 2 Ambientes En Villa Lugano Apto Cred	40000	USD	US$40.000	False	2	1	1	36.0	2 ambs.1 baño36 m² cubiertos	Avenida Escalada 2500, Villa Lugano, Capital Federal	https://departamento.mercadolibre.com.ar/MLA-3720672494-departamento-2-ambientes-en-villa-lugano-apto-cred-_JM#polycard_client=search-desktop&price_drop=not_apply&be_origin=backend&overlay_label=not_apply&search_layout=grid&position=5&type=item&tracking_id=9b390156-b448-4c6f-b90a-fb138cf3d08a&sid=search	villa-lugano	36 m²	36 m²	0	0	99	5	Departamento	Frente	66 años	81.400 ARS	No	Sí		No			Sí	No	Sí	No		No	No			No	No	No	No		9	Norte																																							
Departamento en venta	Venta Departamento 3 Ambientes Villa Lugano	50000	USD	US$50.000	False	3	2	1	51.0	3 ambs.1 baño51 m² cubiertos	Coronel Pedro A. García 5700, Villa Lugano, Capital Federal	https://departamento.mercadolibre.com.ar/MLA-3720671856-venta-departamento-3-ambientes-villa-lugano-_JM#polycard_client=search-desktop&price_drop=not_apply&be_origin=backend&overlay_label=not_apply&search_layout=grid&position=6&type=item&tracking_id=9b390156-b448-4c6f-b90a-fb138cf3d08a&sid=search	villa-lugano	51 m²	51 m²	0	0	99	7	Departamento	Frente	56 años	149.000 ARS	No	No		No			Sí	No	Sí	No		No	No			No	No	No	No		14	Norte																																							
Departamento en venta	Venta Departamento 4 Ambientes A Nuevo - V. Lugano	9500089000	USD	US$95.000US$89.000 BAJÓ DE PRECIO	False	4	3	3	116.0	4 ambs.3 baños116 m² cubiertos	Avenida Escalada 4500, Villa Lugano, Capital Federal	https://departamento.mercadolibre.com.ar/MLA-3720671844-venta-departamento-4-ambientes-a-nuevo-v-lugano-_JM#polycard_client=search-desktop&price_drop=true&be_origin=backend&overlay_label=not_apply&search_layout=grid&position=7&type=item&tracking_id=9b390156-b448-4c6f-b90a-fb138cf3d08a&sid=search	villa-lugano	129 m²	116 m²	0	0	99	1	Departamento	Frente	51 años	160.000 ARS	No	Sí		No		Sí		No		No	Sí	Sí	Sí		Sí	No	No	No	No	1,78 m²	6	Norte																																							
Departamento en venta	Venta Departamento 4 Ambientes Cochera V.lugano	140000	USD	US$140.000	False	4	3	2	90.0	4 ambs.2 baños90 m² cubiertos	Avenida Riestra 5400, Villa Lugano, Capital Federal	https://departamento.mercadolibre.com.ar/MLA-3720671384-venta-departamento-4-ambientes-cochera-vlugano-_JM#polycard_client=search-desktop&price_drop=not_apply&be_origin=backend&overlay_label=not_apply&search_layout=grid&position=8&type=item&tracking_id=9b390156-b448-4c6f-b90a-fb138cf3d08a&sid=search	villa-lugano	110 m²	90 m²	1	0	99	7	Departamento	Frente	39 años	110.000 ARS	No	No		No				No		Sí		Sí	Sí		Sí	Sí	Sí	No	No		9	Norte	Sí	Sí															Sí						Sí																
Departamento en venta	Venta 4 Amb./ Villa Lugano	74900	USD	US$74.900	False	4	3	2	65.0	4 ambs.2 baños65 m² cubiertos	Ramirez, Ceferino, Comodoro 5400, Villa Lugano, Capital Federal	https://departamento.mercadolibre.com.ar/MLA-1945077319-venta-4-amb-villa-lugano-_JM#polycard_client=search-desktop&price_drop=not_apply&be_origin=backend&overlay_label=not_apply&search_layout=grid&position=9&type=item&tracking_id=9b390156-b448-4c6f-b90a-fb138cf3d08a&sid=search	villa-lugano	75 m²	65 m²	0	0	99	22	Departamento	Frente	46 años	130.000 ARS	No	Sí	Sí	Sí	Sí			No		No		Sí	No		Sí	Sí	No	No	No	10 m²	23	Norte	Sí	Sí							Sí																	Sí													
Departamento en venta	Departamento 3 Amb En Venta En Villa Lugano	44000	USD	US$44.000	False	3	2	1	57.0	3 ambs.1 baño57 m² cubiertos	Av. Tte Gral Luis J. Dellepiane 4600, Villa Lugano, Capital Federal	https://departamento.mercadolibre.com.ar/MLA-3720668262-departamento-3-amb-en-venta-en-villa-lugano-_JM#polycard_client=search-desktop&price_drop=not_apply&be_origin=backend&overlay_label=not_apply&search_layout=grid&position=10&type=item&tracking_id=9b390156-b448-4c6f-b90a-fb138cf3d08a&sid=search	villa-lugano	57 m²	57 m²	0	0	99	4	Departamento	Frente	41 años	51.500 ARS	No	No		No			Sí	No		No		No	Sí		Sí	Sí	No	No	No		9	Norte		Sí																																					
Departamento en venta	Venta 3 Amb Luminoso Barrio Nagera, Apto Credito	50000	USD	US$50.000	False	3	2	1	57.0	3 ambs.1 baño57 m² cubiertos	Luis Dellepiane 4300, Villa Lugano, Capital Federal	https://departamento.mercadolibre.com.ar/MLA-3720472010-venta-3-amb-luminoso-barrio-nagera-apto-credito-_JM#polycard_client=search-desktop&price_drop=not_apply&be_origin=backend&overlay_label=not_apply&search_layout=grid&position=11&type=item&tracking_id=9b390156-b448-4c6f-b90a-fb138cf3d08a&sid=search	villa-lugano	57 m²	57 m²	0	0	99	8	Departamento	Frente	51 años	97.000 ARS	Sí	Sí		Sí			Sí	No		Sí		No	Sí		Sí	Sí	No	No	No		11	Norte	Sí																									Sí													
Departamento en venta	Venta Departamento 4 Amb Vista Abierta En Lugano	49000	USD	US$49.000	False	4	3	1	58.0	4 ambs.1 baño58 m² cubiertos	Cafayate 5100, Villa Lugano, Capital Federal	https://departamento.mercadolibre.com.ar/MLA-1945059177-venta-departamento-4-amb-vista-abierta-en-lugano-_JM#polycard_client=search-desktop&price_drop=not_apply&be_origin=backend&overlay_label=not_apply&search_layout=grid&position=12&type=item&tracking_id=9b390156-b448-4c6f-b90a-fb138cf3d08a&sid=search	villa-lugano	60 m²	58 m²	0	0	99	6	Departamento	Frente	17 años	0 ARS	Sí	Sí		Sí				No		Sí		No	Sí		Sí	Sí	No	No	No		22	Norte		Sí																																					
Departamento en venta	Venta Depto 3 Ambientes Villa Lugano Apto Credito	57900	USD	US$57.900	False	3	2	1	55.0	3 ambs.1 baño55 m² cubiertos	Com. Ramirez Torre 8 5400, Villa Lugano, Capital Federal	https://departamento.mercadolibre.com.ar/MLA-1945070083-venta-depto-3-ambientes-villa-lugano-apto-credito-_JM#polycard_client=search-desktop&price_drop=not_apply&be_origin=backend&overlay_label=not_apply&search_layout=grid&position=13&type=item&tracking_id=9b390156-b448-4c6f-b90a-fb138cf3d08a&sid=search	villa-lugano	61 m²	55 m²	0	0	99	7	Departamento	Frente	37 años	120.000 ARS	No	Sí		No	Sí		Sí	No	Sí	No		No	No			No	No	No	No		22	Norte																										Sí		Sí											
Departamento en venta	Venta 3 Ambientes Villa Lugano Barrio Samore	70000	USD	US$70.000	False	3	2	1	56.0	3 ambs.1 baño56 m² cubiertos	Avenida Escalada 2700, Villa Lugano, Capital Federal	https://departamento.mercadolibre.com.ar/MLA-3720544654-venta-3-ambientes-villa-lugano-barrio-samore-_JM#polycard_client=search-desktop&price_drop=not_apply&be_origin=backend&overlay_label=not_apply&search_layout=grid&position=14&type=item&tracking_id=9b390156-b448-4c6f-b90a-fb138cf3d08a&sid=search	villa-lugano	60 m²	56 m²	0	0	99	7	Departamento	Frente	30 años	83.000 ARS	Sí	Sí	Sí	Sí	Sí		Sí	No	Sí	Sí		Sí	Sí		Sí	Sí	No	No	No	3,82 m²	9	Sur		Sí													Sí																								
Departamento en venta	Venta Dpto. 2 Amb. C/jardín Y Cochera En Lugano	45000	USD	US$45.000	False	2	1	1	40.0	2 ambs.1 baño40 m² cubiertos	Avenida Escalada 2700, Villa Lugano, Capital Federal	https://departamento.mercadolibre.com.ar/MLA-3720465612-venta-dpto-2-amb-cjardin-y-cochera-en-lugano-_JM#polycard_client=search-desktop&price_drop=not_apply&be_origin=backend&overlay_label=not_apply&search_layout=grid&position=15&type=item&tracking_id=9b390156-b448-4c6f-b90a-fb138cf3d08a&sid=search	villa-lugano	45 m²	40 m²	1	0	99	3	Departamento	Frente	31 años	100.000 ARS	No	No	Sí	No				Sí	Sí	Sí		Sí	Sí			No	No	No	No	5 m²	10	Norte															Sí		Sí									Sí	Sí												
Departamento en venta	Venta Depto 4 Amb Con Balcón Villa Lugano	85000	USD	US$85.000	False	4	3	1	64.0	4 ambs.1 baño64 m² cubiertos	Avenida Castañares 5400, Villa Lugano, Capital Federal	https://departamento.mercadolibre.com.ar/MLA-3720204868-venta-depto-4-amb-con-balcon-villa-lugano-_JM#polycard_client=search-desktop&price_drop=not_apply&be_origin=backend&overlay_label=not_apply&search_layout=grid&position=16&type=item&tracking_id=9b390156-b448-4c6f-b90a-fb138cf3d08a&sid=search	villa-lugano	69 m²	64 m²	0	0	99	3	Departamento	Frente	41 años	125.000 ARS	No	No		No			Sí	No	Sí	No		No	No			No	No	No	No		4	Norte								Sí																															
Departamento en venta	Venta Dto 4 Amb Villa Lugano	37000	USD	US$37.000	False	4	3	1	71.0	4 ambs.1 baño71 m² cubiertos	Goleta Santa Cruz 6800, Villa Lugano, Capital Federal	https://departamento.mercadolibre.com.ar/MLA-1945491327-venta-dto-4-amb-villa-lugano-_JM#polycard_client=search-desktop&price_drop=not_apply&be_origin=backend&overlay_label=not_apply&search_layout=grid&position=17&type=item&tracking_id=9b390156-b448-4c6f-b90a-fb138cf3d08a&sid=search	villa-lugano	71 m²	71 m²	0	0	99	4	Departamento	Frente	56 años	0 ARS	No	No		No				No		Sí		No	Sí			No	No	No	No			Norte																																							
Departamento en venta	Venta 3 Ambientes En Lugano 1 Y 2 Apto Credito	49999	USD	US$49.999	False	3	2	1	56.0	3 ambs.1 baño56 m² cubiertos	Calle Contraalmirante Martin Guerrico 5400, Villa Lugano, Capital Federal	https://departamento.mercadolibre.com.ar/MLA-1945079961-venta-3-ambientes-en-lugano-1-y-2-apto-credito-_JM#polycard_client=search-desktop&price_drop=not_apply&be_origin=backend&overlay_label=not_apply&search_layout=grid&position=18&type=item&tracking_id=9b390156-b448-4c6f-b90a-fb138cf3d08a&sid=search	villa-lugano	60 m²	56 m²	0	0	99	11	Departamento	Frente	35 años	98.000 ARS	No	No		No	Sí			No		Sí		Sí	No			No	No	No	No	4 m²	15	Norte																																							
Departamento en venta	Venta Dpto 4 Ambientes Barrio Samoré Lugano	74500	USD	US$74.500	False	4	3	1	78.0	4 ambs.1 baño78 m² cubiertos	Avenida Castañares 4700, Villa Lugano, Capital Federal	https://departamento.mercadolibre.com.ar/MLA-3720093258-venta-dpto-4-ambientes-barrio-samore-lugano-_JM#polycard_client=search-desktop&price_drop=not_apply&be_origin=backend&overlay_label=not_apply&search_layout=grid&position=19&type=item&tracking_id=9b390156-b448-4c6f-b90a-fb138cf3d08a&sid=search	villa-lugano	81 m²	78 m²	0	0	99	2	Departamento	Frente	37 años	55.000 ARS	No	No	Sí	No				No		No		Sí	Sí			No	No	No	No	3,82 m²	9	Norte		Sí						Sí							Sí																								
Departamento en venta	Se Vende Departamento Dos Ambientes, Con Cochera (villa Lugano) Apto Credito	11000099000	USD	US$110.000US$99.000 BAJÓ DE PRECIO	False	2	1	1	36.0	2 ambs.1 baño36 m² cubiertos	Guaminí 4663, Cdad. Autónoma De Buenos Aires, Argentina, Villa Lugano, Capital Federal	https://departamento.mercadolibre.com.ar/MLA-1933256677-se-vende-departamento-dos-ambientes-con-cochera-villa-lugano-apto-credito-_JM#polycard_client=search-desktop&price_drop=true&be_origin=backend&overlay_label=not_apply&search_layout=grid&position=20&type=item&tracking_id=9b390156-b448-4c6f-b90a-fb138cf3d08a&sid=search	villa-lugano	38,83 m²	36,41 m²	1				Departamento	Interno	17 años	150.000 ARS	No	Sí				No		No	No	No	No	No	No	No		No	No	No	No	2,42 m²	3	Oeste																																							
Departamento en venta	Departamento En Villa Lugano	95000	USD	US$95.000	False	3	2	1	50.0	3 ambs.1 baño50 m² cubiertos	Lisandro DE LA Torre Al 4600, Villa Lugano, Capital Federal	https://departamento.mercadolibre.com.ar/MLA-1929669791-departamento-en-villa-lugano-_JM#polycard_client=search-desktop&price_drop=not_apply&be_origin=backend&overlay_label=not_apply&search_layout=grid&position=21&type=item&tracking_id=9b390156-b448-4c6f-b90a-fb138cf3d08a&sid=search	villa-lugano	50 m²	50 m²	1	0		3	Departamento		15 años	230.000 ARS	No	No		Sí	No	No		No	No	No	No	Sí	Sí	No	Sí	Sí	No	No	No																																										
Departamento en venta	Depto 3amb C/cocina Grande - Cafayate 5200, Torre 2 - Loiacono Propiedades	45000	USD	US$45.000	False	3	2	1	45.0	3 ambs.1 baño45 m² cubiertos	Cafayate 5200, Villa Lugano, Capital Federal	https://departamento.mercadolibre.com.ar/MLA-1922123323-depto-3amb-ccocina-grande-cafayate-5200-torre-2-loiacono-propiedades-_JM#polycard_client=search-desktop&price_drop=not_apply&be_origin=backend&overlay_label=not_apply&search_layout=grid&position=22&type=item&tracking_id=9b390156-b448-4c6f-b90a-fb138cf3d08a&sid=search	villa-lugano	45 m²	45 m²	0									Sí		Sí		Sí			Sí	Sí		Sí	Sí											Sí																																					
Departamento en venta	Depto 2 Amb - Guaminí Al 4600 - Loiacono Propiedades	80000	USD	US$80.000	False	2	1	1	37.0	2 ambs.1 baño37 m² cubiertos	Guaminí 4600, Villa Lugano, Capital Federal	https://departamento.mercadolibre.com.ar/MLA-3664139002-depto-2-amb-guamini-al-4600-loiacono-propiedades-_JM#polycard_client=search-desktop&price_drop=not_apply&be_origin=backend&overlay_label=not_apply&search_layout=grid&position=23&type=item&tracking_id=9b390156-b448-4c6f-b90a-fb138cf3d08a&sid=search	villa-lugano	37 m²	37 m²	1									Sí		Sí			Sí		Sí	Sí		Sí	Sí																																																
Departamento en venta	Depto 3amb Barrio Castro - Crisóstomo Álvarez 4600 - Loiacono Propiedades	45900	USD	US$45.900	False	3	2	1	50.0	3 ambs.1 baño50 m² cubiertos	Crisóstomo Álvarez 4600, Villa Lugano, Capital Federal	https://departamento.mercadolibre.com.ar/MLA-3657565684-depto-3amb-barrio-castro-crisostomo-alvarez-4600-loiacono-propiedades-_JM#polycard_client=search-desktop&price_drop=not_apply&be_origin=backend&overlay_label=not_apply&search_layout=grid&position=24&type=item&tracking_id=9b390156-b448-4c6f-b90a-fb138cf3d08a&sid=search	villa-lugano	50 m²	50 m²	0									Sí		Sí		Sí	Sí		Sí	Sí			Sí																																			Sí		Sí											
Departamento en venta	Tu Primera Vivienda O Inversión! 3 Amb. Apto Crédito	37000	USD	US$37.000	False	3	2	1	53.0	3 ambs.1 baño53 m² cubiertos	2 Dde Abril De 1982 6900, Villa Lugano, Capital Federal	https://departamento.mercadolibre.com.ar/MLA-1916941815-tu-primera-vivienda-o-inversion-3-amb-apto-credito-_JM#polycard_client=search-desktop&price_drop=not_apply&be_origin=backend&overlay_label=not_apply&search_layout=grid&position=25&type=item&tracking_id=9b390156-b448-4c6f-b90a-fb138cf3d08a&sid=search	villa-lugano	53 m²	53 m²	0	0		8	Departamento	Frente	50 años	20.000 ARS	No			Sí	No	No								No	Sí	Sí	No	Sí				Sur																					Sí																		
Departamento en venta	Departamento 3 Ambientes A La Venta Barrio Piedra Buena	40000	USD	US$40.000	False	3	2	1	46.0	3 ambs.1 baño46 m² cubiertos	Goleta Santa Cruz Al 6800, Barrio Piedra Buena, Caba, Departamento 3 Ambientes En Venta, Villa Lugano, Capital Federal	https://departamento.mercadolibre.com.ar/MLA-3656357072-departamento-3-ambientes-a-la-venta-barrio-piedra-buena-_JM#polycard_client=search-desktop&price_drop=not_apply&be_origin=backend&overlay_label=not_apply&search_layout=grid&position=26&type=item&tracking_id=9b390156-b448-4c6f-b90a-fb138cf3d08a&sid=search	villa-lugano	52 m²	46 m²	0	0			Departamento	Frente	30 años	20.000 ARS	No	No		Sí	Sí	Sí		No	Sí	Sí	No	Sí	Sí	No	Sí	No	Sí	Sí	No	6 m²	10		Sí												Diurno																										
Departamento en venta	Departamento En Villa Lugano	45000	USD	US$45.000	False	3	2	1	50.0	3 ambs.1 baño50 m² cubiertos	Crisostomo Alvarez Al 4600, Villa Lugano, Capital Federal	https://departamento.mercadolibre.com.ar/MLA-1908099021-departamento-en-villa-lugano-_JM#polycard_client=search-desktop&price_drop=not_apply&be_origin=backend&overlay_label=not_apply&search_layout=grid&position=27&type=item&tracking_id=9b390156-b448-4c6f-b90a-fb138cf3d08a&sid=search	villa-lugano	50 m²	50 m²	0	0			Departamento		60 años	0 ARS	No	No		Sí	No	No		No	No	No	No	No	No	No	Sí	Sí	No	No	No		1																																								
Departamento en venta	Departamento En Villa Lugano	45000	USD	US$45.000	False	3	2	1	50.0	3 ambs.1 baño50 m² cubiertos	Crisostomo Alvarez Al 4600, Villa Lugano, Capital Federal	https://departamento.mercadolibre.com.ar/MLA-1908054453-departamento-en-villa-lugano-_JM#polycard_client=search-desktop&price_drop=not_apply&be_origin=backend&overlay_label=not_apply&search_layout=grid&position=28&type=item&tracking_id=9b390156-b448-4c6f-b90a-fb138cf3d08a&sid=search	villa-lugano	50 m²	50 m²	0	0			Departamento		60 años	0 ARS	No	No		Sí	No	No		No	No	No	No	No	No	No	Sí	Sí	No	No	No		1																																								
Departamento en venta	Departamento En Villa Lugano	45000	USD	US$45.000	False	3	2	1	50.0	3 ambs.1 baño50 m² cubiertos	Crisostomo Alvarez Al 4600, Villa Lugano, Capital Federal	https://departamento.mercadolibre.com.ar/MLA-1908054031-departamento-en-villa-lugano-_JM#polycard_client=search-desktop&price_drop=not_apply&be_origin=backend&overlay_label=not_apply&search_layout=grid&position=29&type=item&tracking_id=9b390156-b448-4c6f-b90a-fb138cf3d08a&sid=search	villa-lugano	50 m²	50 m²	0	0			Departamento		60 años	0 ARS	No	No		Sí	No	No		No	No	No	No	No	No	No	Sí	Sí	No	No	No		1																																								
Departamento en venta	Departamento 4 Ambientes Con Balcón Y Lavadero	69000	USD	US$69.000	False	4	2	1	53.0	4 ambs.1 baño53 m² cubiertos	Albariño Al 3000, Villa Lugano, Capital Federal	https://departamento.mercadolibre.com.ar/MLA-1904093469-departamento-4-ambientes-con-balcon-y-lavadero-_JM#polycard_client=search-desktop&price_drop=not_apply&be_origin=backend&overlay_label=not_apply&search_layout=grid&position=30&type=item&tracking_id=9b390156-b448-4c6f-b90a-fb138cf3d08a&sid=search	villa-lugano	53 m²	53 m²	0	0		2	Departamento		50 años	100.000 ARS	No	Sí		Sí	Sí	No		No	No	No	No	Sí	Sí	No	Sí	Sí	Sí	No	Sí	4 m²				Sí																																					
Departamento en venta	Departamento 3 Ambientes Con Balcón	54000	USD	US$54.000	False	3	2	1	54.0	3 ambs.1 baño54 m² cubiertos	Comodoro Ceferino Ramirez Al 5400, Villa Lugano, Capital Federal	https://departamento.mercadolibre.com.ar/MLA-1903949109-departamento-3-ambientes-con-balcon-_JM#polycard_client=search-desktop&price_drop=not_apply&be_origin=backend&overlay_label=not_apply&search_layout=grid&position=31&type=item&tracking_id=9b390156-b448-4c6f-b90a-fb138cf3d08a&sid=search	villa-lugano	54 m²	54 m²	0	0		8	Departamento		40 años	0 ARS	No	Sí		Sí	No	No		No	No	No	No	Sí	Sí	No	Sí	No	No	No	No																																										
Departamento en venta	En Venta Departamento De 2 Ambientes De Categoria Con Super Balcon Al Frente - Villa Lugano	105000	USD	US$105.000	False	2	1	1	43.0	2 ambs.1 baño43 m² cubiertos	Aquino 5591, Villa Lugano, Capital Federal	https://departamento.mercadolibre.com.ar/MLA-3624450488-en-venta-departamento-de-2-ambientes-de-categoria-con-super-balcon-al-frente-villa-lugano-_JM#polycard_client=search-desktop&price_drop=not_apply&be_origin=backend&overlay_label=not_apply&search_layout=grid&position=32&type=item&tracking_id=9b390156-b448-4c6f-b90a-fb138cf3d08a&sid=search	villa-lugano	53 m²	43 m²	0				Departamento		1 años		No	No				No		No	No	No	No	No	No	No		No	No	No	No																																										
Departamento en venta	Departamento En Villa Lugano I Y Ii	57000	USD	US$57.000	False	4	2	1	65.0	4 ambs.1 baño65 m² cubiertos	Soldado DE LA Frontera Al 5200, Villa Lugano, Capital Federal	https://departamento.mercadolibre.com.ar/MLA-3612602436-departamento-en-villa-lugano-i-y-ii-_JM#polycard_client=search-desktop&price_drop=not_apply&be_origin=backend&overlay_label=not_apply&search_layout=grid&position=33&type=item&tracking_id=9b390156-b448-4c6f-b90a-fb138cf3d08a&sid=search	villa-lugano	65 m²	65 m²	0	0		1	Departamento		50 años	120.000 ARS	No	No		Sí	No	No		No	No	No	No	No	No	No	Sí	Sí	No	No	No																																										
Departamento en venta	Departamento En Villa Lugano	95000	USD	US$95.000	False	3	2	1	50.0	3 ambs.1 baño50 m² cubiertos	Battle Y Ordoñez Al 6800, Villa Lugano, Capital Federal	https://departamento.mercadolibre.com.ar/MLA-1891203947-departamento-en-villa-lugano-_JM#polycard_client=search-desktop&price_drop=not_apply&be_origin=backend&overlay_label=not_apply&search_layout=grid&position=34&type=item&tracking_id=9b390156-b448-4c6f-b90a-fb138cf3d08a&sid=search	villa-lugano	50 m²	50 m²	1	0		2	Departamento	Contrafrente	15 años	0 ARS	No	No		Sí	No	No		No	No	No	No	No	Sí	No	Sí	Sí	No	No	No																																										
Departamento en venta	Venta Departamento De 4 Ambientes En Villa Lugano.	53000	USD	US$53.000	False	4	3	1	68.0	4 ambs.1 baño68 m² cubiertos	Contraalmirante Martin Guerrico Al 5600, Villa Lugano, Capital Federal	https://departamento.mercadolibre.com.ar/MLA-1882649927-venta-departamento-de-4-ambientes-en-villa-lugano-_JM#polycard_client=search-desktop&price_drop=not_apply&be_origin=backend&overlay_label=not_apply&search_layout=grid&position=35&type=item&tracking_id=9b390156-b448-4c6f-b90a-fb138cf3d08a&sid=search	villa-lugano	68 m²	68 m²	0	0	4		Departamento	Contrafrente	60 años	0 ARS	No	No		Sí	No	No		No	No	Sí	No	No	Sí	No	Sí	Sí	No	No	No			Norte																																							
Departamento en venta	Venta Departamento En Torre 3 Ambientes Con Balcón Y Cochera Cubierta Lugano 1 Y 2	6500055000	USD	US$65.000US$55.000 BAJÓ DE PRECIO	False	3	2	1	54.0	3 ambs.1 baño54 m² cubiertos	Ceferino Ramirez Al 5400, Villa Lugano, Capital Federal	https://departamento.mercadolibre.com.ar/MLA-3567505628-venta-departamento-en-torre-3-ambientes-con-balcon-y-cochera-cubierta-lugano-1-y-2-_JM#polycard_client=search-desktop&price_drop=true&be_origin=backend&overlay_label=not_apply&search_layout=grid&position=36&type=item&tracking_id=9b390156-b448-4c6f-b90a-fb138cf3d08a&sid=search	villa-lugano	57 m²	54 m²	1	0	6	3	Departamento	Contrafrente	50 años	64.000 ARS	Sí	No		Sí	Sí	Sí		No	Sí	Sí	No	Sí	Sí	No	Sí	Sí	No	No	Sí	3 m²	1	Norte		Sí				Sí																	Sí																
Departamento en venta	Venta 3 Amb Luminoso Lugano	53000	USD	US$53.000	False	3	2	1	51.0	3 ambs.1 baño51 m² cubiertos	Avenida Teniente General Luis Dellepiane 4900, Villa Lugano, Capital Federal	https://departamento.mercadolibre.com.ar/MLA-1870153697-venta-3-amb-luminoso-lugano-_JM#polycard_client=search-desktop&price_drop=not_apply&be_origin=backend&overlay_label=not_apply&search_layout=grid&position=37&type=item&tracking_id=9b390156-b448-4c6f-b90a-fb138cf3d08a&sid=search	villa-lugano	58 m²	51 m²	0	0	99	1	Departamento	Frente	45 años	167.640 ARS	Sí	No		Sí	Sí			No	Sí	Sí		Sí	Sí		Sí	Sí	No	No	No	6,77 m²	10	Sur		Sí															Sí									Sí													
Departamento en venta	Venta - Departamento - 4 Ambientes - Balcon - Villa Riachuelo - Lugano - Apto Credito - Permuta	35000	USD	US$35.000	False	4	3	1	55.0	4 ambs.1 baño55 m² cubiertos	Chilavert Al 6800, Villa Lugano, Capital Federal	https://departamento.mercadolibre.com.ar/MLA-1869200231-venta-departamento-4-ambientes-balcon-villa-riachuelo-lugano-apto-credito-permuta-_JM#polycard_client=search-desktop&price_drop=not_apply&be_origin=backend&overlay_label=not_apply&search_layout=grid&position=38&type=item&tracking_id=9b390156-b448-4c6f-b90a-fb138cf3d08a&sid=search	villa-lugano	61 m²	55 m²	0	0		2	Departamento	Frente	50 años	0 ARS	Sí	No		Sí	Sí	No		No	No	No	No	Sí	Sí	No	Sí	Sí	No	No	Sí	5 m²				Sí																																					
Departamento en venta	Venta Depto 3 Amb Luminoso, V. Lugano!!!	69000	USD	US$69.000	False	3	2	1	48.0	3 ambs.1 baño48 m² cubiertos	Benitez Julio Omar 4200, Villa Lugano, Capital Federal	https://departamento.mercadolibre.com.ar/MLA-3538638814-venta-depto-3-amb-luminoso-v-lugano-_JM#polycard_client=search-desktop&price_drop=not_apply&be_origin=backend&overlay_label=not_apply&search_layout=grid&position=39&type=item&tracking_id=9b390156-b448-4c6f-b90a-fb138cf3d08a&sid=search	villa-lugano	59 m²	48 m²	1	0	99	1	Departamento	Frente	17 años	65.000 ARS	Sí	Sí		Sí				No	Sí	No		Sí	Sí		Sí	Sí	No	No	No	10,17 m²	9	Norte																										Sí													
Departamento en venta	Departamento En Villa Lugano	54000	USD	US$54.000	False	3	2	1	46.0	3 ambs.1 baño46 m² cubiertos	Combate San Carlos Al 5400, Villa Lugano, Capital Federal	https://departamento.mercadolibre.com.ar/MLA-3536454018-departamento-en-villa-lugano-_JM#polycard_client=search-desktop&price_drop=not_apply&be_origin=backend&overlay_label=not_apply&search_layout=grid&position=40&type=item&tracking_id=9b390156-b448-4c6f-b90a-fb138cf3d08a&sid=search	villa-lugano	50 m²	46 m²	0	0			Departamento	Frente	60 años	0 ARS	Sí	Sí		Sí	No	No		No	No	Sí	No	No	Sí	No	Sí	Sí	No	No	No			Este																																							
Departamento en venta	Venta Departamento 4 Ambientes Villa Lugano (b° Piedrabuena)	46000	USD	US$46.000	False	4	3	1	60.0	4 ambs.1 baño60 m² cubiertos	(dbj-695) Montiel 3900 - Oportunidad, Villa Lugano, Capital Federal	https://departamento.mercadolibre.com.ar/MLA-3528843626-venta-departamento-4-ambientes-villa-lugano-b-piedrabuena-_JM#polycard_client=search-desktop&price_drop=not_apply&be_origin=backend&overlay_label=not_apply&search_layout=grid&position=41&type=item&tracking_id=9b390156-b448-4c6f-b90a-fb138cf3d08a&sid=search	villa-lugano	60 m²	60 m²	0	0			Departamento	Frente	50 años	9.000 ARS	Sí	Sí		Sí	Sí	No		No	Sí	Sí	No	No	Sí	No	Sí	Sí	No	No	Sí			Este		Sí													Sí																								
Departamento en venta	Venta Departamento 4 Ambientes Al Frente. Excelente Ubicación. Lugano 1y2 - Edificio 10	50000	USD	US$50.000	False	4	3	1	68.0	4 ambs.1 baño68 m² cubiertos	Soldado De La Frontera Al 4900 Edificio 10, Villa Lugano, Capital Federal	https://departamento.mercadolibre.com.ar/MLA-3516868854-venta-departamento-4-ambientes-al-frente-excelente-ubicacion-lugano-1y2-edificio-10-_JM#polycard_client=search-desktop&price_drop=not_apply&be_origin=backend&overlay_label=not_apply&search_layout=grid&position=42&type=item&tracking_id=9b390156-b448-4c6f-b90a-fb138cf3d08a&sid=search	villa-lugano	68 m²	68 m²	0	0	4	4	Departamento	Frente	49 años	100.000 ARS	No	Sí		Sí	No	Sí		No	No	No	No	No	Sí	No	Sí	Sí	No	No	No		1	Norte	Sí					Sí			Sí															Sí															
Departamento en venta	Departamento En Venta En Parque Avellaneda	39800	USD	US$39.800	False	2	1	1	38.0	2 ambs.1 baño38 m² cubiertos	Mozart 2404, Villa Lugano, Capital Federal	https://departamento.mercadolibre.com.ar/MLA-1854652207-departamento-en-venta-en-parque-avellaneda-_JM#polycard_client=search-desktop&price_drop=not_apply&be_origin=backend&overlay_label=not_apply&search_layout=grid&position=43&type=item&tracking_id=9b390156-b448-4c6f-b90a-fb138cf3d08a&sid=search	villa-lugano	38 m²	38 m²	0	2	10	15	Departamento	Frente	60 años	60.000 ARS	Sí	Sí	Sí	Sí	No	No	Sí	No	Sí	Sí	No	No	Sí	No	Sí	No	No	No	Sí		1	Oeste	Sí	Sí							Sí			Sí														Sí		Sí	Sí		Sí	Sí							
Departamento en venta	Venta Departamento 4 Ambientes Villa Lugano	60000	USD	US$60.000	False	4	3	2	68.0	4 ambs.2 baños68 m² cubiertos	Dellepiane Norte 4961, Villa Lugano, Capital Federal	https://departamento.mercadolibre.com.ar/MLA-3484888548-venta-departamento-4-ambientes-villa-lugano-_JM#polycard_client=search-desktop&price_drop=not_apply&be_origin=backend&overlay_label=not_apply&search_layout=grid&position=44&type=item&tracking_id=9b390156-b448-4c6f-b90a-fb138cf3d08a&sid=search	villa-lugano	68 m²	68 m²	0	1	5	8	Departamento	Lateral	50 años	120.000 ARS	No	No		No	No	No		No	No	No	No	No	No	No		No	No	No	No		12	Este																																							
Departamento en venta	Venta Departamento 3 Ambientes Con Patio En Villa Lugano	59900	USD	US$59.900	False	3	2	1	72.0	3 ambs.1 baño72 m² cubiertos	Dellepiane 4670, Villa Lugano, Capital Federal	https://departamento.mercadolibre.com.ar/MLA-1844177319-venta-departamento-3-ambientes-con-patio-en-villa-lugano-_JM#polycard_client=search-desktop&price_drop=not_apply&be_origin=backend&overlay_label=not_apply&search_layout=grid&position=45&type=item&tracking_id=9b390156-b448-4c6f-b90a-fb138cf3d08a&sid=search	villa-lugano	72 m²	72 m²	0	0			Departamento		50 años	40.000 ARS	No	Sí		No	No	No		No	No	No	No	No	Sí	No	Sí	Sí	No	No	No		1																	Sí																							
Departamento en venta	Departamento Tipo Ph 4 Ambientes Con Balcón	95000	USD	US$95.000	False	4	3	1	82.0	4 ambs.1 baño82 m² cubiertos	Av. Castañares Al 5500, Villa Lugano, Capital Federal	https://departamento.mercadolibre.com.ar/MLA-1844177295-departamento-tipo-ph-4-ambientes-con-balcon-_JM#polycard_client=search-desktop&price_drop=not_apply&be_origin=backend&overlay_label=not_apply&search_layout=grid&position=46&type=item&tracking_id=9b390156-b448-4c6f-b90a-fb138cf3d08a&sid=search	villa-lugano	91 m²	82 m²	0	0	7	1	Departamento	Frente	40 años	0 ARS	No	Sí		No	No	No		No	Sí	Sí	No	Sí	Sí	No	Sí	Sí	No	No	No	9 m²	1																								Sí																
Departamento en venta	Venta Departamento 3 Ambientes En Barrio Nagera	44900	USD	US$44.900	False	3	2	1	46.0	3 ambs.1 baño46 m² cubiertos	Av. Dellepiane 4494, Villa Lugano, Capital Federal	https://departamento.mercadolibre.com.ar/MLA-3479122872-venta-departamento-3-ambientes-en-barrio-nagera-_JM#polycard_client=search-desktop&price_drop=not_apply&be_origin=backend&overlay_label=not_apply&search_layout=grid&position=47&type=item&tracking_id=9b390156-b448-4c6f-b90a-fb138cf3d08a&sid=search	villa-lugano	46 m²	46 m²	0	0			Departamento		50 años	0 ARS	No	No		No	No	No		No	No	No	No	No	No	No		No	No	No	No																																										
Departamento en venta	Venta Departamento 3 Ambientes En Villa Lugano Al Frente Con Balcón	98000	USD	US$98.000	False	3	2	1	42.0	3 ambs.1 baño42 m² cubiertos	AV. Cruz Al 6200, Villa Lugano, Capital Federal	https://departamento.mercadolibre.com.ar/MLA-1843606345-venta-departamento-3-ambientes-en-villa-lugano-al-frente-con-balcon-_JM#polycard_client=search-desktop&price_drop=not_apply&be_origin=backend&overlay_label=not_apply&search_layout=grid&position=48&type=item&tracking_id=9b390156-b448-4c6f-b90a-fb138cf3d08a&sid=search	villa-lugano	50 m²	42 m²	0	0			Departamento	Frente	15 años	0 ARS	No	No		Sí	No	No		No	No	No	No	Sí	Sí	No	Sí	Sí	No	No	No	8 m²																																									
Departamento en venta	Venta Departamento 3 Ambientes En Villa Lugano	4490041900	USD	US$44.900US$41.900 BAJÓ DE PRECIO	False	3	2	1	59.0	3 ambs.1 baño59 m² cubiertos	Castañares 4800, Villa Lugano, Capital Federal	https://departamento.mercadolibre.com.ar/MLA-1844177301-venta-departamento-3-ambientes-en-villa-lugano-_JM#polycard_client=search-desktop&price_drop=true&be_origin=backend&overlay_label=not_apply&search_layout=grid&position=1&type=item&tracking_id=17cf09ed-3ec9-4f40-9324-b12d3afb1ba5&sid=search	villa-lugano	59 m²	59 m²	0	0			Departamento		50 años	80.000 ARS	No	No		No	No	No		No	No	No	No	No	No	No		No	No	No	No																																										
Departamento en venta	Departamento En Villa Lugano	85000	USD	US$85.000	False	2	1	1	42.0	2 ambs.1 baño42 m² cubiertos	Fructuso Rivera Al 6500, Villa Lugano, Capital Federal	https://departamento.mercadolibre.com.ar/MLA-3462980928-departamento-en-villa-lugano-_JM#polycard_client=search-desktop&price_drop=not_apply&be_origin=backend&overlay_label=not_apply&search_layout=grid&position=2&type=item&tracking_id=17cf09ed-3ec9-4f40-9324-b12d3afb1ba5&sid=search	villa-lugano	42 m²	42 m²	0	0			Departamento		40 años	0 ARS	No	No		No	No	No		No	No	No	No	Sí	Sí	No	Sí	No	No	No	No	40 m²	3																																								
Departamento en venta	Venta 3 Ambientes Apto Credito, Villa Lugano	5600051000	USD	US$56.000US$51.000 BAJÓ DE PRECIO	False	3	2	1	60.0	3 ambs.1 baño60 m² cubiertos	Contralmirante Martin Guerrico Al 5200, Villa Lugano, Capital Federal	https://departamento.mercadolibre.com.ar/MLA-3457927108-venta-3-ambientes-apto-credito-villa-lugano-_JM#polycard_client=search-desktop&price_drop=true&be_origin=backend&overlay_label=not_apply&search_layout=grid&position=3&type=item&tracking_id=17cf09ed-3ec9-4f40-9324-b12d3afb1ba5&sid=search	villa-lugano	60 m²	60 m²	1	0		13	Departamento	Frente	37 años	95.000 ARS	Sí	No		Sí	Sí	Sí		No	No	No	No	Sí	Sí	No	Sí	Sí	Sí	No	Sí			Norte		Sí																																					
Departamento en venta	Venta De Departamento 3 Ambientes Con Balcón En Villa Lugano.	68000	USD	US$68.000	False	3	2	1	52.0	3 ambs.1 baño52 m² cubiertos	Avenida Castañares 4300, Villa Lugano, Capital Federal	https://departamento.mercadolibre.com.ar/MLA-3443695756-venta-de-departamento-3-ambientes-con-balcon-en-villa-lugano-_JM#polycard_client=search-desktop&price_drop=not_apply&be_origin=backend&overlay_label=not_apply&search_layout=grid&position=4&type=item&tracking_id=17cf09ed-3ec9-4f40-9324-b12d3afb1ba5&sid=search	villa-lugano	59 m²	52 m²	0					Contrafrente	15 años	68.000 ARS		Sí		Sí			Sí					Sí	Sí		Sí	Sí	Sí	Sí	Sí		9	Norte	Sí	Sí																																					
Departamento en venta	Departamento En Villa Lugano	80000	USD	US$80.000	False	3	2	1	50.0	3 ambs.1 baño50 m² cubiertos	Avenida Riestra Al 6700, Villa Lugano, Capital Federal	https://departamento.mercadolibre.com.ar/MLA-1829406969-departamento-en-villa-lugano-_JM#polycard_client=search-desktop&price_drop=not_apply&be_origin=backend&overlay_label=not_apply&search_layout=grid&position=5&type=item&tracking_id=17cf09ed-3ec9-4f40-9324-b12d3afb1ba5&sid=search	villa-lugano	50 m²	50 m²	1	0		5	Departamento		30 años	130.000 ARS	Sí	No		Sí	No	No		No	No	No	No	Sí	Sí	No	Sí	Sí	No	No	No																																										
Departamento en venta	Venta Departamento 3 Ambientes Con Balcón Vista Abierta Torre 7 - Villa Lugano	55000	USD	US$55.000	False	3	2	1	63.0	3 ambs.1 baño63 m² cubiertos	Combate San Carlos Al 5500, Villa Lugano, Capital Federal	https://departamento.mercadolibre.com.ar/MLA-3434733286-venta-departamento-3-ambientes-con-balcon-vista-abierta-torre-7-villa-lugano-_JM#polycard_client=search-desktop&price_drop=not_apply&be_origin=backend&overlay_label=not_apply&search_layout=grid&position=6&type=item&tracking_id=17cf09ed-3ec9-4f40-9324-b12d3afb1ba5&sid=search	villa-lugano	65 m²	63 m²	0	0	6		Departamento	Contrafrente	40 años	105.000 ARS	Sí	No		Sí	Sí	Sí		No	Sí	Sí	No	Sí	Sí	No	Sí	Sí	No	No	Sí	2 m²	1			Sí				Sí																	Sí																
Departamento en venta	Departamento - Villa Lugano	70000	USD	US$70.000	False	2	1	1	42.0	2 ambs.1 baño42 m² cubiertos	Retasado!! Oportunidad!!! Cañada De Gomez Al 4800 4TO Piso., Villa Lugano, Capital Federal	https://departamento.mercadolibre.com.ar/MLA-1805515179-departamento-villa-lugano-_JM#polycard_client=search-desktop&price_drop=not_apply&be_origin=backend&overlay_label=not_apply&search_layout=grid&position=7&type=item&tracking_id=17cf09ed-3ec9-4f40-9324-b12d3afb1ba5&sid=search	villa-lugano	42 m²	42 m²	0	0	4		Departamento		10 años	0 ARS	No	No		Sí	No	No		No	No	No	No	Sí	Sí	No	Sí	Sí	No	No	No				Sí								Sí						Sí																								
Departamento en venta	Semipiso 3 Ambientes, Excelente Ubicación, Villa Lugano.	60000	USD	US$60.000	False	3	2	1	56.0	3 ambs.1 baño56 m² cubiertos	Avenida Dellepiane 4443, Villa Lugano, Capital Federal	https://departamento.mercadolibre.com.ar/MLA-3372643348-semipiso-3-ambientes-excelente-ubicacion-villa-lugano-_JM#polycard_client=search-desktop&price_drop=not_apply&be_origin=backend&overlay_label=not_apply&search_layout=grid&position=8&type=item&tracking_id=17cf09ed-3ec9-4f40-9324-b12d3afb1ba5&sid=search	villa-lugano	56 m²	56 m²	0	0		10	Departamento	Frente	45 años	36.000 ARS	No	Sí		No	No	No		No	No	No	No	No	No	No	Sí	Sí	No	No	No			Norte																										Sí													
Departamento en venta	Departamento - Venta - Villa Lugano 3 Ambientes En Torre	62000	USD	US$62.000	False	3	2	1	53.0	3 ambs.1 baño53 m² cubiertos	Torre 6 Al 4900 Entre Napoleon Uriburu Y Soldado De La Frontera, Villa Lugano, Capital Federal	https://departamento.mercadolibre.com.ar/MLA-3356915744-departamento-venta-villa-lugano-3-ambientes-en-torre-_JM#polycard_client=search-desktop&price_drop=not_apply&be_origin=backend&overlay_label=not_apply&search_layout=grid&position=9&type=item&tracking_id=17cf09ed-3ec9-4f40-9324-b12d3afb1ba5&sid=search	villa-lugano	60 m²	53 m²	0	0			Departamento	Frente	40 años	68.000 ARS	Sí	Sí		No	No	No		No	No	No	No	Sí	Sí	No	Sí	Sí	Sí	No	No		1	Este						Sí											Sí		Sí				Sí					Sí											
Departamento en venta	Depto 4amb C/bcón - Albariño 3000, T. 11 - B. Copello - Loiacono Propiedades	70000	USD	US$70.000	False	4	3	1	60.0	4 ambs.1 baño60 m² cubiertos	Albariño 3000, Villa Lugano, Capital Federal	https://departamento.mercadolibre.com.ar/MLA-1792331879-depto-4amb-cbcon-albarino-3000-t-11-b-copello-loiacono-propiedades-_JM#polycard_client=search-desktop&price_drop=not_apply&be_origin=backend&overlay_label=not_apply&search_layout=grid&position=10&type=item&tracking_id=17cf09ed-3ec9-4f40-9324-b12d3afb1ba5&sid=search	villa-lugano	60 m²	60 m²	0									Sí		Sí			Sí		Sí	Sí		Sí	Sí						Sí					Sí																																					
Departamento en venta	Excelente Departamento De 3 Ambientes. Villa Lugano	115000	USD	US$115.000	False	3	2	1	65.0	3 ambs.1 baño65 m² cubiertos	Sayos 6048, Villa Lugano, Capital Federal	https://departamento.mercadolibre.com.ar/MLA-1788711321-excelente-departamento-de-3-ambientes-villa-lugano-_JM#polycard_client=search-desktop&price_drop=not_apply&be_origin=backend&overlay_label=not_apply&search_layout=grid&position=11&type=item&tracking_id=17cf09ed-3ec9-4f40-9324-b12d3afb1ba5&sid=search	villa-lugano	65 m²	65 m²	0	0	4	6	Semi piso	Frente	31 años	185.000 ARS		Sí		Sí					Sí	Sí		Sí	Sí				No	No		4 m²	8	Sur																																							
Departamento en venta	Departamento En Venta !!! Excelente Estado	130000	USD	US$130.000	False	3	2	1	50.0	3 ambs.1 baño50 m² cubiertos	Itaqui Al 6100, Villa Lugano, Capital Federal	https://departamento.mercadolibre.com.ar/MLA-3226115562-departamento-en-venta-excelente-estado-_JM#polycard_client=search-desktop&price_drop=not_apply&be_origin=backend&overlay_label=not_apply&search_layout=grid&position=12&type=item&tracking_id=17cf09ed-3ec9-4f40-9324-b12d3afb1ba5&sid=search	villa-lugano	50 m²	50 m²	0	0	4		Departamento		16 años	111 ARS	No	No		Sí	No	No	Sí	No	No	No	No	Sí	Sí	No	Sí	Sí	No	No	No																																										
Departamento en venta	Departamento En Villa Lugano	69500	USD	US$69.500	False	5	4	1	81.0	5 ambs.1 baño81 m² cubiertos	Chilavert Al 6800, Villa Lugano, Capital Federal	https://departamento.mercadolibre.com.ar/MLA-3121648016-departamento-en-villa-lugano-_JM#polycard_client=search-desktop&price_drop=not_apply&be_origin=backend&overlay_label=not_apply&search_layout=grid&position=13&type=item&tracking_id=17cf09ed-3ec9-4f40-9324-b12d3afb1ba5&sid=search	villa-lugano	81 m²	81 m²	0	0			Departamento		45 años	0 ARS	No	Sí		No	Sí	No		No	No	No	No	No	Sí	No	Sí	Sí	No	No	Sí					Sí						Sí																															
Departamento en venta	Se Vende Departamento Tres Ambientes (barrio Copello)	48000	USD	US$48.000	False	3	2	1	54.0	3 ambs.1 baño54 m² cubiertos	Albariño 3070, Cdad. Autónoma De Buenos Aires, Argentina, Villa Lugano, Capital Federal	https://departamento.mercadolibre.com.ar/MLA-3121646276-se-vende-departamento-tres-ambientes-barrio-copello-_JM#polycard_client=search-desktop&price_drop=not_apply&be_origin=backend&overlay_label=not_apply&search_layout=grid&position=14&type=item&tracking_id=17cf09ed-3ec9-4f40-9324-b12d3afb1ba5&sid=search	villa-lugano	57 m²	54 m²	0				Departamento		40 años		No	No				No		No	No	No	No	No	No	No		No	No	No	No		5																																								
Departamento en venta	Venta Departamento 4 Ambientes Con Patio Y Cochera	210000	USD	US$210.000	False	4	3	2	97.0	4 ambs.2 baños97 m² cubiertos	Unanue Al 5800, Villa Lugano, Capital Federal	https://departamento.mercadolibre.com.ar/MLA-1720936285-venta-departamento-4-ambientes-con-patio-y-cochera-_JM#polycard_client=search-desktop&float_highlight=not_apply&price_drop=not_apply&be_origin=backend&overlay_label=not_apply&search_layout=grid&position=15&type=item&tracking_id=17cf09ed-3ec9-4f40-9324-b12d3afb1ba5&sid=search	villa-lugano	124 m²	97 m²	1	0	2		Departamento	Frente	5 años	0 ARS	Sí	Sí		Sí	No	No		No	Sí	Sí	Sí	Sí	No	No	Sí	Sí	No	No	No																	Sí		Sí																							
Departamento en venta	Departamento De 3 Ambientes En Villa Lugano.	58000	USD	US$58.000	False	3	2	1	65.0	3 ambs.1 baño65 m² cubiertos	Av. Castañares Al 4555. Entre Av. Escalada Y Guardia Nacional, Villa Lugano, Capital Federal	https://departamento.mercadolibre.com.ar/MLA-3082831082-departamento-de-3-ambientes-en-villa-lugano-_JM#polycard_client=search-desktop&float_highlight=not_apply&price_drop=not_apply&be_origin=backend&overlay_label=not_apply&search_layout=grid&position=16&type=item&tracking_id=17cf09ed-3ec9-4f40-9324-b12d3afb1ba5&sid=search	villa-lugano	68 m²	65 m²	0	0	3	5	Departamento	Frente	70 años	50.000 ARS	Sí	Sí		Sí	No	Sí		No	Sí	Sí	No	Sí	Sí	No	Sí	Sí	No	No	Sí		9	Este			1					Sí				Sí	Virtual																										
Departamento en venta	Depto 3amb C/bcón Y Cochera - Julio O. Benítez 4300 - Loiacono Propiedades	85000	USD	US$85.000	False	3	2	1	50.0	3 ambs.1 baño50 m² cubiertos	Benitez Julio Omar 4316, C1439 Cdad. Autónoma De Buenos Aires, Argentina, Villa Lugano, Capital Federal	https://departamento.mercadolibre.com.ar/MLA-3241174534-depto-3amb-cbcon-y-cochera-julio-o-benitez-4300-loiacono-propiedades-_JM#polycard_client=search-desktop&float_highlight=not_apply&price_drop=not_apply&be_origin=backend&overlay_label=not_apply&search_layout=grid&position=17&type=item&tracking_id=17cf09ed-3ec9-4f40-9324-b12d3afb1ba5&sid=search	villa-lugano	50 m²	50 m²	1									Sí					Sí		Sí	Sí		Sí	Sí											Sí																																					
Departamento en venta	Venta Departamento 4 Ambientes - Villa Lugano	70000	USD	US$70.000	False	4	3	1	75.0	4 ambs.1 baño75 m² cubiertos	Corvalan Al 2900, Villa Lugano, Capital Federal	https://departamento.mercadolibre.com.ar/MLA-1701579963-venta-departamento-4-ambientes-villa-lugano-_JM#polycard_client=search-desktop&price_drop=not_apply&be_origin=backend&overlay_label=not_apply&search_layout=grid&position=18&type=item&tracking_id=17cf09ed-3ec9-4f40-9324-b12d3afb1ba5&sid=search	villa-lugano	75 m²	75 m²	0	0		9	Departamento	Contrafrente	45 años	120.000 ARS	Sí	No		Sí	Sí	No		No	No	No	No	No	Sí	No	Sí	Sí	No	No	Sí					Sí																																					
Departamento en venta	Depto A Estrenar En Venta - Monoambiente C/bcón - Cosquín 4800 - Loiacono Propiedades	75000	USD	US$75.000	False	1	0	1	24.0	1 amb.1 baño24 m² cubiertos	Cosquín 4800, Villa Lugano, Capital Federal	https://departamento.mercadolibre.com.ar/MLA-3241187298-depto-a-estrenar-en-venta-monoambiente-cbcon-cosquin-4800-loiacono-propiedades-_JM#polycard_client=search-desktop&float_highlight=not_apply&price_drop=not_apply&be_origin=backend&overlay_label=not_apply&search_layout=grid&position=19&type=item&tracking_id=17cf09ed-3ec9-4f40-9324-b12d3afb1ba5&sid=search	villa-lugano	33 m²	24 m²	0																			Sí																																																	
Departamento en venta	Depto A Estrenar En Venta - 2amb C/bcón - Cosquín 4800 - Loiacono Propiedades	120000	USD	US$120.000	False	2	1	1	50.0	2 ambs.1 baño50 m² cubiertos	Cosquín 4800, Villa Lugano, Capital Federal	https://departamento.mercadolibre.com.ar/MLA-3241212140-depto-a-estrenar-en-venta-2amb-cbcon-cosquin-4800-loiacono-propiedades-_JM#polycard_client=search-desktop&float_highlight=not_apply&price_drop=not_apply&be_origin=backend&overlay_label=not_apply&search_layout=grid&position=20&type=item&tracking_id=17cf09ed-3ec9-4f40-9324-b12d3afb1ba5&sid=search	villa-lugano	59 m²	50 m²	0														Sí		Sí	Sí		Sí	Sí																																																
Departamento en venta	Cosquín Al 4800, Deptos De 1, 2 Y 3 Ambientes A Estrenar - Loiacono Propiedades	75000	USD	US$75.000	False	1	1	1	30.0	1 amb.1 baño30 m² cubiertos	Cosquín 4800, Villa Lugano, Capital Federal	https://departamento.mercadolibre.com.ar/MLA-3241211822-cosquin-al-4800-deptos-de-1-2-y-3-ambientes-a-estrenar-loiacono-propiedades-_JM#polycard_client=search-desktop&float_highlight=not_apply&price_drop=not_apply&be_origin=backend&overlay_label=not_apply&search_layout=grid&position=21&type=item&tracking_id=17cf09ed-3ec9-4f40-9324-b12d3afb1ba5&sid=search	villa-lugano	30 m²	30 m²	0											Sí				Sí				Sí																																																	
Departamento en venta	Departamento En Villa Lugano	136000	USD	US$136.000	False	3	2	2	80.0	3 ambs.2 baños80 m² cubiertos	Alberto Demiddi Al 4500, Villa Lugano, Capital Federal	https://departamento.mercadolibre.com.ar/MLA-2989119480-departamento-en-villa-lugano-_JM#polycard_client=search-desktop&price_drop=not_apply&be_origin=backend&overlay_label=not_apply&search_layout=grid&position=22&type=item&tracking_id=17cf09ed-3ec9-4f40-9324-b12d3afb1ba5&sid=search	villa-lugano	80 m²	80 m²	0	0		4	Departamento		7 años	70.000 ARS	No	No		Sí	No	No		No	No	No	No	Sí	Sí	No	Sí	No	No	No	No																																										
Departamento en venta	Venta Departamento 3 Ambientes Balcon Villa Lugano	75000	USD	US$75.000	False	3	2	1	50.0	3 ambs.1 baño50 m² cubiertos	Saraza Al 4200, Villa Lugano, Capital Federal	https://departamento.mercadolibre.com.ar/MLA-2896637894-venta-departamento-3-ambientes-balcon-villa-lugano-_JM#polycard_client=search-desktop&price_drop=not_apply&be_origin=backend&overlay_label=not_apply&search_layout=grid&position=23&type=item&tracking_id=17cf09ed-3ec9-4f40-9324-b12d3afb1ba5&sid=search	villa-lugano	53 m²	50 m²	0	0			Departamento	Lateral	10 años	60.000 ARS	Sí	Sí		No	Sí	No		No	No	Sí	No	Sí	Sí	No	Sí	Sí	No	No	Sí					Sí							Sí																														
Departamento en venta	Departamento En Villa Lugano	46000	USD	US$46.000	False	2	2	1	37.0	2 ambs.1 baño37 m² cubiertos	Av. Dellepiane Sur Torre 12 B Al 4500, Villa Lugano, Capital Federal	https://departamento.mercadolibre.com.ar/MLA-1679460827-departamento-en-villa-lugano-_JM#polycard_client=search-desktop&price_drop=not_apply&be_origin=backend&overlay_label=not_apply&search_layout=grid&position=24&type=item&tracking_id=17cf09ed-3ec9-4f40-9324-b12d3afb1ba5&sid=search	villa-lugano	45 m²	37 m²	0	0	3	7	Departamento	Contrafrente	37 años	78.000 ARS	No	Sí		Sí	Sí	No		No	No	No	No	Sí	Sí	No	Sí	Sí	No	No	Sí	7 m²				Sí																																					
Departamento en venta	Venta Departamento 3 Ambientes Apto Crédito Villa Lugano	56000	USD	US$56.000	False	3	2	1	53.0	3 ambs.1 baño53 m² cubiertos	Corvalán 2900, Villa Lugano, Capital Federal	https://departamento.mercadolibre.com.ar/MLA-1674352061-venta-departamento-3-ambientes-apto-credito-villa-lugano-_JM#polycard_client=search-desktop&price_drop=not_apply&be_origin=backend&overlay_label=not_apply&search_layout=grid&position=25&type=item&tracking_id=17cf09ed-3ec9-4f40-9324-b12d3afb1ba5&sid=search	villa-lugano	60 m²	53 m²	0	0	4	3	Departamento	Frente	50 años	59.000 ARS		Sí		Sí	No	No		No	No	No	No	No	No	No	Sí	Sí	Sí	Sí	Sí	7 m²	11	Norte	Sí								Sí			Sí																											
Departamento en venta	Departamento En Venta En Villa Lugano	65000	USD	US$65.000	False	2	1	1	42.0	2 ambs.1 baño42 m² cubiertos	Saraza 4214, Villa Lugano, Capital Federal	https://departamento.mercadolibre.com.ar/MLA-1664338559-departamento-en-venta-en-villa-lugano-_JM#polycard_client=search-desktop&price_drop=not_apply&be_origin=backend&overlay_label=not_apply&search_layout=grid&position=26&type=item&tracking_id=17cf09ed-3ec9-4f40-9324-b12d3afb1ba5&sid=search	villa-lugano	45 m²	42 m²	1	1	3	2	Departamento	Contrafrente	20 años	65.000 ARS	Sí	Sí	Sí	Sí	No	No	Sí	No	Sí	Sí	No	Sí	Sí	No	Sí	Sí	Sí	Sí	Sí	3 m²	1	Sur	Sí	Sí	17						Sí			Sí														Sí		Sí	Sí		Sí	Sí							
Departamento en venta	Departamento En Villa Lugano	135000	USD	US$135.000	False	3	2	1	69.0	3 ambs.1 baño69 m² cubiertos	Bº Olímpico Edificio 23, P. 5º. Alberto Zorrilla Y Escalada., Villa Lugano, Capital Federal	https://departamento.mercadolibre.com.ar/MLA-2804868508-departamento-en-villa-lugano-_JM#polycard_client=search-desktop&price_drop=not_apply&be_origin=backend&overlay_label=not_apply&search_layout=grid&position=27&type=item&tracking_id=17cf09ed-3ec9-4f40-9324-b12d3afb1ba5&sid=search	villa-lugano	77 m²	69 m²	0	0		5	Departamento		8 años	86.000 ARS	No	No		Sí	No	No		No	No	No	No	Sí	Sí	No		No	No	No	No	8 m²																																									
Departamento en venta	Venta/dpto/4 Amb/balcon/permuta/aptocredito/lugano	110000	USD	US$110.000	False	4	3	1	69.0	4 ambs.1 baño69 m² cubiertos	Escalada 4265, Villa Lugano, Capital Federal	https://departamento.mercadolibre.com.ar/MLA-2787431794-ventadpto4-ambbalconpermutaaptocreditolugano-_JM#polycard_client=search-desktop&price_drop=not_apply&be_origin=backend&overlay_label=not_apply&search_layout=grid&position=28&type=item&tracking_id=17cf09ed-3ec9-4f40-9324-b12d3afb1ba5&sid=search	villa-lugano	73 m²	69 m²	0	0			Departamento		28 años	130.000 ARS	Sí	Sí		Sí	Sí	No		No	No	No	No	Sí	Sí	No	Sí	Sí	No	No	Sí	4 m²				Sí																																					
Departamento en venta	Departamento 2 Ambientes En Parque Avellaneda	39800	USD	US$39.800	False	2	1	1	38.0	2 ambs.1 baño38 m² cubiertos	Mozart 2404, Villa Lugano, Capital Federal	https://departamento.mercadolibre.com.ar/MLA-3741018398-departamento-2-ambientes-en-parque-avellaneda-_JM#polycard_client=search-desktop&price_drop=not_apply&be_origin=backend&overlay_label=not_apply&search_layout=grid&position=29&type=item&tracking_id=17cf09ed-3ec9-4f40-9324-b12d3afb1ba5&sid=search	villa-lugano	38 m²	38 m²	0	2	10	15	Departamento	Frente	60 años	60.000 ARS	Sí	Sí	Sí	Sí	No	No	Sí	No	Sí	Sí	No	No	Sí	No	Sí	No	No	No	Sí		1	Oeste	Sí	Sí							Sí			Sí														Sí		Sí	Sí		Sí	Sí							
Departamento en venta	Departamento En Villa Lugano	220000	USD	US$220.000	False	4	3	2	116.0	4 ambs.2 baños116 m² cubiertos	Timoteo Gordillo Al 4900, Villa Lugano, Capital Federal	https://departamento.mercadolibre.com.ar/MLA-1638235741-departamento-en-villa-lugano-_JM#polycard_client=search-desktop&price_drop=not_apply&be_origin=backend&overlay_label=not_apply&search_layout=grid&position=30&type=item&tracking_id=17cf09ed-3ec9-4f40-9324-b12d3afb1ba5&sid=search	villa-lugano	116 m²	116 m²	2	0	2	2	Departamento	Contrafrente	15 años	0 ARS	No	No		Sí	No	No		No	No	No	No	Sí	Sí	No	Sí	Sí	No	No	No		3																																								
Departamento en venta	Departamento En Venta 2 Ambientes En Villa Lugano	85000	USD	US$85.000	False	2	1	1	39.0	2 ambs.1 baño39 m² cubiertos	Guamini 5600, Villa Lugano, Capital Federal	https://departamento.mercadolibre.com.ar/MLA-2764135826-departamento-en-venta-2-ambientes-en-villa-lugano-_JM#polycard_client=search-desktop&price_drop=not_apply&be_origin=backend&overlay_label=not_apply&search_layout=grid&position=31&type=item&tracking_id=17cf09ed-3ec9-4f40-9324-b12d3afb1ba5&sid=search	villa-lugano	41 m²	39 m²	0	0			Departamento	Frente	2 años	0 ARS	No	No		No	No	No		No	No	No	No	No	No	No		No	No	Sí	No			Oeste																																							
Departamento en venta	Departamento En Venta 2 Ambientes En Villa Lugano	85000	USD	US$85.000	False	2	1	1	39.0	2 ambs.1 baño39 m² cubiertos	Guamini 5600, Villa Lugano, Capital Federal	https://departamento.mercadolibre.com.ar/MLA-2765445540-departamento-en-venta-2-ambientes-en-villa-lugano-_JM#polycard_client=search-desktop&price_drop=not_apply&be_origin=backend&overlay_label=not_apply&search_layout=grid&position=32&type=item&tracking_id=17cf09ed-3ec9-4f40-9324-b12d3afb1ba5&sid=search	villa-lugano	41 m²	39 m²	0	0			Departamento	Frente	2 años	0 ARS	No	No		No	No	No		No	No	No	No	No	No	No		No	No	Sí	No			Oeste																																							
Departamento en venta	Se Vende Depto 3 Ambientes Sobre Chilavert Casi Guamini Villa Lugano	79999	USD	US$79.999	False	3	2	1	51.0	3 ambs.1 baño51 m² cubiertos	Coronel Martiniano Chilavert 6548, Villa Riachuelo, Cdad. Autónoma De Buenos Aires, Argentina, Villa Lugano, Capital Federal	https://departamento.mercadolibre.com.ar/MLA-2739450948-se-vende-depto-3-ambientes-sobre-chilavert-casi-guamini-villa-lugano-_JM#polycard_client=search-desktop&price_drop=not_apply&be_origin=backend&overlay_label=not_apply&search_layout=grid&position=33&type=item&tracking_id=17cf09ed-3ec9-4f40-9324-b12d3afb1ba5&sid=search	villa-lugano	55,55 m²	51,01 m²	0	0	2	2	Departamento	Contrafrente	40 años	80.000 ARS	No	No				No		No	No	No	No	No	No	No	Sí	Sí	No	No	No	4,54 m²	3	Este			6548																																				
Departamento en venta	Departamento En Venta En Piedrabuena	72000	USD	US$72.000	False	3	2	1	50.0	3 ambs.1 baño50 m² cubiertos	Av. Piedra Buena 4700, C1439GWQ, Villa Lugano, Capital Federal	https://departamento.mercadolibre.com.ar/MLA-3241173244-departamento-en-venta-en-piedrabuena-_JM#polycard_client=search-desktop&price_drop=not_apply&be_origin=backend&overlay_label=not_apply&search_layout=grid&position=34&type=item&tracking_id=17cf09ed-3ec9-4f40-9324-b12d3afb1ba5&sid=search	villa-lugano	50 m²	50 m²	0									Sí					Sí		Sí	Sí			Sí																																																
Departamento en venta	Departamento En Villa Lugano	136000	USD	US$136.000	False	3	2	2	80.0	3 ambs.2 baños80 m² cubiertos	Alberto Demiddi Al 4500, Villa Lugano, Capital Federal	https://departamento.mercadolibre.com.ar/MLA-1617612999-departamento-en-villa-lugano-_JM#polycard_client=search-desktop&price_drop=not_apply&be_origin=backend&overlay_label=not_apply&search_layout=grid&position=35&type=item&tracking_id=17cf09ed-3ec9-4f40-9324-b12d3afb1ba5&sid=search	villa-lugano	80 m²	80 m²	0	0		4	Departamento		7 años	70.000 ARS	No	No		Sí	No	No		No	No	No	No	Sí	Sí	No	Sí	No	No	No	No																																										
Departamento en venta	Venta De Departamento De 3 Ambientes En Lugano	48000	USD	US$48.000	False	3	2	1	55.0	3 ambs.1 baño55 m² cubiertos	Napoleon Uriburu Al 5850. Entre Cafayate Y Soldado De La Frontera, Villa Lugano, Capital Federal	https://departamento.mercadolibre.com.ar/MLA-2660412090-venta-de-departamento-de-3-ambientes-en-lugano-_JM#polycard_client=search-desktop&price_drop=not_apply&be_origin=backend&overlay_label=not_apply&search_layout=grid&position=36&type=item&tracking_id=17cf09ed-3ec9-4f40-9324-b12d3afb1ba5&sid=search	villa-lugano	55 m²	55 m²	0	0	3	7	Departamento	Frente	40 años	50.000 ARS	No	Sí		Sí	No	No	Sí	No	No	Sí	No	No	Sí	No	Sí	Sí	No	No	No		1	Oeste		Sí	1					Sí															Sí			Sí													
Departamento en venta	Depto 2amb C/ Bcón Y Parrilla - Av. Riestra 6200 - Loiacono Propiedades	120000	USD	US$120.000	False	2	1	1	63.0	2 ambs.1 baño63 m² cubiertos	Av. Riestra 6200, Villa Lugano, Capital Federal	https://departamento.mercadolibre.com.ar/MLA-3241210434-depto-2amb-c-bcon-y-parrilla-av-riestra-6200-loiacono-propiedades-_JM#polycard_client=search-desktop&float_highlight=not_apply&price_drop=not_apply&be_origin=backend&overlay_label=not_apply&search_layout=grid&position=37&type=item&tracking_id=17cf09ed-3ec9-4f40-9324-b12d3afb1ba5&sid=search	villa-lugano	63 m²	63 m²	0											Sí	Sí		Sí		Sí	Sí		Sí	Sí						Sí					Sí																					Sí																
Departamento en venta	Depto En Venta De 4amb - 2 De Abril 6800, Esc. 13a - Loiacono Propiedades	40000	USD	US$40.000	False	4	3	1	50.0	4 ambs.1 baño50 m² cubiertos	Pje. 2 De Abril De 1982 6900, Villa Lugano, Capital Federal	https://departamento.mercadolibre.com.ar/MLA-3746067784-depto-en-venta-de-4amb-2-de-abril-6800-esc-13a-loiacono-propiedades-_JM#polycard_client=search-desktop&price_drop=not_apply&be_origin=backend&overlay_label=not_apply&search_layout=grid&position=38&type=item&tracking_id=17cf09ed-3ec9-4f40-9324-b12d3afb1ba5&sid=search	villa-lugano	50 m²	50 m²	0											Sí					Sí	Sí			Sí																																																
Departamento en venta	Oportunidad Única Departamento 3 Ambientes Muy Bueno Ocupación Inmediata - Apto Crédito Bancario Villa Lugano Caba	57900	USD	US$57.900	False	3	2	1	56.0	3 ambs.1 baño56 m² cubiertos	Mozart 2342, Villa Lugano, Capital Federal	https://departamento.mercadolibre.com.ar/MLA-1874860859-oportunidad-unica-departamento-3-ambientes-muy-bueno-ocupacion-inmediata-apto-credito-bancario-villa-lugano-caba-_JM#polycard_client=search-desktop&price_drop=not_apply&be_origin=backend&overlay_label=not_apply&search_layout=grid&position=39&type=item&tracking_id=17cf09ed-3ec9-4f40-9324-b12d3afb1ba5&sid=search	villa-lugano	56 m²	56 m²	0	0	4	3	Departamento	Frente	35 años	94.000 ARS		Sí		Sí	No	No		No	No	No	No	No	No	No	Sí	Sí	Sí	Sí			11	Norte	Sí								Sí			Sí														Sí													
Departamento en venta	Dpto 2amb A Estrenar- Av. Riestra 5800- Loiacono Propiedades	155000	USD	US$155.000	False	2	1	1	73.0	2 ambs.1 baño73 m² cubiertos	Av. Riestra 5800, Villa Lugano, Capital Federal	https://departamento.mercadolibre.com.ar/MLA-3241185510-dpto-2amb-a-estrenar-av-riestra-5800-loiacono-propiedades-_JM#polycard_client=search-desktop&float_highlight=not_apply&price_drop=not_apply&be_origin=backend&overlay_label=not_apply&search_layout=grid&position=40&type=item&tracking_id=17cf09ed-3ec9-4f40-9324-b12d3afb1ba5&sid=search	villa-lugano	86 m²	73 m²	0											Sí			Sí		Sí	Sí		Sí	Sí															Sí	Sí																																
Departamento en venta	Depto A Estrenar En Venta - 3amb C/bcón - Loiacono Propiedades	145000	USD	US$145.000	False	3	2	1	70.0	3 ambs.1 baño70 m² cubiertos	Av. Riestra 5800, Villa Lugano, Capital Federal	https://departamento.mercadolibre.com.ar/MLA-3241210154-depto-a-estrenar-en-venta-3amb-cbcon-loiacono-propiedades-_JM#polycard_client=search-desktop&float_highlight=not_apply&price_drop=not_apply&be_origin=backend&overlay_label=not_apply&search_layout=grid&position=41&type=item&tracking_id=17cf09ed-3ec9-4f40-9324-b12d3afb1ba5&sid=search	villa-lugano	70 m²	70 m²	0											Sí			Sí		Sí	Sí		Sí	Sí															Sí																																	
Departamento en venta	Deptos A Estrenar En Venta - 1, Y 2 Ambientes - Piedrabuena 4700 - Loiacono Propiedades	77000	USD	US$77.000	False	3	2	1	100.0	3 ambs.1 baño100 m² cubiertos	Av. Piedra Buena 4700, C1439GWQ, Villa Lugano, Capital Federal	https://departamento.mercadolibre.com.ar/MLA-3241174812-deptos-a-estrenar-en-venta-1-y-2-ambientes-piedrabuena-4700-loiacono-propiedades-_JM#polycard_client=search-desktop&float_highlight=not_apply&price_drop=not_apply&be_origin=backend&overlay_label=not_apply&search_layout=grid&position=42&type=item&tracking_id=17cf09ed-3ec9-4f40-9324-b12d3afb1ba5&sid=search	villa-lugano	100 m²	100 m²	0											Sí									Sí																																																
Departamento en venta	Departamento En Venta En Saraza	70000	USD	US$70.000	False	3	2	1	57.0	3 ambs.1 baño57 m² cubiertos	Saraza 4200, Villa Lugano, Capital Federal	https://departamento.mercadolibre.com.ar/MLA-3241150114-departamento-en-venta-en-saraza-_JM#polycard_client=search-desktop&float_highlight=not_apply&price_drop=not_apply&be_origin=backend&overlay_label=not_apply&search_layout=grid&position=43&type=item&tracking_id=17cf09ed-3ec9-4f40-9324-b12d3afb1ba5&sid=search	villa-lugano	57 m²	57 m²	1											Sí			Sí		Sí	Sí		Sí	Sí						Sí					Sí																																					
Departamento en venta	Venta Departamento De 3 Ambientes, Villa Lugano	70000	USD	US$70.000	False	3	2	1	50.0	3 ambs.1 baño50 m² cubiertos	Gral. Fructuoso Rivera 6422, Cdad. Autónoma De Buenos Aires, Argentina, Villa Lugano, Capital Federal	https://departamento.mercadolibre.com.ar/MLA-1649228247-venta-departamento-de-3-ambientes-villa-lugano-_JM#polycard_client=search-desktop&price_drop=not_apply&be_origin=backend&overlay_label=not_apply&search_layout=grid&position=44&type=item&tracking_id=17cf09ed-3ec9-4f40-9324-b12d3afb1ba5&sid=search	villa-lugano	57 m²	50 m²	0				Departamento		10 años	120.000 ARS	No	Sí				No		No	No	No	No	No	No	No	Sí	Sí	No	No	No			Este	Sí																																						
Departamento en venta	Departamento En Venta En Villa Lugano	47000	USD	US$47.000	False	2	1	1	38.0	2 ambs.1 baño38 m² cubiertos	Miralla 2500, Villa Lugano, Capital Federal	https://departamento.mercadolibre.com.ar/MLA-2747715174-departamento-en-venta-en-villa-lugano-_JM#polycard_client=search-desktop&price_drop=not_apply&be_origin=backend&overlay_label=not_apply&search_layout=grid&position=45&type=item&tracking_id=17cf09ed-3ec9-4f40-9324-b12d3afb1ba5&sid=search	villa-lugano	51 m²	38 m²	0	0	1	1	Ph	Frente	50 años		Sí	Sí		No	No	No		No	Sí	Sí	No	No	Sí	No	Sí	Sí	No	No	No			Oeste	Sí	Sí							Sí							Sí																							
Departamento en venta	Departamento En Venta En Villa Lugano	350000	USD	US$350.000	False	3	2	2	89.0	3 ambs.2 baños89 m² cubiertos	Cafayate 4300, Villa Lugano, Capital Federal	https://departamento.mercadolibre.com.ar/MLA-3241186992-departamento-en-venta-en-villa-lugano-_JM#polycard_client=search-desktop&float_highlight=not_apply&price_drop=not_apply&be_origin=backend&overlay_label=not_apply&search_layout=grid&position=46&type=item&tracking_id=17cf09ed-3ec9-4f40-9324-b12d3afb1ba5&sid=search	villa-lugano	142 m²	89 m²	0									Sí		Sí				Sí	Sí	Sí		Sí	Sí	Sí					Sí																		Sí		Sí						Sí			Sí													
Departamento en venta	Departamento En Venta En Villa Lugano	80000	USD	US$80.000	False	1	0	1	32.0	1 amb.1 baño32 m² cubiertos	Av. Riestra 5800, Villa Lugano, Capital Federal	https://departamento.mercadolibre.com.ar/MLA-3241151358-departamento-en-venta-en-villa-lugano-_JM#polycard_client=search-desktop&float_highlight=not_apply&price_drop=not_apply&be_origin=backend&overlay_label=not_apply&search_layout=grid&position=47&type=item&tracking_id=17cf09ed-3ec9-4f40-9324-b12d3afb1ba5&sid=search	villa-lugano	37 m²	32 m²	0											Sí			Sí			Sí		Sí	Sí															Sí	Sí																									Sí							
Departamento en venta	Departamento En Venta En Av. Riestra	70000	USD	US$70.000	False	1	0	1	32.0	1 amb.1 baño32 m² cubiertos	Av. Riestra 5800, Villa Lugano, Capital Federal	https://departamento.mercadolibre.com.ar/MLA-3241211790-departamento-en-venta-en-av-riestra-_JM#polycard_client=search-desktop&float_highlight=not_apply&price_drop=not_apply&be_origin=backend&overlay_label=not_apply&search_layout=grid&position=48&type=item&tracking_id=17cf09ed-3ec9-4f40-9324-b12d3afb1ba5&sid=search	villa-lugano	32 m²	32 m²	0											Sí								Sí																Sí	Sí																									Sí							
Departamento en venta	Departamento En Venta En Villa Lugano	35000	USD	US$35.000	False	4	3	1	92.0	4 ambs.1 baño92 m² cubiertos	Barrio Piedrabuena, Villa Lugano, Capital Federal	https://departamento.mercadolibre.com.ar/MLA-1646901811-departamento-en-venta-en-villa-lugano-_JM#polycard_client=search-desktop&float_highlight=not_apply&price_drop=not_apply&be_origin=backend&overlay_label=not_apply&search_layout=grid&position=1&type=item&tracking_id=0408ed33-0526-4158-ac31-a7206ce62ada&sid=search	villa-lugano	92 m²	92 m²	0	0	3	2	Departamento	Interno	59 años		No	Sí		No	No	No	Sí	No	Sí	Sí	No	No	Sí	No	Sí	Sí	No	No	No		8	Sur	Sí		22						Sí				24 horas													Sí													
Departamento en venta	Departamento 4 Ambientes En Venta, Lugano 1 Y 2	50000	USD	US$50.000	False	4	3	1	57.0	4 ambs.1 baño57 m² cubiertos	Avenida Soldado De La Frontera 5000, Villa Lugano, Capital Federal	https://departamento.mercadolibre.com.ar/MLA-3809030082-departamento-4-ambientes-en-venta-lugano-1-y-2-_JM#polycard_client=search-desktop&float_highlight=recent_publication&price_drop=not_apply&be_origin=backend&overlay_label=not_apply&search_layout=grid&position=2&type=item&tracking_id=0408ed33-0526-4158-ac31-a7206ce62ada&sid=search	villa-lugano	57 m²	57 m²	0	0	99	1	Departamento	Frente	55 años	105.000 ARS	No	Sí		No	Sí			No	Sí	No		No	No			No	No	No	No		13	Norte																										Sí													
Departamento en venta	Venta Departamento 4 Ambientes B°samore V. Lugano	65500	USD	US$65.500	False	4	3	1	79.0	4 ambs.1 baño79 m² cubiertos	Avenida Castañares 4800, Villa Lugano, Capital Federal	https://departamento.mercadolibre.com.ar/MLA-1960841809-venta-departamento-4-ambientes-bsamore-v-lugano-_JM#polycard_client=search-desktop&price_drop=not_apply&be_origin=backend&overlay_label=not_apply&search_layout=grid&position=3&type=item&tracking_id=0408ed33-0526-4158-ac31-a7206ce62ada&sid=search	villa-lugano	83 m²	79 m²	0	0	99	7	Departamento	Frente	30 años	50.000 ARS	No	Sí		No				No		No		Sí	Sí			No	No	No	No	4 m²	9	Norte		Sí																																					
Departamento en venta	Venta Departamento 3 Amb Con Patio- Villa Lugano	149900	USD	US$149.900	False	3	2	2	82.0	3 ambs.2 baños82 m² cubiertos	Timoteo Gordillo 5100, Villa Lugano, Capital Federal	https://departamento.mercadolibre.com.ar/MLA-1949501729-venta-departamento-3-amb-con-patio-villa-lugano-_JM#polycard_client=search-desktop&price_drop=not_apply&be_origin=backend&overlay_label=not_apply&search_layout=grid&position=4&type=item&tracking_id=0408ed33-0526-4158-ac31-a7206ce62ada&sid=search	villa-lugano	115 m²	82,26 m²	1	0			Departamento	Frente	11 años	0 ARS	No	Sí		No	No	No		Sí	Sí	No	No	No	Sí	No	Sí	Sí	Sí	Sí	No				Sí	Sí						Sí					24 horas			Sí							Sí																
Departamento en venta	Departamento 3 Ambientes Lugano Centro	79800	USD	US$79.800	False	3	2	1	57.0	3 ambs.1 baño57 m² cubiertos	Somellera 5641, Villa Lugano, Capital Federal	https://departamento.mercadolibre.com.ar/MLA-1949461533-departamento-3-ambientes-lugano-centro-_JM#polycard_client=search-desktop&price_drop=not_apply&be_origin=backend&overlay_label=not_apply&search_layout=grid&position=5&type=item&tracking_id=0408ed33-0526-4158-ac31-a7206ce62ada&sid=search	villa-lugano	105 m²	57 m²	0	0		1	Departamento	Frente	56 años	0 ARS	Sí	Sí		No	No	No		Sí	No	No	No	No	Sí	No	Sí	Sí	Sí	Sí	No		2		Sí	Sí											24 horas			Sí																							
Departamento en venta	Venta Departamento Con Balcón Súper Luminoso	66900	USD	US$66.900	False	4	3	1	77.0	4 ambs.1 baño77 m² cubiertos	CASTAÑARES 4595, Villa Lugano, Capital Federal	https://departamento.mercadolibre.com.ar/MLA-3727549444-venta-departamento-con-balcon-super-luminoso-_JM#polycard_client=search-desktop&price_drop=not_apply&be_origin=backend&overlay_label=not_apply&search_layout=grid&position=6&type=item&tracking_id=0408ed33-0526-4158-ac31-a7206ce62ada&sid=search	villa-lugano	81,36 m²	77,5 m²	0	0		5	Departamento	Frente	32 años	80.000 ARS	Sí	Sí		Sí	No	No		No	No	No	No	Sí	Sí	No	Sí	Sí	No	No	No		9		Sí	Sí						Sí	Sí				24 horas				Sí																						
Departamento en venta	Ph En Venta 3 Ambientes Villa Riachuelo	50000	USD	US$50.000	False	3	2	1	48.0	3 ambs.1 baño48 m² cubiertos	Avenida Lisandro De La Torre 5200, Villa Lugano, Capital Federal	https://departamento.mercadolibre.com.ar/MLA-1946159059-ph-en-venta-3-ambientes-villa-riachuelo-_JM#polycard_client=search-desktop&price_drop=not_apply&be_origin=backend&overlay_label=not_apply&search_layout=grid&position=7&type=item&tracking_id=0408ed33-0526-4158-ac31-a7206ce62ada&sid=search	villa-lugano	81 m²	48 m²	1	0	99		Departamento	Frente	57 años	0 ARS	No	No		No				Sí	Sí	No		No	Sí			No	No	No	No		1	Norte		Sí														Sí			Sí																				
Departamento en venta	Departamento 3 Ambientes A Estrenar, Villa Lugano	199000	USD	US$199.000	False	3	2	2	116.0	3 ambs.2 baños116 m² cubiertos	Avenida Riestra 6200, Villa Lugano, Capital Federal	https://departamento.mercadolibre.com.ar/MLA-1946159045-departamento-3-ambientes-a-estrenar-villa-lugano-_JM#polycard_client=search-desktop&price_drop=not_apply&be_origin=backend&overlay_label=not_apply&search_layout=grid&position=8&type=item&tracking_id=0408ed33-0526-4158-ac31-a7206ce62ada&sid=search	villa-lugano	144 m²	116 m²	0	1	99	8	Departamento	Frente	2 años	170.000 ARS	Sí	No		No				No		Sí		Sí	Sí			Sí	No	No	No		9	Norte	Sí	Sí						Sí							Sí																								
Departamento en venta	Venta Departamento 3amb Parque Avellaneda	85000	USD	US$85.000	False	3	2	1	59.0	3 ambs.1 baño59 m² cubiertos	Saraza 4200, Villa Lugano, Capital Federal	https://departamento.mercadolibre.com.ar/MLA-1946159037-venta-departamento-3amb-parque-avellaneda-_JM#polycard_client=search-desktop&price_drop=not_apply&be_origin=backend&overlay_label=not_apply&search_layout=grid&position=9&type=item&tracking_id=0408ed33-0526-4158-ac31-a7206ce62ada&sid=search	villa-lugano	62 m²	59 m²	1	0	99	5	Departamento	Frente	26 años	65.000 ARS	Sí	No	Sí	No		Sí		No		Sí		Sí	Sí			No	No	No	No	3 m²	9	Norte																										Sí			Sí										
Departamento en venta	Departamento Monoambiente A Estrenar	67900	USD	US$67.900	False	1	1	1	36.0	1 amb.1 baño36 m² cubiertos	Avenida Riestra 6200, Villa Lugano, Capital Federal	https://departamento.mercadolibre.com.ar/MLA-1946159023-departamento-monoambiente-a-estrenar-_JM#polycard_client=search-desktop&price_drop=not_apply&be_origin=backend&overlay_label=not_apply&search_layout=grid&position=10&type=item&tracking_id=0408ed33-0526-4158-ac31-a7206ce62ada&sid=search	villa-lugano	41 m²	36 m²	0	0	99	7	Departamento	Frente	2 años	90.000 ARS	No	No		No				No		No		Sí	Sí			No	No	No	No		9	Norte																																							
Departamento en venta	Venta Departamento Villa Lugano	66000	USD	US$66.000	False	2	1	1	41.0	2 ambs.1 baño41 m² cubiertos	Montiel 5300, Villa Lugano, Capital Federal	https://departamento.mercadolibre.com.ar/MLA-1946232915-venta-departamento-villa-lugano-_JM#polycard_client=search-desktop&price_drop=not_apply&be_origin=backend&overlay_label=not_apply&search_layout=grid&position=11&type=item&tracking_id=0408ed33-0526-4158-ac31-a7206ce62ada&sid=search	villa-lugano	41 m²	41 m²	0	0	99	2	Departamento	Frente	41 años	20.000 ARS	No	No		No				No		Sí		No	Sí			No	No	No	No		2	Norte																																							
Departamento en venta	Venta 2 Ambientes En Piedrabuena	34000	USD	US$34.000	False	2	1	1	36.0	2 ambs.1 baño36 m² cubiertos	Pasaje Goleta Santa Cruz 6500, Villa Lugano, Capital Federal	https://departamento.mercadolibre.com.ar/MLA-1946232911-venta-2-ambientes-en-piedrabuena-_JM#polycard_client=search-desktop&price_drop=not_apply&be_origin=backend&overlay_label=not_apply&search_layout=grid&position=12&type=item&tracking_id=0408ed33-0526-4158-ac31-a7206ce62ada&sid=search	villa-lugano	36 m²	36 m²	0	0	99	3	Departamento	Frente	41 años	100.000 ARS	No	Sí		No			Sí	No		Sí		No	Sí			No	No	No	No		3	Norte																																							
Departamento en venta	Departamento En Venta 3 Ambientes Barrio Samore	87000	USD	US$87.000	False	3	2	1	56.0	3 ambs.1 baño56 m² cubiertos	Avenida Castañares 4700, Villa Lugano, Capital Federal	https://departamento.mercadolibre.com.ar/MLA-1946232873-departamento-en-venta-3-ambientes-barrio-samore-_JM#polycard_client=search-desktop&price_drop=not_apply&be_origin=backend&overlay_label=not_apply&search_layout=grid&position=13&type=item&tracking_id=0408ed33-0526-4158-ac31-a7206ce62ada&sid=search	villa-lugano	83 m²	56 m²	0	0	99		Departamento	Frente	37 años	100.000 ARS	Sí	No	Sí	Sí			Sí	No	Sí	No		No	Sí		Sí	Sí	No	No	No		9	Norte	Sí	Sí																																					
Departamento en venta	Venta Departamento 3 Amb. Lugano 1 Y 2 Torre 4	64000	USD	US$64.000	False	3	2	1	55.0	3 ambs.1 baño55 m² cubiertos	Cafayate 5000, Villa Lugano, Capital Federal	https://departamento.mercadolibre.com.ar/MLA-1946232863-venta-departamento-3-amb-lugano-1-y-2-torre-4-_JM#polycard_client=search-desktop&price_drop=not_apply&be_origin=backend&overlay_label=not_apply&search_layout=grid&position=14&type=item&tracking_id=0408ed33-0526-4158-ac31-a7206ce62ada&sid=search	villa-lugano	60 m²	55 m²	1	0	99	9	Departamento	Contrafrente	40 años	90.000 ARS	No	Sí	Sí	Sí	Sí		Sí	No	Sí	No		Sí	Sí			Sí	Sí	Sí	No	5 m²	22	Norte		Sí																																					
Departamento en venta	Departamento 5 Ambientes En El Barrio Piedrabuena	44000	USD	US$44.000	False	5	4	1	95.0	5 ambs.1 baño95 m² cubiertos	Montiel 3900, Villa Lugano, Capital Federal	https://departamento.mercadolibre.com.ar/MLA-1946232857-departamento-5-ambientes-en-el-barrio-piedrabuena-_JM#polycard_client=search-desktop&price_drop=not_apply&be_origin=backend&overlay_label=not_apply&search_layout=grid&position=15&type=item&tracking_id=0408ed33-0526-4158-ac31-a7206ce62ada&sid=search	villa-lugano	95 m²	95 m²	0	0	99	6	Departamento	Frente	53 años	30.000 ARS	No	No		No				No		Sí		No	Sí			No	No	No	No		12	Norte								Sí																															
Departamento en venta	Departamento Monoambiente Villa Lugano	68900	USD	US$68.900	False	1	1	1	34.0	1 amb.1 baño34 m² cubiertos	Avenida Riestra 6600, Villa Lugano, Capital Federal	https://departamento.mercadolibre.com.ar/MLA-1946333001-departamento-monoambiente-villa-lugano-_JM#polycard_client=search-desktop&price_drop=not_apply&be_origin=backend&overlay_label=not_apply&search_layout=grid&position=16&type=item&tracking_id=0408ed33-0526-4158-ac31-a7206ce62ada&sid=search	villa-lugano	36 m²	34 m²	0	0	99	8	Departamento	Frente	2 años	0 ARS	No	No		No				No		No		Sí	Sí			No	No	No	No	2 m²	9	Norte																																							
Departamento en venta	Departamento 5 Ambientes En Venta	49500	USD	US$49.500	False	5	4	2	100.0	5 ambs.2 baños100 m² cubiertos	Goleta Santa Cruz 6800, Villa Lugano, Capital Federal	https://departamento.mercadolibre.com.ar/MLA-1946332985-departamento-5-ambientes-en-venta-_JM#polycard_client=search-desktop&price_drop=not_apply&be_origin=backend&overlay_label=not_apply&search_layout=grid&position=17&type=item&tracking_id=0408ed33-0526-4158-ac31-a7206ce62ada&sid=search	villa-lugano	100 m²	100 m²	0	0	99	1	Departamento	Frente	53 años	30.000 ARS	No	Sí		No			Sí	No		No		No	Sí			No	No	No	No		12	Norte																																							
Departamento en venta	Departamento Dos Ambientes Con Balcon	99000	USD	US$99.000	False	2	1	1	58.0	2 ambs.1 baño58 m² cubiertos	Avenida Riestra 6200, Villa Lugano, Capital Federal	https://departamento.mercadolibre.com.ar/MLA-1946332983-departamento-dos-ambientes-con-balcon-_JM#polycard_client=search-desktop&price_drop=not_apply&be_origin=backend&overlay_label=not_apply&search_layout=grid&position=18&type=item&tracking_id=0408ed33-0526-4158-ac31-a7206ce62ada&sid=search	villa-lugano	63 m²	58 m²	0	0	99	7	Departamento	Frente	2 años	80.000 ARS	No	No		No				No		Sí		Sí	No			No	No	No	No	4,8 m²	8	Norte		Sí																																					
Departamento en venta	Venta Departamento 6 Ambientes B°piedrabuena	45000	USD	US$45.000	False	6	5	2	70.0	6 ambs.2 baños70 m² cubiertos	Montiel 4000, Villa Lugano, Capital Federal	https://departamento.mercadolibre.com.ar/MLA-1946332945-venta-departamento-6-ambientes-bpiedrabuena-_JM#polycard_client=search-desktop&price_drop=not_apply&be_origin=backend&overlay_label=not_apply&search_layout=grid&position=19&type=item&tracking_id=0408ed33-0526-4158-ac31-a7206ce62ada&sid=search	villa-lugano	70 m²	70 m²	0	0	99	5	Departamento	Frente	42 años	30.000 ARS	Sí	Sí		Sí				No		Sí		No	Sí			Sí	No	Sí	No		9	Oeste																Sí																							
Departamento en venta	Departamento Tres Ambientes A Estrenar	139000	USD	US$139.000	False	3	2	1	72.0	3 ambs.1 baño72 m² cubiertos	Avenida Riestra 6200, Villa Lugano, Capital Federal	https://departamento.mercadolibre.com.ar/MLA-1946332933-departamento-tres-ambientes-a-estrenar-_JM#polycard_client=search-desktop&price_drop=not_apply&be_origin=backend&overlay_label=not_apply&search_layout=grid&position=20&type=item&tracking_id=0408ed33-0526-4158-ac31-a7206ce62ada&sid=search	villa-lugano	76 m²	72 m²	0	0	99	7	Departamento	Frente	2 años	150.000 ARS	No	No		No				No		No		Sí	Sí			No	No	No	No		9	Norte								Sí																															
Departamento en venta	Departamento 3 Amb Frente - Barrio Mascias -	65000	USD	US$65.000	False	3	2	1	50.0	3 ambs.1 baño50 m² cubiertos	Avenida General Francisco Fernández De La Cruz 6000, Villa Lugano, Capital Federal	https://departamento.mercadolibre.com.ar/MLA-1946332913-departamento-3-amb-frente-barrio-mascias--_JM#polycard_client=search-desktop&price_drop=not_apply&be_origin=backend&overlay_label=not_apply&search_layout=grid&position=21&type=item&tracking_id=0408ed33-0526-4158-ac31-a7206ce62ada&sid=search	villa-lugano	52 m²	50 m²	0	0	99	1	Departamento	Frente	35 años	105.000 ARS	No	No		No				No	Sí	No		Sí	Sí			Sí	No	No	No	2 m²	4	Este																	Sí	Sí								Sí													
Departamento en venta	Departamento 3 Ambientes En Lugano 1 Y 2	44000	USD	US$44.000	False	3	2	1	49.0	3 ambs.1 baño49 m² cubiertos	General Napoleón Uriburu 5700, Villa Lugano, Capital Federal	https://departamento.mercadolibre.com.ar/MLA-1946332931-departamento-3-ambientes-en-lugano-1-y-2-_JM#polycard_client=search-desktop&price_drop=not_apply&be_origin=backend&overlay_label=not_apply&search_layout=grid&position=22&type=item&tracking_id=0408ed33-0526-4158-ac31-a7206ce62ada&sid=search	villa-lugano	49 m²	49 m²	0	0	99	14	Departamento	Frente	40 años	60.000 ARS	No	Sí		No			Sí	No	Sí	No		No	Sí			No	No	No	No		14	Norte																										Sí													
Departamento en venta	Depto 5 Ambientes En Venta,barrio Piedrabuena	49000	USD	US$49.000	False	5	4	2	93.0	5 ambs.2 baños93 m² cubiertos	Pasaje 2 De Abril De 1982 6400, Villa Lugano, Capital Federal	https://departamento.mercadolibre.com.ar/MLA-1946332967-depto-5-ambientes-en-ventabarrio-piedrabuena-_JM#polycard_client=search-desktop&price_drop=not_apply&be_origin=backend&overlay_label=not_apply&search_layout=grid&position=23&type=item&tracking_id=0408ed33-0526-4158-ac31-a7206ce62ada&sid=search	villa-lugano	93 m²	93 m²	1	0	99	2	Penthhouse	Frente	37 años	0 ARS	No	No		No				No		Sí		No	Sí		Sí	Sí	No	No	No		3	Norte																							Sí																
Departamento en venta	Departamento En Venta 3 Ambientes Lugano 1 Y 2	3800036000	USD	US$38.000US$36.000 BAJÓ DE PRECIO	False	3	2	1	50.0	3 ambs.1 baño50 m² cubiertos	General Conrado Villegas 5400, Villa Lugano, Capital Federal	https://departamento.mercadolibre.com.ar/MLA-1946159021-departamento-en-venta-3-ambientes-lugano-1-y-2-_JM#polycard_client=search-desktop&price_drop=true&be_origin=backend&overlay_label=not_apply&search_layout=grid&position=24&type=item&tracking_id=0408ed33-0526-4158-ac31-a7206ce62ada&sid=search	villa-lugano	50 m²	50 m²	0	0	99	3	Departamento	Frente	49 años	120.000 ARS	No	Sí		No				No		No		No	Sí		Sí	Sí	No	No	No		22	Norte																																							
Departamento en venta	Depto A Estrenar En Venta - 3amb C/bcón - Av. Riestra 5800 - Loiacono Propiedades	160000	USD	US$160.000	False	3	2	2	67.0	3 ambs.2 baños67 m² cubiertos	Av. Riestra 5800, Villa Lugano, Capital Federal	https://departamento.mercadolibre.com.ar/MLA-3241149830-depto-a-estrenar-en-venta-3amb-cbcon-av-riestra-5800-loiacono-propiedades-_JM#polycard_client=search-desktop&float_highlight=not_apply&price_drop=not_apply&be_origin=backend&overlay_label=not_apply&search_layout=grid&position=25&type=item&tracking_id=0408ed33-0526-4158-ac31-a7206ce62ada&sid=search	villa-lugano	71 m²	67 m²	0											Sí			Sí		Sí	Sí		Sí	Sí																	Sí																															
Departamento en venta	Depto A Estrenar C/bcón En Venta - 2amb - Av. Riestra 5800 - Loiacono Propiedades	110000	USD	US$110.000	False	2	1	1	49.0	2 ambs.1 baño49 m² cubiertos	Av. Riestra 5800, Villa Lugano, Capital Federal	https://departamento.mercadolibre.com.ar/MLA-3241187042-depto-a-estrenar-cbcon-en-venta-2amb-av-riestra-5800-loiacono-propiedades-_JM#polycard_client=search-desktop&float_highlight=not_apply&price_drop=not_apply&be_origin=backend&overlay_label=not_apply&search_layout=grid&position=26&type=item&tracking_id=0408ed33-0526-4158-ac31-a7206ce62ada&sid=search	villa-lugano	51 m²	49 m²	0											Sí			Sí		Sí	Sí		Sí	Sí																																																
Departamento en venta	Depto A Estrenar En Venta - 3amb Con Terraza - Av. Riestra 6200 - Loiacono Propiedades	200000	USD	US$200.000	False	3	2	2	77.0	3 ambs.2 baños77 m² cubiertos	Av. Riestra 6200, Villa Lugano, Capital Federal	https://departamento.mercadolibre.com.ar/MLA-3241187030-depto-a-estrenar-en-venta-3amb-con-terraza-av-riestra-6200-loiacono-propiedades-_JM#polycard_client=search-desktop&float_highlight=not_apply&price_drop=not_apply&be_origin=backend&overlay_label=not_apply&search_layout=grid&position=27&type=item&tracking_id=0408ed33-0526-4158-ac31-a7206ce62ada&sid=search	villa-lugano	116 m²	77 m²	0											Sí			Sí	Sí	Sí	Sí	Sí	Sí	Sí																	Sí						Sí																									
Departamento en venta	Depto A Estrenar 3 Amb En Venta C/bcón - Av. Riestra 6200 - Loiacono Propiedades	140000	USD	US$140.000	False	3	2	2	67.0	3 ambs.2 baños67 m² cubiertos	Av. Riestra 6200, Villa Lugano, Capital Federal	https://departamento.mercadolibre.com.ar/MLA-3241185478-depto-a-estrenar-3-amb-en-venta-cbcon-av-riestra-6200-loiacono-propiedades-_JM#polycard_client=search-desktop&float_highlight=not_apply&price_drop=not_apply&be_origin=backend&overlay_label=not_apply&search_layout=grid&position=28&type=item&tracking_id=0408ed33-0526-4158-ac31-a7206ce62ada&sid=search	villa-lugano	71 m²	67 m²	0											Sí			Sí		Sí	Sí		Sí	Sí																	Sí																															
Departamento en venta	Depto A Estrenar En Venta - Monoambiente - Av. Riestra 6200 - Loiacono Propiedades	69000	USD	US$69.000	False	2	1	1	32.0	2 ambs.1 baño32 m² cubiertos	Av. Riestra 6200, Villa Lugano, Capital Federal	https://departamento.mercadolibre.com.ar/MLA-3241172920-depto-a-estrenar-en-venta-monoambiente-av-riestra-6200-loiacono-propiedades-_JM#polycard_client=search-desktop&float_highlight=not_apply&price_drop=not_apply&be_origin=backend&overlay_label=not_apply&search_layout=grid&position=29&type=item&tracking_id=0408ed33-0526-4158-ac31-a7206ce62ada&sid=search	villa-lugano	36,26 m²	32,11 m²	0											Sí			Sí		Sí			Sí	Sí																																																
Departamento en venta	Departamento A Estrenar En Venta - 2amb- Av. Riestra 6200 - Loiacono Propiedades	120000	USD	US$120.000	False	2	1	1	47.0	2 ambs.1 baño47 m² cubiertos	Av. Riestra 6200, Villa Lugano, Capital Federal	https://departamento.mercadolibre.com.ar/MLA-3241173028-departamento-a-estrenar-en-venta-2amb-av-riestra-6200-loiacono-propiedades-_JM#polycard_client=search-desktop&float_highlight=not_apply&price_drop=not_apply&be_origin=backend&overlay_label=not_apply&search_layout=grid&position=30&type=item&tracking_id=0408ed33-0526-4158-ac31-a7206ce62ada&sid=search	villa-lugano	59,74 m²	47,34 m²	0											Sí			Sí	Sí	Sí	Sí		Sí	Sí																																Sí																
Departamento en venta	Departamento En Venta En Villa Lugano	120000	USD	US$120.000	False	2	1	1	58.0	2 ambs.1 baño58 m² cubiertos	Av. Riestra 6200, Villa Lugano, Capital Federal	https://departamento.mercadolibre.com.ar/MLA-3241151610-departamento-en-venta-en-villa-lugano-_JM#polycard_client=search-desktop&float_highlight=not_apply&price_drop=not_apply&be_origin=backend&overlay_label=not_apply&search_layout=grid&position=31&type=item&tracking_id=0408ed33-0526-4158-ac31-a7206ce62ada&sid=search	villa-lugano	62,94 m²	58,14 m²	0									Sí		Sí			Sí	Sí	Sí	Sí		Sí	Sí						Sí					Sí																					Sí																
Departamento en venta	Depto A Estrenar 2amb C/bcón - Av. Riestra 6200 - Loiacono Propiedades	100000	USD	US$100.000	False	2	1	1	45.0	2 ambs.1 baño45 m² cubiertos	Av. Riestra 6200, Villa Lugano, Capital Federal	https://departamento.mercadolibre.com.ar/MLA-3241173006-depto-a-estrenar-2amb-cbcon-av-riestra-6200-loiacono-propiedades-_JM#polycard_client=search-desktop&float_highlight=not_apply&price_drop=not_apply&be_origin=backend&overlay_label=not_apply&search_layout=grid&position=32&type=item&tracking_id=0408ed33-0526-4158-ac31-a7206ce62ada&sid=search	villa-lugano	50,93 m²	45,98 m²	0											Sí			Sí	Sí	Sí	Sí		Sí	Sí																																																
Departamento en venta	Departamento En Venta 3 Ambientes	43000	USD	US$43.000	False	3	2	1	53.0	3 ambs.1 baño53 m² cubiertos	Comodoro Ceferino Ramirez Al 5500, Villa Lugano, Capital Federal	https://departamento.mercadolibre.com.ar/MLA-3678284138-departamento-en-venta-3-ambientes-_JM#polycard_client=search-desktop&price_drop=not_apply&be_origin=backend&overlay_label=not_apply&search_layout=grid&position=33&type=item&tracking_id=0408ed33-0526-4158-ac31-a7206ce62ada&sid=search	villa-lugano	53 m²	53 m²	0	0	4		Departamento	Frente	53 años	100.000 ARS	No	Sí		Sí	No	No		No	No	No	No	No	Sí	No	Sí	Sí	No	No	No			Sur																																							
Departamento en venta	Departamento En Venta 3 Ambientes	43000	USD	US$43.000	False	3	2	1	53.0	3 ambs.1 baño53 m² cubiertos	Comodoro Ceferino Ramirez Al 5500, Villa Lugano, Capital Federal	https://departamento.mercadolibre.com.ar/MLA-3678283922-departamento-en-venta-3-ambientes-_JM#polycard_client=search-desktop&price_drop=not_apply&be_origin=backend&overlay_label=not_apply&search_layout=grid&position=34&type=item&tracking_id=0408ed33-0526-4158-ac31-a7206ce62ada&sid=search	villa-lugano	53 m²	53 m²	0	0	4		Departamento	Frente	53 años	100.000 ARS	No	Sí		Sí	No	No		No	No	No	No	No	Sí	No	Sí	Sí	No	No	No			Sur																																							
Departamento en venta	Departamento Apto Credito - Con Balcon	76000	USD	US$76.000	False	5	3	2	75.0	5 ambs.2 baños75 m² cubiertos	Au Luis Dellepiane 4700, Villa Lugano, Capital Federal	https://departamento.mercadolibre.com.ar/MLA-1910910717-departamento-apto-credito-con-balcon-_JM#polycard_client=search-desktop&price_drop=not_apply&be_origin=backend&overlay_label=not_apply&search_layout=grid&position=35&type=item&tracking_id=0408ed33-0526-4158-ac31-a7206ce62ada&sid=search	villa-lugano	79 m²	75 m²	0	0	4	7	Departamento	Lateral	45 años	170.000 ARS	Sí	No		Sí	No	No		No	No	No	No	Sí	Sí	No	Sí	Sí	No	Sí	No	4 m²	9	Este	Sí														Sí																								
Departamento en venta	Departamento De 59 M² 3 Ambientes Muy Luminoso Con Balcon	64900	USD	US$64.900	False	3	2	1	55.0	3 ambs.1 baño55 m² cubiertos	Avenida Escalada 2700, Villa Lugano, Capital Federal	https://departamento.mercadolibre.com.ar/MLA-1856311791-departamento-de-59-m-3-ambientes-muy-luminoso-con-balcon-_JM#polycard_client=search-desktop&price_drop=not_apply&be_origin=backend&overlay_label=not_apply&search_layout=grid&position=36&type=item&tracking_id=0408ed33-0526-4158-ac31-a7206ce62ada&sid=search	villa-lugano	59 m²	55 m²	0	0			Departamento	Frente	40 años	119.000 ARS	Sí	No		No	Sí	No		No	No	No	No	Sí	Sí	No		No	Sí	No	Sí					Sí													Sí		Sí																						
Departamento en venta	Departamento En Venta 3 Ambientes Villa Lugano Apto Credito	59500	USD	US$59.500	False	3	2	1	56.0	3 ambs.1 baño56 m² cubiertos	Saraza Al 4200, Villa Lugano, Capital Federal	https://departamento.mercadolibre.com.ar/MLA-1846232151-departamento-en-venta-3-ambientes-villa-lugano-apto-credito-_JM#polycard_client=search-desktop&price_drop=not_apply&be_origin=backend&overlay_label=not_apply&search_layout=grid&position=37&type=item&tracking_id=0408ed33-0526-4158-ac31-a7206ce62ada&sid=search	villa-lugano	56 m²	56 m²	0	0		1	Departamento	Frente	11 años	0 ARS	No	Sí		Sí	No	No		No	No	Sí	No	Sí	Sí	No	Sí	Sí	Sí	No	No	3 m²		Oeste																																							
Departamento en venta	Departamento 2 Ambientes Planta Baja - C/patio - Lugano	90000	USD	US$90.000	False	2	1	1	42.0	2 ambs.1 baño42 m² cubiertos	C. Jose Pablo Torcuato Batlle Y Ordoñez 6347, Villa Lugano, Capital Federal	https://departamento.mercadolibre.com.ar/MLA-3435848476-departamento-2-ambientes-planta-baja-cpatio-lugano-_JM#polycard_client=search-desktop&price_drop=not_apply&be_origin=backend&overlay_label=not_apply&search_layout=grid&position=38&type=item&tracking_id=0408ed33-0526-4158-ac31-a7206ce62ada&sid=search	villa-lugano	46 m²	42 m²	0	0	5		Departamento	Interno	6 años	30.000 ARS	No	Sí		No	No	No	Sí	No	Sí	Sí	No	No	Sí	No	Sí	Sí	Sí	No	No		2		Sí								Sí						Sí	Sí		Sí																					
Departamento en venta	Departamento En Venta 3 Amb En Villa Lugano	85000	USD	US$85.000	False	3	2	1	56.0	3 ambs.1 baño56 m² cubiertos	Cañada De Gómez 4883, Villa Lugano, Capital Federal	https://departamento.mercadolibre.com.ar/MLA-1800238239-departamento-en-venta-3-amb-en-villa-lugano-_JM#polycard_client=search-desktop&price_drop=not_apply&be_origin=backend&overlay_label=not_apply&search_layout=grid&position=39&type=item&tracking_id=0408ed33-0526-4158-ac31-a7206ce62ada&sid=search	villa-lugano	60 m²	56 m²	0						2 años										Sí	Sí			Sí																									Sí																							
Departamento en venta	Venta Departamento Semipiso 4 Ambientes Con Parrilla Y Cochera Cubierta	209000	USD	US$209.000	False	4	3	2	96.0	4 ambs.2 baños96 m² cubiertos	Unanué 5800, Villa Lugano, Capital Federal	https://departamento.mercadolibre.com.ar/MLA-1795255791-venta-departamento-semipiso-4-ambientes-con-parrilla-y-cochera-cubierta-_JM#polycard_client=search-desktop&price_drop=not_apply&be_origin=backend&overlay_label=not_apply&search_layout=grid&position=40&type=item&tracking_id=0408ed33-0526-4158-ac31-a7206ce62ada&sid=search	villa-lugano	100 m²	96 m²	1		2		Semi piso	Frente	3 años		Sí	Sí	Sí	Sí			Sí		Sí	Sí	Sí	Sí	Sí			Sí	Sí							Sí												Sí		Sí							Sí																
Departamento en venta	Departamento En Venta En Corvalán 2900 Con Balcón	48000	USD	US$48.000	False	2	1	1	40.0	2 ambs.1 baño40 m² cubiertos	Corvalán 2900, Buenos Aires, Argentina, Villa Lugano, Capital Federal	https://departamento.mercadolibre.com.ar/MLA-3241187144-departamento-en-venta-en-corvalan-2900-con-balcon-_JM#polycard_client=search-desktop&float_highlight=not_apply&price_drop=not_apply&be_origin=backend&overlay_label=not_apply&search_layout=grid&position=41&type=item&tracking_id=0408ed33-0526-4158-ac31-a7206ce62ada&sid=search	villa-lugano	40 m²	40 m²	0											Sí			Sí		Sí	Sí		Sí	Sí						Sí					Sí										Sí																Sí											
Departamento en venta	Departamento En Venta En Av. Dellepiane 4900 Con Balcón	75000	USD	US$75.000	False	4	3	2	68.0	4 ambs.2 baños68 m² cubiertos	Av. Dellepiane 4900, Villa Lugano, Capital Federal	https://departamento.mercadolibre.com.ar/MLA-3241210374-departamento-en-venta-en-av-dellepiane-4900-con-balcon-_JM#polycard_client=search-desktop&float_highlight=not_apply&price_drop=not_apply&be_origin=backend&overlay_label=not_apply&search_layout=grid&position=42&type=item&tracking_id=0408ed33-0526-4158-ac31-a7206ce62ada&sid=search	villa-lugano	68 m²	68 m²	1									No		Sí	No	No	Sí	No	Sí	Sí	No	Sí	Sí	No		No	No	No	Sí					Sí						Sí				Sí														Sí			Sí										
Departamento en venta	Departamento En Venta En Coronel Pedro García Al 5600	48000	USD	US$48.000	False	3	2	1	50.0	3 ambs.1 baño50 m² cubiertos	Coronel Pedro A. García 5660, Capital Federal, Argentina, Villa Lugano, Capital Federal	https://departamento.mercadolibre.com.ar/MLA-3241187134-departamento-en-venta-en-coronel-pedro-garcia-al-5600-_JM#polycard_client=search-desktop&float_highlight=not_apply&price_drop=not_apply&be_origin=backend&overlay_label=not_apply&search_layout=grid&position=43&type=item&tracking_id=0408ed33-0526-4158-ac31-a7206ce62ada&sid=search	villa-lugano	50 m²	50 m²	0										Sí	Sí		Sí	Sí		Sí	Sí			Sí						Sí																													Sí													
Departamento en venta	Departamento En Venta En Barrio Castro	45900	USD	US$45.900	False	3	2	1	50.0	3 ambs.1 baño50 m² cubiertos	Crisóstomo Álvarez 4650, Buenos Aires, Argentina, Villa Lugano, Capital Federal	https://departamento.mercadolibre.com.ar/MLA-3489184244-departamento-en-venta-en-barrio-castro-_JM#polycard_client=search-desktop&price_drop=not_apply&be_origin=backend&overlay_label=not_apply&search_layout=grid&position=44&type=item&tracking_id=0408ed33-0526-4158-ac31-a7206ce62ada&sid=search	villa-lugano	50 m²	50 m²	0										Sí	Sí		Sí	Sí		Sí	Sí			Sí																					Sí					Sí									Sí	Sí	Sí											
Departamento en venta	Departamento En Venta En Dellepiane Sur Con Balcón	58000	USD	US$58.000	False	3	2	1	60.0	3 ambs.1 baño60 m² cubiertos	Dellepiane Sur 4800, Villa Lugano, CABA, Argentina, Villa Lugano, Capital Federal	https://departamento.mercadolibre.com.ar/MLA-3241210394-departamento-en-venta-en-dellepiane-sur-con-balcon-_JM#polycard_client=search-desktop&float_highlight=not_apply&price_drop=not_apply&be_origin=backend&overlay_label=not_apply&search_layout=grid&position=45&type=item&tracking_id=0408ed33-0526-4158-ac31-a7206ce62ada&sid=search	villa-lugano	60 m²	60 m²	0										Sí	Sí					Sí	Sí		Sí	Sí						Sí					Sí																								Sí													
Departamento en venta	Departamento En Venta En M. Guerrico 5400 Con Balcón	49000	USD	US$49.000	False	3	2	1	50.0	3 ambs.1 baño50 m² cubiertos	Contraalmte. Martín Guerrico 5400, Buenos Aires, Argentina, Villa Lugano, Capital Federal	https://departamento.mercadolibre.com.ar/MLA-3241187104-departamento-en-venta-en-m-guerrico-5400-con-balcon-_JM#polycard_client=search-desktop&float_highlight=not_apply&price_drop=not_apply&be_origin=backend&overlay_label=not_apply&search_layout=grid&position=46&type=item&tracking_id=0408ed33-0526-4158-ac31-a7206ce62ada&sid=search	villa-lugano	50 m²	50 m²	0									Sí		Sí			Sí		Sí	Sí		Sí	Sí						Sí					Sí										Sí					Sí						Sí			Sí		Sí											
Departamento en venta	Departamento En Venta En 2 De Abril, B. Piedrabuena	42000	USD	US$42.000	False	4	3	1	65.0	4 ambs.1 baño65 m² cubiertos	2 De Abril De 1982 6451, C1439 CABA, Argentina, Villa Lugano, Capital Federal	https://departamento.mercadolibre.com.ar/MLA-3241150412-departamento-en-venta-en-2-de-abril-b-piedrabuena-_JM#polycard_client=search-desktop&float_highlight=not_apply&price_drop=not_apply&be_origin=backend&overlay_label=not_apply&search_layout=grid&position=47&type=item&tracking_id=0408ed33-0526-4158-ac31-a7206ce62ada&sid=search	villa-lugano	65 m²	65 m²	0									Sí		Sí					Sí	Sí			Sí																					Sí				Sí																							
Departamento en venta	Departamento En Venta. Villa Lugano. 3 Ambientes	115000	USD	US$115.000	False	3	2	1	64.0	3 ambs.1 baño64 m² cubiertos	Sayos 6048, Villa Lugano, Capital Federal	https://departamento.mercadolibre.com.ar/MLA-3127198988-departamento-en-venta-villa-lugano-3-ambientes-_JM#polycard_client=search-desktop&float_highlight=not_apply&price_drop=not_apply&be_origin=backend&overlay_label=not_apply&search_layout=grid&position=48&type=item&tracking_id=0408ed33-0526-4158-ac31-a7206ce62ada&sid=search	villa-lugano	68 m²	64 m²	0	0	3	6	Semi piso	Frente	36 años	87.000 ARS		Sí		Sí	No	No		No	Sí	Sí	No	Sí	Sí	No	Sí	Sí	No	No		6 m²	8	Norte																																							
Departamento en venta	Depto 4 Amb - Av. Escalada Al 4200 - Loiacono Propiedades	95000	USD	US$95.000	False	4	3	1	65.0	4 ambs.1 baño65 m² cubiertos	Av. Escalada 4200, Villa Lugano, Capital Federal	https://departamento.mercadolibre.com.ar/MLA-3241151554-depto-4-amb-av-escalada-al-4200-loiacono-propiedades-_JM#polycard_client=search-desktop&float_highlight=not_apply&price_drop=not_apply&be_origin=backend&overlay_label=not_apply&search_layout=grid&position=1&type=item&tracking_id=b8efa984-0639-47fb-8ef1-0adf44366950&sid=search	villa-lugano	69 m²	65 m²	1									No		Sí	No	No		No	Sí	Sí	No	Sí	Sí	No		No	No	No	Sí					Sí																																					
Departamento en venta	Departamento En Venta En Av. Riestra 5500 Con Cochera	119000	USD	US$119.000	False	3	2	2	55.0	3 ambs.2 baños55 m² cubiertos	Av. Riestra 5500, Villa Lugano, Capital Federal	https://departamento.mercadolibre.com.ar/MLA-3241174702-departamento-en-venta-en-av-riestra-5500-con-cochera-_JM#polycard_client=search-desktop&float_highlight=not_apply&price_drop=not_apply&be_origin=backend&overlay_label=not_apply&search_layout=grid&position=2&type=item&tracking_id=b8efa984-0639-47fb-8ef1-0adf44366950&sid=search	villa-lugano	55 m²	55 m²	1									Sí		No	No	No		No	Sí	Sí	No	Sí	Sí	No		No	No	No	Sí																																										
Departamento en venta	Departamento 3 Amb C/ Patio Planta Baja En Venta - Av. Riestra 5400 - Loiacono Propiedades	115000	USD	US$115.000	False	3	2	1	53.0	3 ambs.1 baño53 m² cubiertos	Av. Riestra 5400, Villa Lugano, Capital Federal	https://departamento.mercadolibre.com.ar/MLA-3241150036-departamento-3-amb-c-patio-planta-baja-en-venta-av-riestra-5400-loiacono-propiedades-_JM#polycard_client=search-desktop&float_highlight=not_apply&price_drop=not_apply&be_origin=backend&overlay_label=not_apply&search_layout=grid&position=3&type=item&tracking_id=b8efa984-0639-47fb-8ef1-0adf44366950&sid=search	villa-lugano	99 m²	53 m²	0									No		No	No	No		No	Sí	Sí	No	No	Sí	No		No	No	No																				Sí																							
Departamento en venta	Depto 4amb En Venta - Soldado De La Frontera Al 5100, Ed. 29 - Loiacono Propiedades	50000	USD	US$50.000	False	4	3	1	52.0	4 ambs.1 baño52 m² cubiertos	Soldado De La Frontera 5100, Villa Lugano, Capital Federal	https://departamento.mercadolibre.com.ar/MLA-3241185654-depto-4amb-en-venta-soldado-de-la-frontera-al-5100-ed-29-loiacono-propiedades-_JM#polycard_client=search-desktop&float_highlight=not_apply&price_drop=not_apply&be_origin=backend&overlay_label=not_apply&search_layout=grid&position=4&type=item&tracking_id=b8efa984-0639-47fb-8ef1-0adf44366950&sid=search	villa-lugano	52 m²	52 m²	0									No		No	No	No	Sí	No	Sí	Sí	No	No	Sí	No		No	No	No																																											
Departamento en venta	Departamento En Venta En Barrio Copello	59000	USD	US$59.000	False	4	3	1	62.0	4 ambs.1 baño62 m² cubiertos	Araujo 2900, Villa Lugano, Capital Federal	https://departamento.mercadolibre.com.ar/MLA-3241173220-departamento-en-venta-en-barrio-copello-_JM#polycard_client=search-desktop&float_highlight=not_apply&price_drop=not_apply&be_origin=backend&overlay_label=not_apply&search_layout=grid&position=5&type=item&tracking_id=b8efa984-0639-47fb-8ef1-0adf44366950&sid=search	villa-lugano	62 m²	62 m²	0									No		No	No	No		No	No	No	No	No	No	No		No	No	No	Sí																													Sí													
Departamento en venta	Departamento En Venta En Albariño Al 3600 Con Terraza	160000	USD	US$160.000	False	4	3	2	120.0	4 ambs.2 baños120 m² cubiertos	Albariño 3600, Villa Lugano, Capital Federal	https://departamento.mercadolibre.com.ar/MLA-3241212014-departamento-en-venta-en-albarino-al-3600-con-terraza-_JM#polycard_client=search-desktop&float_highlight=not_apply&price_drop=not_apply&be_origin=backend&overlay_label=not_apply&search_layout=grid&position=6&type=item&tracking_id=b8efa984-0639-47fb-8ef1-0adf44366950&sid=search	villa-lugano	120 m²	120 m²	0									No		No	No	No	Sí	Sí	Sí	Sí	No	Sí	Sí	No		No	No	No	Sí					Sí																																					
Departamento en venta	Departamento En Venta En Chilavert Al 5500	62000	USD	US$62.000	False	3	2	1	68.0	3 ambs.1 baño68 m² cubiertos	Chilavert 5500, Villa Lugano, Capital Federal	https://departamento.mercadolibre.com.ar/MLA-3241173214-departamento-en-venta-en-chilavert-al-5500-_JM#polycard_client=search-desktop&float_highlight=not_apply&price_drop=not_apply&be_origin=backend&overlay_label=not_apply&search_layout=grid&position=7&type=item&tracking_id=b8efa984-0639-47fb-8ef1-0adf44366950&sid=search	villa-lugano	68 m²	68 m²	0									No		No	No	No		No	No	No	No	No	No	No		No	No	No																																											
Departamento en venta	Departamento En Venta En Villa Lugano	57900	USD	US$57.900	False	3	2	1	55.0	3 ambs.1 baño55 m² cubiertos	Av. Escalada 2789, Villa Lugano, Capital Federal	https://departamento.mercadolibre.com.ar/MLA-2736205144-departamento-en-venta-en-villa-lugano-_JM#polycard_client=search-desktop&price_drop=not_apply&be_origin=backend&overlay_label=not_apply&search_layout=grid&position=8&type=item&tracking_id=b8efa984-0639-47fb-8ef1-0adf44366950&sid=search	villa-lugano	59 m²	55 m²	0		5	9	Departamento	Frente	35 años	2.000 ARS		No		Sí	No	No		No	Sí	Sí	No	Sí	Sí	No	Sí	Sí	No	No			9	Norte																																							
Departamento en venta	Departamento 4 Ambientes En Venta En Lugano 1 Y 2. Posibilidad De Permuta.	50000	USD	US$50.000	False	4	3	1	52.0	4 ambs.1 baño52 m² cubiertos	Cafayate 5290, Villa Lugano, Capital Federal	https://departamento.mercadolibre.com.ar/MLA-3676961842-departamento-4-ambientes-en-venta-en-lugano-1-y-2-posibilidad-de-permuta-_JM#polycard_client=search-desktop&price_drop=not_apply&be_origin=backend&overlay_label=not_apply&search_layout=grid&position=9&type=item&tracking_id=b8efa984-0639-47fb-8ef1-0adf44366950&sid=search	villa-lugano	52 m²	52 m²	0				Departamento							Sí					Sí	Sí			Sí											Sí	1																																				
Departamento en venta	Venta Departamento 2 Ambientes, Impecable. Barrio Copello. V. Lugano	70000	USD	US$70.000	False	2	1	1	30.0	2 ambs.1 baño30 m² cubiertos	Corvalán 2999, Villa Lugano, Capital Federal	https://departamento.mercadolibre.com.ar/MLA-3071227802-venta-departamento-2-ambientes-impecable-barrio-copello-v-lugano-_JM#polycard_client=search-desktop&price_drop=not_apply&be_origin=backend&overlay_label=not_apply&search_layout=grid&position=10&type=item&tracking_id=b8efa984-0639-47fb-8ef1-0adf44366950&sid=search	villa-lugano	30 m²	30 m²	0				Departamento			40.000 ARS																																																													
Departamento en venta	Departamento 3 Ambientes A Estrenar Y Apto Credito	127000	USD	US$127.000	False	3	2	1	65.0	3 ambs.1 baño65 m² cubiertos	Murguiondo 3899, C1439FQS, Villa Lugano, Capital Federal	https://departamento.mercadolibre.com.ar/MLA-1676489069-departamento-3-ambientes-a-estrenar-y-apto-credito-_JM#polycard_client=search-desktop&price_drop=not_apply&be_origin=backend&overlay_label=not_apply&search_layout=grid&position=11&type=item&tracking_id=b8efa984-0639-47fb-8ef1-0adf44366950&sid=search	villa-lugano	71,9 m²	65,3 m²	0	0	3	1	Departamento	Frente	2 años	80.000 ARS	Sí	Sí	Sí	Sí	No	No	Sí	Sí	Sí	Sí	No	Sí	Sí	No	Sí	Sí	Sí	No	Sí	6,6 m²	5	Sur	Sí								Sí									Sí					Sí																
Departamento en venta	Departamento 2 Ambientes - A Estrenar Y Apto Credito	107000	USD	US$107.000	False	2	1	1	53.0	2 ambs.1 baño53 m² cubiertos	Murguiondo 3899, C1439FQS, Villa Lugano, Capital Federal	https://departamento.mercadolibre.com.ar/MLA-1676476219-departamento-2-ambientes-a-estrenar-y-apto-credito-_JM#polycard_client=search-desktop&price_drop=not_apply&be_origin=backend&overlay_label=not_apply&search_layout=grid&position=12&type=item&tracking_id=b8efa984-0639-47fb-8ef1-0adf44366950&sid=search	villa-lugano	60,8 m²	53,5 m²	0	0	3	4	Departamento	Frente	2 años	60.000 ARS	Sí	Sí		Sí	No	No	Sí	Sí	Sí	Sí	Sí	Sí	Sí	No	Sí	Sí	Sí	Sí	Sí	7,3 m²	5	Sur	Sí							Sí	Sí									Sí					Sí																
Departamento en venta	Departamento Monoambiente - A Estrenar Y Apto Credito Hipotecario	84000	USD	US$84.000	False	1	1	1	42.0	1 amb.1 baño42 m² cubiertos	Murguiondo 3899, Villa Lugano, Capital Federal	https://departamento.mercadolibre.com.ar/MLA-1676489077-departamento-monoambiente-a-estrenar-y-apto-credito-hipotecario-_JM#polycard_client=search-desktop&price_drop=not_apply&be_origin=backend&overlay_label=not_apply&search_layout=grid&position=13&type=item&tracking_id=b8efa984-0639-47fb-8ef1-0adf44366950&sid=search	villa-lugano	45,3 m²	42 m²	0	0	3	4	Monoambiente	Frente	2 años	60.000 ARS	Sí	Sí	Sí	Sí	No	No	Sí	Sí	Sí	Sí	No	Sí	Sí	No	Sí	Sí	Sí	No	Sí	3,3 m²	5		Sí								Sí									Sí					Sí																
Departamento en venta	Venta Departamento Villa Lugano	65000	USD	US$65.000	False	4	3	1	66.0	4 ambs.1 baño66 m² cubiertos	Dellepiane Nte. 4861, Villa Lugano, Capital Federal	https://departamento.mercadolibre.com.ar/MLA-3776168336-venta-departamento-villa-lugano-_JM#polycard_client=search-desktop&float_highlight=recent_publication&price_drop=not_apply&be_origin=backend&overlay_label=not_apply&search_layout=grid&position=14&type=item&tracking_id=b8efa984-0639-47fb-8ef1-0adf44366950&sid=search	villa-lugano	69 m²	66 m²	0	0	7	3	Departamento	Frente	40 años	18.000 ARS	Sí	Sí		Sí	No	No	Sí	No	No	No	No	Sí	Sí	No		Sí	No	No	No		12	Este		Sí																																					
Departamento en venta	Se Vende Dpto 3 Amb Lugano I Y Ii Edificio 19	50000	USD	US$50.000	False	3	2	1	50.0	3 ambs.1 baño50 m² cubiertos	CONRADO VILLEGAS 5482, Villa Lugano, Capital Federal	https://departamento.mercadolibre.com.ar/MLA-3739759036-se-vende-dpto-3-amb-lugano-i-y-ii-edificio-19-_JM#polycard_client=search-desktop&price_drop=not_apply&be_origin=backend&overlay_label=not_apply&search_layout=grid&position=15&type=item&tracking_id=b8efa984-0639-47fb-8ef1-0adf44366950&sid=search	villa-lugano	50 m²	50 m²	0		4			Frente	45 años	130.000 ARS		Sí		Sí			Sí		Sí				Sí																										Sí																						
Departamento en venta	Venta Departamento 3 Ambientes Muy Luminoso En Piso 13º En Lugano	46000	USD	US$46.000	False	3	2	1	49.0	3 ambs.1 baño49 m² cubiertos	Napoleón Uriburu Al 5700, Villa Lugano, Capital Federal	https://departamento.mercadolibre.com.ar/MLA-1947769701-venta-departamento-3-ambientes-muy-luminoso-en-piso-13-en-lugano-_JM#polycard_client=search-desktop&price_drop=not_apply&be_origin=backend&overlay_label=not_apply&search_layout=grid&position=16&type=item&tracking_id=b8efa984-0639-47fb-8ef1-0adf44366950&sid=search	villa-lugano	49 m²	49 m²	0	0	2	13	Departamento	Contrafrente	50 años	0 ARS	Sí	No		Sí	No	No		No	No	Sí	No	No	No	No	Sí	Sí	Sí	No	No			Oeste	Sí								Sí														Sí																
Departamento en venta	Venta Departamento 3 Ambientes - V. Lugano	52800	USD	US$52.800	False	3	2	1	56.0	3 ambs.1 baño56 m² cubiertos	Crisóstomo Álvarez 4600, Villa Lugano, Capital Federal	https://departamento.mercadolibre.com.ar/MLA-1946330563-venta-departamento-3-ambientes-v-lugano-_JM#polycard_client=search-desktop&price_drop=not_apply&be_origin=backend&overlay_label=not_apply&search_layout=grid&position=17&type=item&tracking_id=b8efa984-0639-47fb-8ef1-0adf44366950&sid=search	villa-lugano	56 m²	56 m²	0	0	99	8	Departamento	Frente	58 años	133.000 ARS	No	No		No				No		No		No	No			No	No	No	No		9	Norte																		Sí																					
Departamento en venta	Excelente 3 Ambientes Con Balcon En Venta Con Renta En Barrio Olimpico Amplio Y Luminoso	123000	USD	US$123.000	False	3	2	2	90.0	3 ambs.2 baños90 m² totales	Avenida Escalda 4548, Villa Lugano, Capital Federal	https://departamento.mercadolibre.com.ar/MLA-3707334108-excelente-3-ambientes-con-balcon-en-venta-con-renta-en-barrio-olimpico-amplio-y-luminoso-_JM#polycard_client=search-desktop&price_drop=not_apply&be_origin=backend&overlay_label=not_apply&search_layout=grid&position=18&type=item&tracking_id=b8efa984-0639-47fb-8ef1-0adf44366950&sid=search	villa-lugano	90 m²		0	0			Departamento	Contrafrente	7 años	145.000 ARS	Sí	No		Sí	Sí	No		No	No	No	Sí	Sí	Sí	No	Sí	No	Sí	Sí	Sí			Oeste	Sí	Sí							Sí						Sí																								
Departamento en venta	Venta Depto 2 Amb. Barrio Nagera. Edif 1. Mozart 2400. V Lugano. Caba	40000	USD	US$40.000	False	0	1	1	38.0	1 dormitorio1 baño38 m² cubiertos	Villa Lugano, Capital Federal	https://departamento.mercadolibre.com.ar/MLA-1935612357-venta-depto-2-amb-barrio-nagera-edif-1-mozart-2400-v-lugano-caba-_JM#polycard_client=search-desktop&price_drop=not_apply&be_origin=backend&overlay_label=not_apply&search_layout=grid&position=19&type=item&tracking_id=b8efa984-0639-47fb-8ef1-0adf44366950&sid=search	villa-lugano	38 m²	38 m²	0	0		10	Departamento		57 años	0 USD	No																																																												
Departamento en venta	Venta Departamento Villa Lugano	68000	USD	US$68.000	False	3	2	2	55.0	3 ambs.2 baños55 m² cubiertos	Martiniano Leguizamón 3900, Villa Lugano, Capital Federal	https://departamento.mercadolibre.com.ar/MLA-3655903912-venta-departamento-villa-lugano-_JM#polycard_client=search-desktop&price_drop=not_apply&be_origin=backend&overlay_label=not_apply&search_layout=grid&position=20&type=item&tracking_id=b8efa984-0639-47fb-8ef1-0adf44366950&sid=search	villa-lugano	59 m²	55 m²	0	0	2	2	Departamento	Frente	20 años	60.000 ARS	No	Sí		No	No	No	Sí	No	Sí	No	No	Sí	No	No	Sí	Sí	No	No	No		2	Sur		Sí																																					
Departamento en venta	Venta Depto 2 Amb Pailebot Davison 3800. B Piedra Buena. V Lugano Caba	35000	USD	US$35.000	False	0	1	1	38.0	1 dormitorio1 baño38 m² cubiertos	Villa Lugano, Capital Federal	https://departamento.mercadolibre.com.ar/MLA-3642911728-venta-depto-2-amb-pailebot-davison-3800-b-piedra-buena-v-lugano-caba-_JM#polycard_client=search-desktop&price_drop=not_apply&be_origin=backend&overlay_label=not_apply&search_layout=grid&position=21&type=item&tracking_id=b8efa984-0639-47fb-8ef1-0adf44366950&sid=search	villa-lugano	38 m²	38 m²	0	0		2	Departamento		51 años	0 USD	No						Sí		Sí	Sí			Sí			Sí								Sí																																					
Departamento en venta	Se Vende Dpto 3 Ambientes En Barrio Piedrabuena	37000	USD	US$37.000	False	3	2	1	45.0	3 ambs.1 baño45 m² cubiertos	2 DE ABRIL 1982 6700, Villa Lugano, Capital Federal	https://departamento.mercadolibre.com.ar/MLA-3539225606-se-vende-dpto-3-ambientes-en-barrio-piedrabuena-_JM#polycard_client=search-desktop&price_drop=not_apply&be_origin=backend&overlay_label=not_apply&search_layout=grid&position=22&type=item&tracking_id=b8efa984-0639-47fb-8ef1-0adf44366950&sid=search	villa-lugano	51 m²	45 m²	0						48 años	10.000 ARS		Sí							Sí				Sí								3																	Sí																							
Departamento en venta	Venta Departamento 3 Amb. Barrio Samore, Torre 12. Dellepiane 4400	63000	USD	US$63.000	False	0	2	1	65.0	2 dormitorios1 baño65 m² cubiertos	Villa Lugano, Capital Federal	https://departamento.mercadolibre.com.ar/MLA-3523533136-venta-departamento-3-amb-barrio-samore-torre-12-dellepiane-4400-_JM#polycard_client=search-desktop&price_drop=not_apply&be_origin=backend&overlay_label=not_apply&search_layout=grid&position=23&type=item&tracking_id=b8efa984-0639-47fb-8ef1-0adf44366950&sid=search	villa-lugano	65 m²	65 m²	0	0		7	Departamento		38 años	0 USD	No																																																												
Departamento en venta	Departamento 4 Ambientes Barrio Piedrabuena ....reservado.... Villa Lugano Oportunidad Apto Credito	47990	USD	US$47.990	False	4	3	1	65.0	4 ambs.1 baño65 m² cubiertos	Goleta Sta. Cruz 6589, Villa Lugano, Capital Federal	https://departamento.mercadolibre.com.ar/MLA-3506928816-departamento-4-ambientes-barrio-piedrabuena-reservado-villa-lugano-oportunidad-apto-credito-_JM#polycard_client=search-desktop&price_drop=not_apply&be_origin=backend&overlay_label=not_apply&search_layout=grid&position=24&type=item&tracking_id=b8efa984-0639-47fb-8ef1-0adf44366950&sid=search	villa-lugano	65 m²	65 m²	0							100.000 ARS																																																													
Departamento en venta	Depto. 4 Amb. Torre 6 Venta	65000	USD	US$65.000	False	4	3	1	69.0	4 ambs.1 baño69 m² cubiertos	Cnel. Pedro A. García 5874, Villa Lugano, Capital Federal	https://departamento.mercadolibre.com.ar/MLA-1845434497-depto-4-amb-torre-6-venta-_JM#polycard_client=search-desktop&price_drop=not_apply&be_origin=backend&overlay_label=not_apply&search_layout=grid&position=25&type=item&tracking_id=b8efa984-0639-47fb-8ef1-0adf44366950&sid=search	villa-lugano	69 m²	69 m²	0	0	6	14	Departamento	Frente	40 años	140.000 ARS	Sí	Sí	Sí	Sí	No	No	Sí	No	Sí	Sí	No	No	Sí	No	Sí	Sí	No	No	Sí	5 m²	22	Oeste	Sí	Sí	6									Sí														Sí													
Departamento en venta	Cafayate 5000, Caba/ Torre 4/departamento 4 Ambientes / 2 Baños/ Luminoso, 80 M2 / U$s 80.000	80000	USD	US$80.000	False	4	3	2	80.0	4 ambs.2 baños80 m² cubiertos	Cafayate 5000, Villa Lugano, Capital Federal	https://departamento.mercadolibre.com.ar/MLA-3421130904-cafayate-5000-caba-torre-4departamento-4-ambientes-2-banos-luminoso-80-m2-us-80000-_JM#polycard_client=search-desktop&price_drop=not_apply&be_origin=backend&overlay_label=not_apply&search_layout=grid&position=26&type=item&tracking_id=b8efa984-0639-47fb-8ef1-0adf44366950&sid=search	villa-lugano	80 m²	80 m²	0				Departamento	Contrafrente	30 años	100.000 ARS		Sí		Sí					Sí	Sí		Sí	Sí		Sí	Sí							Sí	Sí																																					
Departamento en venta	Depto. 3 Amb Amplio	70000	USD	US$70.000	False	3	2	1	52.0	3 ambs.1 baño52 m² cubiertos	Madariaga 6517, Villa Lugano, Capital Federal	https://departamento.mercadolibre.com.ar/MLA-3378170546-depto-3-amb-amplio-_JM#polycard_client=search-desktop&price_drop=not_apply&be_origin=backend&overlay_label=not_apply&search_layout=grid&position=27&type=item&tracking_id=b8efa984-0639-47fb-8ef1-0adf44366950&sid=search	villa-lugano	52 m²	52 m²	0	0	2	2	Semi piso	Contrafrente	30 años	80.000 ARS	Sí	Sí	Sí	No	No	No	Sí	No	Sí	Sí	No	No	Sí	No	Sí	Sí	No	Sí	Sí		3	Sur	Sí																																						
Departamento en venta	Se Vende Dpto 5 Amb En Barrio Piedrabuena	48500	USD	US$48.500	False	5	4	2	80.0	5 ambs.2 baños80 m² cubiertos	MONTIEL 3900, Villa Lugano, Capital Federal	https://departamento.mercadolibre.com.ar/MLA-1802235187-se-vende-dpto-5-amb-en-barrio-piedrabuena-_JM#polycard_client=search-desktop&price_drop=not_apply&be_origin=backend&overlay_label=not_apply&search_layout=grid&position=28&type=item&tracking_id=b8efa984-0639-47fb-8ef1-0adf44366950&sid=search	villa-lugano	80 m²	80 m²	0						45 años	35.000 ARS		Sí							Sí	Sí			Sí																																																
Departamento en venta	Venta Departamento 3 Amb. Edif 15, Lugano 1 Y 2, Villa Lugano Caba	39000	USD	US$39.000	False	0	2	1	45.0	2 dormitorios1 baño45 m² cubiertos	Villa Lugano, Capital Federal	https://departamento.mercadolibre.com.ar/MLA-3254514672-venta-departamento-3-amb-edif-15-lugano-1-y-2-villa-lugano-caba-_JM#polycard_client=search-desktop&price_drop=not_apply&be_origin=backend&overlay_label=not_apply&search_layout=grid&position=29&type=item&tracking_id=b8efa984-0639-47fb-8ef1-0adf44366950&sid=search	villa-lugano	45 m²	45 m²	0	0		13	Departamento		48 años	0 USD	No																																																												
Departamento en venta	Departamento En Venta. Monoambiente. Luminoso. Villa Lugano	35000	USD	US$35.000	False	1	0	1	35.0	1 amb.1 baño35 m² cubiertos	Mozart Al 2400, Villa Lugano, Capital Federal	https://departamento.mercadolibre.com.ar/MLA-1768401045-departamento-en-venta-monoambiente-luminoso-villa-lugano-_JM#polycard_client=search-desktop&float_highlight=not_apply&price_drop=not_apply&be_origin=backend&overlay_label=not_apply&search_layout=grid&position=30&type=item&tracking_id=b8efa984-0639-47fb-8ef1-0adf44366950&sid=search	villa-lugano	35 m²	35 m²	0	0	10		Departamento	Frente	60 años	48.000 ARS	No	No		Sí	No	No		No	No	No	No	No	Sí	No	Sí	Sí	No	No	No		1																Sí																								
Departamento en venta	Se Vende Dpto 5 Amb En Barrio Piedrabuena	50000	USD	US$50.000	False	5	4	2	80.0	5 ambs.2 baños80 m² cubiertos	MONTIEL 3900, Villa Lugano, Capital Federal	https://departamento.mercadolibre.com.ar/MLA-3242508298-se-vende-dpto-5-amb-en-barrio-piedrabuena-_JM#polycard_client=search-desktop&price_drop=not_apply&be_origin=backend&overlay_label=not_apply&search_layout=grid&position=31&type=item&tracking_id=b8efa984-0639-47fb-8ef1-0adf44366950&sid=search	villa-lugano	80 m²	80 m²	0						45 años	35.000 ARS		Sí							Sí	Sí			Sí																																																
Departamento en venta	Venta Departamento 4 Amb. Edif 66, Lugano 1 Y 2, Villa Lugano Caba	48000	USD	US$48.000	False	0	3	1	65.0	3 dormitorios1 baño65 m² cubiertos	Villa Lugano, Capital Federal	https://departamento.mercadolibre.com.ar/MLA-1763404039-venta-departamento-4-amb-edif-66-lugano-1-y-2-villa-lugano-caba-_JM#polycard_client=search-desktop&price_drop=not_apply&be_origin=backend&overlay_label=not_apply&search_layout=grid&position=32&type=item&tracking_id=b8efa984-0639-47fb-8ef1-0adf44366950&sid=search	villa-lugano	65 m²	65 m²	0	0		14	Departamento		48 años	0 USD	No																																																												
Departamento en venta	Impecable Depto 4 Ambientes Bcón Tza Y Gge Al Frente	180000	USD	US$180.000	False	4	3	2	72.0	4 ambs.2 baños72 m² cubiertos	Hudson 4355, Villa Lugano, Capital Federal	https://departamento.mercadolibre.com.ar/MLA-1763410751-impecable-depto-4-ambientes-bcon-tza-y-gge-al-frente-_JM#polycard_client=search-desktop&float_highlight=not_apply&price_drop=not_apply&be_origin=backend&overlay_label=not_apply&search_layout=grid&position=33&type=item&tracking_id=b8efa984-0639-47fb-8ef1-0adf44366950&sid=search	villa-lugano	95 m²	72 m²	1				Semi piso	Frente	35 años	195.000 ARS			Sí	Sí			Sí		Sí	Sí		Sí	Sí		Sí	Sí						Norte		Sí						Sí																									Sí						
Departamento en venta	Amplio Y Luminoso Depto 2 Amb.	95000	USD	US$95.000	False	2	1	1	44.0	2 ambs.1 baño44 m² cubiertos	Timoteo Gordillo 4885, Villa Lugano, Capital Federal	https://departamento.mercadolibre.com.ar/MLA-3225768232-amplio-y-luminoso-depto-2-amb-_JM#polycard_client=search-desktop&price_drop=not_apply&be_origin=backend&overlay_label=not_apply&search_layout=grid&position=34&type=item&tracking_id=b8efa984-0639-47fb-8ef1-0adf44366950&sid=search	villa-lugano	60 m²	44 m²	0	0	3	3	Departamento	Frente	10 años	200.000 ARS	Sí	Sí		Sí	Sí	No	Sí	No	Sí	Sí	No	Sí	Sí	No	Sí	Sí	Sí	Sí	Sí	16 m²	5	Este	Sí	Sí																																					
Departamento en venta	Exc. 2 Amb. Tipo Duplex Con Espacio Verde	90000	USD	US$90.000	False	2	1	1	44.0	2 ambs.1 baño44 m² cubiertos	Timoteo Gordillo 4885, Villa Lugano, Capital Federal	https://departamento.mercadolibre.com.ar/MLA-3747763838-exc-2-amb-tipo-duplex-con-espacio-verde-_JM#polycard_client=search-desktop&price_drop=not_apply&be_origin=backend&overlay_label=not_apply&search_layout=grid&position=35&type=item&tracking_id=b8efa984-0639-47fb-8ef1-0adf44366950&sid=search	villa-lugano	71 m²	44 m²	0	0	3	1	Departamento	Contrafrente	10 años	200.000 ARS	Sí	Sí		Sí	Sí	No	Sí	No	Sí	Sí	No	Sí	Sí	No	Sí	Sí	Sí	Sí	Sí	24 m²	5	Este	Sí	Sí																																					
Departamento en venta	Departamento 4 Ambientes Planta Baja Villa Lugano	55000	USD	US$55.000	False	4	3	1	65.0	4 ambs.1 baño65 m² cubiertos	Goleta Sta. Cruz 6589, Villa Lugano, Capital Federal	https://departamento.mercadolibre.com.ar/MLA-3223343646-departamento-4-ambientes-planta-baja-villa-lugano-_JM#polycard_client=search-desktop&price_drop=not_apply&be_origin=backend&overlay_label=not_apply&search_layout=grid&position=36&type=item&tracking_id=b8efa984-0639-47fb-8ef1-0adf44366950&sid=search	villa-lugano	65 m²	65 m²	0							60.000 ARS							Sí		Sí	Sí			Sí																																																
Departamento en venta	Excelente 3 Ambientes Lugano 1y2	46000	USD	US$46.000	False	3	2	1	50.0	3 ambs.1 baño50 m² cubiertos	Andres Garcia, Cnel. Pedro A. García 5873, Villa Lugano, Capital Federal	https://departamento.mercadolibre.com.ar/MLA-3218666698-excelente-3-ambientes-lugano-1y2-_JM#polycard_client=search-desktop&price_drop=not_apply&be_origin=backend&overlay_label=not_apply&search_layout=grid&position=37&type=item&tracking_id=b8efa984-0639-47fb-8ef1-0adf44366950&sid=search	villa-lugano	50 m²	50 m²	0	0	4	4	Departamento	Frente	40 años	100.000 ARS	No	Sí		Sí	No	No	Sí	No	Sí	Sí	No		Sí	No	Sí	No	No	No	No		15	Oeste	Sí		107																																				
Departamento en venta	Departamento - Villa Lugano	62000	USD	US$62.000	False	4	3	1	62.0	4 ambs.1 baño62 m² cubiertos	Montiel Al 4000, Villa Lugano, Capital Federal	https://departamento.mercadolibre.com.ar/MLA-3196725512-departamento-villa-lugano-_JM#polycard_client=search-desktop&float_highlight=not_apply&price_drop=not_apply&be_origin=backend&overlay_label=not_apply&search_layout=grid&position=38&type=item&tracking_id=b8efa984-0639-47fb-8ef1-0adf44366950&sid=search	villa-lugano	69 m²	62 m²	0	0			Departamento	Frente	50 años	1.000 ARS	No	No		No	Sí	No		No	Sí	No	No	No	Sí	No	Sí	Sí	No	No	Sí	6 m²				Sí																																					
Departamento en venta	Excelente 3 Ambientes Lugano 1y2	42000	USD	US$42.000	False	3	2	1	50.0	3 ambs.1 baño50 m² cubiertos	Combate De San Carlos 5408, C1439 Cdad. Autónoma De Buenos Aires, Argentina, Villa Lugano, Capital Federal	https://departamento.mercadolibre.com.ar/MLA-3108466870-excelente-3-ambientes-lugano-1y2-_JM#polycard_client=search-desktop&price_drop=not_apply&be_origin=backend&overlay_label=not_apply&search_layout=grid&position=39&type=item&tracking_id=b8efa984-0639-47fb-8ef1-0adf44366950&sid=search	villa-lugano	50 m²	50 m²	0	0	4	4	Departamento	Frente	40 años	80.000 ARS	No	Sí		Sí	No	No	Sí	No	Sí	Sí	No		Sí	No	Sí	No	No	No	No		15	Oeste	Sí		141																																				
Departamento en venta	Venta Departamento Villa Lugano	84000	USD	US$84.000	False	4	3	1	81.0	4 ambs.1 baño81 m² cubiertos	Saladillo 5180, Villa Lugano, Capital Federal	https://departamento.mercadolibre.com.ar/MLA-1710114417-venta-departamento-villa-lugano-_JM#polycard_client=search-desktop&price_drop=not_apply&be_origin=backend&overlay_label=not_apply&search_layout=grid&position=40&type=item&tracking_id=b8efa984-0639-47fb-8ef1-0adf44366950&sid=search	villa-lugano	81 m²	81 m²	0	0		7	Departamento	Frente	50 años	120.000 ARS	Sí	Sí		No	No	No		No	Sí	Sí	No	No	Sí	No	Sí	Sí	Sí	Sí	Sí			Este	Sí																																						
Departamento en venta	Depto 2 Ambientes Con Ascensor Villa Lugano	49500	USD	US$49.500	False	2	1	1	39.0	2 ambs.1 baño39 m² cubiertos	Cosquín 5150, Villa Lugano, Capital Federal	https://departamento.mercadolibre.com.ar/MLA-3040015338-depto-2-ambientes-con-ascensor-villa-lugano-_JM#polycard_client=search-desktop&float_highlight=not_apply&price_drop=not_apply&be_origin=backend&overlay_label=not_apply&search_layout=grid&position=41&type=item&tracking_id=b8efa984-0639-47fb-8ef1-0adf44366950&sid=search	villa-lugano	41 m²	39 m²	0				Departamento	Interno	50 años	38.000 ARS		Sí		Sí			Sí			Sí		Sí	Sí		Sí	Sí								Sí																																					
Departamento en venta	Venta Depto 3 Amb. Barrio Nagera Block 2. Mozart 2300. V Lugano. Caba	55000	USD	US$55.000	False	0	2	1	49.0	2 dormitorios1 baño49 m² cubiertos	Villa Lugano, Capital Federal	https://departamento.mercadolibre.com.ar/MLA-3034533108-venta-depto-3-amb-barrio-nagera-block-2-mozart-2300-v-lugano-caba-_JM#polycard_client=search-desktop&price_drop=not_apply&be_origin=backend&overlay_label=not_apply&search_layout=grid&position=42&type=item&tracking_id=b8efa984-0639-47fb-8ef1-0adf44366950&sid=search	villa-lugano	49 m²	49 m²	0	0		10	Departamento		57 años	0 USD	No																																																												
Departamento en venta	Departamento 3 Ambientes Venta. Barrio Castro, Escalada 2500 V. Lugano	48000	USD	US$48.000	False	0	2	1	55.0	2 dormitorios1 baño55 m² cubiertos	Villa Lugano, Capital Federal	https://departamento.mercadolibre.com.ar/MLA-3029751840-departamento-3-ambientes-venta-barrio-castro-escalada-2500-v-lugano-_JM#polycard_client=search-desktop&price_drop=not_apply&be_origin=backend&overlay_label=not_apply&search_layout=grid&position=43&type=item&tracking_id=b8efa984-0639-47fb-8ef1-0adf44366950&sid=search	villa-lugano	55 m²	55 m²	0	0			Departamento		41 años	0 USD	No																										Sí																																		
Departamento en venta	Venta Departamento 3 Ambientes. Av Escalada 4200, Villa Lugano Caba	100000	USD	US$100.000	False	0	2	1	56.0	2 dormitorios1 baño56 m² cubiertos	Villa Lugano, Capital Federal	https://departamento.mercadolibre.com.ar/MLA-3029342830-venta-departamento-3-ambientes-av-escalada-4200-villa-lugano-caba-_JM#polycard_client=search-desktop&price_drop=not_apply&be_origin=backend&overlay_label=not_apply&search_layout=grid&position=44&type=item&tracking_id=b8efa984-0639-47fb-8ef1-0adf44366950&sid=search	villa-lugano	56 m²	56 m²	0	0		6	Departamento		30 años	0 USD	No																																																												
Departamento en venta	Departamento En Venta En Villa Lugano	62000	USD	US$62.000	False	3	2	1	65.0	3 ambs.1 baño65 m² cubiertos	Barrio General Savio, Villa Lugano, Capital Federal	https://departamento.mercadolibre.com.ar/MLA-1683629083-departamento-en-venta-en-villa-lugano-_JM#polycard_client=search-desktop&price_drop=not_apply&be_origin=backend&overlay_label=not_apply&search_layout=grid&position=45&type=item&tracking_id=b8efa984-0639-47fb-8ef1-0adf44366950&sid=search	villa-lugano	65 m²	65 m²	0	0	6	5	Departamento	Frente	50 años	90.000 ARS	No	Sí	Sí	Sí	No	No	Sí	No	Sí	Sí	No	Sí	Sí	No	Sí	Sí	Sí	No	Sí		24	Oeste	Sí	Sí	6				Sí											Sí								Sí		Sí	Sí			Sí							
Departamento en venta	Se Vende Dpto3 Ambientes En Barrio Piedrabuena	42000	USD	US$42.000	False	3	2	1	50.0	3 ambs.1 baño50 m² cubiertos	ZUVIRIA 6000, Villa Lugano, Capital Federal	https://departamento.mercadolibre.com.ar/MLA-2897366090-se-vende-dpto3-ambientes-en-barrio-piedrabuena-_JM#polycard_client=search-desktop&price_drop=not_apply&be_origin=backend&overlay_label=not_apply&search_layout=grid&position=46&type=item&tracking_id=b8efa984-0639-47fb-8ef1-0adf44366950&sid=search	villa-lugano	50 m²	50 m²	0						45 años	25.000 ARS		Sí		Sí			Sí		Sí				Sí																																																
Departamento en venta	Departamento En Venta En Villa Lugano	42000	USD	US$42.000	False	2	1	1	36.0	2 ambs.1 baño36 m² cubiertos	Albariño 2872, C1439 Villa Lugano, Cdad. Autónoma De Buenos Aires, Argentina, Villa Lugano, Capital Federal	https://departamento.mercadolibre.com.ar/MLA-1676531437-departamento-en-venta-en-villa-lugano-_JM#polycard_client=search-desktop&float_highlight=not_apply&price_drop=not_apply&be_origin=backend&overlay_label=not_apply&search_layout=grid&position=47&type=item&tracking_id=b8efa984-0639-47fb-8ef1-0adf44366950&sid=search	villa-lugano	36 m²	36 m²	0				Departamento	Interno	45 años			Sí		No					Sí	Sí			Sí		Sí	Sí																																													
Departamento en venta	Venta Depto 4 Amb C/ Cochera Torre 11. Lugano 1 Y 2. V Lugano. Caba	65000	USD	US$65.000	False	0	3	1	72.0	3 dormitorios1 baño72 m² cubiertos	Villa Lugano, Capital Federal	https://departamento.mercadolibre.com.ar/MLA-1676426657-venta-depto-4-amb-c-cochera-torre-11-lugano-1-y-2-v-lugano-caba-_JM#polycard_client=search-desktop&price_drop=not_apply&be_origin=backend&overlay_label=not_apply&search_layout=grid&position=48&type=item&tracking_id=b8efa984-0639-47fb-8ef1-0adf44366950&sid=search	villa-lugano	72 m²	72 m²	1	0		18	Departamento		43 años	0 USD	No						Sí					Sí				Sí													Sí																																
Departamento en venta	Departamento En Venta En Villa Lugano	65000	USD	US$65.000	False	3	2	1	60.0	3 ambs.1 baño60 m² cubiertos	Barrio General Savio, Villa Lugano, Capital Federal	https://departamento.mercadolibre.com.ar/MLA-1671446629-departamento-en-venta-en-villa-lugano-_JM#polycard_client=search-desktop&price_drop=not_apply&be_origin=backend&overlay_label=not_apply&search_layout=grid&position=1&type=item&tracking_id=7f46f9e1-632a-449d-8385-387827c2f3a7&sid=search	villa-lugano	65 m²	60 m²	0	0	6	5	Departamento	Frente	50 años	90.000 ARS	No	Sí	Sí	Sí	No	No	Sí	No	Sí	Sí	No	Sí	Sí	No	Sí	Sí	Sí	No	Sí	2 m²	24	Oeste	Sí	Sí	8				Sí											Sí								Sí		Sí	Sí			Sí							
Departamento en venta	Departamento En Venta En Villa Lugano	46000	USD	US$46.000	False	3	2	1	47.0	3 ambs.1 baño47 m² cubiertos	Gral. Conrado Villegas 5442, Villa Lugano, Capital Federal	https://departamento.mercadolibre.com.ar/MLA-1659108107-departamento-en-venta-en-villa-lugano-_JM#polycard_client=search-desktop&price_drop=not_apply&be_origin=backend&overlay_label=not_apply&search_layout=grid&position=2&type=item&tracking_id=7f46f9e1-632a-449d-8385-387827c2f3a7&sid=search	villa-lugano	47 m²	47 m²	0		4		Departamento	Frente	5 años	100.000 ARS							Sí		Sí	Sí			Sí								14																																								
Departamento en venta	Departamento En Venta En Villa Lugano	45000	USD	US$45.000	False	4	3	1	65.0	4 ambs.1 baño65 m² cubiertos	Av. Soldado De La Frontera 5130, Villa Lugano, Capital Federal	https://departamento.mercadolibre.com.ar/MLA-2810516164-departamento-en-venta-en-villa-lugano-_JM#polycard_client=search-desktop&price_drop=not_apply&be_origin=backend&overlay_label=not_apply&search_layout=grid&position=3&type=item&tracking_id=7f46f9e1-632a-449d-8385-387827c2f3a7&sid=search	villa-lugano	65 m²	65 m²	0	0	4	14	Departamento	Frente	40 años	80.000 ARS	No	Sí	Sí	Sí	No	No	Sí	No	Sí	Sí	No		Sí	No	Sí	Sí	No	Sí	Sí		14	Sur	Sí	Sí	31						Sí																														
Departamento en venta	Departamento En Venta En Villa Lugano	43000	USD	US$43.000	False	3	2	1	50.0	3 ambs.1 baño50 m² cubiertos	Tte. Gral. Eduardo Racedo 5827, Villa Lugano, Villa Lugano, Capital Federal	https://departamento.mercadolibre.com.ar/MLA-2799721034-departamento-en-venta-en-villa-lugano-_JM#polycard_client=search-desktop&price_drop=not_apply&be_origin=backend&overlay_label=not_apply&search_layout=grid&position=4&type=item&tracking_id=7f46f9e1-632a-449d-8385-387827c2f3a7&sid=search	villa-lugano	50 m²	50 m²	0	0	4	5	Departamento	Frente	50 años	90.000 ARS	Sí	No	Sí	Sí	No	No	Sí	No	Sí	Sí	No		Sí	No	Sí	Sí	No	No	Sí		15		Sí		57															Sí								Sí													
Departamento en venta	Departamento En Venta En Villa Lugano	50000	USD	US$50.000	False	3	2	1	53.0	3 ambs.1 baño53 m² cubiertos	Av. Soldado De La Frontera 5113, Villa Lugano, Capital Federal	https://departamento.mercadolibre.com.ar/MLA-1647053271-departamento-en-venta-en-villa-lugano-_JM#polycard_client=search-desktop&price_drop=not_apply&be_origin=backend&overlay_label=not_apply&search_layout=grid&position=5&type=item&tracking_id=7f46f9e1-632a-449d-8385-387827c2f3a7&sid=search	villa-lugano	53 m²	53 m²	0		4		Departamento		56 años	99.000 ARS																					14																																								
Departamento en venta	Departamento En Villa Lugano	59000	USD	US$59.000	False	4	3	1	68.0	4 ambs.1 baño68 m² cubiertos	Contraalmte. Martín Guerrico Al 5600, Villa Lugano, Capital Federal	https://departamento.mercadolibre.com.ar/MLA-2764211528-departamento-en-villa-lugano-_JM#polycard_client=search-desktop&float_highlight=not_apply&price_drop=not_apply&be_origin=backend&overlay_label=not_apply&search_layout=grid&position=6&type=item&tracking_id=7f46f9e1-632a-449d-8385-387827c2f3a7&sid=search	villa-lugano	68 m²	68 m²	0	0			Departamento	Contrafrente	60 años	39.000 ARS	Sí	No		Sí	No	Sí		No	No	No	No	No	Sí	No	Sí	Sí	No	No	No		14	Norte																							Sí																
Departamento en venta	Departamento En Venta En Villa Lugano	65000	USD	US$65.000	False	4	1	1	68.0	4 ambs.1 baño68 m² cubiertos	Combate De San Carlos 5580, B1109 Buenos Aires, Provincia De Buenos Aires, Argentina, Villa Lugano, Capital Federal	https://departamento.mercadolibre.com.ar/MLA-2736555930-departamento-en-venta-en-villa-lugano-_JM#polycard_client=search-desktop&price_drop=not_apply&be_origin=backend&overlay_label=not_apply&search_layout=grid&position=7&type=item&tracking_id=7f46f9e1-632a-449d-8385-387827c2f3a7&sid=search	villa-lugano	71 m²	68 m²	1	0	5	6	Departamento	Frente	30 años	120.000 ARS	Sí	Sí	Sí	Sí	No	No	Sí	No	Sí	Sí	No	Sí	Sí	No	Sí	Sí	Sí	No	Sí	3 m²	6	Oeste	Sí	Sí	6					Sí																		Sí		Sí											
Departamento en venta	Departamento En Venta En Villa Lugano	80000	USD	US$80.000	False	3	2	1	70.0	3 ambs.1 baño70 m² cubiertos	Combate De San Carlos 132, C1439 Cdad. Autónoma De Buenos Aires, Argentina, Villa Lugano, Capital Federal	https://departamento.mercadolibre.com.ar/MLA-2698806884-departamento-en-venta-en-villa-lugano-_JM#polycard_client=search-desktop&price_drop=not_apply&be_origin=backend&overlay_label=not_apply&search_layout=grid&position=8&type=item&tracking_id=7f46f9e1-632a-449d-8385-387827c2f3a7&sid=search	villa-lugano	71 m²	70 m²	0	0	6	5	Departamento	Frente	50 años	120.000 ARS	No	Sí	Sí	Sí	No	No	Sí	No		Sí	No			No	Sí	Sí	Sí	No	Sí	2 m²	24	Oeste	Sí	Sí	11				Sí																			Sí		Sí	Sí			Sí							
Departamento en venta	Departamento En Venta En Los Perales	60000	USD	US$60.000	False	3	2	1	45.0	3 ambs.1 baño45 m² cubiertos	Gregorio De Laferrère 6692, Villa Lugano, Capital Federal	https://departamento.mercadolibre.com.ar/MLA-2604614364-departamento-en-venta-en-los-perales-_JM#polycard_client=search-desktop&price_drop=not_apply&be_origin=backend&overlay_label=not_apply&search_layout=grid&position=9&type=item&tracking_id=7f46f9e1-632a-449d-8385-387827c2f3a7&sid=search	villa-lugano	45 m²	45 m²	0		4		Departamento	Frente	50 años	12.500 ARS																				4 m²	2	Este																																							
Departamento en venta	Exc. Depto. 3 Amb. Exc. Edificio	44000	USD	US$44.000	False	3	2	1	50.0	3 ambs.1 baño50 m² cubiertos	Av. Soldado De La Frontera 5477, Villa Lugano, Capital Federal	https://departamento.mercadolibre.com.ar/MLA-3732755880-exc-depto-3-amb-exc-edificio-_JM#polycard_client=search-desktop&price_drop=not_apply&be_origin=backend&overlay_label=not_apply&search_layout=grid&position=10&type=item&tracking_id=7f46f9e1-632a-449d-8385-387827c2f3a7&sid=search	villa-lugano	50 m²	50 m²	0	0	4	4	Departamento	Frente	40 años	120.000 ARS	No	Sí		Sí	No	No	Sí	No		Sí	No		Sí	No	Sí	No	No	No	No		15	Oeste	Sí		54																																				
Departamento en venta	Departamento 4 Amb 3o Piso X Escalera	45000	USD	US$45.000	False	4	3	1	64.0	4 ambs.1 baño64 m² cubiertos	Goleta Sta. Cruz 6545, HSA, Villa Lugano, Capital Federal	https://departamento.mercadolibre.com.ar/MLA-3531440704-departamento-4-amb-3o-piso-x-escalera-_JM#polycard_client=search-desktop&price_drop=not_apply&be_origin=backend&overlay_label=not_apply&search_layout=grid&position=11&type=item&tracking_id=7f46f9e1-632a-449d-8385-387827c2f3a7&sid=search	villa-lugano	64,86 m²	64,86 m²	0		4		Departamento		40 años	33.000 ARS		Sí					Sí	Sí		Sí			Sí								3	Este		Sí																					Sí																
Departamento en venta	Venta Departamento 2 Dormitorios Villa Lugano	41900	USD	US$41.900	False	3	2	1	50.0	3 ambs.1 baño50 m² cubiertos	Av. Gral. Francisco Fernández De La Cruz 6821, Villa Lugano, Capital Federal	https://departamento.mercadolibre.com.ar/MLA-1864091261-venta-departamento-2-dormitorios-villa-lugano-_JM#polycard_client=search-desktop&price_drop=not_apply&be_origin=backend&overlay_label=not_apply&search_layout=grid&position=12&type=item&tracking_id=7f46f9e1-632a-449d-8385-387827c2f3a7&sid=search	villa-lugano	50 m²	50 m²	0	0		6	Departamento		50 años	63.000 ARS	Sí	No		No	No	No		No	No	Sí	No	No	Sí	No	Sí	Sí	No	No	No				Sí								Sí																														
Departamento en venta	Departamento 3 Ambientes Villa Lugano	73000	USD	US$73.000	False	2	2	1	46.0	2 ambs.1 baño46 m² cubiertos	Corvalán 2669, Villa Lugano, Capital Federal	https://departamento.mercadolibre.com.ar/MLA-3279310394-departamento-3-ambientes-villa-lugano-_JM#polycard_client=search-desktop&price_drop=not_apply&be_origin=backend&overlay_label=not_apply&search_layout=grid&position=13&type=item&tracking_id=7f46f9e1-632a-449d-8385-387827c2f3a7&sid=search	villa-lugano	46 m²	46 m²	0														Sí						Sí											Sí																																					
Departamento en venta	Exc. Cinco Ambientes Dos Baños	90000	USD	US$90.000	False	5	4	2	83.0	5 ambs.2 baños83 m² cubiertos	Av. Gral. Francisco Fernández De La Cruz 5791, Buenos Aires, Argentina, Villa Lugano, Capital Federal	https://departamento.mercadolibre.com.ar/MLA-3218444218-exc-cinco-ambientes-dos-banos-_JM#polycard_client=search-desktop&price_drop=not_apply&be_origin=backend&overlay_label=not_apply&search_layout=grid&position=14&type=item&tracking_id=7f46f9e1-632a-449d-8385-387827c2f3a7&sid=search	villa-lugano	85 m²	83 m²	0	0	5	1	Departamento	Frente	20 años	50.000 ARS	No	No	Sí	No	No	Sí	Sí	No	Sí	No	No			No	Sí	Sí	No	Sí	Sí	3 m²	3	Oeste	Sí	Sí	3												Sí				Sí							Sí													
Departamento en venta	Departamento En Venta En Villa Lugano	45000	USD	US$45.000	False	3	2	1	48.0	3 ambs.1 baño48 m² cubiertos	Saladillo 5162, Villa Lugano, Capital Federal	https://departamento.mercadolibre.com.ar/MLA-1681454389-departamento-en-venta-en-villa-lugano-_JM#polycard_client=search-desktop&price_drop=not_apply&be_origin=backend&overlay_label=not_apply&search_layout=grid&position=15&type=item&tracking_id=7f46f9e1-632a-449d-8385-387827c2f3a7&sid=search	villa-lugano	48 m²	48 m²	0	0	4	3	Departamento	Frente	40 años	50.000 ARS	Sí	Sí	Sí	Sí	No	No		No	Sí	No	No	No	Sí	No	Sí	Sí	No	Sí	Sí		10	Oeste	Sí	Sí	4									Sí														Sí			Sí										
Departamento en venta	Departamento En Venta En Veracruz	45000	USD	US$45.000	False	3	2	1	49.0	3 ambs.1 baño49 m² cubiertos	Veracruz 3500, Villa Lugano, Capital Federal	https://departamento.mercadolibre.com.ar/MLA-2881087494-departamento-en-venta-en-veracruz-_JM#polycard_client=search-desktop&price_drop=not_apply&be_origin=backend&overlay_label=not_apply&search_layout=grid&position=16&type=item&tracking_id=7f46f9e1-632a-449d-8385-387827c2f3a7&sid=search	villa-lugano	49 m²	49 m²	0				Departamento	Frente	15 años	25.000 ARS		Sí								Sí		Sí	Sí		Sí	Sí			Sí	3 m²		Oeste	Sí	Sí														Sí																							
Departamento en venta	Depto. 3 Amb. En Exc Edificio	38000	USD	US$38.000	False	3	2	1	50.0	3 ambs.1 baño50 m² cubiertos	Santiago Costamagna 5849, Villa Lugano, Capital Federal	https://departamento.mercadolibre.com.ar/MLA-1897277571-depto-3-amb-en-exc-edificio-_JM#polycard_client=search-desktop&price_drop=not_apply&be_origin=backend&overlay_label=not_apply&search_layout=grid&position=17&type=item&tracking_id=7f46f9e1-632a-449d-8385-387827c2f3a7&sid=search	villa-lugano	50 m²	50 m²	0	0	4	9	Departamento	Frente	50 años	100.000 ARS	Sí	Sí	Sí	Sí	No	No	Sí	No	Sí	Sí	No		Sí	No	Sí	Sí	No	No	Sí		15		Sí		141																							Sí													
Departamento en venta	Departamento En Venta En Villa Lugano	40000	USD	US$40.000	False	1	1	1	29.0	1 amb.1 baño29 m² cubiertos	Murguiondo 4070, Villa Lugano, Villa Lugano, Capital Federal	https://departamento.mercadolibre.com.ar/MLA-2862130994-departamento-en-venta-en-villa-lugano-_JM#polycard_client=search-desktop&float_highlight=not_apply&price_drop=not_apply&be_origin=backend&overlay_label=not_apply&search_layout=grid&position=18&type=item&tracking_id=7f46f9e1-632a-449d-8385-387827c2f3a7&sid=search	villa-lugano	29 m²	29 m²	0			1	Departamento	Frente	50 años	20.000 ARS										Sí		Sí	Sí									Oeste																																							
Departamento en venta	Departamento En Venta En Villa Lugano	65000	USD	US$65.000	False	3	2	1	70.0	3 ambs.1 baño70 m² cubiertos	Barrio General Savio, Villa Lugano, Capital Federal	https://departamento.mercadolibre.com.ar/MLA-1658569039-departamento-en-venta-en-villa-lugano-_JM#polycard_client=search-desktop&price_drop=not_apply&be_origin=backend&overlay_label=not_apply&search_layout=grid&position=19&type=item&tracking_id=7f46f9e1-632a-449d-8385-387827c2f3a7&sid=search	villa-lugano	71 m²	70 m²	0	0	6	5	Departamento	Frente	50 años	90.000 ARS	No	Sí	Sí	Sí	No	No	Sí	No		Sí	No	Sí	Sí	No	Sí	Sí	Sí	No	Sí	2 m²	24	Oeste	Sí	Sí	8				Sí																			Sí		Sí	Sí			Sí							
Departamento en venta	Departamento En Venta En Villa Lugano	95000	USD	US$95.000	False	4	3	2	82.0	4 ambs.2 baños82 m² cubiertos	Av. Castañares 5454, Villa Lugano, Capital Federal	https://departamento.mercadolibre.com.ar/MLA-2735971992-departamento-en-venta-en-villa-lugano-_JM#polycard_client=search-desktop&price_drop=not_apply&be_origin=backend&overlay_label=not_apply&search_layout=grid&position=20&type=item&tracking_id=7f46f9e1-632a-449d-8385-387827c2f3a7&sid=search	villa-lugano	85 m²	82 m²	0	0	3	3	Departamento	Frente	25 años	40.000 ARS	Sí	Sí		No	No	No	Sí	No	Sí	Sí	No	Sí	Sí	No	Sí	Sí	No	No	Sí	3 m²	3	Oeste	Sí							Sí																															
Departamento en venta	Departamento 4 Ambientes Ubicado En La Calle Cayafate 5000, Lugano, Caba U$s 80.000	80000	USD	US$80.000	False	4	3	2	72.0	4 ambs.2 baños72 m² cubiertos	Cafayate 5000, Villa Lugano, Capital Federal	https://departamento.mercadolibre.com.ar/MLA-2907442150-departamento-4-ambientes-ubicado-en-la-calle-cayafate-5000-lugano-caba-us-80000-_JM#polycard_client=search-desktop&price_drop=not_apply&be_origin=backend&overlay_label=not_apply&search_layout=grid&position=21&type=item&tracking_id=7f46f9e1-632a-449d-8385-387827c2f3a7&sid=search	villa-lugano	76 m²	72 m²	1	1	4	12	Departamento	Frente	30 años	30.000 ARS		Sí		Sí		Sí	Sí		Sí	Sí		Sí	Sí		Sí	Sí			Sí	4 m²	22	Sur	Sí		6			Sí	Sí	Sí	Sí								Sí		Sí				Sí			Sí		Sí											
Departamento en venta	Departamento En Venta En Villa Lugano	60000	USD	US$60.000	False	3	2	1	50.0	3 ambs.1 baño50 m² cubiertos	Barrio Mascías, CABA, Argentina, Villa Lugano, Capital Federal	https://departamento.mercadolibre.com.ar/MLA-2890812842-departamento-en-venta-en-villa-lugano-_JM#polycard_client=search-desktop&price_drop=not_apply&be_origin=backend&overlay_label=not_apply&search_layout=grid&position=22&type=item&tracking_id=7f46f9e1-632a-449d-8385-387827c2f3a7&sid=search	villa-lugano	53 m²	50 m²	0	0	5		Departamento	Frente	40 años	85.000 ARS	Sí	No		No	No	No		No	Sí	No	No	Sí	Sí	No	Sí	Sí	No	No	No	3 m²	3		Sí	Sí	2																							Sí													
Departamento en venta	Departamento En Venta En Villa Lugano	65000	USD	US$65.000	False	3	2	1	55.0	3 ambs.1 baño55 m² cubiertos	Barrio Gral. Savio, CABA, Argentina, Villa Lugano, Capital Federal	https://departamento.mercadolibre.com.ar/MLA-2804872672-departamento-en-venta-en-villa-lugano-_JM#polycard_client=search-desktop&price_drop=not_apply&be_origin=backend&overlay_label=not_apply&search_layout=grid&position=23&type=item&tracking_id=7f46f9e1-632a-449d-8385-387827c2f3a7&sid=search	villa-lugano	55 m²	55 m²	0	0	2	1	Departamento	Frente	50 años	80.000 ARS	No	Sí		Sí	No	No	Sí	No	Sí	Sí	No		Sí	No	Sí	Sí	Sí	Sí	No			Sur	Sí	Sí	10																									Sí											
Departamento en venta	Departamento En Venta En Villa Lugano	90000	USD	US$90.000	False	3	2	1	51.0	3 ambs.1 baño51 m² cubiertos	Av. Piedra Buena 4759, Villa Lugano, CABA, Argentina, Villa Lugano, Capital Federal	https://departamento.mercadolibre.com.ar/MLA-2720448908-departamento-en-venta-en-villa-lugano-_JM#polycard_client=search-desktop&price_drop=not_apply&be_origin=backend&overlay_label=not_apply&search_layout=grid&position=24&type=item&tracking_id=7f46f9e1-632a-449d-8385-387827c2f3a7&sid=search	villa-lugano	51 m²	51 m²	1	0	5	2	Departamento	Interno	30 años	25.000 ARS	No	Sí		No	No	No	Sí	No	Sí	No	No			No	Sí	Sí	No	Sí	Sí		3		Sí	Sí							Sí									Sí																					
Departamento en venta	Departamento En Venta En Villa Lugano	90000	USD	US$90.000	False	3	2	1	70.0	3 ambs.1 baño70 m² cubiertos	Montiel 5875, Buenos Aires, Argentina, Villa Lugano, Capital Federal	https://departamento.mercadolibre.com.ar/MLA-2720656398-departamento-en-venta-en-villa-lugano-_JM#polycard_client=search-desktop&price_drop=not_apply&be_origin=backend&overlay_label=not_apply&search_layout=grid&position=25&type=item&tracking_id=7f46f9e1-632a-449d-8385-387827c2f3a7&sid=search	villa-lugano	80 m²	70 m²	0	0	1	1	Piso	Frente	40 años		No	Sí		No	No	No	Sí	Sí	Sí	Sí	No	Sí	Sí	No	Sí	Sí	No	Sí	Sí	8 m²		Sur		Sí							Sí							Sí							Sí																
Departamento en venta	Departamento De 4 Ambientes Ubicado En La Calle Cafayate 5000, Capital Federal U$s 100.000	100000	USD	US$100.000	False	4	3	2	80.0	4 ambs.2 baños80 m² cubiertos	CAFAYATE 5000, Villa Lugano, Capital Federal	https://departamento.mercadolibre.com.ar/MLA-3706570410-departamento-de-4-ambientes-ubicado-en-la-calle-cafayate-5000-capital-federal-us-100000-_JM#polycard_client=search-desktop&price_drop=not_apply&be_origin=backend&overlay_label=not_apply&search_layout=grid&position=26&type=item&tracking_id=7f46f9e1-632a-449d-8385-387827c2f3a7&sid=search	villa-lugano	80 m²	80 m²	1	1				Frente		2.000 ARS		No		Sí	No	No		No	Sí	No	No	Sí	Sí	No	Sí	Sí	No	Sí			22		Sí								Sí																														
Departamento en venta	Venta. Departamento 4 Ambientes C/patio Cubierto. Excelente Estado. Apto Credito. Barrio Piedrabuena. Villa Lugano	65000	USD	US$65.000	False	4	3	1	56.0	4 ambs.1 baño56 m² cubiertos	Avenida Piedrabuena 3741, Villa Lugano, Capital Federal	https://departamento.mercadolibre.com.ar/MLA-3223018598-venta-departamento-4-ambientes-cpatio-cubierto-excelente-estado-apto-credito-barrio-piedrabuena-villa-lugano-_JM#polycard_client=search-desktop&price_drop=not_apply&be_origin=backend&overlay_label=not_apply&search_layout=grid&position=27&type=item&tracking_id=7f46f9e1-632a-449d-8385-387827c2f3a7&sid=search	villa-lugano	76 m²	56 m²	0	0	1	1	Departamento	Frente	60 años	0 ARS	No	No		No	No	No		No	No	No	No	No	No	No		No	No	No	No		2	Este																																							
Departamento en venta	Venta. Departamento 3 Ambientes. 2do Piso X Esc. Excelente Estado. Villa Lugano	70000	USD	US$70.000	False	3	2	1	52.0	3 ambs.1 baño52 m² cubiertos	Madariaga 6517, Villa Lugano, Capital Federal	https://departamento.mercadolibre.com.ar/MLA-3008547928-venta-departamento-3-ambientes-2do-piso-x-esc-excelente-estado-villa-lugano-_JM#polycard_client=search-desktop&float_highlight=not_apply&price_drop=not_apply&be_origin=backend&overlay_label=not_apply&search_layout=grid&position=28&type=item&tracking_id=7f46f9e1-632a-449d-8385-387827c2f3a7&sid=search	villa-lugano	52 m²	52 m²	0	0	2	2	Departamento	Interno	40 años	50.000 ARS	No	No		No	No	No		No	No	No	No	No	No	No		No	No	No	No		3	Oeste																																							
Departamento en venta	Departamento En Venta En Villa Lugano	77000	USD	US$77.000	False	3	2	1	56.0	3 ambs.1 baño56 m² cubiertos	Av. Lisandro De La Torre 5475, Villa Lugano, Capital Federal	https://departamento.mercadolibre.com.ar/MLA-1676321141-departamento-en-venta-en-villa-lugano-_JM#polycard_client=search-desktop&float_highlight=not_apply&price_drop=not_apply&be_origin=backend&overlay_label=not_apply&search_layout=grid&position=29&type=item&tracking_id=7f46f9e1-632a-449d-8385-387827c2f3a7&sid=search	villa-lugano	61 m²	56 m²	1	0	4	11	Departamento	Contrafrente	10 años	140.000 ARS	No	No		No	No	No		No	No	No	No	No	No	No		No	No	No	No		11	Este																																							
Departamento en venta	Departamento En Venta En Villa Lugano	88000	USD	US$88.000	False	3	2	1	56.0	3 ambs.1 baño56 m² cubiertos	Av. Lisandro De La Torre 5475, Villa Lugano, Capital Federal	https://departamento.mercadolibre.com.ar/MLA-1676256345-departamento-en-venta-en-villa-lugano-_JM#polycard_client=search-desktop&float_highlight=not_apply&price_drop=not_apply&be_origin=backend&overlay_label=not_apply&search_layout=grid&position=30&type=item&tracking_id=7f46f9e1-632a-449d-8385-387827c2f3a7&sid=search	villa-lugano	61 m²	56 m²	1	0	5	11	Departamento	Contrafrente	10 años	140.000 ARS	No	Sí		No	No	No		No	Sí	No	No	No	No	No	Sí	Sí	Sí	No	No		11	Este	Sí														Sí											Sí													
Departamento en venta	Departamento En Venta En Villa Lugano	149000	USD	US$149.000	False	3	2	1	90.0	3 ambs.1 baño90 m² cubiertos	Lisandro De La Torre 4959, Villa Lugano, Capital Federal	https://departamento.mercadolibre.com.ar/MLA-1676515773-departamento-en-venta-en-villa-lugano-_JM#polycard_client=search-desktop&float_highlight=not_apply&price_drop=not_apply&be_origin=backend&overlay_label=not_apply&search_layout=grid&position=31&type=item&tracking_id=7f46f9e1-632a-449d-8385-387827c2f3a7&sid=search	villa-lugano	102 m²	90 m²	0	0	2	1	Departamento	Frente	40 años	0 ARS	No	No		No	No	No		No	No	No	No	No	No	No		No	No	No	No		1	Este																																							
Departamento en venta	Venta 2 Ambientes Premium Con Parrilla En Villa Lugano	108000	USD	US$108.000	False	2	1	1	43.0	2 ambs.1 baño43 m² cubiertos	Aquino 5500, Villa Lugano, Capital Federal	https://departamento.mercadolibre.com.ar/MLA-3572902008-venta-2-ambientes-premium-con-parrilla-en-villa-lugano-_JM#polycard_client=search-desktop&price_drop=not_apply&be_origin=backend&overlay_label=not_apply&search_layout=grid&position=32&type=item&tracking_id=7f46f9e1-632a-449d-8385-387827c2f3a7&sid=search	villa-lugano	53 m²	43 m²	0	0	3		Departamento	Frente	1 años	0 ARS	Sí			Sí	No	No								No	Sí	Sí	No	Sí			5																								Sí																
Departamento en venta	Venta Departamento Amoblado	70000	USD	US$70.000	False	3	2	1	50.0	3 ambs.1 baño50 m² cubiertos	Barrio Gral. Savio, Villa Lugano, Capital Federal	https://departamento.mercadolibre.com.ar/MLA-3795540092-venta-departamento-amoblado-_JM#polycard_client=search-desktop&float_highlight=recent_publication&price_drop=not_apply&be_origin=backend&overlay_label=not_apply&search_layout=grid&position=33&type=item&tracking_id=7f46f9e1-632a-449d-8385-387827c2f3a7&sid=search	villa-lugano	50 m²	50 m²	0				Departamento	Frente			Sí		Sí	Sí			Sí		Sí	Sí			Sí		Sí	Sí	Sí	Sí	Sí											Sí			Sí				Sí	Sí	Sí						Sí			Sí	Sí												
Departamento en venta	Dpto. Remodelado A Nuevo Con Pisos De Porcelanato Balcón Corrido Con Traba De Seguridad Para Niños. Desayunado De Madera Laqueado,nuevo. Muy Luminoso Y Vista Panorámica. Facil Acceso A Autopista.	75000	USD	US$75.000	False	4	3	1	670.0	4 ambs.1 baño670 m² cubiertos	Albariño 3000 - 3300, Villa Lugano, Capital Federal	https://departamento.mercadolibre.com.ar/MLA-3732462002-dpto-remodelado-a-nuevo-con-pisos-de-porcelanato-balcon-corrido-con-traba-de-seguridad-para-ninos-desayunado-de-madera-laqueadonuevo-muy-luminoso-y-vista-panoramica-facil-acceso-a-autopista-_JM#polycard_client=search-desktop&price_drop=not_apply&be_origin=backend&overlay_label=not_apply&search_layout=grid&position=34&type=item&tracking_id=7f46f9e1-632a-449d-8385-387827c2f3a7&sid=search	villa-lugano	67 m²	670 m²	0		2	12	Departamento	Frente	40 años	140.000 ARS	Sí	Sí	Sí	Sí	No	Sí	Sí	No	Sí	Sí	No	Sí	Sí	No	Sí	Sí	No		Sí		12		Sí	Sí						Sí				Sí	Virtual		Sí		Sí	Sí	Sí							Sí		Sí	Sí	Sí	Sí	Sí		Sí	Sí				
Departamento en venta	Departamento Hecho Todo A Nuevo. Todos Los Pisos, Caños Agua Y Gas, Calefon Tiro Balanceado, Muebles De Cocina Y Cocina Nuevas, Baño Completo Nuevo Con Mampara	68000	USD	US$68.000	False	3	2	1	58.0	3 ambs.1 baño58 m² cubiertos	Avenida Teniente General Luis Dellepiane 4268, Comuna 8, Villa Lugano, Capital Federal	https://departamento.mercadolibre.com.ar/MLA-3713773038-departamento-hecho-todo-a-nuevo-todos-los-pisos-canos-agua-y-gas-calefon-tiro-balanceado-muebles-de-cocina-y-cocina-nuevas-bano-completo-nuevo-con-mampara-_JM#polycard_client=search-desktop&price_drop=not_apply&be_origin=backend&overlay_label=not_apply&search_layout=grid&position=35&type=item&tracking_id=7f46f9e1-632a-449d-8385-387827c2f3a7&sid=search	villa-lugano	58 m²	58 m²	0		2	20	Departamento	Frente	60 años	90.000 ARS	Sí																				10	Este																																							
Departamento en venta	Hermoso Monoambiente En Barrio Olímpico- Dueño Directo- Apto Crédito Hipotecario	54999	USD	US$54.999	False	1	1	1	36.0	1 amb.1 baño36 m² cubiertos	Alberto Demiddi 4200 - 4500, Villa Lugano, Capital Federal	https://departamento.mercadolibre.com.ar/MLA-1917513677-hermoso-monoambiente-en-barrio-olimpico-dueno-directo-apto-credito-hipotecario-_JM#polycard_client=search-desktop&price_drop=not_apply&be_origin=backend&overlay_label=not_apply&search_layout=grid&position=36&type=item&tracking_id=7f46f9e1-632a-449d-8385-387827c2f3a7&sid=search	villa-lugano	40 m²	36 m²	0	0		6	Departamento		5 años	89.000 ARS	Sí	Sí		Sí			Sí		Sí			Sí	Sí		Sí		Sí		Sí	4 m²	7		Sí		30			Sí	Sí																			Sí													
Departamento en venta	Departamento 5amb En Villa Lugano Av. General Paz 14600	58000	USD	US$58.000	False	5	4	2	135.0	5 ambs.2 baños135 m² cubiertos	Av. Gral. Paz 14600, C1439 Cdad. Autónoma De Buenos Aires, Argentina, Villa Lugano, Capital Federal	https://departamento.mercadolibre.com.ar/MLA-3650073484-departamento-5amb-en-villa-lugano-av-general-paz-14600-_JM#polycard_client=search-desktop&price_drop=not_apply&be_origin=backend&overlay_label=not_apply&search_layout=grid&position=37&type=item&tracking_id=7f46f9e1-632a-449d-8385-387827c2f3a7&sid=search	villa-lugano	135 m²	135 m²	0	0	3	8	Semi piso	Frente	50 años	40.000 ARS		Sí																			12	Sur																																							
Departamento en venta	Departamento 3 Ambientes Villa Lugano Dueño Directo	49800	USD	US$49.800	False	3	2	1	49.0	3 ambs.1 baño49 m² cubiertos	Avenida Teniente General Luis Dellepiane 4264, Villa Lugano, Capital Federal	https://departamento.mercadolibre.com.ar/MLA-1929697899-departamento-3-ambientes-villa-lugano-dueno-directo-_JM#polycard_client=search-desktop&price_drop=not_apply&be_origin=backend&overlay_label=not_apply&search_layout=grid&position=38&type=item&tracking_id=7f46f9e1-632a-449d-8385-387827c2f3a7&sid=search	villa-lugano	49 m²	49 m²	0	0		1			40 años	100.000 ARS		Sí																																																											
Departamento en venta	Departamento 2 Ambientes - Barrio Samore - Villa Lugano	45000	USD	US$45.000	False	2	1	1	45.0	2 ambs.1 baño45 m² cubiertos	Avenida Teniente General Luis Dellepiane 4540, Comuna 8, Villa Lugano, Capital Federal	https://departamento.mercadolibre.com.ar/MLA-1961659041-departamento-2-ambientes-barrio-samore-villa-lugano-_JM#polycard_client=search-desktop&price_drop=not_apply&be_origin=backend&overlay_label=not_apply&search_layout=grid&position=39&type=item&tracking_id=7f46f9e1-632a-449d-8385-387827c2f3a7&sid=search	villa-lugano	45 m²	45 m²	0				Departamento	Frente	40 años	110.000 ARS		Sí																																																											
Departamento en venta	Echeandia 4800	6000056000	USD	US$60.000US$56.000 BAJÓ DE PRECIO	False	3	2	1	52.0	3 ambs.1 baño52 m² cubiertos	Echeandía 4847, Villa Lugano, Capital Federal	https://departamento.mercadolibre.com.ar/MLA-3665644624-echeandia-4800-_JM#polycard_client=search-desktop&price_drop=true&be_origin=backend&overlay_label=not_apply&search_layout=grid&position=40&type=item&tracking_id=7f46f9e1-632a-449d-8385-387827c2f3a7&sid=search	villa-lugano	52 m²	52 m²	0		1	4	Departamento	Contrafrente	50 años			Sí																			4																																								
Departamento en venta	Oportunidad Por Baja De Precio!! Departamento Impecable Para Mudarse Inmediatamente!	48000	USD	US$48.000	False	3	2	1	51.0	3 ambs.1 baño51 m² cubiertos	Cnel. Pedro A. García 5702, Villa Lugano, Capital Federal	https://departamento.mercadolibre.com.ar/MLA-3761596322-oportunidad-por-baja-de-precio-departamento-impecable-para-mudarse-inmediatamente-_JM#polycard_client=search-desktop&price_drop=not_apply&be_origin=backend&overlay_label=not_apply&search_layout=grid&position=41&type=item&tracking_id=7f46f9e1-632a-449d-8385-387827c2f3a7&sid=search	villa-lugano	51 m²	51 m²	1							130.000 ARS									Sí		No	No	Sí												3																																				
Departamento en venta	Departamento De 3 Ambientes En El Barrio Samore, Villalugano	7500060000	USD	US$75.000US$60.000 BAJÓ DE PRECIO	False	3	2	1	60.0	3 ambs.1 baño60 m² cubiertos	Av Escalada 2899, Villa Lugano, Capital Federal	https://departamento.mercadolibre.com.ar/MLA-1944832261-departamento-de-3-ambientes-en-el-barrio-samore-villalugano-_JM#polycard_client=search-desktop&price_drop=true&be_origin=backend&overlay_label=not_apply&search_layout=grid&position=42&type=item&tracking_id=7f46f9e1-632a-449d-8385-387827c2f3a7&sid=search	villa-lugano	60 m²	60 m²	2		3	9	Departamento	Frente		1.050 ARS		No		Sí	No	No		No	Sí	No	No	Sí	Sí	No	Sí	Sí	No	No						Sí							Sí			Sí			Sí																								
Departamento en venta	Venta Departamento 3 Ambientes Barrio Nagera Oport	45000	USD	US$45.000	False	3	2	1	49.0	3 ambs.1 baño49 m² cubiertos	Mozart 2300, Villa Lugano, Capital Federal	https://departamento.mercadolibre.com.ar/MLA-3811389160-venta-departamento-3-ambientes-barrio-nagera-oport-_JM#polycard_client=search-desktop&float_highlight=recent_publication&price_drop=not_apply&be_origin=backend&overlay_label=not_apply&search_layout=grid&position=43&type=item&tracking_id=7f46f9e1-632a-449d-8385-387827c2f3a7&sid=search	villa-lugano	49 m²	49 m²	0	0	99	10	Departamento	Frente	51 años	137.000 ARS	No	No		No			Sí	No	Sí	No		No	Sí		Sí	Sí	No	No	No		11	Norte																	Sí																						
Departamento en venta	Venta Departamento 4 Amb, Edif 30, Lugano 1 Y 2, Villa Lugano. Caba	44750	USD	US$44.750	False	0	3	1	65.0	3 dormitorios1 baño65 m² cubiertos	Villa Lugano, Capital Federal	https://departamento.mercadolibre.com.ar/MLA-2007604159-venta-departamento-4-amb-edif-30-lugano-1-y-2-villa-lugano-caba-_JM#polycard_client=search-desktop&float_highlight=recent_publication&price_drop=not_apply&be_origin=backend&overlay_label=not_apply&search_layout=grid&position=44&type=item&tracking_id=7f46f9e1-632a-449d-8385-387827c2f3a7&sid=search	villa-lugano	65 m²	65 m²	0	0		10	Departamento		48 años	0 USD	No																																																												
Departamento en venta	Departamento En Venta Pompeya 5 Ambientes	88000	USD	US$88.000	False	4	3	1	89.0	4 ambs.1 baño89 m² cubiertos	Enrique Ochoa 400, Nueva Pompeya, Capital Federal	https://departamento.mercadolibre.com.ar/MLA-3720472166-departamento-en-venta-pompeya-5-ambientes-_JM#polycard_client=search-desktop&price_drop=not_apply&be_origin=backend&overlay_label=not_apply&search_layout=grid&position=1&type=item&tracking_id=0d117105-f9ed-44da-bbaf-9e3721f00c21&sid=search	nueva-pompeya	89 m²	89 m²	0	0	99	1	Departamento	Frente	40 años	273.000 ARS	No	No		No				No		No		Sí	Sí			Sí	No	No	No		3	Norte		Sí						Sí																															
Departamento en venta	Departamento 2 Ambientes Apto Credito En Nueva Pompeya	69000	USD	US$69.000	False	2	1	1	40.0	2 ambs.1 baño40 m² cubiertos	Coronel Pagola Al 3900, Nueva Pompeya, Capital Federal	https://departamento.mercadolibre.com.ar/MLA-1871055761-departamento-2-ambientes-apto-credito-en-nueva-pompeya-_JM#polycard_client=search-desktop&price_drop=not_apply&be_origin=backend&overlay_label=not_apply&search_layout=grid&position=2&type=item&tracking_id=0d117105-f9ed-44da-bbaf-9e3721f00c21&sid=search	nueva-pompeya	41 m²	40 m²	0	0		12	Departamento	Frente	7 años	0 ARS	Sí	Sí		Sí	No	Sí		No	No	Sí	No	Sí	Sí	No	Sí	No	No	No	No	1 m²		Este	Sí					Sí			Sí				Virtual		Sí								Sí																
Departamento en venta	Departamento 3 Ambientes En Pompeya	64000	USD	US$64.000	False	3	2	1	54.0	3 ambs.1 baño54 m² cubiertos	Dekay 4200, Nueva Pompeya, Capital Federal	https://departamento.mercadolibre.com.ar/MLA-1866552277-departamento-3-ambientes-en-pompeya-_JM#polycard_client=search-desktop&price_drop=not_apply&be_origin=backend&overlay_label=not_apply&search_layout=grid&position=3&type=item&tracking_id=0d117105-f9ed-44da-bbaf-9e3721f00c21&sid=search	nueva-pompeya	57 m²	54 m²	0			2		Frente	56 años	10.000 ARS		Sí					Sí		Sí	Sí		Sí	Sí		Sí	Sí					3	Norte																																							
Departamento en venta	Venta Amplio 4 Ambientes C/balcón Pb En Pompeya	59000	USD	US$59.000	False	4	3	1	77.0	4 ambs.1 baño77 m² cubiertos	Pepiri Al 1500, Nueva Pompeya, Capital Federal	https://departamento.mercadolibre.com.ar/MLA-3472961396-venta-amplio-4-ambientes-cbalcon-pb-en-pompeya-_JM#polycard_client=search-desktop&price_drop=not_apply&be_origin=backend&overlay_label=not_apply&search_layout=grid&position=4&type=item&tracking_id=0d117105-f9ed-44da-bbaf-9e3721f00c21&sid=search	nueva-pompeya	81 m²	77 m²	0	0	4		Departamento	Lateral	40 años	30.000 ARS	Sí	Sí		No	Sí	No		No	Sí	Sí	No	Sí	Sí	No	Sí	Sí	No	No	Sí	4 m²	1	Este	Sí	Sí						Sí								Sí																							
Departamento en venta	Grito De Asencio 3722 - Pompeya - 1 Amb. Ideal Inversor!	32000	USD	US$32.000	False	0	0	1	19.0	1 baño19 m² cubiertos	Grito De Asencio 3722, Nueva Pompeya, Capital Federal	https://departamento.mercadolibre.com.ar/MLA-3732459170-grito-de-asencio-3722-pompeya-1-amb-ideal-inversor-_JM#polycard_client=search-desktop&price_drop=not_apply&be_origin=backend&overlay_label=not_apply&search_layout=grid&position=5&type=item&tracking_id=0d117105-f9ed-44da-bbaf-9e3721f00c21&sid=search	nueva-pompeya	19 m²	19 m²	0	0		1	Departamento		15 años	59.500 ARS	Sí			No	No	No								No	Sí	No	No	No																																											
Departamento en venta	Departamento De 4 Ambientes En Venta En Nueva Pompeya Con Balcón. - Barrio Espora.	45000	USD	US$45.000	False	4	3	1	81.0	4 ambs.1 baño81 m² cubiertos	Osvaldo Cruz 3836-90-3970, Nueva Pompeya, Capital Federal	https://departamento.mercadolibre.com.ar/MLA-1948695509-departamento-de-4-ambientes-en-venta-en-nueva-pompeya-con-balcon-barrio-espora-_JM#polycard_client=search-desktop&price_drop=not_apply&be_origin=backend&overlay_label=not_apply&search_layout=grid&position=6&type=item&tracking_id=0d117105-f9ed-44da-bbaf-9e3721f00c21&sid=search	nueva-pompeya	81 m²	81 m²	1	0		3	Departamento	Lateral	42 años	0 ARS	Sí	No		No	No	No		No	Sí	No	No	Sí	Sí	No	Sí	Sí	No	No	No		3		Sí	Sí						Sí	Sí				24 horas																										
Departamento en venta	Luminoso 3 Amb Con Cochera Fija Y Cubierta	111900	USD	US$111.900	False	3	2	1	69.0	3 ambs.1 baño69 m² cubiertos	Tilcara 3000, Nueva Pompeya, Capital Federal	https://departamento.mercadolibre.com.ar/MLA-1945717149-luminoso-3-amb-con-cochera-fija-y-cubierta-_JM#polycard_client=search-desktop&price_drop=not_apply&be_origin=backend&overlay_label=not_apply&search_layout=grid&position=7&type=item&tracking_id=0d117105-f9ed-44da-bbaf-9e3721f00c21&sid=search	nueva-pompeya	73 m²	69 m²	1	0	99	7	Departamento	Frente	46 años	168.000 ARS	No	Sí		Sí			Sí	No	Sí	No		Sí	No			Sí	No	No	No	4 m²	10	Norte																																							
Departamento en venta	Departamento 2 Ambientes En Venta En Nueva Pompeya	64000	USD	US$64.000	False	2	1	1	40.0	2 ambs.1 baño40 m² cubiertos	Coronel Pagola 3900, Nueva Pompeya, Capital Federal	https://departamento.mercadolibre.com.ar/MLA-1945711715-departamento-2-ambientes-en-venta-en-nueva-pompeya-_JM#polycard_client=search-desktop&price_drop=not_apply&be_origin=backend&overlay_label=not_apply&search_layout=grid&position=8&type=item&tracking_id=0d117105-f9ed-44da-bbaf-9e3721f00c21&sid=search	nueva-pompeya	41 m²	40 m²	0	0	99	13	Departamento	Frente	8 años	132.000 ARS	No	Sí		No		Sí	Sí	No	Sí	No		Sí	Sí			No	No	No	No	1,6 m²	15	Norte						Sí																																	
Departamento en venta	Depto 4 Amb. Venta Pompeya C/dep. Y Baulera -	95000	USD	US$95.000	False	4	3	3	126.0	4 ambs.3 baños126 m² cubiertos	Esquiú 900, Nueva Pompeya, Capital Federal	https://departamento.mercadolibre.com.ar/MLA-3721815544-depto-4-amb-venta-pompeya-cdep-y-baulera--_JM#polycard_client=search-desktop&price_drop=not_apply&be_origin=backend&overlay_label=not_apply&search_layout=grid&position=9&type=item&tracking_id=0d117105-f9ed-44da-bbaf-9e3721f00c21&sid=search	nueva-pompeya	126 m²	126 m²	0	1	99	5	Departamento	Frente	55 años	317.400 ARS	No	No		Sí			Sí	No	Sí	Sí		Sí	Sí		Sí	Sí	No	No	No		13	Norte		Sí				Sí																											Sí						
Departamento en venta	3 Ambientes En Parque Patricios.	79000	USD	US$79.000	False	3	2	1	45.0	3 ambs.1 baño45 m² cubiertos	Avenida Almafuerte 0, Nueva Pompeya, Capital Federal	https://departamento.mercadolibre.com.ar/MLA-1945484383-3-ambientes-en-parque-patricios-_JM#polycard_client=search-desktop&price_drop=not_apply&be_origin=backend&overlay_label=not_apply&search_layout=grid&position=10&type=item&tracking_id=0d117105-f9ed-44da-bbaf-9e3721f00c21&sid=search	nueva-pompeya	45 m²	45 m²	0	0	99	11	Departamento	Lateral	50 años	180.000 ARS	No	No		Sí				No		Sí		No	Sí		Sí	Sí	No	No	No		15	Norte		Sí																																					
Departamento en venta	Dpto 4 Amb En Venta Pompeya C/dep Baulera Y Balcon	129500	USD	US$129.500	False	4	3	3	114.0	4 ambs.3 baños114 m² cubiertos	Esquiú 900, Nueva Pompeya, Capital Federal	https://departamento.mercadolibre.com.ar/MLA-3721592844-dpto-4-amb-en-venta-pompeya-cdep-baulera-y-balcon-_JM#polycard_client=search-desktop&price_drop=not_apply&be_origin=backend&overlay_label=not_apply&search_layout=grid&position=11&type=item&tracking_id=0d117105-f9ed-44da-bbaf-9e3721f00c21&sid=search	nueva-pompeya	126 m²	114 m²	0	1	99	6	Departamento	Frente	55 años	218.521 ARS	Sí	Sí		Sí				No		No		Sí	Sí		Sí	Sí	No	No	No	11,94 m²	13	Norte		Sí																																					
Departamento en venta	Venta Depto. 3 Amb Con Balcon En Pompeya	65000	USD	US$65.000	False	3	2	1	49.0	3 ambs.1 baño49 m² cubiertos	Enrique Ochoa 300, Nueva Pompeya, Capital Federal	https://departamento.mercadolibre.com.ar/MLA-3720665602-venta-depto-3-amb-con-balcon-en-pompeya-_JM#polycard_client=search-desktop&price_drop=not_apply&be_origin=backend&overlay_label=not_apply&search_layout=grid&position=12&type=item&tracking_id=0d117105-f9ed-44da-bbaf-9e3721f00c21&sid=search	nueva-pompeya	53 m²	49 m²	0	0	99	1	Departamento	Frente	53 años	170.000 ARS	No	No		No			Sí	No	Sí	No		Sí	Sí			No	Sí	Sí	No	4,21 m²	4	Norte																																							
Departamento en venta	Departamento 4 Ambientes Baulera Centro Pompeya	60000	USD	US$60.000	False	4	3	1	54.0	4 ambs.1 baño54 m² cubiertos	Ventana 3700, Nueva Pompeya, Capital Federal	https://departamento.mercadolibre.com.ar/MLA-3720090360-departamento-4-ambientes-baulera-centro-pompeya-_JM#polycard_client=search-desktop&price_drop=not_apply&be_origin=backend&overlay_label=not_apply&search_layout=grid&position=13&type=item&tracking_id=0d117105-f9ed-44da-bbaf-9e3721f00c21&sid=search	nueva-pompeya	58 m²	54 m²	0	0	99	2	Departamento	Frente	56 años	120.000 ARS	No	Sí		No	Sí			No	Sí	No		No	No			No	No	No	No		3	Norte																																							
Departamento en venta	Departamento En Pompeya	60000	USD	US$60.000	False	4	3	2	81.0	4 ambs.2 baños81 m² totales	Osvaldo Cruz Al 3800, Nueva Pompeya, Capital Federal	https://departamento.mercadolibre.com.ar/MLA-1929665731-departamento-en-pompeya-_JM#polycard_client=search-desktop&price_drop=not_apply&be_origin=backend&overlay_label=not_apply&search_layout=grid&position=14&type=item&tracking_id=0d117105-f9ed-44da-bbaf-9e3721f00c21&sid=search	nueva-pompeya	81 m²		0	2	4	2	Departamento	Frente	40 años	35.000 ARS	No	Sí		No	Sí	No		No	Sí	Sí	No	Sí	Sí	No	Sí	No	Sí	No	Sí				Sí	Sí						Sí	Sí																														
Departamento en venta	Venta Departamento 4 Ambientes Pompeya Por Escalera	78000	USD	US$78.000	False	3	2	1	53.0	3 ambs.1 baño53 m² totales	TILCARA 3173, Nueva Pompeya, Capital Federal	https://departamento.mercadolibre.com.ar/MLA-1914639773-venta-departamento-4-ambientes-pompeya-por-escalera-_JM#polycard_client=search-desktop&price_drop=not_apply&be_origin=backend&overlay_label=not_apply&search_layout=grid&position=15&type=item&tracking_id=0d117105-f9ed-44da-bbaf-9e3721f00c21&sid=search	nueva-pompeya	53,62 m²		0		9	2	Departamento	Frente	53 años	179.000 ARS	Sí	Sí		No	No	No		No	Sí	Sí	No	Sí	Sí	No	Sí	Sí	Sí	Sí	Sí	2,9 m²	3																Sí			Sí							Sí														
Departamento en venta	Venta Monoambiente Departamento Pompeya Frente Balcon Apto Credito	52000	USD	US$52.000	False	1	0	1	33.0	1 amb.1 baño33 m² cubiertos	Quilmes 390, Nueva Pompeya, Capital Federal	https://departamento.mercadolibre.com.ar/MLA-3600679356-venta-monoambiente-departamento-pompeya-frente-balcon-apto-credito-_JM#polycard_client=search-desktop&price_drop=not_apply&be_origin=backend&overlay_label=not_apply&search_layout=grid&position=16&type=item&tracking_id=0d117105-f9ed-44da-bbaf-9e3721f00c21&sid=search	nueva-pompeya	36 m²	33 m²	0	0		1	Departamento	Frente	15 años	45.000 ARS		Sí	Sí	Sí	No	No		No	No	No	No	Sí	Sí	No	Sí	Sí	No	No	No		2	Sur															Sí																								
Departamento en venta	Venta Departamento Pompeya Tres Ambientes Balcón Frente Apto Credito	100000	USD	US$100.000	False	3	2	1	60.0	3 ambs.1 baño60 m² cubiertos	Castro Barros 2189, Nueva Pompeya, Capital Federal	https://departamento.mercadolibre.com.ar/MLA-3600694106-venta-departamento-pompeya-tres-ambientes-balcon-frente-apto-credito-_JM#polycard_client=search-desktop&price_drop=not_apply&be_origin=backend&overlay_label=not_apply&search_layout=grid&position=17&type=item&tracking_id=0d117105-f9ed-44da-bbaf-9e3721f00c21&sid=search	nueva-pompeya	65 m²	60 m²	0	0		1	Departamento	Frente	26 años	120.000 ARS		Sí		Sí	Sí	No		No	Sí	No	No	Sí	Sí	No	Sí	Sí	Sí	No	Sí	5 m²	10	Oeste	Sí	Sí													Sí																								
Departamento en venta	Se Vende Un Departamento De 2 Ambientes Con Patio - Nueva Pompeya	52000	USD	US$52.000	False	2	1	1	34.0	2 ambs.1 baño34 m² cubiertos	Trole 400, Nueva Pompeya, Capital Federal	https://departamento.mercadolibre.com.ar/MLA-3438301458-se-vende-un-departamento-de-2-ambientes-con-patio-nueva-pompeya-_JM#polycard_client=search-desktop&price_drop=not_apply&be_origin=backend&overlay_label=not_apply&search_layout=grid&position=18&type=item&tracking_id=0d117105-f9ed-44da-bbaf-9e3721f00c21&sid=search	nueva-pompeya	40 m²	34 m²	0						38 años	120.000 ARS		No		No	No	No		No	No	No	No	No	No	No		No	No	No	No		6																																								
Departamento en venta	Venta Departamento 3 Ambientes En Pompeya	43000	USD	US$43.000	False	3	2	1	53.0	3 ambs.1 baño53 m² cubiertos	Osvaldo Cruz Al 3800, Nueva Pompeya, Capital Federal	https://departamento.mercadolibre.com.ar/MLA-3424256344-venta-departamento-3-ambientes-en-pompeya-_JM#polycard_client=search-desktop&price_drop=not_apply&be_origin=backend&overlay_label=not_apply&search_layout=grid&position=19&type=item&tracking_id=0d117105-f9ed-44da-bbaf-9e3721f00c21&sid=search	nueva-pompeya	59 m²	53 m²	0	0		2	Departamento	Contrafrente	40 años	0 ARS	Sí	Sí		No	No	No		No	No	No	No	Sí	Sí	No	Sí	Sí	No	No	No	5 m²	1	Norte	Sí								Sí														Sí			Sí													
Departamento en venta	Apto Crédito - Departamento De 4 Ambientes En Venta En Pompeya Con Balcón.	52000	USD	US$52.000	False	4	3	1	73.0	4 ambs.1 baño73 m² cubiertos	Osvaldo Cruz Al 3800, Nueva Pompeya, Capital Federal	https://departamento.mercadolibre.com.ar/MLA-3424289998-apto-credito-departamento-de-4-ambientes-en-venta-en-pompeya-con-balcon-_JM#polycard_client=search-desktop&price_drop=not_apply&be_origin=backend&overlay_label=not_apply&search_layout=grid&position=20&type=item&tracking_id=0d117105-f9ed-44da-bbaf-9e3721f00c21&sid=search	nueva-pompeya	81 m²	73 m²	0	1	4	1	Departamento	Lateral	40 años	35.000 ARS	No	Sí		No	Sí	No		No	No	No	No	Sí	Sí	No	Sí	Sí	No	No	Sí	8 m²		Norte	Sí	Sí						Sí							Sí								Sí			Sí													
Departamento en venta	Venta Departamento 2 Ambientes En Pompeya	44895	USD	US$44.895	False	2	1	1	29.0	2 ambs.1 baño29 m² cubiertos	Trole Al 500, Nueva Pompeya, Capital Federal	https://departamento.mercadolibre.com.ar/MLA-3122506444-venta-departamento-2-ambientes-en-pompeya-_JM#polycard_client=search-desktop&price_drop=not_apply&be_origin=backend&overlay_label=not_apply&search_layout=grid&position=21&type=item&tracking_id=0d117105-f9ed-44da-bbaf-9e3721f00c21&sid=search	nueva-pompeya	29 m²	29 m²	0	0	5	3	Departamento	Contrafrente	40 años	150.000 ARS	Sí	No		Sí	No	No		No	No	No	No	No	No	No	Sí	No	No	No	No		7	Sur																																							
Departamento en venta	Departamento 3 Ambientes Balcon Lavadero Pompeya	79500	USD	US$79.500	False	3	2	1	87.0	3 ambs.1 baño87 m² cubiertos	Coronel Martiniano Chilavert 1500, Nueva Pompeya, Capital Federal	https://departamento.mercadolibre.com.ar/MLA-2005771469-departamento-3-ambientes-balcon-lavadero-pompeya-_JM#polycard_client=search-desktop&float_highlight=recent_publication&price_drop=not_apply&be_origin=backend&overlay_label=not_apply&search_layout=grid&position=22&type=item&tracking_id=0d117105-f9ed-44da-bbaf-9e3721f00c21&sid=search	nueva-pompeya	103 m²	87 m²	0	0	99	1	Departamento	Frente	35 años	0 ARS	No	Sí		No				No		Sí		Sí	Sí		Sí	Sí	No	No	No	5,75 m²	3	Norte		Sí																																					
Departamento en venta	Departamento 4 Ambiente Al Frente Con Balcon	45000	USD	US$45.000	False	4	3	1	50.0	4 ambs.1 baño50 m² cubiertos	Ventura De La Vega 3700, Nueva Pompeya, Capital Federal	https://departamento.mercadolibre.com.ar/MLA-1964338659-departamento-4-ambiente-al-frente-con-balcon-_JM#polycard_client=search-desktop&price_drop=not_apply&be_origin=backend&overlay_label=not_apply&search_layout=grid&position=23&type=item&tracking_id=0d117105-f9ed-44da-bbaf-9e3721f00c21&sid=search	nueva-pompeya	52 m²	50 m²	0	0	3	1	Departamento	Frente	63 años	0 ARS	No	Sí		No	No	No								No	Sí	Sí	No	Sí			3	Norte																					Sí																		
Departamento en venta	Venta Departamento 3 Ambientes + Escritorio Pompeya 2 Patios Apto Credito Opcional Cochera Y Bauler	69990	USD	US$69.990	False	3	2	1	59.0	3 ambs.1 baño59 m² cubiertos	TROLE 551, Nueva Pompeya, Capital Federal	https://departamento.mercadolibre.com.ar/MLA-1948552045-venta-departamento-3-ambientes-escritorio-pompeya-2-patios-apto-credito-opcional-cochera-y-bauler-_JM#polycard_client=search-desktop&price_drop=not_apply&be_origin=backend&overlay_label=not_apply&search_layout=grid&position=24&type=item&tracking_id=0d117105-f9ed-44da-bbaf-9e3721f00c21&sid=search	nueva-pompeya	71,26 m²	59,63 m²	1	0		1	Departamento	Frente	49 años	212.300 ARS	Sí	Sí		Sí	No	No		No	Sí	No	No	No	Sí	No	Sí	Sí	Sí	Sí	No		7		Sí	Sí											24 horas			Sí																							
Departamento en venta	Departamento 4 Amb. En Venta En Pompeya.	55000	USD	US$55.000	False	4	3	1	72.0	4 ambs.1 baño72 m² cubiertos	Osvaldo Cruz 3800, Nueva Pompeya, Capital Federal	https://departamento.mercadolibre.com.ar/MLA-1946157533-departamento-4-amb-en-venta-en-pompeya-_JM#polycard_client=search-desktop&price_drop=not_apply&be_origin=backend&overlay_label=not_apply&search_layout=grid&position=25&type=item&tracking_id=0d117105-f9ed-44da-bbaf-9e3721f00c21&sid=search	nueva-pompeya	80 m²	72 m²	0	0	99	1	Departamento	Frente	22 años	48.000 ARS	No	No		No				No	Sí	No		No	No			No	No	No	No		4	Norte								Sí																															
Departamento en venta	Venta Departamento 2 Ambientes Mucha Luz Pompeya	62000	USD	US$62.000	False	2	1	1	40.0	2 ambs.1 baño40 m² cubiertos	Coronel Pagola 3900, Nueva Pompeya, Capital Federal	https://departamento.mercadolibre.com.ar/MLA-1945612345-venta-departamento-2-ambientes-mucha-luz-pompeya-_JM#polycard_client=search-desktop&price_drop=not_apply&be_origin=backend&overlay_label=not_apply&search_layout=grid&position=26&type=item&tracking_id=0d117105-f9ed-44da-bbaf-9e3721f00c21&sid=search	nueva-pompeya	42 m²	40 m²	0	0	99	9	Departamento	Frente	8 años	80.000 ARS	No	No		No	Sí	Sí	Sí	No	Sí	No		No	No			No	No	No	No		15	Norte																																							
Departamento en venta	Venta Departamento 2 Amb. Pompeya A Mts. Metrobus	46900	USD	US$46.900	False	2	1	1	33.0	2 ambs.1 baño33 m² cubiertos	Abraham J. Luppi 900, Nueva Pompeya, Capital Federal	https://departamento.mercadolibre.com.ar/MLA-1945612119-venta-departamento-2-amb-pompeya-a-mts-metrobus-_JM#polycard_client=search-desktop&price_drop=not_apply&be_origin=backend&overlay_label=not_apply&search_layout=grid&position=27&type=item&tracking_id=0d117105-f9ed-44da-bbaf-9e3721f00c21&sid=search	nueva-pompeya	33 m²	33 m²	0	0	99	2	Departamento	Contrafrente	56 años	127.000 ARS	No	No		No			Sí	No	Sí	No		No	Sí			No	No	No	No		14	Sur																																							
Departamento en venta	Venta Monoambiente Balcón Amenities Pompeya	59000	USD	US$59.000	False	1	0	1	35.0	1 amb.1 baño35 m² cubiertos	Avenida La Plata 2900, Nueva Pompeya, Capital Federal	https://departamento.mercadolibre.com.ar/MLA-1945605677-venta-monoambiente-balcon-amenities-pompeya-_JM#polycard_client=search-desktop&price_drop=not_apply&be_origin=backend&overlay_label=not_apply&search_layout=grid&position=28&type=item&tracking_id=0d117105-f9ed-44da-bbaf-9e3721f00c21&sid=search	nueva-pompeya	41 m²	35 m²	0	0	99	3	Departamento	Contrafrente	5 años	124.000 ARS	Sí	Sí		Sí				No		Sí		Sí	Sí	Sí	Sí	No	Sí	No	No	6,35 m²	7	Norte	Sí				Sí																																		
Departamento en venta	Venta Depto 3 Amb En Pompeya	85000	USD	US$85.000	False	3	2	1	45.0	3 ambs.1 baño45 m² cubiertos	Trole 300, Nueva Pompeya, Capital Federal	https://departamento.mercadolibre.com.ar/MLA-1945491799-venta-depto-3-amb-en-pompeya-_JM#polycard_client=search-desktop&price_drop=not_apply&be_origin=backend&overlay_label=not_apply&search_layout=grid&position=29&type=item&tracking_id=0d117105-f9ed-44da-bbaf-9e3721f00c21&sid=search	nueva-pompeya	47 m²	45 m²	0	0	99	1	Departamento	Frente	50 años	200.000 ARS	No	No		No				No		No		No	No			No	No	No	No		8	Norte																																							
Departamento en venta	Venta Depto 3 Amb Luminoso Pompeya Apto Credito	59000	USD	US$59.000	False	3	2	1	48.0	3 ambs.1 baño48 m² cubiertos	Fournier 2300, Nueva Pompeya, Capital Federal	https://departamento.mercadolibre.com.ar/MLA-3720096494-venta-depto-3-amb-luminoso-pompeya-apto-credito-_JM#polycard_client=search-desktop&price_drop=not_apply&be_origin=backend&overlay_label=not_apply&search_layout=grid&position=30&type=item&tracking_id=0d117105-f9ed-44da-bbaf-9e3721f00c21&sid=search	nueva-pompeya	48 m²	48 m²	0	0	99	2	Departamento	Contrafrente	66 años	50.000 ARS	Sí	Sí		No			Sí	Sí	Sí	No		No	Sí			Sí	No	No	No		3	Este		Sí																																					
Departamento en venta	Venta 3 Amb Lav Bcon Brrio Espora Barracas Ap Cred	45000	USD	US$45.000	False	3	2	1	54.0	3 ambs.1 baño54 m² cubiertos	Osvaldo Cruz 3800, Nueva Pompeya, Capital Federal	https://departamento.mercadolibre.com.ar/MLA-3720659852-venta-3-amb-lav-bcon-brrio-espora-barracas-ap-cred-_JM#polycard_client=search-desktop&price_drop=not_apply&be_origin=backend&overlay_label=not_apply&search_layout=grid&position=31&type=item&tracking_id=0d117105-f9ed-44da-bbaf-9e3721f00c21&sid=search	nueva-pompeya	60 m²	54 m²	1	1	99	3	Departamento	Frente	46 años	33.000 ARS	No	Sí		No	Sí			No	Sí	Sí		Sí	Sí		Sí	Sí	Sí	No	No	6 m²	3	Norte		Sí													Sí											Sí													
Departamento en venta	Venta Dpto 3 Dorm - 104m2 - Balcón - Pompeya	105000	USD	US$105.000	False	3	3	2	104.0	3 ambs.2 baños104 m² cubiertos	Tilcara 3000, Nueva Pompeya, Capital Federal	https://departamento.mercadolibre.com.ar/MLA-3720093088-venta-dpto-3-dorm-104m2-balcon-pompeya-_JM#polycard_client=search-desktop&price_drop=not_apply&be_origin=backend&overlay_label=not_apply&search_layout=grid&position=32&type=item&tracking_id=0d117105-f9ed-44da-bbaf-9e3721f00c21&sid=search	nueva-pompeya	104 m²	104 m²	0	0	99		Departamento	Frente	46 años	0 ARS	No	Sí		No	Sí		Sí	No	Sí	Sí		Sí	Sí		Sí	Sí	No	No	No		9	Norte		Sí																																					
Departamento en venta	Departamento 3 Amb Con Balcon Pompeya Centro	85000	USD	US$85.000	False	3	2	1	60.0	3 ambs.1 baño60 m² cubiertos	Romero 400, Nueva Pompeya, Capital Federal	https://departamento.mercadolibre.com.ar/MLA-3719600808-departamento-3-amb-con-balcon-pompeya-centro-_JM#polycard_client=search-desktop&price_drop=not_apply&be_origin=backend&overlay_label=not_apply&search_layout=grid&position=33&type=item&tracking_id=0d117105-f9ed-44da-bbaf-9e3721f00c21&sid=search	nueva-pompeya	71 m²	60 m²	0	0	99	1	Departamento	Frente	53 años	148.000 ARS	Sí	Sí		No				No	Sí	No		Sí	Sí			No	No	No	No	3,94 m²	3	Norte		Sí																																					
Departamento en venta	Venta Monoambiente Piso Alto A Estrenar Pompeya	35000	USD	US$35.000	False	1	0	1	20.0	1 amb.1 baño20 m² cubiertos	Coronel Martiniano Chilavert 1400, Nueva Pompeya, Capital Federal	https://departamento.mercadolibre.com.ar/MLA-3720096498-venta-monoambiente-piso-alto-a-estrenar-pompeya-_JM#polycard_client=search-desktop&price_drop=not_apply&be_origin=backend&overlay_label=not_apply&search_layout=grid&position=34&type=item&tracking_id=0d117105-f9ed-44da-bbaf-9e3721f00c21&sid=search	nueva-pompeya	20 m²	20 m²	0	0	99	3	Departamento	Frente	4 años	200.000 ARS	No	No		No				No		No		Sí	Sí			No	No	No	No		7	Norte																																							
Departamento en venta	Venta Departamento 2 Ambientes Nueva Pompeya	35000	USD	US$35.000	False	2	1	1	45.0	2 ambs.1 baño45 m² cubiertos	Santo Domingo 3800, Nueva Pompeya, Capital Federal	https://departamento.mercadolibre.com.ar/MLA-1945076341-venta-departamento-2-ambientes-nueva-pompeya-_JM#polycard_client=search-desktop&price_drop=not_apply&be_origin=backend&overlay_label=not_apply&search_layout=grid&position=35&type=item&tracking_id=0d117105-f9ed-44da-bbaf-9e3721f00c21&sid=search	nueva-pompeya	45 m²	45 m²	0	0	99	2	Departamento	Frente	46 años	25.000 ARS	No	Sí		No	Sí			No	Sí	No		Sí	Sí			No	No	No	No			Norte		Sí																																					
Departamento en venta	Venta Depto 4 Ambientes Con Balcon En Pompeya	85000	USD	US$85.000	False	4	3	1	49.0	4 ambs.1 baño49 m² cubiertos	Avenida Sáenz 300, Nueva Pompeya, Capital Federal	https://departamento.mercadolibre.com.ar/MLA-1945605787-venta-depto-4-ambientes-con-balcon-en-pompeya-_JM#polycard_client=search-desktop&price_drop=not_apply&be_origin=backend&overlay_label=not_apply&search_layout=grid&position=36&type=item&tracking_id=0d117105-f9ed-44da-bbaf-9e3721f00c21&sid=search	nueva-pompeya	52 m²	49 m²	0	0	99	1	Departamento	Frente	51 años	190.000 ARS	No	Sí		Sí				No		Sí		Sí	Sí		Sí	Sí	Sí	Sí	No	2,34 m²	4	Este																																							
Departamento en venta	Iguazu Al 1500 - 59 M2 Impecable Amplio Balcon T/sol T/externo Espectacular Living	45000	USD	US$45.000	False	3	2	1	59.0	3 ambs.1 baño59 m² cubiertos	Iguazu Al 1500 3°, Nueva Pompeya, Capital Federal	https://departamento.mercadolibre.com.ar/MLA-3536452334-iguazu-al-1500-59-m2-impecable-amplio-balcon-tsol-texterno-espectacular-living-_JM#polycard_client=search-desktop&price_drop=not_apply&be_origin=backend&overlay_label=not_apply&search_layout=grid&position=37&type=item&tracking_id=0d117105-f9ed-44da-bbaf-9e3721f00c21&sid=search	nueva-pompeya	59 m²	59 m²	0	0			Departamento		40 años	25.000 ARS	No	Sí		Sí	Sí	No		No	Sí	Sí	No	Sí	Sí	No	Sí	Sí	No	No	Sí		1			Sí																																					
Departamento en venta	Venta De Departamento 5 Ambientes En Pompeya	120000	USD	US$120.000	False	5	3	3	240.0	5 ambs.3 baños240 m² cubiertos	Esquiu Al 900, Nueva Pompeya, Capital Federal	https://departamento.mercadolibre.com.ar/MLA-1771070433-venta-de-departamento-5-ambientes-en-pompeya-_JM#polycard_client=search-desktop&price_drop=not_apply&be_origin=backend&overlay_label=not_apply&search_layout=grid&position=38&type=item&tracking_id=0d117105-f9ed-44da-bbaf-9e3721f00c21&sid=search	nueva-pompeya	240 m²	240 m²	0	0	2	1	Departamento	Frente	50 años	450.000 ARS	Sí	No		Sí	No	No		No	Sí	Sí	Sí	No	No	No		Sí	No	No	No	34 m²										Sí																															
Departamento en venta	Departamento - Pompeya	29000	USD	US$29.000	False	1	0	1	17.0	1 amb.1 baño17 m² cubiertos	Trole Al 400, Nueva Pompeya, Capital Federal	https://departamento.mercadolibre.com.ar/MLA-3202756984-departamento-pompeya-_JM#polycard_client=search-desktop&float_highlight=not_apply&price_drop=not_apply&be_origin=backend&overlay_label=not_apply&search_layout=grid&position=39&type=item&tracking_id=0d117105-f9ed-44da-bbaf-9e3721f00c21&sid=search	nueva-pompeya	17 m²	17 m²	0	0			Departamento	Lateral	50 años	169.000 ARS	No	Sí		No	No	No		No	No	No	No	No	No	No	Sí	No	No	No	No		1																																								
Departamento en venta	Departamento En Venta 4 Ambientes 3 Dormitorios Con Terraza Y Sin Expensas	125000	USD	US$125.000	False	5	3	1	127.0	5 ambs.1 baño127 m² cubiertos	Santa Catalina Al 1350, Nueva Pompeya, Capital Federal	https://departamento.mercadolibre.com.ar/MLA-2899804000-departamento-en-venta-4-ambientes-3-dormitorios-con-terraza-y-sin-expensas-_JM#polycard_client=search-desktop&price_drop=not_apply&be_origin=backend&overlay_label=not_apply&search_layout=grid&position=40&type=item&tracking_id=0d117105-f9ed-44da-bbaf-9e3721f00c21&sid=search	nueva-pompeya	127 m²	127 m²	0	0			Departamento	Frente	50 años	0 ARS	No	No		No	Sí	No		Sí	Sí	Sí	No	Sí	Sí	No	Sí	Sí	No	No	Sí		2	Norte		Sí																																					
Departamento en venta	Departamento Impecable 3 Ambientes Planta Baja Barrio Espora	60000	USD	US$60.000	False	3	2	1	64.0	3 ambs.1 baño64 m² cubiertos	Sto Domingo 3880, C11 - 30037 Comuna 4, Cdad. Autónoma De Buenos Aires, Argentina, Nueva Pompeya, Capital Federal	https://departamento.mercadolibre.com.ar/MLA-1807523933-departamento-impecable-3-ambientes-planta-baja-barrio-espora-_JM#polycard_client=search-desktop&price_drop=not_apply&be_origin=backend&overlay_label=not_apply&search_layout=grid&position=41&type=item&tracking_id=0d117105-f9ed-44da-bbaf-9e3721f00c21&sid=search	nueva-pompeya	64 m²	64 m²	0	1	4		Departamento	Contrafrente	42 años	30.000 ARS		Sí		No					Sí	Sí			Sí		Sí	Sí	Sí	Sí	Sí	8 m²	3		Sí	Sí	7						Sí			Sí				Sí			Sí							Sí		Sí	Sí										
Departamento en venta	Departamento 3 Ambientes Barrio Espora Ingreso Sobre La Calle Pepiri	55000	USD	US$55.000	False	3	2	1	59.0	3 ambs.1 baño59 m² cubiertos	Comuna 4, Pepirí 1580, Ciudad Autónoma De Buenos Aires, Argentina, Nueva Pompeya, Capital Federal	https://departamento.mercadolibre.com.ar/MLA-3159676350-departamento-3-ambientes-barrio-espora-ingreso-sobre-la-calle-pepiri-_JM#polycard_client=search-desktop&price_drop=not_apply&be_origin=backend&overlay_label=not_apply&search_layout=grid&position=42&type=item&tracking_id=0d117105-f9ed-44da-bbaf-9e3721f00c21&sid=search	nueva-pompeya	64 m²	59 m²	0	1	4		Departamento	Contrafrente	42 años			Sí					Sí		Sí	Sí		Sí	Sí		Sí	Sí	Sí	Sí			3		Sí	Sí	1						Sí			Sí				Sí										Sí		Sí											
Departamento en venta	Departamento En Venta En Barrio Espora	63000	USD	US$63.000	False	4	3	2	81.0	4 ambs.2 baños81 m² cubiertos	Comuna 4, Pepirí 1580, C1437 Cdad. Autónoma De Buenos Aires, Ciudad Autónoma De Buenos Aires, Argentina, Nueva Pompeya, Capital Federal	https://departamento.mercadolibre.com.ar/MLA-1992200809-departamento-en-venta-en-barrio-espora-_JM#polycard_client=search-desktop&price_drop=not_apply&be_origin=backend&overlay_label=not_apply&search_layout=grid&position=43&type=item&tracking_id=0d117105-f9ed-44da-bbaf-9e3721f00c21&sid=search	nueva-pompeya	81 m²	81 m²	0	1	4		Departamento	Frente	42 años			Sí		No					Sí	Sí			Sí		Sí	Sí	Sí	Sí			3		Sí	Sí	19						Sí							Sí												Sí											
Departamento en venta	Departamento En Venta En Nueva Pompeya	55000	USD	US$55.000	False	3	2	1	59.0	3 ambs.1 baño59 m² cubiertos	Comuna 4, Pepirí 1580, Ciudad Autónoma De Buenos Aires, Argentina, Nueva Pompeya, Capital Federal	https://departamento.mercadolibre.com.ar/MLA-1992201065-departamento-en-venta-en-nueva-pompeya-_JM#polycard_client=search-desktop&price_drop=not_apply&be_origin=backend&overlay_label=not_apply&search_layout=grid&position=44&type=item&tracking_id=0d117105-f9ed-44da-bbaf-9e3721f00c21&sid=search	nueva-pompeya	59 m²	59 m²	0	1	4	1	Departamento	Contrafrente	42 años			Sí					Sí		Sí	Sí		Sí	Sí		Sí	Sí	Sí	Sí			3		Sí	Sí	1						Sí			Sí														Sí		Sí											
Departamento en venta	Departamento 3 Ambientes Con Balcòn Y Patio	90000	USD	US$90.000	False	3	2	1	62.0	3 ambs.1 baño62 m² cubiertos	Gual 2400, Nueva Pompeya, Capital Federal	https://departamento.mercadolibre.com.ar/MLA-2005711569-departamento-3-ambientes-con-balcn-y-patio-_JM#polycard_client=search-desktop&float_highlight=recent_publication&price_drop=not_apply&be_origin=backend&overlay_label=not_apply&search_layout=grid&position=45&type=item&tracking_id=0d117105-f9ed-44da-bbaf-9e3721f00c21&sid=search	nueva-pompeya	79 m²	62 m²	0	1	3		Departamento	Frente	45 años	112.000 ARS	Sí	Sí		Sí	No	No								No	Sí	Sí	No	Sí			1	Sur									Sí												Sí																		
Departamento en venta	Departamento En Venta En Barrio Espora	47000	USD	US$47.000	False	3	2	1	49.0	3 ambs.1 baño49 m² cubiertos	Comuna 4, Pepirí 1580, Ciudad Autónoma De Buenos Aires, Argentina, Nueva Pompeya, Capital Federal	https://departamento.mercadolibre.com.ar/MLA-1610432959-departamento-en-venta-en-barrio-espora-_JM#polycard_client=search-desktop&price_drop=not_apply&be_origin=backend&overlay_label=not_apply&search_layout=grid&position=46&type=item&tracking_id=0d117105-f9ed-44da-bbaf-9e3721f00c21&sid=search	nueva-pompeya	49 m²	49 m²	0	1	4	1	Departamento	Contrafrente	42 años			Sí					Sí		Sí	Sí		Sí	Sí		Sí	Sí	Sí	Sí			3		Sí	Sí	1						Sí			Sí														Sí		Sí											
Departamento en venta	Departamento 3 Ambientes Primer Piso Sobre Pepiri. Barrio Espora Posibilidad De Financiacion	48000	USD	US$48.000	False	3	2	1	49.0	3 ambs.1 baño49 m² cubiertos	Comuna 4, Pepirí 1580, Ciudad Autónoma De Buenos Aires, Argentina, Nueva Pompeya, Capital Federal	https://departamento.mercadolibre.com.ar/MLA-3291151854-departamento-3-ambientes-primer-piso-sobre-pepiri-barrio-espora-posibilidad-de-financiacion-_JM#polycard_client=search-desktop&price_drop=not_apply&be_origin=backend&overlay_label=not_apply&search_layout=grid&position=47&type=item&tracking_id=0d117105-f9ed-44da-bbaf-9e3721f00c21&sid=search	nueva-pompeya	49 m²	49 m²	0	1	4	1	Departamento	Contrafrente	42 años			Sí					Sí		Sí	Sí		Sí	Sí		Sí	Sí	Sí	Sí	Sí		3		Sí	Sí	1						Sí			Sí														Sí		Sí											
Departamento en venta	Venta Departamento 3 Ambientes Pompeya B.° Espora	57000	USD	US$57.000	False	3	2	1	64.0	3 ambs.1 baño64 m² cubiertos	Iguazú 1500, Nueva Pompeya, Capital Federal	https://departamento.mercadolibre.com.ar/MLA-1946226343-venta-departamento-3-ambientes-pompeya-b-espora-_JM#polycard_client=search-desktop&price_drop=not_apply&be_origin=backend&overlay_label=not_apply&search_layout=grid&position=48&type=item&tracking_id=0d117105-f9ed-44da-bbaf-9e3721f00c21&sid=search	nueva-pompeya	64 m²	64 m²	0	0	99		Departamento	Lateral	44 años	51.500 ARS	Sí	No	Sí	No			Sí	No	Sí	Sí		No	Sí		Sí	Sí	No	No	No		3	Norte		Sí																																					
Departamento en venta	2 Ambientes. Con Patio Cubierto. Placard Ventiladores De Techo. A.a. Frio Calor. Baño Y Cocina Reciclados A Nuevo.	52000	USD	US$52.000	False	2	1	1	38.0	2 ambs.1 baño38 m² cubiertos	Trole 389, Nueva Pompeya, Capital Federal	https://departamento.mercadolibre.com.ar/MLA-1994102513-2-ambientes-con-patio-cubierto-placard-ventiladores-de-techo-aa-frio-calor-bano-y-cocina-reciclados-a-nuevo-_JM#polycard_client=search-desktop&price_drop=not_apply&be_origin=backend&overlay_label=not_apply&search_layout=grid&position=1&type=item&tracking_id=6224252e-3300-43c6-9dfb-4e8d48ae5a1b&sid=search	nueva-pompeya	40 m²	38 m²	0		4	1	Departamento			110.000 ARS		Sí																			8																																								
Departamento en venta	Venta Departamento 2 Ambientes Con Balcón Terraza Y Entrepiso Edificio Moca Barracas	135000	USD	US$135.000	False	2	1	1	52.0	2 ambs.1 baño52 m² cubiertos	Av Montes De Oca Al 100. Entre Dr. Enrique Finochietto Y Av Caseros, Barracas, Capital Federal	https://departamento.mercadolibre.com.ar/MLA-2002011251-venta-departamento-2-ambientes-con-balcon-terraza-y-entrepiso-edificio-moca-barracas-_JM#polycard_client=search-desktop&float_highlight=recent_publication&price_drop=not_apply&be_origin=backend&overlay_label=not_apply&search_layout=grid&position=1&type=item&tracking_id=73d19c7f-c1a3-4f56-aab6-a628aad60123&sid=search	barracas	58,8 m²	52,1 m²	0	0	224		Departamento	Contrafrente	15 años	280.000 ARS	Sí	Sí	Sí	Sí	Sí	Sí		No	No	No	No	No	No	Sí	Sí	Sí	Sí	Sí	Sí	6,7 m²	5	Oeste			1	Sí	Sí	Sí	Sí						24 hs		Sí						Sí		Sí	Sí		Sí													
Departamento en venta	Venta Departamento Barracas Dos Ambientes Apto Credito	69000	USD	US$69.000	False	2	1	1	50.0	2 ambs.1 baño50 m² cubiertos	Olavarría 1740, Barracas, Capital Federal	https://departamento.mercadolibre.com.ar/MLA-3600690034-venta-departamento-barracas-dos-ambientes-apto-credito-_JM#polycard_client=search-desktop&price_drop=not_apply&be_origin=backend&overlay_label=not_apply&search_layout=grid&position=2&type=item&tracking_id=73d19c7f-c1a3-4f56-aab6-a628aad60123&sid=search	barracas	50 m²	50 m²	0	0	4		Departamento	Interno	56 años	40.000 ARS		Sí	Sí	No	No	No		No	Sí	Sí	No	No	Sí	No	Sí	No	No	No	Sí		3	Norte															Sí																								
Departamento en venta	Departamento En Venta En Barracas	250000	USD	US$250.000	False	4	3	3	170.0	4 ambs.3 baños170 m² cubiertos	Azara 140, Barracas, Capital Federal	https://departamento.mercadolibre.com.ar/MLA-1651346819-departamento-en-venta-en-barracas-_JM#polycard_client=search-desktop&price_drop=not_apply&be_origin=backend&overlay_label=not_apply&search_layout=grid&position=3&type=item&tracking_id=73d19c7f-c1a3-4f56-aab6-a628aad60123&sid=search	barracas	185 m²	170 m²	1	0	1	6	Piso	Frente	50 años	625.000 ARS	Sí	Sí		Sí			Sí		Sí	Sí	Sí	Sí	Sí		Sí	Sí		Sí		15 m²	12	Oeste		Sí						Sí					Virtual	Sí																			Sí						
Departamento en venta	Departamento 3 Ambientes En Venta En Isabel La Catolica Al 600 Barracas Caba	200000	USD	US$200.000	False	3	2	2	57.0	3 ambs.2 baños57 m² cubiertos	Isabel La Catolica Al 600 Barracas Caba, Barracas, Capital Federal	https://departamento.mercadolibre.com.ar/MLA-1986558495-departamento-3-ambientes-en-venta-en-isabel-la-catolica-al-600-barracas-caba-_JM#polycard_client=search-desktop&float_highlight=recent_publication&price_drop=not_apply&be_origin=backend&overlay_label=not_apply&search_layout=grid&position=4&type=item&tracking_id=73d19c7f-c1a3-4f56-aab6-a628aad60123&sid=search	barracas	59 m²	57 m²	0	0	5	3	Departamento	Frente	20 años	413.000 ARS	Sí	No		Sí	No	Sí		No	No	No	No	Sí	Sí	Sí		Sí	Sí	Sí	No			Sur				Sí	Sí	Sí																	Sí																
Departamento en venta	En Venta Departamento Montes De Oca 1100 Barracas	143000	USD	US$143.000	False	4	3	1	100.0	4 ambs.1 baño100 m² cubiertos	Montes De Oca Al 1100 Barracas Caba, Barracas, Capital Federal	https://departamento.mercadolibre.com.ar/MLA-1972489507-en-venta-departamento-montes-de-oca-1100-barracas-_JM#polycard_client=search-desktop&price_drop=not_apply&be_origin=backend&overlay_label=not_apply&search_layout=grid&position=5&type=item&tracking_id=73d19c7f-c1a3-4f56-aab6-a628aad60123&sid=search	barracas	105 m²	100 m²	0	0	4		Departamento	Frente	45 años	400.000 ARS	Sí	No		Sí	Sí	Sí	Sí	No	Sí	Sí	No	Sí	Sí	No	Sí	Sí	Sí	No	Sí		1	Este		Sí													Sí																								
Departamento en venta	Venta En Venta En Departamento 4 Ambientes En Barracas, Caba	205000	USD	US$205.000	False	4	3	3	99.0	4 ambs.3 baños99 m² cubiertos	Isabel LA Católica 1107 - Barracas, Caba., Barracas, Capital Federal	https://departamento.mercadolibre.com.ar/MLA-3762174626-venta-en-venta-en-departamento-4-ambientes-en-barracas-caba-_JM#polycard_client=search-desktop&price_drop=not_apply&be_origin=backend&overlay_label=not_apply&search_layout=grid&position=6&type=item&tracking_id=73d19c7f-c1a3-4f56-aab6-a628aad60123&sid=search	barracas	106 m²	99 m²	1	1	2	1	Departamento	Frente	39 años	259.300 ARS	Sí	No		Sí	Sí	Sí	Sí	No	Sí	Sí	No	Sí	Sí	No	Sí	No	No	Sí	Sí	2 m²	1	Este		Sí						Sí																			Sí												
Departamento en venta	Departamento 3 Ambientes En Venta En Av. Suarez Al 1200 Barracas Caba	185000	USD	US$185.000	False	3	2	2	55.0	3 ambs.2 baños55 m² cubiertos	Av. Suarez Al 1200 Barracas Caba, Barracas, Capital Federal	https://departamento.mercadolibre.com.ar/MLA-3729655006-departamento-3-ambientes-en-venta-en-av-suarez-al-1200-barracas-caba-_JM#polycard_client=search-desktop&price_drop=not_apply&be_origin=backend&overlay_label=not_apply&search_layout=grid&position=7&type=item&tracking_id=73d19c7f-c1a3-4f56-aab6-a628aad60123&sid=search	barracas	67 m²	55 m²	1	0	2	5	Departamento	Contrafrente	8 años	250.000 ARS	Sí	No		Sí	No	Sí		No	No	No	Sí	Sí	Sí	No		Sí	Sí	Sí	No			Norte						Sí								Sí									Sí																
Departamento en venta	Venta Departamento 3 Ambientes 1 Cochera Barracas	185000	USD	US$185.000	False	3	2	2	56.0	3 ambs.2 baños56 m² cubiertos	Avenida Suárez 1200, Barracas, Capital Federal	https://departamento.mercadolibre.com.ar/MLA-3720470090-venta-departamento-3-ambientes-1-cochera-barracas-_JM#polycard_client=search-desktop&price_drop=not_apply&be_origin=backend&overlay_label=not_apply&search_layout=grid&position=8&type=item&tracking_id=73d19c7f-c1a3-4f56-aab6-a628aad60123&sid=search	barracas	67 m²	56 m²	1	0	99	5	Departamento	Contrafrente	4 años	400.000 ARS	No	Sí	Sí	Sí				Sí		No		Sí	Sí		Sí	Sí	No	No	No	11,18 m²	10	Norte	Sí								Sí														Sí																
Departamento en venta	Venta De Departamento De 2 Ambientes Con Cochera En Barracas	150000	USD	US$150.000	False	2	1	1	80.0	2 ambs.1 baño80 m² cubiertos	Jose Aaron Samun Feijoo Al 700, Barracas, Capital Federal	https://departamento.mercadolibre.com.ar/MLA-3617381198-venta-de-departamento-de-2-ambientes-con-cochera-en-barracas-_JM#polycard_client=search-desktop&price_drop=not_apply&be_origin=backend&overlay_label=not_apply&search_layout=grid&position=9&type=item&tracking_id=73d19c7f-c1a3-4f56-aab6-a628aad60123&sid=search	barracas	80 m²	80 m²	1	0			Departamento	Frente	8 años	65.000 ARS	No	No		No	No	Sí		No	No	No	No	No	Sí	Sí	Sí	Sí	No	No	No		2	Este					Sí	Sí								Sí										Sí															
Departamento en venta	Venta Departamento 3 Ambientes Con Balcón En Barracas	112500	USD	US$112.500	False	3	2	1	63.0	3 ambs.1 baño63 m² cubiertos	Ituzaingo Al 900, Barracas, Capital Federal	https://departamento.mercadolibre.com.ar/MLA-1893134317-venta-departamento-3-ambientes-con-balcon-en-barracas-_JM#polycard_client=search-desktop&price_drop=not_apply&be_origin=backend&overlay_label=not_apply&search_layout=grid&position=10&type=item&tracking_id=73d19c7f-c1a3-4f56-aab6-a628aad60123&sid=search	barracas	66 m²	63 m²	0	0	3	5	Departamento	Contrafrente	50 años	222.000 ARS	No	No		Sí	No	Sí		No	No	No	No	Sí	Sí	No	Sí	Sí	No	No	No	3 m²	9	Sur																																							
Departamento en venta	Imperdible 3 Amb. Con Balcón En Barracas Parque Lezama Apto Crédito	115000	USD	US$115.000	False	3	2	1	62.0	3 ambs.1 baño62 m² cubiertos	Finochietto Al 700, Barracas, Capital Federal	https://departamento.mercadolibre.com.ar/MLA-3523119676-imperdible-3-amb-con-balcon-en-barracas-parque-lezama-apto-credito-_JM#polycard_client=search-desktop&price_drop=not_apply&be_origin=backend&overlay_label=not_apply&search_layout=grid&position=11&type=item&tracking_id=73d19c7f-c1a3-4f56-aab6-a628aad60123&sid=search	barracas	62 m²	62 m²	0	0	2	1	Departamento	Frente	60 años	110.000 ARS	Sí	Sí		No	No	No		No	Sí	Sí	No	Sí	Sí	No	Sí	Sí	No	No	No		1	Este																																							
Departamento en venta	Monoambiente En Venta En Av. Montes De Oca, Caba	58000	USD	US$58.000	False	1	1	1	44.0	1 amb.1 baño44 m² cubiertos	Av. Montes De OCA Al 1700, Caba, Barracas, Capital Federal	https://departamento.mercadolibre.com.ar/MLA-3477509590-monoambiente-en-venta-en-av-montes-de-oca-caba-_JM#polycard_client=search-desktop&price_drop=not_apply&be_origin=backend&overlay_label=not_apply&search_layout=grid&position=12&type=item&tracking_id=73d19c7f-c1a3-4f56-aab6-a628aad60123&sid=search	barracas	44 m²	44 m²	0	0	5	9	Departamento	Contrafrente	34 años	170.000 ARS	Sí	No		Sí	No	Sí	Sí	No	No	Sí	No	Sí	Sí	No	Sí	No	Sí	No	No		1	Este																											Sí												
Departamento en venta	Venta Departamento Tres Ambientes En Barracas, Capital Federal.	149000	USD	US$149.000	False	3	2	1	57.0	3 ambs.1 baño57 m² cubiertos	Montes De Oca Al 1100, Barracas, Capital Federal	https://departamento.mercadolibre.com.ar/MLA-1818127125-venta-departamento-tres-ambientes-en-barracas-capital-federal-_JM#polycard_client=search-desktop&price_drop=not_apply&be_origin=backend&overlay_label=not_apply&search_layout=grid&position=13&type=item&tracking_id=73d19c7f-c1a3-4f56-aab6-a628aad60123&sid=search	barracas	57 m²	57 m²	0	0	3	5	Departamento	Interno	70 años	150.000 ARS	Sí	Sí		Sí	No	Sí	Sí	No	No	No	No	No	Sí	No	Sí	Sí	No	No	No																				Sí																						
Departamento en venta	Venta | Departamento 3 Ambientes En Barracas Con Terraza Propia	193900	USD	US$193.900	False	3	2	1	57.0	3 ambs.1 baño57 m² cubiertos	Ituzaingo Al 900, Barracas, Capital Federal	https://departamento.mercadolibre.com.ar/MLA-1809179775-venta-departamento-3-ambientes-en-barracas-con-terraza-propia-_JM#polycard_client=search-desktop&price_drop=not_apply&be_origin=backend&overlay_label=not_apply&search_layout=grid&position=14&type=item&tracking_id=73d19c7f-c1a3-4f56-aab6-a628aad60123&sid=search	barracas	84 m²	57 m²	1	1			Departamento	Contrafrente	3 años	400.000 ARS	No	No		No	Sí	No		Sí	Sí	Sí	No	Sí	Sí	No	Sí	Sí	No	No	Sí	8 m²		Norte	Sí	Sí							Sí																														
Departamento en venta	Departamento 3 Ambientes En Venta En Av. Montes De Oca Al 1100 Barracas Caba	130000	USD	US$130.000	False	3	3	2	76.0	3 ambs.2 baños76 m² cubiertos	Av. Montes De Oca Al 1100 Barracas Caba, Barracas, Capital Federal	https://departamento.mercadolibre.com.ar/MLA-3378837082-departamento-3-ambientes-en-venta-en-av-montes-de-oca-al-1100-barracas-caba-_JM#polycard_client=search-desktop&price_drop=not_apply&be_origin=backend&overlay_label=not_apply&search_layout=grid&position=15&type=item&tracking_id=73d19c7f-c1a3-4f56-aab6-a628aad60123&sid=search	barracas	84 m²	76 m²	0	0		5	Departamento	Lateral	40 años	175.000 ARS	Sí	No		Sí	No	No		No	No	No	No	Sí	Sí	No		Sí	Sí	No	No	1 m²		Norte															Sí																		Sí						
Departamento en venta	Departamento 4 Ambientes En Venta En Av. Martin García Al 600 Barracas Caba	450000	USD	US$450.000	False	4	3	4	163.0	4 ambs.4 baños163 m² cubiertos	Av. Martin García Al 600 Barracas Caba, Barracas, Capital Federal	https://departamento.mercadolibre.com.ar/MLA-1771389087-departamento-4-ambientes-en-venta-en-av-martin-garcia-al-600-barracas-caba-_JM#polycard_client=search-desktop&price_drop=not_apply&be_origin=backend&overlay_label=not_apply&search_layout=grid&position=16&type=item&tracking_id=73d19c7f-c1a3-4f56-aab6-a628aad60123&sid=search	barracas	201 m²	163 m²	2	2	4	7	Departamento	Frente	15 años	800.000 ARS	Sí	Sí		Sí	Sí	Sí		No	Sí	Sí	Sí	Sí	Sí	Sí		Sí	Sí	Sí	Sí	4 m²		Norte		Sí				Sí								Sí		Sí							Sí																
Departamento en venta	Departamento En Venta 3 Ambientes En Av. Montes De Oca. Barracas, Caba.	99000	USD	US$99.000	False	3	2	1	63.0	3 ambs.1 baño63 m² cubiertos	Departamento En Venta De 3 Ambientes En Av. Montes De Oca, Barracas, Caba, Barracas, Capital Federal	https://departamento.mercadolibre.com.ar/MLA-1771068177-departamento-en-venta-3-ambientes-en-av-montes-de-oca-barracas-caba-_JM#polycard_client=search-desktop&price_drop=not_apply&be_origin=backend&overlay_label=not_apply&search_layout=grid&position=17&type=item&tracking_id=73d19c7f-c1a3-4f56-aab6-a628aad60123&sid=search	barracas	63 m²	63 m²	0	0	4		Departamento	Frente	50 años	170.000 ARS	Sí	No	Sí	Sí	Sí	Sí	Sí	No	Sí	No	No	Sí	Sí	No	Sí	No	Sí	No	No	1 m²	5	Este																											Sí												
Departamento en venta	Venta Departamento 2 Ambientes Con Patio En Barracas	73000	USD	US$73.000	False	2	1	1	54.0	2 ambs.1 baño54 m² cubiertos	Perdriel Al 1400, Barracas, Capital Federal	https://departamento.mercadolibre.com.ar/MLA-3196260284-venta-departamento-2-ambientes-con-patio-en-barracas-_JM#polycard_client=search-desktop&float_highlight=not_apply&price_drop=not_apply&be_origin=backend&overlay_label=not_apply&search_layout=grid&position=18&type=item&tracking_id=73d19c7f-c1a3-4f56-aab6-a628aad60123&sid=search	barracas	54 m²	54 m²	0	0	3		Departamento	Contrafrente	30 años	150.000 ARS	No	No		No	Sí	No	Sí	No	No	No	No	No	Sí	No	Sí	Sí	No	No	Sí		1	Oeste		Sí													Sí	Sí																							
Departamento en venta	Venta - Departamento - Barracas - Oportunidad Increíble Totalmente Renovado	125000	USD	US$125.000	False	3	2	1	59.0	3 ambs.1 baño59 m² cubiertos	Av. Montes De OCA Al 1700, Barracas, Capital Federal	https://departamento.mercadolibre.com.ar/MLA-1748806935-venta-departamento-barracas-oportunidad-increible-totalmente-renovado-_JM#polycard_client=search-desktop&float_highlight=not_apply&price_drop=not_apply&be_origin=backend&overlay_label=not_apply&search_layout=grid&position=19&type=item&tracking_id=73d19c7f-c1a3-4f56-aab6-a628aad60123&sid=search	barracas	59 m²	59 m²	0	0	3	5	Departamento	Contrafrente	50 años	0 ARS	No	No		Sí	Sí	Sí	Sí	No	Sí	Sí	No	Sí	Sí	No	Sí	Sí	Sí	Sí	Sí	4 m²	1	Norte		Sí																							Sí														
Departamento en venta	Departamento - Venta - Barracas - 4 Ambientes	500000	USD	US$500.000	False	4	3	3	220.0	4 ambs.3 baños220 m² cubiertos	Av. Martin Garcia Al 800, Barracas, Capital Federal	https://departamento.mercadolibre.com.ar/MLA-3044945446-departamento-venta-barracas-4-ambientes-_JM#polycard_client=search-desktop&float_highlight=not_apply&price_drop=not_apply&be_origin=backend&overlay_label=not_apply&search_layout=grid&position=20&type=item&tracking_id=73d19c7f-c1a3-4f56-aab6-a628aad60123&sid=search	barracas	232 m²	220 m²	2	1	1	15	Departamento	Frente	35 años	1.000.000 ARS	Sí	Sí		Sí	Sí	Sí		No	Sí	Sí	Sí	Sí	Sí	No	Sí	Sí	No	No	Sí		1	Norte	Sí	Sí		Sí	Sí	Sí		Sí						Sí						Sí			Sí		Sí		Sí												
Departamento en venta	Departamento 2 Ambientes En Venta En Av. Montes De Oca Al 1400 Barracas Caba	93000	USD	US$93.000	False	2	1	1	51.0	2 ambs.1 baño51 m² cubiertos	Av. Montes De Oca Al 1400 Barracas Caba, Barracas, Capital Federal	https://departamento.mercadolibre.com.ar/MLA-1660516637-departamento-2-ambientes-en-venta-en-av-montes-de-oca-al-1400-barracas-caba-_JM#polycard_client=search-desktop&price_drop=not_apply&be_origin=backend&overlay_label=not_apply&search_layout=grid&position=21&type=item&tracking_id=73d19c7f-c1a3-4f56-aab6-a628aad60123&sid=search	barracas	51 m²	51 m²	0	0	3		Departamento	Frente	40 años	140.000 ARS	Sí	No		Sí	No	No		No	No	No	No	No	Sí	No		Sí	Sí	No	No			Oeste																Sí																							
Departamento en venta	Departamento Venta - Barracas - 2ambientes Gde (dividido Como 3 Ambientes)	120000	USD	US$120.000	False	2	2	1	53.0	2 ambs.1 baño53 m² cubiertos	Ituzaingo Al 900, Barracas, Capital Federal	https://departamento.mercadolibre.com.ar/MLA-2649711460-departamento-venta-barracas-2ambientes-gde-dividido-como-3-ambientes-_JM#polycard_client=search-desktop&float_highlight=not_apply&price_drop=not_apply&be_origin=backend&overlay_label=not_apply&search_layout=grid&position=22&type=item&tracking_id=73d19c7f-c1a3-4f56-aab6-a628aad60123&sid=search	barracas	57 m²	53 m²	0	0	4	3	Departamento	Contrafrente	15 años	205.000 ARS	Sí	No		Sí	No	No		No	No	Sí	No	Sí	Sí	Sí		No	Sí	No	No		10	Norte						Sí									Sí								Sí																
Departamento en venta	Departamento En Venta - Barracas - 3 Ambientes Con Balcón Para Reciclar	129000	USD	US$129.000	False	3	2	1	80.0	3 ambs.1 baño80 m² totales	AV. Montes DE OCA 929 - Piso 4°, Barracas, Capital Federal	https://departamento.mercadolibre.com.ar/MLA-1777092555-departamento-en-venta-barracas-3-ambientes-con-balcon-para-reciclar-_JM#polycard_client=search-desktop&price_drop=not_apply&be_origin=backend&overlay_label=not_apply&search_layout=grid&position=23&type=item&tracking_id=73d19c7f-c1a3-4f56-aab6-a628aad60123&sid=search	barracas	80 m²		0	0			Departamento	Frente	65 años	200.000 ARS	No	No		No	Sí	No		No	No	Sí	No	Sí	No	No		No	No	No	Sí		9	Este		Sí						Sí																															
Departamento en venta	Departamento 2 Ambientes Reciclado A Nuevo En Venta Av. Suárez Al 1700, Barracas Vendo/permuto Dueño Dirécto	75000	USD	US$75.000	False	2	1	1	44.0	2 ambs.1 baño44 m² cubiertos	Av. Suárez 1700, Barracas, Capital Federal	https://departamento.mercadolibre.com.ar/MLA-3686242030-departamento-2-ambientes-reciclado-a-nuevo-en-venta-av-suarez-al-1700-barracas-vendopermuto-dueno-directo-_JM#polycard_client=search-desktop&price_drop=not_apply&be_origin=backend&overlay_label=not_apply&search_layout=grid&position=24&type=item&tracking_id=73d19c7f-c1a3-4f56-aab6-a628aad60123&sid=search	barracas	45 m²	44 m²	1	0			Departamento		40 años	130.000 ARS		No																			14																																								
Departamento en venta	3 Ambientes Tipo Casa Ph En Barracas Con Patio, Parrilla, Cochera. Refaccionado A Nuevo	118000	USD	US$118.000	False	3	2	2	92.0	3 ambs.2 baños92 m² cubiertos	Av. Australia 2902, Barracas, Capital Federal	https://departamento.mercadolibre.com.ar/MLA-3763095116-3-ambientes-tipo-casa-ph-en-barracas-con-patio-parrilla-cochera-refaccionado-a-nuevo-_JM#polycard_client=search-desktop&price_drop=not_apply&be_origin=backend&overlay_label=not_apply&search_layout=grid&position=25&type=item&tracking_id=73d19c7f-c1a3-4f56-aab6-a628aad60123&sid=search	barracas	111 m²	92 m²	1	0	1		Ph	Frente	40 años	30.000 ARS	Sí	Sí			No	No		Sí	Sí		No		Sí	No	Sí	Sí	No	No	Sí	7 m²	1		Sí	Sí						Sí	Sí							Sí	Sí						Sí																
Departamento en venta	Venta Semipiso 3 Amb Recliclado 13 Años Sup Luminoso Losa Radiante Opc Cochera Se Puede Alquilar En Frente 8 Minutos Del Obelisco Instituto Zaccaria Enfrente	135000	USD	US$135.000	False	3	2	1	70.0	3 ambs.1 baño70 m² cubiertos	MONTES DE OCA 1790, Barracas, Capital Federal	https://departamento.mercadolibre.com.ar/MLA-1919369019-venta-semipiso-3-amb-recliclado-13-anos-sup-luminoso-losa-radiante-opc-cochera-se-puede-alquilar-en-frente-8-minutos-del-obelisco-instituto-zaccaria-enfrente-_JM#polycard_client=search-desktop&price_drop=not_apply&be_origin=backend&overlay_label=not_apply&search_layout=grid&position=26&type=item&tracking_id=73d19c7f-c1a3-4f56-aab6-a628aad60123&sid=search	barracas	70 m²	70 m²	0	0	2	6	Semi piso	Frente	40 años	269.000 ARS	Sí	Sí		Sí		No	Sí	Sí	Sí	Sí		Sí	Sí		Sí	Sí	Sí	Sí	Sí	7 m²	11	Este	Sí	Sí													Sí						Sí	Sí								Sí									
Departamento en venta	Departamento En Barracas	89000	USD	US$89.000	False	2	1	1	54.0	2 ambs.1 baño54 m² cubiertos	Avenida Montes De Oca Al 1100, Barracas, Capital Federal	https://departamento.mercadolibre.com.ar/MLA-3636250624-departamento-en-barracas-_JM#polycard_client=search-desktop&price_drop=not_apply&be_origin=backend&overlay_label=not_apply&search_layout=grid&position=27&type=item&tracking_id=73d19c7f-c1a3-4f56-aab6-a628aad60123&sid=search	barracas	54 m²	54 m²	0	0	4	1	Departamento	Contrafrente	50 años	170.000 ARS	No	Sí		Sí	Sí	Sí		No	No	No	No	No	Sí	No	Sí	Sí	No	No	Sí		1	Este		Sí														Sí																							
Departamento en venta	Departamento En Barracas	98000	USD	US$98.000	False	2	1	1	46.0	2 ambs.1 baño46 m² cubiertos	Avenida Montes De Oca| Al 1500, Barracas, Capital Federal	https://departamento.mercadolibre.com.ar/MLA-3624451336-departamento-en-barracas-_JM#polycard_client=search-desktop&price_drop=not_apply&be_origin=backend&overlay_label=not_apply&search_layout=grid&position=28&type=item&tracking_id=73d19c7f-c1a3-4f56-aab6-a628aad60123&sid=search	barracas	50 m²	46 m²	0	0	2	4	Departamento	Contrafrente	15 años	250.000 ARS	No	No		Sí	Sí	Sí		No	No	No	No	Sí	Sí	No	Sí	Sí	No	No	Sí	4 m²	1	Oeste		Sí		Sí	Sí	Sí																	Sí																
Departamento en venta	Departamento En Barracas	155000	USD	US$155.000	False	3	2	2	85.0	3 ambs.2 baños85 m² cubiertos	Suarez Al 1600, Barracas, Capital Federal	https://departamento.mercadolibre.com.ar/MLA-1857016605-departamento-en-barracas-_JM#polycard_client=search-desktop&price_drop=not_apply&be_origin=backend&overlay_label=not_apply&search_layout=grid&position=29&type=item&tracking_id=73d19c7f-c1a3-4f56-aab6-a628aad60123&sid=search	barracas	95 m²	85 m²	0	1	1	4	Departamento	Frente	40 años	313.000 ARS	No	Sí		Sí	Sí	No		No	No	No	No	Sí	No	No	Sí	Sí	No	No	Sí		1	Norte		Sí						Sí																									Sí						
Departamento en venta	Departamento En Barracas	210000	USD	US$210.000	False	4	3	3	112.0	4 ambs.3 baños112 m² cubiertos	Avenida Montes De Oca Al 1200, Barracas, Capital Federal	https://departamento.mercadolibre.com.ar/MLA-1856989681-departamento-en-barracas-_JM#polycard_client=search-desktop&price_drop=not_apply&be_origin=backend&overlay_label=not_apply&search_layout=grid&position=30&type=item&tracking_id=73d19c7f-c1a3-4f56-aab6-a628aad60123&sid=search	barracas	125 m²	112 m²	0	0	1	7	Departamento	Frente	40 años	545.000 ARS	No	Sí		Sí	Sí	No		No	No	Sí	No	Sí	Sí	No	Sí	Sí	No	No	Sí			Este		Sí						Sí																									Sí						
Departamento en venta	Departamento En Barracas	74000	USD	US$74.000	False	2	1	1	47.0	2 ambs.1 baño47 m² cubiertos	Aristobulo Del Valle Al 1600, Barracas, Capital Federal	https://departamento.mercadolibre.com.ar/MLA-3310262328-departamento-en-barracas-_JM#polycard_client=search-desktop&price_drop=not_apply&be_origin=backend&overlay_label=not_apply&search_layout=grid&position=31&type=item&tracking_id=73d19c7f-c1a3-4f56-aab6-a628aad60123&sid=search	barracas	47 m²	47 m²	0	0	2	6	Departamento	Lateral	40 años	123.000 ARS	Sí	Sí		Sí	Sí	No		No	No	No	No	No	Sí	No	Sí	Sí	No	No	Sí		1	Norte		Sí																																					
Departamento en venta	Venta Departamento 4 Ambientes En Barracas	160000	USD	US$160.000	False	4	3	1	79.0	4 ambs.1 baño79 m² cubiertos	Av. Suarez Al 1600, Barracas, Capital Federal	https://departamento.mercadolibre.com.ar/MLA-3263669960-venta-departamento-4-ambientes-en-barracas-_JM#polycard_client=search-desktop&price_drop=not_apply&be_origin=backend&overlay_label=not_apply&search_layout=grid&position=32&type=item&tracking_id=73d19c7f-c1a3-4f56-aab6-a628aad60123&sid=search	barracas	94 m²	79 m²	0	1			Departamento	Frente	51 años	230.000 ARS	Sí	Sí	Sí	Sí	Sí	Sí		Sí	Sí	Sí	No	Sí	Sí	No	Sí	Sí	Sí	Sí	Sí	9 m²	1	Sur	Sí	Sí						Sí	Sí							Sí																							
Departamento en venta	Departamento En Barracas	81000	USD	US$81.000	False	2	1	1	44.0	2 ambs.1 baño44 m² cubiertos	Avenida Suarez Al 1700, Barracas, Capital Federal	https://departamento.mercadolibre.com.ar/MLA-1748519665-departamento-en-barracas-_JM#polycard_client=search-desktop&float_highlight=not_apply&price_drop=not_apply&be_origin=backend&overlay_label=not_apply&search_layout=grid&position=33&type=item&tracking_id=73d19c7f-c1a3-4f56-aab6-a628aad60123&sid=search	barracas	44 m²	44 m²	0	0	4	14	Departamento	Frente	40 años	130.000 ARS	No	Sí		Sí	No	No		No	No	No	No	No	Sí	No	Sí	Sí	No	No	No			Norte																																							
Departamento en venta	Venta, 3 Ambientes, Apto Crédito	99000	USD	US$99.000	False	3	2	0	74.0	3 ambs.74 m² cubiertos	AV. MONTES DE OCA Al 1700. Entre Iriarte Y California, Barracas, Capital Federal	https://departamento.mercadolibre.com.ar/MLA-1743763619-venta-3-ambientes-apto-credito-_JM#polycard_client=search-desktop&price_drop=not_apply&be_origin=backend&overlay_label=not_apply&search_layout=grid&position=34&type=item&tracking_id=73d19c7f-c1a3-4f56-aab6-a628aad60123&sid=search	barracas	74,15 m²	74,15 m²	0	0	23		Departamento	Contrafrente	55 años	110.000 ARS	Sí	Sí		Sí	No	No	Sí	No	Sí	Sí	No	No	Sí	No	Sí	Sí	Sí	No	Sí		6	Sur	Sí	Sí	1						Sí																														
Departamento en venta	Espectacular 2 Ambientes Con Amplio Balcon Aterrazado En Barracas	95000	USD	US$95.000	False	2	1	1	51.0	2 ambs.1 baño51 m² cubiertos	Hornos Al 800, Barracas, Capital Federal	https://departamento.mercadolibre.com.ar/MLA-1686936489-espectacular-2-ambientes-con-amplio-balcon-aterrazado-en-barracas-_JM#polycard_client=search-desktop&price_drop=not_apply&be_origin=backend&overlay_label=not_apply&search_layout=grid&position=35&type=item&tracking_id=73d19c7f-c1a3-4f56-aab6-a628aad60123&sid=search	barracas	67 m²	51 m²	0	0	5	8	Departamento	Frente	50 años	250.000 ARS	Sí	Sí		Sí	Sí	No		No	No	No	No	Sí	Sí	No		Sí	No	No	Sí			Oeste		Sí																																					
Departamento en venta	Departamento En Barracas	160000	USD	US$160.000	False	4	3	3	113.0	4 ambs.3 baños113 m² cubiertos	Finochietto Al 900, Barracas, Capital Federal	https://departamento.mercadolibre.com.ar/MLA-1612888487-departamento-en-barracas-_JM#polycard_client=search-desktop&price_drop=not_apply&be_origin=backend&overlay_label=not_apply&search_layout=grid&position=36&type=item&tracking_id=73d19c7f-c1a3-4f56-aab6-a628aad60123&sid=search	barracas	123 m²	113 m²	0	1		2	Departamento	Frente	30 años	216.000 ARS	No	Sí		Sí	Sí	No		No	No	No	No	Sí	Sí	No	Sí	Sí	No	No	Sí	2 m²		Norte		Sí						Sí																									Sí						
Departamento en venta	Departamento - Barracas	75000	USD	US$75.000	False	1	0	1	43.0	1 amb.1 baño43 m² cubiertos	Ituzaingo 945 Monoambiente De 43m2 Divisible Con Ventanales Hacia Ambos Lados´ Apto Credito, Barracas, Capital Federal	https://departamento.mercadolibre.com.ar/MLA-1871436725-departamento-barracas-_JM#polycard_client=search-desktop&price_drop=not_apply&be_origin=backend&overlay_label=not_apply&search_layout=grid&position=37&type=item&tracking_id=73d19c7f-c1a3-4f56-aab6-a628aad60123&sid=search	barracas	43 m²	43 m²	0	0	4		Departamento	Contrafrente	15 años	200.000 ARS	Sí	Sí		Sí	No	No		No	No	No	No	Sí	Sí	Sí	Sí	No	Sí	No	No			Norte						Sí									Sí								Sí																
Departamento en venta	Venta · Departamento De 3 Amb Sobre Av Montes De Oca 1200	85000	USD	US$85.000	False	3	2	1	55.0	3 ambs.1 baño55 m² cubiertos	Montes De Oca Al 1200, Barracas, Capital Federal	https://departamento.mercadolibre.com.ar/MLA-1679545481-venta-departamento-de-3-amb-sobre-av-montes-de-oca-1200-_JM#polycard_client=search-desktop&price_drop=not_apply&be_origin=backend&overlay_label=not_apply&search_layout=grid&position=38&type=item&tracking_id=73d19c7f-c1a3-4f56-aab6-a628aad60123&sid=search	barracas	59 m²	55 m²	0	0	4		Departamento	Contrafrente	70 años	0 ARS	No	Sí		Sí	Sí	No		No	No	No	No	No	Sí	No	Sí	No	No	No	Sí					Sí														Sí																							
Departamento en venta	Piso De Categoría En Venta	495000	USD	US$495.000	False	4	3	2	240.0	4 ambs.2 baños240 m² cubiertos	Avda. Manuel Montes De Oca Al 200, Barracas, Capital Federal	https://departamento.mercadolibre.com.ar/MLA-2539386610-piso-de-categoria-en-venta-_JM#polycard_client=search-desktop&price_drop=not_apply&be_origin=backend&overlay_label=not_apply&search_layout=grid&position=39&type=item&tracking_id=73d19c7f-c1a3-4f56-aab6-a628aad60123&sid=search	barracas	300 m²	240 m²	2	1			Departamento	Frente	30 años	1.500.000 ARS	Sí	Sí		Sí	Sí	Sí		No	Sí	Sí	Sí	Sí	Sí	No	Sí	Sí	Sí	Sí	Sí	60 m²	9	Este		Sí						Sí					Diurno	Sí									Sí										Sí						
Departamento en venta	Venta 2 Ambientes Barracas	150000	USD	US$150.000	False	2	1	1	51.0	2 ambs.1 baño51 m² cubiertos	Wenceslao Villafañe 1200, Barracas, Capital Federal	https://departamento.mercadolibre.com.ar/MLA-3051192340-venta-2-ambientes-barracas-_JM#polycard_client=search-desktop&price_drop=not_apply&be_origin=backend&overlay_label=not_apply&search_layout=grid&position=40&type=item&tracking_id=73d19c7f-c1a3-4f56-aab6-a628aad60123&sid=search	barracas	54,23 m²	51,54 m²	1							193.000 ARS						Sí											Sí			2,7 m²															Nocturno																										
Departamento en venta	Dpto. 2 Ambientes En Pb - Barracas, Caba.	53000	USD	US$53.000	False	2	1	1	35.0	2 ambs.1 baño35 m² cubiertos	Ruy Díaz De Guzmán 1 - 300, C1267ACB Cdad. Autónoma De Buenos Aires, Argentina, Barracas, Capital Federal	https://departamento.mercadolibre.com.ar/MLA-1908040635-dpto-2-ambientes-en-pb-barracas-caba-_JM#polycard_client=search-desktop&price_drop=not_apply&be_origin=backend&overlay_label=not_apply&search_layout=grid&position=41&type=item&tracking_id=73d19c7f-c1a3-4f56-aab6-a628aad60123&sid=search	barracas	37 m²	35 m²	0				Departamento		50 años					Sí			Sí			Sí	Sí		Sí		Sí	Sí	Sí	Sí						Sí														Sí		Sí																					
Departamento en venta	Venta 3 Ambiente En Torre A Estrenar En Barracas	190000	USD	US$190.000	False	3	2	1	67.0	3 ambs.1 baño67 m² cubiertos	Avenida Regimiento De Patricios 700, Barracas, Capital Federal	https://departamento.mercadolibre.com.ar/MLA-3810490542-venta-3-ambiente-en-torre-a-estrenar-en-barracas-_JM#polycard_client=search-desktop&float_highlight=recent_publication&price_drop=not_apply&be_origin=backend&overlay_label=not_apply&search_layout=grid&position=42&type=item&tracking_id=73d19c7f-c1a3-4f56-aab6-a628aad60123&sid=search	barracas	73 m²	67 m²	0	0	99	6	Departamento	Frente	2 años	0 ARS	No	Sí		No				No		No		Sí	No	Sí		No	Sí	Sí	No	5,95 m²	13	Norte																																							
Departamento en venta	Venta 2 Ambientes Excelente Con Balcon - Barracas	65000	USD	US$65.000	False	2	1	1	40.0	2 ambs.1 baño40 m² cubiertos	Lafayette 600, Barracas, Capital Federal	https://departamento.mercadolibre.com.ar/MLA-3810146558-venta-2-ambientes-excelente-con-balcon-barracas-_JM#polycard_client=search-desktop&float_highlight=recent_publication&price_drop=not_apply&be_origin=backend&overlay_label=not_apply&search_layout=grid&position=43&type=item&tracking_id=73d19c7f-c1a3-4f56-aab6-a628aad60123&sid=search	barracas	44 m²	40 m²	0	0	99	1	Departamento	Frente	4 años	140.000 ARS	No	Sí		Sí			Sí	Sí	Sí	No		Sí	Sí			Sí	Sí	No	No	4 m²	3	Norte																																							
Departamento en venta	Venta 1 Ambiente En Torre A Estrenar En Barracas	67500	USD	US$67.500	False	1	1	1	23.0	1 amb.1 baño23 m² cubiertos	Avenida Regimiento De Patricios 700, Barracas, Capital Federal	https://departamento.mercadolibre.com.ar/MLA-3810147498-venta-1-ambiente-en-torre-a-estrenar-en-barracas-_JM#polycard_client=search-desktop&float_highlight=recent_publication&price_drop=not_apply&be_origin=backend&overlay_label=not_apply&search_layout=grid&position=44&type=item&tracking_id=73d19c7f-c1a3-4f56-aab6-a628aad60123&sid=search	barracas	27 m²	23 m²	0	0	99	11	Departamento	Contrafrente	2 años	0 ARS	No	Sí		Sí		Sí		No		No		Sí	No	Sí		No	Sí	Sí	No	4,42 m²	13	Norte																									Sí														
Departamento en venta	Venta Monoabiente En Torre A Estrenar En Barracas	82500	USD	US$82.500	False	1	1	1	31.0	1 amb.1 baño31 m² cubiertos	Avenida Regimiento De Patricios 700, Barracas, Capital Federal	https://departamento.mercadolibre.com.ar/MLA-3810071748-venta-monoabiente-en-torre-a-estrenar-en-barracas-_JM#polycard_client=search-desktop&float_highlight=recent_publication&price_drop=not_apply&be_origin=backend&overlay_label=not_apply&search_layout=grid&position=45&type=item&tracking_id=73d19c7f-c1a3-4f56-aab6-a628aad60123&sid=search	barracas	35 m²	31 m²	0	0	99	9	Departamento	Frente	2 años	0 ARS	No	Sí		No		Sí		No		No		Sí	No	Sí		No	No	No	No	4,42 m²	13	Norte																									Sí														
Departamento en venta	Venta Departamento 2 Ambientes Amplio Balcon Barracas Apto Credito	60000	USD	US$60.000	False	2	1	1	48.0	2 ambs.1 baño48 m² cubiertos	Piedras Al 1800, Barracas, Capital Federal	https://departamento.mercadolibre.com.ar/MLA-3804693298-venta-departamento-2-ambientes-amplio-balcon-barracas-apto-credito-_JM#polycard_client=search-desktop&float_highlight=recent_publication&price_drop=not_apply&be_origin=backend&overlay_label=not_apply&search_layout=grid&position=46&type=item&tracking_id=73d19c7f-c1a3-4f56-aab6-a628aad60123&sid=search	barracas	48 m²	48 m²	0	0	3		Departamento	Frente	50 años	0 ARS	Sí	No		No	Sí	No		Sí	No	No	No	Sí	Sí	No	Sí	Sí	No	No	Sí			Oeste	Sí	Sí																																					
Departamento en venta	Venta Departamento 3 Amb En Barracas	140000	USD	US$140.000	False	3	2	1	60.0	3 ambs.1 baño60 m² cubiertos	Isabel La Católica Al 100, Barracas, Capital Federal	https://departamento.mercadolibre.com.ar/MLA-1987186187-venta-departamento-3-amb-en-barracas-_JM#polycard_client=search-desktop&float_highlight=recent_publication&price_drop=not_apply&be_origin=backend&overlay_label=not_apply&search_layout=grid&position=47&type=item&tracking_id=73d19c7f-c1a3-4f56-aab6-a628aad60123&sid=search	barracas	60 m²	60 m²	0	0	2	1	Departamento	Contrafrente	40 años	255.000 ARS	No	Sí		Sí	Sí	No		No	No	Sí	No	Sí	Sí	No	Sí	No	Sí	Sí	Sí	10 m²		Norte	Sí	Sí							Sí							Sí																							
Departamento en venta	Barracas 2 Amb Reciclado Patio Y Cochera	74000	USD	US$74.000	False	2	1	1	39.0	2 ambs.1 baño39 m² cubiertos	Av Suarez Al 1500, Barracas, Capital Federal	https://departamento.mercadolibre.com.ar/MLA-1982560731-barracas-2-amb-reciclado-patio-y-cochera-_JM#polycard_client=search-desktop&float_highlight=recent_publication&price_drop=not_apply&be_origin=backend&overlay_label=not_apply&search_layout=grid&position=48&type=item&tracking_id=73d19c7f-c1a3-4f56-aab6-a628aad60123&sid=search	barracas	46 m²	39 m²	1	0	4	1	Departamento	Interno	50 años	120.000 ARS	No	Sí		Sí	No	Sí		No	No	No	No	No	Sí	No		No	No	No	No		1	Sur																Sí																							
Departamento en venta	Barracas 3 Amb 64m2 Apto Credito	86000	USD	US$86.000	False	3	2	1	61.0	3 ambs.1 baño61 m² cubiertos	Av. Montes De Oca Al 700, Barracas, Capital Federal	https://departamento.mercadolibre.com.ar/MLA-1982317539-barracas-3-amb-64m2-apto-credito-_JM#polycard_client=search-desktop&float_highlight=recent_publication&price_drop=not_apply&be_origin=backend&overlay_label=not_apply&search_layout=grid&position=1&type=item&tracking_id=b311d4ae-62d6-41c1-bf9a-c37903d677d6&sid=search	barracas	64 m²	61 m²	0	0	7	2	Departamento	Interno	57 años	108.000 ARS	No	Sí		No	Sí	No	Sí	No	No	No	No	No	Sí	No		No	No	No	Sí	2 m²	1	Oeste		Sí																																					
Departamento en venta	3 Ambientes Piso 3 Frente	150000	USD	US$150.000	False	2	1	1	52.0	2 ambs.1 baño52 m² cubiertos	Piedras 1600, Barracas, Capital Federal	https://departamento.mercadolibre.com.ar/MLA-3776696114-3-ambientes-piso-3-frente-_JM#polycard_client=search-desktop&float_highlight=recent_publication&price_drop=not_apply&be_origin=backend&overlay_label=not_apply&search_layout=grid&position=2&type=item&tracking_id=b311d4ae-62d6-41c1-bf9a-c37903d677d6&sid=search	barracas	77 m²	52 m²	0	0		3	Departamento	Contrafrente	3 años	1 ARS	Sí	Sí		No	No	No								No	Sí	No	Sí	No			1	Este															Sí						Sí									Sí									
Departamento en venta	3 Ambientes Piso 2 Contrafrente	150000	USD	US$150.000	False	2	1	1	57.0	2 ambs.1 baño57 m² cubiertos	Piedras 1600, Barracas, Capital Federal	https://departamento.mercadolibre.com.ar/MLA-3776681656-3-ambientes-piso-2-contrafrente-_JM#polycard_client=search-desktop&float_highlight=recent_publication&price_drop=not_apply&be_origin=backend&overlay_label=not_apply&search_layout=grid&position=3&type=item&tracking_id=b311d4ae-62d6-41c1-bf9a-c37903d677d6&sid=search	barracas	62 m²	57 m²	0	0		2	Departamento	Contrafrente	3 años	1 ARS	Sí	Sí		No	No	No								No	Sí	No	Sí	No			1	Este															Sí						Sí									Sí									
Departamento en venta	Barracas Monoambiente Balcon Lezama Park	78000	USD	US$78.000	False	1	0	1	36.0	1 amb.1 baño36 m² cubiertos	Uspallata Al 700, Barracas, Capital Federal	https://departamento.mercadolibre.com.ar/MLA-3770519470-barracas-monoambiente-balcon-lezama-park-_JM#polycard_client=search-desktop&price_drop=not_apply&be_origin=backend&overlay_label=not_apply&search_layout=grid&position=4&type=item&tracking_id=b311d4ae-62d6-41c1-bf9a-c37903d677d6&sid=search	barracas	40 m²	36 m²	0	0	17	2	Departamento	Contrafrente	15 años	192.000 ARS	No	Sí	Sí	Sí	No	Sí		No	No	No	No	Sí	Sí	Sí		No	No	No	No			Norte					Sí	Sí									Sí								Sí			Sí													
Departamento en venta	Luminoso Departamento 4 Ambientes	250000	USD	US$250.000	False	4	3	2	104.0	4 ambs.2 baños104 m² cubiertos	Montes De Oca Al 1000, Barracas, Capital Federal	https://departamento.mercadolibre.com.ar/MLA-3769864700-luminoso-departamento-4-ambientes-_JM#polycard_client=search-desktop&price_drop=not_apply&be_origin=backend&overlay_label=not_apply&search_layout=grid&position=5&type=item&tracking_id=b311d4ae-62d6-41c1-bf9a-c37903d677d6&sid=search	barracas	123 m²	104 m²	0	2	2	4	Departamento	Frente	50 años	250.000 ARS	Sí	No		Sí	Sí	No		Sí	No	No	No	Sí	Sí	No	Sí	Sí	No	No	Sí		1	Este	Sí	Sí																																					
Departamento en venta	Barracas 2 Amb 85m2 Depto Patio Apto Credito	80000	USD	US$80.000	False	2	1	1	53.0	2 ambs.1 baño53 m² cubiertos	Av. Montes De Oca Al 100, Barracas, Capital Federal	https://departamento.mercadolibre.com.ar/MLA-1972390565-barracas-2-amb-85m2-depto-patio-apto-credito-_JM#polycard_client=search-desktop&price_drop=not_apply&be_origin=backend&overlay_label=not_apply&search_layout=grid&position=6&type=item&tracking_id=b311d4ae-62d6-41c1-bf9a-c37903d677d6&sid=search	barracas	85 m²	53 m²	0	0	3		Departamento	Contrafrente	60 años	85.500 ARS	No	Sí	Sí	Sí	No	Sí	Sí	No	No	No	No	No	Sí	No		No	No	No	No	3 m²	1	Sur								Sí					Virtual			Sí																							
Departamento en venta	Departamento En Barracas	89000	USD	US$89.000	False	2	1	1	60.0	2 ambs.1 baño60 m² cubiertos	Udpallata Al 800, Barracas, Capital Federal	https://departamento.mercadolibre.com.ar/MLA-3753530386-departamento-en-barracas-_JM#polycard_client=search-desktop&price_drop=not_apply&be_origin=backend&overlay_label=not_apply&search_layout=grid&position=7&type=item&tracking_id=b311d4ae-62d6-41c1-bf9a-c37903d677d6&sid=search	barracas	60 m²	60 m²	0	0		3	Departamento		50 años	150.000 ARS	No	No		No	No	No		No	No	No	No	No	No	No		No	No	No	No																																										
Departamento en venta	Departamento 2 Dor.c/dep - Barracas, Capital Federal	252000	USD	US$252.000	False	4	3	2	93.0	4 ambs.2 baños93 m² cubiertos	Montes De Oca 200, Barracas, Capital Federal	https://departamento.mercadolibre.com.ar/MLA-3753553880-departamento-2-dorcdep-barracas-capital-federal-_JM#polycard_client=search-desktop&price_drop=not_apply&be_origin=backend&overlay_label=not_apply&search_layout=grid&position=8&type=item&tracking_id=b311d4ae-62d6-41c1-bf9a-c37903d677d6&sid=search	barracas	0,01 ha	93 m²	0	0			Departamento	Frente	82 años	280.000 ARS	No	No		No	Sí	No		No	No	No	No	No	Sí	No	Sí	Sí	No	Sí	Sí			Oeste		Sí				Sí		Sí							Sí								Sí										Sí						
Departamento en venta	Venta Departamento 3 Abientes En Barracas	235000	USD	US$235.000	False	3	2	1	85.0	3 ambs.1 baño85 m² cubiertos	Aristobulo Del Valle Al 1300, Barracas, Capital Federal	https://departamento.mercadolibre.com.ar/MLA-1957087347-venta-departamento-3-abientes-en-barracas-_JM#polycard_client=search-desktop&price_drop=not_apply&be_origin=backend&overlay_label=not_apply&search_layout=grid&position=9&type=item&tracking_id=b311d4ae-62d6-41c1-bf9a-c37903d677d6&sid=search	barracas	103 m²	85 m²	1	0	2	6	Departamento	Contrafrente	8 años	440.000 ARS	No	No		Sí	No	Sí		No	No	Sí	No	Sí	Sí	No	Sí	Sí	No	No	No	18 m²	1	Oeste						Sí								Sí							Sí					Sí													
Departamento en venta	Venta 2 Ambientes - Moca2 - Full Amenities (13 C)	110000	USD	US$110.000	False	2	1	1	41.0	2 ambs.1 baño41 m² cubiertos	Dr Enrique Finochietto 990, Barracas, Capital Federal	https://departamento.mercadolibre.com.ar/MLA-1957006853-venta-2-ambientes-moca2-full-amenities-13-c-_JM#polycard_client=search-desktop&price_drop=not_apply&be_origin=backend&overlay_label=not_apply&search_layout=grid&position=10&type=item&tracking_id=b311d4ae-62d6-41c1-bf9a-c37903d677d6&sid=search	barracas	48,7 m²	41,5 m²	0	0		13	Departamento	Frente	1 años	0 ARS	Sí	No		Sí	No	Sí		No	Sí	No	No	Sí	Sí	Sí	Sí	No	Sí	Sí	No		18		Sí				Sí								24 horas										Sí																
Departamento en venta	Apto Crédito - Departamento 3 Ambientes Con Dos Balcones	110000	USD	US$110.000	False	3	2	1	68.0	3 ambs.1 baño68 m² cubiertos	Av. Montes De Oca 1809, Barracas, Capital Federal	https://departamento.mercadolibre.com.ar/MLA-3739822534-apto-credito-departamento-3-ambientes-con-dos-balcones-_JM#polycard_client=search-desktop&price_drop=not_apply&be_origin=backend&overlay_label=not_apply&search_layout=grid&position=11&type=item&tracking_id=b311d4ae-62d6-41c1-bf9a-c37903d677d6&sid=search	barracas	77 m²	68 m²	0				Departamento	Frente	20 años			Sí					Sí		Sí	Sí		Sí	Sí											Sí																																					
Departamento en venta	Barracas - Depto 2 Amb - 49m2	85000	USD	US$85.000	False	2	1	1	46.0	2 ambs.1 baño46 m² cubiertos	Uspallata 800, Barracas, Capital Federal	https://departamento.mercadolibre.com.ar/MLA-1956180329-barracas-depto-2-amb-49m2-_JM#polycard_client=search-desktop&price_drop=not_apply&be_origin=backend&overlay_label=not_apply&search_layout=grid&position=12&type=item&tracking_id=b311d4ae-62d6-41c1-bf9a-c37903d677d6&sid=search	barracas	48 m²	46 m²	0	1	6	6	Departamento	Lateral	60 años	153.000 ARS	No	No	Sí	Sí	No	Sí	Sí	No	No	No	No	No	Sí	No		No	No	No	No	2 m²	1	Norte																																							
Departamento en venta	Venta Monoambiente Con División En Barracas	57000	USD	US$57.000	False	1	0	1	26.0	1 amb.1 baño26 m² cubiertos	Tacuarí 1800, Barracas, Capital Federal	https://departamento.mercadolibre.com.ar/MLA-1955758325-venta-monoambiente-con-division-en-barracas-_JM#polycard_client=search-desktop&price_drop=not_apply&be_origin=backend&overlay_label=not_apply&search_layout=grid&position=13&type=item&tracking_id=b311d4ae-62d6-41c1-bf9a-c37903d677d6&sid=search	barracas	26 m²	26 m²	0	0	99	2	Departamento	Frente	69 años	0 ARS	Sí	Sí		No		Sí		Sí		Sí		No	Sí		Sí	Sí	Sí	Sí	No		2	Norte	Sí	Sí							Sí																														
Departamento en venta	Venta,departamento 4 Ambientes Barracas,balcon	169000	USD	US$169.000	False	4	3	1	124.0	4 ambs.1 baño124 m² cubiertos	Avenida Montes De Oca 0, Barracas, Capital Federal	https://departamento.mercadolibre.com.ar/MLA-1951651899-ventadepartamento-4-ambientes-barracasbalcon-_JM#polycard_client=search-desktop&price_drop=not_apply&be_origin=backend&overlay_label=not_apply&search_layout=grid&position=14&type=item&tracking_id=b311d4ae-62d6-41c1-bf9a-c37903d677d6&sid=search	barracas	133 m²	124 m²	0	0	99	3	Departamento	Frente	56 años	200.000 ARS	No	Sí	Sí	Sí				No		Sí		Sí	Sí			Sí	No	No	No	9 m²	9	Este		Sí						Sí																															
Departamento en venta	Venta -1 Ambiente-moca² Vivir En Un Ícono De Barracas	67100	USD	US$67.100	False	1	1	1	25.0	1 amb.1 baño25 m² cubiertos	Dr. Enrique Finochietto 990, Barracas, Capital Federal	https://departamento.mercadolibre.com.ar/MLA-3727519836-venta-1-ambiente-moca-vivir-en-un-icono-de-barracas-_JM#polycard_client=search-desktop&price_drop=not_apply&be_origin=backend&overlay_label=not_apply&search_layout=grid&position=15&type=item&tracking_id=b311d4ae-62d6-41c1-bf9a-c37903d677d6&sid=search	barracas	27,4 m²	25,3 m²	0	0		2	Departamento	Frente	1 años	100.000 ARS	No	No		Sí	No	Sí		No	Sí	No	No	Sí	Sí	Sí	Sí	No	Sí	No	No		18		Sí				Sí								24 horas										Sí																
Departamento en venta	Venta Departamento 2 Ambientes Con Terraza Propia Barracas	140000	USD	US$140.000	False	2	1	1	62.0	2 ambs.1 baño62 m² cubiertos	Ituzaingo 500, Barracas, Capital Federal	https://departamento.mercadolibre.com.ar/MLA-3727519762-venta-departamento-2-ambientes-con-terraza-propia-barracas-_JM#polycard_client=search-desktop&price_drop=not_apply&be_origin=backend&overlay_label=not_apply&search_layout=grid&position=16&type=item&tracking_id=b311d4ae-62d6-41c1-bf9a-c37903d677d6&sid=search	barracas	62 m²	62 m²	0	0		4	Departamento	Frente	2 años	35.000 ARS	No	No		Sí	No	No		Sí	No	No	No	Sí	Sí	No	Sí	No	No	No	No		4		Sí								Sí				24 horas										Sí																
Departamento en venta	Monoambiente Divisible-patio-balcon-toilette Y Baño En Suite.full Amenities.	80000	USD	US$80.000	False	1	0	1	34.0	1 amb.1 baño34 m² cubiertos	Independencia 1637, Barracas, Capital Federal	https://departamento.mercadolibre.com.ar/MLA-3727545832-monoambiente-divisible-patio-balcon-toilette-y-bano-en-suitefull-amenities-_JM#polycard_client=search-desktop&price_drop=not_apply&be_origin=backend&overlay_label=not_apply&search_layout=grid&position=17&type=item&tracking_id=b311d4ae-62d6-41c1-bf9a-c37903d677d6&sid=search	barracas	49,71 m²	34 m²	0	0		1	Departamento	Frente	16 años	220.000 ARS	Sí	No		Sí	No	No		No	Sí	No	No	Sí	Sí	Sí	Sí	Sí	Sí	No	No				Sí							Sí	Sí				24 horas										Sí																
Departamento en venta	Venta 2 Ambientes - Moca2 - Full Amenities (13 B)	110000	USD	US$110.000	False	2	1	1	41.0	2 ambs.1 baño41 m² cubiertos	Dr Enrique Finochietto 990, Barracas, Capital Federal	https://departamento.mercadolibre.com.ar/MLA-3727545826-venta-2-ambientes-moca2-full-amenities-13-b-_JM#polycard_client=search-desktop&price_drop=not_apply&be_origin=backend&overlay_label=not_apply&search_layout=grid&position=18&type=item&tracking_id=b311d4ae-62d6-41c1-bf9a-c37903d677d6&sid=search	barracas	48,7 m²	41,5 m²	0	0		13	Departamento	Frente	1 años	90.000 ARS	Sí	No		Sí	No	Sí		No	Sí	No	No	Sí	Sí	Sí	Sí	No	Sí	No	No		18		Sí				Sí								24 horas										Sí																
Departamento en venta	Venta- Moca² 1 Ambiente Divisible En Barracas	100100	USD	US$100.100	False	1	1	1	36.0	1 amb.1 baño36 m² cubiertos	Dr. Enrique Finochietto 990, Barracas, Capital Federal	https://departamento.mercadolibre.com.ar/MLA-3727545782-venta-moca-1-ambiente-divisible-en-barracas-_JM#polycard_client=search-desktop&price_drop=not_apply&be_origin=backend&overlay_label=not_apply&search_layout=grid&position=19&type=item&tracking_id=b311d4ae-62d6-41c1-bf9a-c37903d677d6&sid=search	barracas	41,9 m²	36,35 m²	0	0		2	Departamento	Frente	1 años	220.000 ARS	No	No		Sí	No	Sí		No	Sí	No	No	Sí	Sí	Sí	Sí	No	Sí	No	No		18		Sí				Sí								24 horas										Sí																
Departamento en venta	Venta Dpto 2 Amb- Amenities Apto Credito Barracas	154000	USD	US$154.000	False	2	1	1	51.0	2 ambs.1 baño51 m² cubiertos	Tomás Liberti 1100, Barracas, Capital Federal	https://departamento.mercadolibre.com.ar/MLA-1951644381-venta-dpto-2-amb-amenities-apto-credito-barracas-_JM#polycard_client=search-desktop&price_drop=not_apply&be_origin=backend&overlay_label=not_apply&search_layout=grid&position=20&type=item&tracking_id=b311d4ae-62d6-41c1-bf9a-c37903d677d6&sid=search	barracas	61 m²	51 m²	0	0	99	9	Departamento	Frente	1 años	165.000 ARS	Sí	Sí	Sí	No				Sí		No		Sí	No	Sí		No	Sí	No	Sí	9,9 m²	10	Oeste					Sí			Sí							Sí								Sí																
Departamento en venta	Venta Departamento 4 Ambientes Con Dependencia En Barracas Frente A Plaza Colombia	315000	USD	US$315.000	False	4	3	2	170.0	4 ambs.2 baños170 m² cubiertos	Av Montes De Oca 833, Barracas, Capital Federal	https://departamento.mercadolibre.com.ar/MLA-3726125244-venta-departamento-4-ambientes-con-dependencia-en-barracas-frente-a-plaza-colombia-_JM#polycard_client=search-desktop&price_drop=not_apply&be_origin=backend&overlay_label=not_apply&search_layout=grid&position=21&type=item&tracking_id=b311d4ae-62d6-41c1-bf9a-c37903d677d6&sid=search	barracas	189,45 m²	170,99 m²	1	0		4	Departamento	Frente	61 años	400.000 ARS	Sí	Sí		Sí	No	No		No	Sí	No	No	Sí	Sí	No	Sí	Sí	Sí	Sí	No		9		Sí	Sí							Sí				24 horas																										
Departamento en venta	2 Amb. Con Balcón Y Luz A Una Cuadra Parque Lezama	67000	USD	US$67.000	False	2	1	1	44.0	2 ambs.1 baño44 m² cubiertos	Avenida Martín García 400, Barracas, Capital Federal	https://departamento.mercadolibre.com.ar/MLA-1945717071-2-amb-con-balcon-y-luz-a-una-cuadra-parque-lezama-_JM#polycard_client=search-desktop&price_drop=not_apply&be_origin=backend&overlay_label=not_apply&search_layout=grid&position=22&type=item&tracking_id=b311d4ae-62d6-41c1-bf9a-c37903d677d6&sid=search	barracas	45 m²	44 m²	0	0	99	5	Departamento	Frente	56 años	130.000 ARS	No	No		No				No		No		Sí	Sí			No	No	No	No	0,65 m²	5	Este															Sí																								
Departamento en venta	Venta De Depto 2 Ambientes Con Balcon Aterrazado	110000	USD	US$110.000	False	2	1	1	36.0	2 ambs.1 baño36 m² cubiertos	Azara 1300, Barracas, Capital Federal	https://departamento.mercadolibre.com.ar/MLA-1945613183-venta-de-depto-2-ambientes-con-balcon-aterrazado-_JM#polycard_client=search-desktop&price_drop=not_apply&be_origin=backend&overlay_label=not_apply&search_layout=grid&position=23&type=item&tracking_id=b311d4ae-62d6-41c1-bf9a-c37903d677d6&sid=search	barracas	60 m²	36 m²	0	0	99	4	Departamento	Frente	1 años	0 ARS	No	No	Sí	No				No	Sí	No	Sí	No	No			No	No	No	No		6	Norte																																							
Departamento en venta	Venta Depto 2amb Barracas Estrenar Balcon Terraza	140000	USD	US$140.000	False	2	1	1	55.0	2 ambs.1 baño55 m² cubiertos	Azara 1300, Barracas, Capital Federal	https://departamento.mercadolibre.com.ar/MLA-1945613181-venta-depto-2amb-barracas-estrenar-balcon-terraza-_JM#polycard_client=search-desktop&price_drop=not_apply&be_origin=backend&overlay_label=not_apply&search_layout=grid&position=24&type=item&tracking_id=b311d4ae-62d6-41c1-bf9a-c37903d677d6&sid=search	barracas	71 m²	55 m²	0	0	99	5	Departamento	Frente	1 años	0 ARS	No	No	Sí	No				No	Sí	No	Sí	No	No			No	No	No	No		6	Norte								Sí																												Sí			
Departamento en venta	Venta Depto 2amb En Barracas Con Balcon A Estrenar	120000	USD	US$120.000	False	2	1	1	57.0	2 ambs.1 baño57 m² cubiertos	Azara 1300, Barracas, Capital Federal	https://departamento.mercadolibre.com.ar/MLA-1945713129-venta-depto-2amb-en-barracas-con-balcon-a-estrenar-_JM#polycard_client=search-desktop&price_drop=not_apply&be_origin=backend&overlay_label=not_apply&search_layout=grid&position=25&type=item&tracking_id=b311d4ae-62d6-41c1-bf9a-c37903d677d6&sid=search	barracas	61 m²	57 m²	0	0	99	2	Departamento	Frente	2 años	0 ARS	No	No	Sí	No				No	Sí	No	Sí	No	No			No	No	No	No		6	Norte								Sí																															
Departamento en venta	Departamento 3 Amb Venta Barracas Con 2 Patios	137000	USD	US$137.000	False	3	2	1	62.0	3 ambs.1 baño62 m² cubiertos	Av. Montes De Oca 700, Barracas, Capital Federal	https://departamento.mercadolibre.com.ar/MLA-3721815530-departamento-3-amb-venta-barracas-con-2-patios-_JM#polycard_client=search-desktop&price_drop=not_apply&be_origin=backend&overlay_label=not_apply&search_layout=grid&position=26&type=item&tracking_id=b311d4ae-62d6-41c1-bf9a-c37903d677d6&sid=search	barracas	112 m²	62 m²	0	0	99		Departamento	Contrafrente	59 años	197.000 ARS	No	No		No	Sí			No	Sí	Sí		No	Sí			No	No	No	No		10	Norte		Sí														Sí																							
Departamento en venta	Depto 3 Amb Venta Barracas Apto Credito Luminoso	95000	USD	US$95.000	False	3	2	1	50.0	3 ambs.1 baño50 m² cubiertos	Avenida Montes De Oca 1200, Barracas, Capital Federal	https://departamento.mercadolibre.com.ar/MLA-3721815514-depto-3-amb-venta-barracas-apto-credito-luminoso-_JM#polycard_client=search-desktop&price_drop=not_apply&be_origin=backend&overlay_label=not_apply&search_layout=grid&position=27&type=item&tracking_id=b311d4ae-62d6-41c1-bf9a-c37903d677d6&sid=search	barracas	50 m²	50 m²	0	0	99	21	Departamento	Frente	38 años	180.000 ARS	No	No	Sí	No	Sí	Sí	Sí	No	Sí	Sí		No	Sí		Sí	Sí	No	No	No		25	Este	Sí	Sí																																					
Departamento en venta	3 Ambiente 87 M2 Venta P Baja Patio Barracas Caba	105000	USD	US$105.000	False	3	2	1	73.0	3 ambs.1 baño73 m² cubiertos	California 1500, Barracas, Capital Federal	https://departamento.mercadolibre.com.ar/MLA-1945487425-3-ambiente-87-m2-venta-p-baja-patio-barracas-caba-_JM#polycard_client=search-desktop&price_drop=not_apply&be_origin=backend&overlay_label=not_apply&search_layout=grid&position=28&type=item&tracking_id=b311d4ae-62d6-41c1-bf9a-c37903d677d6&sid=search	barracas	87 m²	73 m²	0	0	99		Departamento	Frente	31 años	170.000 ARS	No	No	Sí	Sí				No		Sí		No	Sí			No	Sí	No	No		7	Norte																																							
Departamento en venta	Venta Depto.2 Amb./ Barracas/luminoso/apto Credit0	60000	USD	US$60.000	False	2	1	1	42.0	2 ambs.1 baño42 m² cubiertos	Luzuriaga 0, Barracas, Capital Federal	https://departamento.mercadolibre.com.ar/MLA-3721809730-venta-depto2-amb-barracasluminosoapto-credit0-_JM#polycard_client=search-desktop&price_drop=not_apply&be_origin=backend&overlay_label=not_apply&search_layout=grid&position=29&type=item&tracking_id=b311d4ae-62d6-41c1-bf9a-c37903d677d6&sid=search	barracas	42 m²	42 m²	0	0	99	3	Departamento	Frente	46 años	120.000 ARS	No	No		No				No		No		No	No			No	No	No	No		3	Norte																																							
Departamento en venta	Venta De Monoambiente Con Patio En Barracas	85000	USD	US$85.000	False	1	0	1	32.0	1 amb.1 baño32 m² cubiertos	Azara 1300, Barracas, Capital Federal	https://departamento.mercadolibre.com.ar/MLA-3721456520-venta-de-monoambiente-con-patio-en-barracas-_JM#polycard_client=search-desktop&price_drop=not_apply&be_origin=backend&overlay_label=not_apply&search_layout=grid&position=30&type=item&tracking_id=b311d4ae-62d6-41c1-bf9a-c37903d677d6&sid=search	barracas	45 m²	32 m²	0	0	99	1	Departamento	Frente	1 años	0 ARS	No	No		No				No		No		No	No			No	No	No	No		6	Norte																							Sí																
Departamento en venta	Venta Depto 3 Amb Barracas Balcon Con Parrilla	145000	USD	US$145.000	False	3	2	2	67.0	3 ambs.2 baños67 m² cubiertos	Azara 1300, Barracas, Capital Federal	https://departamento.mercadolibre.com.ar/MLA-3721456518-venta-depto-3-amb-barracas-balcon-con-parrilla-_JM#polycard_client=search-desktop&price_drop=not_apply&be_origin=backend&overlay_label=not_apply&search_layout=grid&position=31&type=item&tracking_id=b311d4ae-62d6-41c1-bf9a-c37903d677d6&sid=search	barracas	73 m²	67 m²	0	0	99	1	Departamento	Frente	1 años	0 ARS	No	No	Sí	No				No		No	Sí	No	No			No	No	No	No		6	Norte								Sí																															
Departamento en venta	Venta Depto 2 Amb Estrenar Barracas Balcon Terraza	110000	USD	US$110.000	False	2	1	1	39.0	2 ambs.1 baño39 m² cubiertos	Azara 1300, Barracas, Capital Federal	https://departamento.mercadolibre.com.ar/MLA-3721456514-venta-depto-2-amb-estrenar-barracas-balcon-terraza-_JM#polycard_client=search-desktop&price_drop=not_apply&be_origin=backend&overlay_label=not_apply&search_layout=grid&position=32&type=item&tracking_id=b311d4ae-62d6-41c1-bf9a-c37903d677d6&sid=search	barracas	58 m²	39 m²	0	0	99	5	Departamento	Frente	1 años	0 ARS	No	No	Sí	No				No	Sí	No	Sí	No	No			No	No	No	No		6	Norte								Sí																															
Departamento en venta	Venta Depto 3 Amb - Barracas Apto Credito	85000	USD	US$85.000	False	3	2	1	51.0	3 ambs.1 baño51 m² cubiertos	General Hornos 800, Barracas, Capital Federal	https://departamento.mercadolibre.com.ar/MLA-1945077465-venta-depto-3-amb-barracas-apto-credito-_JM#polycard_client=search-desktop&price_drop=not_apply&be_origin=backend&overlay_label=not_apply&search_layout=grid&position=33&type=item&tracking_id=b311d4ae-62d6-41c1-bf9a-c37903d677d6&sid=search	barracas	53 m²	51 m²	0	0	99	14	Departamento	Frente	51 años	195.000 ARS	No	Sí	Sí	No	Sí		Sí	No		No		No	Sí			No	No	No	No		14	Norte		Sí																																					
Departamento en venta	Venta Departamento De 2 Ambientes Patio Barracas	53000	USD	US$53.000	False	2	1	1	28.0	2 ambs.1 baño28 m² cubiertos	Avenida Suárez 1500, Barracas, Capital Federal	https://departamento.mercadolibre.com.ar/MLA-3720466822-venta-departamento-de-2-ambientes-patio-barracas-_JM#polycard_client=search-desktop&price_drop=not_apply&be_origin=backend&overlay_label=not_apply&search_layout=grid&position=34&type=item&tracking_id=b311d4ae-62d6-41c1-bf9a-c37903d677d6&sid=search	barracas	48 m²	28 m²	0	0	99	3	Departamento	Frente	100 años	0 ARS	No	No		No				No	Sí	No		No	No			No	No	No	No		3	Norte																Sí																							
Departamento en venta	Departamento Tres Ambientes Con Cochera Parque Lezama	135000	USD	US$135.000	False	3	2	2	65.0	3 ambs.2 baños65 m² cubiertos	AV Martin Garcia Al 200, Barracas, Capital Federal	https://departamento.mercadolibre.com.ar/MLA-1944540889-departamento-tres-ambientes-con-cochera-parque-lezama-_JM#polycard_client=search-desktop&price_drop=not_apply&be_origin=backend&overlay_label=not_apply&search_layout=grid&position=35&type=item&tracking_id=b311d4ae-62d6-41c1-bf9a-c37903d677d6&sid=search	barracas	78 m²	65 m²	1	0			Departamento	Frente	6 años	300.000 ARS	Sí	Sí		No	No	Sí		No	No	No	No	Sí	No	No	Sí	Sí	No	No	No	11 m²			Sí					Sí							Nocturno						Sí							Sí													
Departamento en venta	Venta-apto Crédito-dpto 2 Amb. Amenities- Estrenar	139000	USD	US$139.000	False	2	1	1	47.0	2 ambs.1 baño47 m² cubiertos	Tomas Liberti 1100, Barracas, Capital Federal	https://departamento.mercadolibre.com.ar/MLA-1947678283-venta-apto-credito-dpto-2-amb-amenities-estrenar-_JM#polycard_client=search-desktop&price_drop=not_apply&be_origin=backend&overlay_label=not_apply&search_layout=grid&position=36&type=item&tracking_id=b311d4ae-62d6-41c1-bf9a-c37903d677d6&sid=search	barracas	54 m²	47 m²	0	0	99	10	Departamento	Frente	1 años	165.000 ARS	Sí	Sí		Sí			Sí	Sí		No	Sí	Sí	No	Sí		No	Sí	No	Sí	7,3 m²	10	Sur					Sí			Sí							Sí								Sí														Sí		
Departamento en venta	Venta Dtpo 2 Ambientes En Barracas	95000	USD	US$95.000	False	2	1	1	53.0	2 ambs.1 baño53 m² cubiertos	Avenida Montes De Oca 700, Barracas, Capital Federal	https://departamento.mercadolibre.com.ar/MLA-1945067385-venta-dtpo-2-ambientes-en-barracas-_JM#polycard_client=search-desktop&price_drop=not_apply&be_origin=backend&overlay_label=not_apply&search_layout=grid&position=37&type=item&tracking_id=b311d4ae-62d6-41c1-bf9a-c37903d677d6&sid=search	barracas	53 m²	53 m²	0	0	99	4	Departamento	Lateral	34 años	126.000 ARS	No	Sí		No	Sí		Sí	No	Sí	No		No	Sí			Sí	No	No	No		11	Norte		Sí																																					
Departamento en venta	En Venta Depto 4 Amb En Barracas Con Cochera Y Dep	239000	USD	US$239.000	False	4	3	3	117.0	4 ambs.3 baños117 m² cubiertos	Avenida Montes De Oca 1200, Barracas, Capital Federal	https://departamento.mercadolibre.com.ar/MLA-1945079333-en-venta-depto-4-amb-en-barracas-con-cochera-y-dep-_JM#polycard_client=search-desktop&price_drop=not_apply&be_origin=backend&overlay_label=not_apply&search_layout=grid&position=38&type=item&tracking_id=b311d4ae-62d6-41c1-bf9a-c37903d677d6&sid=search	barracas	140 m²	117 m²	2	0	99	1	Departamento	Frente	45 años	560.000 ARS	No	Sí		No				No	Sí	No		No	No			No	No	No	No		13	Norte																Sí																							
Departamento en venta	Venta Monoambiente Estrenar Balcon Amenities Pcd	70000	USD	US$70.000	False	1	0	1	25.0	1 amb.1 baño25 m² cubiertos	Doctor Enrique Finochietto 900, Barracas, Capital Federal	https://departamento.mercadolibre.com.ar/MLA-1945066971-venta-monoambiente-estrenar-balcon-amenities-pcd-_JM#polycard_client=search-desktop&price_drop=not_apply&be_origin=backend&overlay_label=not_apply&search_layout=grid&position=39&type=item&tracking_id=b311d4ae-62d6-41c1-bf9a-c37903d677d6&sid=search	barracas	29 m²	25 m²	0	0	99	3	Departamento	Frente	1 años	0 ARS	No	Sí		No	Sí	Sí		No		No		No	No	Sí		No	No	No	No		18	Norte					Sí										Sí																								
Departamento en venta	Dúplex 4 Ambientes Con Terraza Privada, Quincho Y 2 Cocheras	220000	USD	US$220.000	False	4	2	3	125.0	4 ambs.3 baños125 m² cubiertos	Avenida Patricios Al 170, Barracas, Capital Federal	https://departamento.mercadolibre.com.ar/MLA-3692901360-duplex-4-ambientes-con-terraza-privada-quincho-y-2-cocheras-_JM#polycard_client=search-desktop&price_drop=not_apply&be_origin=backend&overlay_label=not_apply&search_layout=grid&position=40&type=item&tracking_id=b311d4ae-62d6-41c1-bf9a-c37903d677d6&sid=search	barracas	167 m²	125 m²	2	0	4	8	Departamento	Contrafrente	12 años	246.000 ARS	No	No		Sí	No	No		Sí	No	No	No	Sí	No	No	Sí	Sí	Sí	No	No	7 m²	3	Este	Sí														Sí								Sí		Sí														
Departamento en venta	Amplio Dúplex 3 Ambientes Con Balcón Al Frente En Barracas	125000	USD	US$125.000	False	3	2	1	85.0	3 ambs.1 baño85 m² cubiertos	Avenida Patricios Al 170, Barracas, Capital Federal	https://departamento.mercadolibre.com.ar/MLA-3692914332-amplio-duplex-3-ambientes-con-balcon-al-frente-en-barracas-_JM#polycard_client=search-desktop&price_drop=not_apply&be_origin=backend&overlay_label=not_apply&search_layout=grid&position=41&type=item&tracking_id=b311d4ae-62d6-41c1-bf9a-c37903d677d6&sid=search	barracas	93 m²	85 m²	0	0	4	8	Departamento	Frente	12 años	237.000 ARS	No	No		Sí	No	No		No	No	Sí	No	Sí	Sí	No	Sí	No	Sí	No	No	8 m²	2	Oeste	Sí								Sí						Sí										Sí														
Departamento en venta	Gran Monoambiente Divisible De 53 M² Con Balcón En Barracas Apto Crédito	75000	USD	US$75.000	False	1	1	1	51.0	1 amb.1 baño51 m² cubiertos	Amplio Monoambiente Divisible En Barracas En Piso 6, Barracas, Capital Federal	https://departamento.mercadolibre.com.ar/MLA-3692901180-gran-monoambiente-divisible-de-53-m-con-balcon-en-barracas-apto-credito-_JM#polycard_client=search-desktop&price_drop=not_apply&be_origin=backend&overlay_label=not_apply&search_layout=grid&position=42&type=item&tracking_id=b311d4ae-62d6-41c1-bf9a-c37903d677d6&sid=search	barracas	53 m²	51 m²	0	0	4	6	Departamento	Contrafrente	12 años	195.000 ARS	No	No		Sí	No	No		No	No	Sí	No	Sí	Sí	No	Sí	No	Sí	No	No	2 m²		Este	Sí														Sí																								
Departamento en venta	Departamento 4 Ambientes En Barracas	175000	USD	US$175.000	False	4	3	2	105.0	4 ambs.2 baños105 m² cubiertos	Av Martin Garcia 272, Barracas, Capital Federal	https://departamento.mercadolibre.com.ar/MLA-1929391727-departamento-4-ambientes-en-barracas-_JM#polycard_client=search-desktop&price_drop=not_apply&be_origin=backend&overlay_label=not_apply&search_layout=grid&position=43&type=item&tracking_id=b311d4ae-62d6-41c1-bf9a-c37903d677d6&sid=search	barracas	115 m²	105 m²	0	0			Departamento	Contrafrente	7 años	380.000 ARS	Sí	Sí		Sí	No	Sí		Sí	Sí	Sí	No	Sí	Sí	No	Sí	Sí	Sí	No	No	10 m²	4	Norte								Sí	Sí				Diurno			Sí			Sí						Sí	Sí													
Departamento en venta	Departamento 2 Ambientes Barracas Venta	58500	USD	US$58.500	False	2	1	1	68.0	2 ambs.1 baño68 m² cubiertos	Dr. Ramon Carrillo Al 200, Barracas, Capital Federal	https://departamento.mercadolibre.com.ar/MLA-3681141916-departamento-2-ambientes-barracas-venta-_JM#polycard_client=search-desktop&price_drop=not_apply&be_origin=backend&overlay_label=not_apply&search_layout=grid&position=44&type=item&tracking_id=b311d4ae-62d6-41c1-bf9a-c37903d677d6&sid=search	barracas	68 m²	68 m²	0	1	4	2	Departamento	Frente	50 años	30.000 ARS	Sí	Sí		No	No	No	Sí	Sí	Sí	Sí	No	No	Sí	No	Sí	No	Sí	Sí	No		1	Sur																																							
Departamento en venta	Av Reg De Patricios 600 Barracas 4amb U$75.000	75000	USD	US$75.000	False	3	2	1	63.0	3 ambs.1 baño63 m² cubiertos	Av Regimiento De Patricios Al 600. Entre Pinzon Y Del Valle, Aristobulo, Barracas, Capital Federal	https://departamento.mercadolibre.com.ar/MLA-1914634545-av-reg-de-patricios-600-barracas-4amb-u75000-_JM#polycard_client=search-desktop&price_drop=not_apply&be_origin=backend&overlay_label=not_apply&search_layout=grid&position=45&type=item&tracking_id=b311d4ae-62d6-41c1-bf9a-c37903d677d6&sid=search	barracas	75 m²	63 m²	0	0	6		Departamento	Interno	70 años	127.000 ARS	No	Sí		No	No	No		No	No	No	No	No	Sí	No		No	No	No	No	12 m²	2	Sur			1													Sí																							
Departamento en venta	Depto Monoambiente, Exc Ubicación, Al Frente Y Luminoso, Con Patio.	52900	USD	US$52.900	False	1	1	1	40.0	1 amb.1 baño40 m² cubiertos	Ruy Díaz De Guzmán 19, Barracas, Capital Federal	https://departamento.mercadolibre.com.ar/MLA-1908183229-depto-monoambiente-exc-ubicacion-al-frente-y-luminoso-con-patio-_JM#polycard_client=search-desktop&price_drop=not_apply&be_origin=backend&overlay_label=not_apply&search_layout=grid&position=46&type=item&tracking_id=b311d4ae-62d6-41c1-bf9a-c37903d677d6&sid=search	barracas	40 m²	40 m²	0						50 años	30.000 ARS							Sí						Sí											Sí														Sí																							
Departamento en venta	Venta Departamento 4 Ambientes En Barracas Con Cochera Y Amenities	380000	USD	US$380.000	False	4	3	3	133.0	4 ambs.3 baños133 m² cubiertos	Montes De Oca Al 100, Barracas, Capital Federal	https://departamento.mercadolibre.com.ar/MLA-1900940751-venta-departamento-4-ambientes-en-barracas-con-cochera-y-amenities-_JM#polycard_client=search-desktop&price_drop=not_apply&be_origin=backend&overlay_label=not_apply&search_layout=grid&position=47&type=item&tracking_id=b311d4ae-62d6-41c1-bf9a-c37903d677d6&sid=search	barracas	138 m²	133 m²	1	0		5	Departamento	Frente	10 años	800.000 ARS	Sí	No	Sí	Sí	Sí	Sí	Sí	No	Sí	Sí	Sí	Sí	Sí	Sí	Sí	Sí	No	No	Sí	5 m²	2	Este	Sí	Sí		Sí	Sí	Sí			Sí				Diurno			Sí	Sí		Sí	Sí			Sí	Sí		Sí		Sí									Sí		
Departamento en venta	Venta Departamento 2 Ambientes Barracas	52000	USD	US$52.000	False	2	1	1	37.0	2 ambs.1 baño37 m² cubiertos	Ruy Díaz De Guzmán Al 91, Barracas, Capital Federal	https://departamento.mercadolibre.com.ar/MLA-1916772693-venta-departamento-2-ambientes-barracas-_JM#polycard_client=search-desktop&price_drop=not_apply&be_origin=backend&overlay_label=not_apply&search_layout=grid&position=48&type=item&tracking_id=b311d4ae-62d6-41c1-bf9a-c37903d677d6&sid=search	barracas	44,88 m²	37,8 m²	0	0			Departamento		40 años	90.000 ARS	No	Sí		No	No	No		No	No	Sí	No	No	Sí	No	Sí	Sí	No	No	No	5,6 m²	1			Sí	1													Sí																							
Departamento en venta	Ph 4 Ambientes Venta Barracas	79000	USD	US$79.000	False	4	3	1	172.0	4 ambs.1 baño172 m² cubiertos	Río Limay Al 1200, Barracas, Capital Federal	https://departamento.mercadolibre.com.ar/MLA-3655896656-ph-4-ambientes-venta-barracas-_JM#polycard_client=search-desktop&price_drop=not_apply&be_origin=backend&overlay_label=not_apply&search_layout=grid&position=1&type=item&tracking_id=9777c480-6961-454e-9a22-df9f34b92aea&sid=search	barracas	185,64 m²	172,78 m²	2	0			Departamento		60 años	0 ARS	No	No		No	No	No		No	No	No	No	No	No	No	Sí	Sí	No	No	No	12,86 m²	2			Sí	1																																				
Departamento en venta	Venta Departamento Barracas Dos Ambientes Patio	54000	USD	US$54.000	False	2	1	1	42.0	2 ambs.1 baño42 m² cubiertos	Rondeau 1720, Barracas, Capital Federal	https://departamento.mercadolibre.com.ar/MLA-3600694348-venta-departamento-barracas-dos-ambientes-patio-_JM#polycard_client=search-desktop&price_drop=not_apply&be_origin=backend&overlay_label=not_apply&search_layout=grid&position=2&type=item&tracking_id=9777c480-6961-454e-9a22-df9f34b92aea&sid=search	barracas	46 m²	42 m²	0		6	12	Ph	Contrafrente	76 años	45.000 ARS		Sí		No	No	No	Sí	No	Sí	Sí	Sí	No	Sí	No	Sí	Sí	Sí	Sí	Sí		1	Norte	Sí		1						Sí						Sí	Sí					Sí						Sí												
Departamento en venta	3 Ambientes Al Frente Con Balcon! Apto Crédito	105000	USD	US$105.000	False	3	2	1	63.0	3 ambs.1 baño63 m² cubiertos	VIEYTES 1300, Barracas, Capital Federal	https://departamento.mercadolibre.com.ar/MLA-1883473385-3-ambientes-al-frente-con-balcon-apto-credito-_JM#polycard_client=search-desktop&price_drop=not_apply&be_origin=backend&overlay_label=not_apply&search_layout=grid&position=3&type=item&tracking_id=9777c480-6961-454e-9a22-df9f34b92aea&sid=search	barracas	83 m²	63 m²	0						57 años	200.000 ARS																					10																																								
Departamento en venta	Departamento En Barracas	90000	USD	US$90.000	False	3	2	1	60.0	3 ambs.1 baño60 m² cubiertos	Coronel Salvadores Al 1500, Barracas, Capital Federal	https://departamento.mercadolibre.com.ar/MLA-1882450077-departamento-en-barracas-_JM#polycard_client=search-desktop&price_drop=not_apply&be_origin=backend&overlay_label=not_apply&search_layout=grid&position=4&type=item&tracking_id=9777c480-6961-454e-9a22-df9f34b92aea&sid=search	barracas	91 m²	60 m²	0	1	4	1	Departamento	Frente	51 años	0 ARS	No	Sí		No	Sí	No		Sí	No	No	No	Sí	Sí	No		No	No	No	Sí		1	Sur		Sí														Sí																							
Departamento en venta	Barracas - 3 Ambientes - Av. Montes De Oca 1400	90000	USD	US$90.000	False	3	2	1	51.0	3 ambs.1 baño51 m² cubiertos	Av.. Montes De Oca 1400, Barracas, Capital Federal	https://departamento.mercadolibre.com.ar/MLA-3572966518-barracas-3-ambientes-av-montes-de-oca-1400-_JM#polycard_client=search-desktop&price_drop=not_apply&be_origin=backend&overlay_label=not_apply&search_layout=grid&position=5&type=item&tracking_id=9777c480-6961-454e-9a22-df9f34b92aea&sid=search	barracas	57 m²	51 m²	0						56 años	100.000 ARS		Sí					Sí		Sí	Sí			Sí								10			Sí														Sí																							
Departamento en venta	Venta Departamento 3 Amb Con Balcon	67000	USD	US$67.000	False	3	2	1	47.0	3 ambs.1 baño47 m² cubiertos	Azopardo 1500, Barracas, Capital Federal	https://departamento.mercadolibre.com.ar/MLA-1877737479-venta-departamento-3-amb-con-balcon-_JM#polycard_client=search-desktop&price_drop=not_apply&be_origin=backend&overlay_label=not_apply&search_layout=grid&position=6&type=item&tracking_id=9777c480-6961-454e-9a22-df9f34b92aea&sid=search	barracas	52 m²	47 m²	0		6	1		Lateral	52 años	188.000 ARS		Sí					Sí			Sí		Sí	Sí		Sí	Sí		Sí			5	Norte		Sí								Sí		Sí																											
Departamento en venta	Departamento 3 Ambientes Barracas. Venta	100000	USD	US$100.000	False	3	2	1	52.0	3 ambs.1 baño52 m² cubiertos	Ituzaingo Al 600, Barracas, Capital Federal	https://departamento.mercadolibre.com.ar/MLA-1873764677-departamento-3-ambientes-barracas-venta-_JM#polycard_client=search-desktop&price_drop=not_apply&be_origin=backend&overlay_label=not_apply&search_layout=grid&position=7&type=item&tracking_id=9777c480-6961-454e-9a22-df9f34b92aea&sid=search	barracas	55 m²	52 m²	0	0	4		Departamento	Contrafrente	40 años	191.000 ARS	Sí	Sí		Sí	No	No		No	Sí	Sí	No	Sí	Sí	No	Sí	Sí	No	No	No	3 m²	1	Norte	Sí																																						
Departamento en venta	Barracas 4 Amb Balcon Frente Apto Credito	110000	USD	US$110.000	False	4	3	1	87.0	4 ambs.1 baño87 m² cubiertos	Herrera Al 500, Barracas, Capital Federal	https://departamento.mercadolibre.com.ar/MLA-1866555485-barracas-4-amb-balcon-frente-apto-credito-_JM#polycard_client=search-desktop&price_drop=not_apply&be_origin=backend&overlay_label=not_apply&search_layout=grid&position=8&type=item&tracking_id=9777c480-6961-454e-9a22-df9f34b92aea&sid=search	barracas	89 m²	87 m²	0	0	4	3	Departamento	Frente	40 años	300.000 ARS	No	Sí	Sí	Sí	No	Sí		No	No	No	No	Sí	Sí	No		No	No	No	No		1	Oeste																																							
Departamento en venta	Venta 3 Amb Frente Con Amplio Patio Y Cochera	85000	USD	US$85.000	False	3	2	1	79.0	3 ambs.1 baño79 m² cubiertos	Azopardo 1500, Barracas, Capital Federal	https://departamento.mercadolibre.com.ar/MLA-1866557133-venta-3-amb-frente-con-amplio-patio-y-cochera-_JM#polycard_client=search-desktop&price_drop=not_apply&be_origin=backend&overlay_label=not_apply&search_layout=grid&position=9&type=item&tracking_id=9777c480-6961-454e-9a22-df9f34b92aea&sid=search	barracas	109 m²	79 m²	1						36 años	170.000 ARS		Sí		Sí			Sí		Sí	Sí			Sí		Sí	Sí		Sí			10			Sí						Sí							Sí	Sí										Sí													
Departamento en venta	Departamento En Venta En Montes De Oca Al 100	315000	USD	US$315.000	False	5	3	3	115.0	5 ambs.3 baños115 m² cubiertos	Montes De Oca Al 200, Barracas, Capital Federal	https://departamento.mercadolibre.com.ar/MLA-3521978764-departamento-en-venta-en-montes-de-oca-al-100-_JM#polycard_client=search-desktop&price_drop=not_apply&be_origin=backend&overlay_label=not_apply&search_layout=grid&position=10&type=item&tracking_id=9777c480-6961-454e-9a22-df9f34b92aea&sid=search	barracas	115 m²	115 m²	1	1			Departamento	Contrafrente	20 años	600.000 ARS	Sí	No		No	Sí	Sí		No	No	No	No	Sí	No	Sí		No	Sí	Sí	Sí			Oeste		Sí		Sí	Sí	Sí		Sí						Sí									Sí																
Departamento en venta	Exclusivo 7 Ambientes Con Terraza Privada Y 2 Cocheras	370000	USD	US$370.000	False	7	4	4	211.0	7 ambs.4 baños211 m² cubiertos	Av. Patricios Al 170, Barracas, Capital Federal	https://departamento.mercadolibre.com.ar/MLA-3517180302-exclusivo-7-ambientes-con-terraza-privada-y-2-cocheras-_JM#polycard_client=search-desktop&price_drop=not_apply&be_origin=backend&overlay_label=not_apply&search_layout=grid&position=11&type=item&tracking_id=9777c480-6961-454e-9a22-df9f34b92aea&sid=search	barracas	261 m²	211 m²	2	0	4	8	Departamento		12 años	335.000 ARS	No	No		Sí	No	No		Sí	No	No	No	Sí	Sí	No	Sí	No	Sí	No	No	15 m²	3		Sí													Sí	Sí										Sí														
Departamento en venta	Venta - 4 Amb Dep, Balcon Frente Barracas - Apto Credito	146000	USD	US$146.000	False	4	3	2	102.0	4 ambs.2 baños102 m² cubiertos	Uspallata Al 800, Barracas, Capital Federal	https://departamento.mercadolibre.com.ar/MLA-3511418548-venta-4-amb-dep-balcon-frente-barracas-apto-credito-_JM#polycard_client=search-desktop&price_drop=not_apply&be_origin=backend&overlay_label=not_apply&search_layout=grid&position=12&type=item&tracking_id=9777c480-6961-454e-9a22-df9f34b92aea&sid=search	barracas	110 m²	102 m²	0	0	6	5	Departamento	Frente	55 años	343.000 ARS	Sí	Sí		Sí	Sí	Sí		No	Sí	Sí	No	Sí	No	No	Sí	Sí	No	No	Sí	8 m²		Oeste	Sí	Sí						Sí	Sí																														
Departamento en venta	Tríplex De 4 Ambientes Con Terraza Y Parrilla Barracas	320000	USD	US$320.000	False	4	3	3	175.0	4 ambs.3 baños175 m² cubiertos	Martín García Al 700, Barracas, Capital Federal	https://departamento.mercadolibre.com.ar/MLA-1851877307-triplex-de-4-ambientes-con-terraza-y-parrilla-barracas-_JM#polycard_client=search-desktop&price_drop=not_apply&be_origin=backend&overlay_label=not_apply&search_layout=grid&position=13&type=item&tracking_id=9777c480-6961-454e-9a22-df9f34b92aea&sid=search	barracas	232 m²	175 m²	0	0	2		Departamento	Frente	70 años	400.000 ARS	Sí	Sí		Sí	Sí	No		Sí	Sí	Sí	Sí	Sí	Sí	No	Sí	Sí	Sí	Sí	Sí		3	Sur		Sí						Sí						Sí	Sí						Sí		Sí																
Departamento en venta	Venta Departamento 2 Ambientes Con Patio En Barracas	105000	USD	US$105.000	False	2	1	1	46.0	2 ambs.1 baño46 m² cubiertos	Bolivar Al 1700, Barracas, Capital Federal	https://departamento.mercadolibre.com.ar/MLA-1850411551-venta-departamento-2-ambientes-con-patio-en-barracas-_JM#polycard_client=search-desktop&price_drop=not_apply&be_origin=backend&overlay_label=not_apply&search_layout=grid&position=14&type=item&tracking_id=9777c480-6961-454e-9a22-df9f34b92aea&sid=search	barracas	53 m²	46 m²	0	0			Departamento	Interno	50 años	35.000 ARS	No	No		No	Sí	No		No	Sí	Sí	No	No	Sí	No	Sí	Sí	No	No	Sí					Sí														Sí																							
Departamento en venta	Departamento De 4 Ambientes Con Dependencia, Espacio Guardacoche Y Baulera	315000	USD	US$315.000	False	4	3	3	154.0	4 ambs.3 baños154 m² cubiertos	Av. Montes De Oca 446, Barracas, Capital Federal	https://departamento.mercadolibre.com.ar/MLA-3459199318-departamento-de-4-ambientes-con-dependencia-espacio-guardacoche-y-baulera-_JM#polycard_client=search-desktop&price_drop=not_apply&be_origin=backend&overlay_label=not_apply&search_layout=grid&position=15&type=item&tracking_id=9777c480-6961-454e-9a22-df9f34b92aea&sid=search	barracas	173,75 m²	154,84 m²	1	1			Semi piso	Contrafrente	50 años	550.000 ARS	Sí	Sí	Sí	Sí	Sí	Sí	Sí		Sí	Sí	Sí	Sí	Sí			Sí		Sí	Sí	14,48 m²				Sí											Virtual																				Sí						
Departamento en venta	Oportunidad! Se Vende Un Hermoso Departamento De 3 Ambientes Al Frente - Barracas	90000	USD	US$90.000	False	3	2	1	47.0	3 ambs.1 baño47 m² cubiertos	Av. Regimientos De Patricios 437, Barracas, Capital Federal	https://departamento.mercadolibre.com.ar/MLA-3450006304-oportunidad-se-vende-un-hermoso-departamento-de-3-ambientes-al-frente-barracas-_JM#polycard_client=search-desktop&price_drop=not_apply&be_origin=backend&overlay_label=not_apply&search_layout=grid&position=16&type=item&tracking_id=9777c480-6961-454e-9a22-df9f34b92aea&sid=search	barracas	51 m²	47 m²	0						46 años	180.000 ARS		No		No	No	No		No	No	No	No	No	No	No		No	No	No	No	4 m²	8																																								
Departamento en venta	Departamento En Venta En Montserrat (caba)	105000	USD	US$105.000	False	1	1	1	45.0	1 amb.1 baño45 m² cubiertos	Av. Yrigoyen 610, Barracas, Capital Federal	https://departamento.mercadolibre.com.ar/MLA-3444117038-departamento-en-venta-en-montserrat-caba-_JM#polycard_client=search-desktop&price_drop=not_apply&be_origin=backend&overlay_label=not_apply&search_layout=grid&position=17&type=item&tracking_id=9777c480-6961-454e-9a22-df9f34b92aea&sid=search	barracas	49 m²	45 m²	0	0			Departamento		5 años	9.000 ARS	No	No		No	No	Sí		No	No	No	No	No	No	No		No	No	No	No																		Sí																								
Departamento en venta	Venta Departamento 4 Ambientes, Cochera Y Baulera, Barracas	210000	USD	US$210.000	False	4	3	2	75.0	4 ambs.2 baños75 m² cubiertos	General Hornos 548, C1272ACJ, Ciudad Autónoma De Buenos Aires, Argentina, Barracas, Capital Federal	https://departamento.mercadolibre.com.ar/MLA-1824470877-venta-departamento-4-ambientes-cochera-y-baulera-barracas-_JM#polycard_client=search-desktop&price_drop=not_apply&be_origin=backend&overlay_label=not_apply&search_layout=grid&position=18&type=item&tracking_id=9777c480-6961-454e-9a22-df9f34b92aea&sid=search	barracas	79 m²	75 m²	1			6		Frente	29 años	412.500 ARS	Sí	Sí		Sí		Sí	Sí		Sí	Sí		Sí	Sí		Sí	Sí	Sí	Sí	Sí		8	Norte		Sí								Sí								Sí																					
Departamento en venta	Depto 3 Amb Barracas 55m2 Cub Balcon, Amenities	126900	USD	US$126.900	False	3	2	2	55.0	3 ambs.2 baños55 m² cubiertos	Piedras 1700, Barracas, Capital Federal	https://departamento.mercadolibre.com.ar/MLA-1820073055-depto-3-amb-barracas-55m2-cub-balcon-amenities-_JM#polycard_client=search-desktop&price_drop=not_apply&be_origin=backend&overlay_label=not_apply&search_layout=grid&position=19&type=item&tracking_id=9777c480-6961-454e-9a22-df9f34b92aea&sid=search	barracas	63 m²	55 m²	0	0	4	6	Departamento	Frente	14 años	344.000 ARS	No	Sí	Sí	Sí	Sí	Sí		Sí	No	Sí	No	Sí	Sí	Sí		No	No	No	Sí		1	Oeste		Sí				Sí								Sí																									
Departamento en venta	Departamento En Barracas	175000	USD	US$175.000	False	2	1	1	55.0	2 ambs.1 baño55 m² cubiertos	Avenida Montes De Oca Al 200, Barracas, Capital Federal	https://departamento.mercadolibre.com.ar/MLA-3425006316-departamento-en-barracas-_JM#polycard_client=search-desktop&price_drop=not_apply&be_origin=backend&overlay_label=not_apply&search_layout=grid&position=20&type=item&tracking_id=9777c480-6961-454e-9a22-df9f34b92aea&sid=search	barracas	63 m²	55 m²	0	1			Departamento	Frente	20 años	300.000 ARS	Sí	Sí		No	Sí	Sí		No	No	No	No	Sí	Sí	No	Sí	Sí	Sí	No	Sí		3	Este	Sí	Sí													Sí																								
Departamento en venta	Gral. Hornos 500 * 6to. Fte. Depto. 4 Amb. 100m2. Bcon./ Toilette / Cochera. Seg.	210000	USD	US$210.000	False	4	3	1	96.0	4 ambs.1 baño96 m² cubiertos	Gral. Hornos 500 * // 6to.. Fte. Depto. 4 Amb. 100m2. Bcon./ Toilette / Cochera./ Baulera . Seg. Por. M2.: 2.100., Barracas, Capital Federal	https://departamento.mercadolibre.com.ar/MLA-3424294610-gral-hornos-500-6to-fte-depto-4-amb-100m2-bcon-toilette-cochera-seg-_JM#polycard_client=search-desktop&price_drop=not_apply&be_origin=backend&overlay_label=not_apply&search_layout=grid&position=21&type=item&tracking_id=9777c480-6961-454e-9a22-df9f34b92aea&sid=search	barracas	100 m²	96 m²	1	0	4	3	Departamento	Frente	35 años	0 ARS	No	No		Sí	No	Sí		No	No	Sí	No	Sí	Sí	No	Sí	No	No	No	No	4 m²		Norte	Sí							Sí	Sí																														
Departamento en venta	Departamento 3 Ambientes A Estrenar Con Balcon Aterrazado Y Patio Ultima Unidad	239000	USD	US$239.000	False	3	2	2	88.0	3 ambs.2 baños88 m² cubiertos	Azara 48, Barracas, Capital Federal	https://departamento.mercadolibre.com.ar/MLA-1812588727-departamento-3-ambientes-a-estrenar-con-balcon-aterrazado-y-patio-ultima-unidad-_JM#polycard_client=search-desktop&price_drop=not_apply&be_origin=backend&overlay_label=not_apply&search_layout=grid&position=22&type=item&tracking_id=9777c480-6961-454e-9a22-df9f34b92aea&sid=search	barracas	127,21 m²	88,68 m²	1		3	1	Departamento	Frente	1 años	260.000 ARS	Sí	No	Sí	Sí	No	No	Sí	Sí	Sí	Sí	Sí	Sí	Sí	No	Sí	Sí	No	No	Sí	25,04 m²	4		Sí							Sí	Sí							Sí		Sí					Sí																
Departamento en venta	Barracas Ph 4 Amb Sin Expensas Con Dependencia	90000	USD	US$90.000	False	4	3	1	63.0	4 ambs.1 baño63 m² cubiertos	Dr. Enrique Finochietto 800, Barracas, Capital Federal	https://departamento.mercadolibre.com.ar/MLA-1811398891-barracas-ph-4-amb-sin-expensas-con-dependencia-_JM#polycard_client=search-desktop&price_drop=not_apply&be_origin=backend&overlay_label=not_apply&search_layout=grid&position=23&type=item&tracking_id=9777c480-6961-454e-9a22-df9f34b92aea&sid=search	barracas	90 m²	63 m²	0	0			Departamento	Interno	75 años	0 ARS	No	No		No	No	No		No	No	No	No	No	Sí	No		No	No	No	No	8 m²	1	Sur															Sí																		Sí						
Departamento en venta	Hermoso Departamento Antiguo, Reciclado En El ¨pasaje Europa	215000	USD	US$215.000	False	5	3	1	110.0	5 ambs.1 baño110 m² cubiertos	Av. Montes De Oca Al 200, Barracas, Capital Federal	https://departamento.mercadolibre.com.ar/MLA-1810473383-hermoso-departamento-antiguo-reciclado-en-el-pasaje-europa-_JM#polycard_client=search-desktop&price_drop=not_apply&be_origin=backend&overlay_label=not_apply&search_layout=grid&position=24&type=item&tracking_id=9777c480-6961-454e-9a22-df9f34b92aea&sid=search	barracas	110 m²	110 m²	0	0	2	4	Departamento	Contrafrente	110 años	322.000 ARS	No	No		Sí	Sí	Sí		No	Sí	Sí	No	No	Sí	No	Sí	Sí	No	No	Sí		1	Oeste		Sí						Sí																															
Departamento en venta	Venta Departamento 4 Ambientes Barracas.edificio Moca Al Frente Cochera Full Amenities Muy Luminoso	360000	USD	US$360.000	False	4	3	3	121.0	4 ambs.3 baños121 m² cubiertos	Av. Montes De Oca Al 100, Barracas, Capital Federal	https://departamento.mercadolibre.com.ar/MLA-3342680178-venta-departamento-4-ambientes-barracasedificio-moca-al-frente-cochera-full-amenities-muy-luminoso-_JM#polycard_client=search-desktop&price_drop=not_apply&be_origin=backend&overlay_label=not_apply&search_layout=grid&position=25&type=item&tracking_id=9777c480-6961-454e-9a22-df9f34b92aea&sid=search	barracas	133 m²	121 m²	1	0	6	2	Departamento	Frente	14 años	950.000 ARS	Sí	Sí	Sí	Sí	Sí	Sí		No	Sí	Sí	Sí	Sí	Sí	Sí		No	Sí	No	Sí	12 m²	1	Este		Sí		Sí	Sí	Sí		Sí						Sí	Sí		Sí			Sí	Sí		Sí	Sí				Sí					Sí				Sí		
Departamento en venta	Venta Departamento 3 Ambientes En Barracas, Caba	118000	USD	US$118.000	False	3	2	1	65.0	3 ambs.1 baño65 m² cubiertos	Montes De Oca Al 700, Barracas, Capital Federal	https://departamento.mercadolibre.com.ar/MLA-1788491465-venta-departamento-3-ambientes-en-barracas-caba-_JM#polycard_client=search-desktop&price_drop=not_apply&be_origin=backend&overlay_label=not_apply&search_layout=grid&position=26&type=item&tracking_id=9777c480-6961-454e-9a22-df9f34b92aea&sid=search	barracas	65 m²	65 m²	0	1	4	10	Departamento	Contrafrente	30 años	150.000 ARS	Sí	No		Sí	Sí	Sí		Sí	Sí	Sí	No	No	Sí	No	Sí	Sí	Sí	Sí	Sí		1	Norte		Sí						Sí									Sí																						
Departamento en venta	Venta Tipo Ph 3 Ambientes Amplio Patio Super Luminoso	160000	USD	US$160.000	False	3	2	1	84.0	3 ambs.1 baño84 m² cubiertos	Finochietto Enrique Dr. Al 500, Barracas, Capital Federal	https://departamento.mercadolibre.com.ar/MLA-1781128967-venta-tipo-ph-3-ambientes-amplio-patio-super-luminoso-_JM#polycard_client=search-desktop&price_drop=not_apply&be_origin=backend&overlay_label=not_apply&search_layout=grid&position=27&type=item&tracking_id=9777c480-6961-454e-9a22-df9f34b92aea&sid=search	barracas	129 m²	84 m²	0	0			Departamento	Contrafrente	19 años	220.000 ARS	No	No		Sí	Sí	No		No	No	No	No	No	No	No	Sí	No	Sí	Sí	Sí			Este		Sí						Sí								Sí									Sí														
Departamento en venta	Barracas Ph Moderno 3 Amb Apto Credito	116000	USD	US$116.000	False	3	2	1	76.0	3 ambs.1 baño76 m² cubiertos	Suarez 1500, Barracas, Capital Federal	https://departamento.mercadolibre.com.ar/MLA-1774003515-barracas-ph-moderno-3-amb-apto-credito-_JM#polycard_client=search-desktop&price_drop=not_apply&be_origin=backend&overlay_label=not_apply&search_layout=grid&position=28&type=item&tracking_id=9777c480-6961-454e-9a22-df9f34b92aea&sid=search	barracas	76 m²	76 m²	0	0			Departamento	Lateral	60 años	77.400 ARS	No	Sí		No	Sí	No		No	No	No	No	No	Sí	No		No	No	No	Sí		1	Norte		Sí																																					
Departamento en venta	Semipiso Funcional De Categoría Con Buena Distribución Soleado Y Luminoso - Barracas	105000	USD	US$105.000	False	3	3	2	79.0	3 ambs.2 baños79 m² cubiertos	Av. Montes De Oca 0, Barracas, Capital Federal	https://departamento.mercadolibre.com.ar/MLA-3223427096-semipiso-funcional-de-categoria-con-buena-distribucion-soleado-y-luminoso-barracas-_JM#polycard_client=search-desktop&price_drop=not_apply&be_origin=backend&overlay_label=not_apply&search_layout=grid&position=29&type=item&tracking_id=9777c480-6961-454e-9a22-df9f34b92aea&sid=search	barracas	82 m²	79 m²	0	0	2	6	Departamento	Contrafrente	70 años	0 ARS	No	Sí	Sí	Sí	Sí	Sí		No	No	Sí	No	No	Sí	No	Sí	Sí	Sí	No	Sí	2 m²	1	Oeste		Sí													Sí																		Sí						
Departamento en venta	Departamento En Venta, 4 Ambientes Con Dependencia Y Cochera Fija Cubierta. Muy Luminoso	190000	USD	US$190.000	False	4	3	2	93.0	4 ambs.2 baños93 m² cubiertos	Martin Garcia 560 Piso 2, Barracas, Capital Federal	https://departamento.mercadolibre.com.ar/MLA-3214107356-departamento-en-venta-4-ambientes-con-dependencia-y-cochera-fija-cubierta-muy-luminoso-_JM#polycard_client=search-desktop&float_highlight=not_apply&price_drop=not_apply&be_origin=backend&overlay_label=not_apply&search_layout=grid&position=30&type=item&tracking_id=9777c480-6961-454e-9a22-df9f34b92aea&sid=search	barracas	110 m²	93 m²	1	0	2		Departamento	Contrafrente	45 años	700.000 ARS	Sí	No		No	Sí	Sí	Sí	No	No	No	No	Sí	Sí	Sí	Sí	Sí	Sí	Sí	Sí	17 m²		Norte		Sí			Sí	Sí		Sí															Sí					Sí											
Departamento en venta	Barracas Depto 4 Amb Terraza Y Balcon	168000	USD	US$168.000	False	4	4	3	83.0	4 ambs.3 baños83 m² cubiertos	Av. Montes De Oca 1700, Barracas, Capital Federal	https://departamento.mercadolibre.com.ar/MLA-3206875842-barracas-depto-4-amb-terraza-y-balcon-_JM#polycard_client=search-desktop&float_highlight=not_apply&price_drop=not_apply&be_origin=backend&overlay_label=not_apply&search_layout=grid&position=31&type=item&tracking_id=9777c480-6961-454e-9a22-df9f34b92aea&sid=search	barracas	112 m²	83 m²	0	1			Departamento	Frente	45 años	328.000 ARS	No	Sí	Sí	Sí	Sí	Sí		Sí	No	No	No	Sí	Sí	No	Sí	No	No	No	Sí		1	Este		Sí																															Sí						
Departamento en venta	Venta Departamento 2 Ambientes Mas Entrepiso. Barracas. Edificio Moca. Al Frente. Muy Luminoso.	175000	USD	US$175.000	False	2	1	1	55.0	2 ambs.1 baño55 m² cubiertos	Av. Montes De Oca Al 200, Barracas, Capital Federal	https://departamento.mercadolibre.com.ar/MLA-1751822895-venta-departamento-2-ambientes-mas-entrepiso-barracas-edificio-moca-al-frente-muy-luminoso-_JM#polycard_client=search-desktop&float_highlight=not_apply&price_drop=not_apply&be_origin=backend&overlay_label=not_apply&search_layout=grid&position=32&type=item&tracking_id=9777c480-6961-454e-9a22-df9f34b92aea&sid=search	barracas	63 m²	55 m²	0	2	6	3	Departamento	Frente	14 años	355.000 ARS	Sí	Sí	Sí	Sí	Sí	Sí		No	No	No	No	Sí	Sí	No		No	Sí	No	Sí	8 m²	1	Este		Sí		Sí	Sí	Sí									Sí					Sí	Sí		Sí	Sí				Sí									Sí		
Departamento en venta	3 Ambientes Con Balcon En Barracas	125000	USD	US$125.000	False	3	2	1	54.0	3 ambs.1 baño54 m² cubiertos	Benito Quinquela Martín 1700, Barracas, Capital Federal	https://departamento.mercadolibre.com.ar/MLA-1752092467-3-ambientes-con-balcon-en-barracas-_JM#polycard_client=search-desktop&float_highlight=not_apply&price_drop=not_apply&be_origin=backend&overlay_label=not_apply&search_layout=grid&position=33&type=item&tracking_id=9777c480-6961-454e-9a22-df9f34b92aea&sid=search	barracas	58 m²	54 m²	0		3	1		Interno	56 años	1 ARS		Sí	Sí	Sí	Sí		Sí	Sí	Sí	Sí		Sí	Sí		Sí	Sí			Sí		7	Norte		Sí																																		Sí			
Departamento en venta	Semipiso 2 Ambientes + Escritorio Con Balcón Terraza, Parrilla Y Vista Abierta	112500	USD	US$112.500	False	2	1	1	40.0	2 ambs.1 baño40 m² cubiertos	Aristóbulo Del Valle 1400, Barracas, Capital Federal	https://departamento.mercadolibre.com.ar/MLA-1750627633-semipiso-2-ambientes-escritorio-con-balcon-terraza-parrilla-y-vista-abierta-_JM#polycard_client=search-desktop&price_drop=not_apply&be_origin=backend&overlay_label=not_apply&search_layout=grid&position=34&type=item&tracking_id=9777c480-6961-454e-9a22-df9f34b92aea&sid=search	barracas	70 m²	40 m²	0	0	2	7	Semi piso	Frente	40 años	269.000 ARS	Sí	Sí	Sí	Sí	No	No	Sí	Sí	Sí	Sí		Sí	Sí	No	Sí	Sí		Sí	Sí	30 m²	8	Norte	Sí																	Sí			Sí		Sí		Sí								Sí						
Departamento en venta	Oportunidad, Monoambiente Con Entrepiso Y Balcón !!!	37000	USD	US$37.000	False	1	0	1	31.0	1 amb.1 baño31 m² cubiertos	SAN Antonio 429, Barracas, Capital Federal	https://departamento.mercadolibre.com.ar/MLA-3159827764-oportunidad-monoambiente-con-entrepiso-y-balcon--_JM#polycard_client=search-desktop&price_drop=not_apply&be_origin=backend&overlay_label=not_apply&search_layout=grid&position=35&type=item&tracking_id=9777c480-6961-454e-9a22-df9f34b92aea&sid=search	barracas	35 m²	31 m²	0	0			Departamento	Interno	20 años	113.000 ARS	No	No		No	No	Sí		No	No	No	No	Sí	Sí	No	Sí	Sí	No	No	No	4 m²	2	Este																																							
Departamento en venta	4 Ambientes C/ Dependencias . Av. Montes De Oca 1200	250000	USD	US$250.000	False	4	3	3	110.0	4 ambs.3 baños110 m² cubiertos	Av. Montes De Oca 1200, Barracas, Capital Federal	https://departamento.mercadolibre.com.ar/MLA-1735149413-4-ambientes-c-dependencias-av-montes-de-oca-1200-_JM#polycard_client=search-desktop&float_highlight=not_apply&price_drop=not_apply&be_origin=backend&overlay_label=not_apply&search_layout=grid&position=36&type=item&tracking_id=9777c480-6961-454e-9a22-df9f34b92aea&sid=search	barracas	123 m²	110 m²	0						46 años	450.000 ARS									Sí	Sí	Sí	Sí	Sí								14																																								
Departamento en venta	Wenceslao Villafañe 1200 - 2 Ambientes- Amenities - Cochera. Con Renta.	155000	USD	US$155.000	False	2	1	2	57.0	2 ambs.2 baños57 m² totales	1200, Barracas, Capital Federal	https://departamento.mercadolibre.com.ar/MLA-1730886927-wenceslao-villafane-1200-2-ambientes-amenities-cochera-con-renta-_JM#polycard_client=search-desktop&float_highlight=not_apply&price_drop=not_apply&be_origin=backend&overlay_label=not_apply&search_layout=grid&position=37&type=item&tracking_id=9777c480-6961-454e-9a22-df9f34b92aea&sid=search	barracas	57 m²		0						16 años	210.000 ARS						Sí	Sí		Sí	Sí	Sí		Sí						Sí											Sí										Sí									Sí												
Departamento en venta	Monoambiente Moca 2- A Estrenar	67100	USD	US$67.100	False	1	0	1	25.0	1 amb.1 baño25 m² cubiertos	Doctor Enrique Finochietto 900, Barracas, Capital Federal	https://departamento.mercadolibre.com.ar/MLA-1727940901-monoambiente-moca-2-a-estrenar-_JM#polycard_client=search-desktop&float_highlight=not_apply&price_drop=not_apply&be_origin=backend&overlay_label=not_apply&search_layout=grid&position=38&type=item&tracking_id=9777c480-6961-454e-9a22-df9f34b92aea&sid=search	barracas	27 m²	25 m²	0				Departamento	Frente	1 años	95.000 ARS		No	Sí	Sí	Sí	Sí	Sí	No	Sí	Sí		Sí	Sí	Sí	Sí	No	Sí	Sí	Sí	2 m²	14	Este	Sí	Sí			Sí	Sí	Sí			Sí			24 horas		Sí			Sí					Sí							Sí									
Departamento en venta	Muy Amplio Departamento Tipo Loft En Barracas Central. 136 M2 Cubiertos. Gym, Piscina, Sum, Cochera Propia, Cocheras De Cortesía. A 5 Minutos Del Centro	215000	USD	US$215.000	False	1	1	1	138.0	1 amb.1 baño138 m² cubiertos	José Aarón Salmún Feijóo 735, Barracas, Capital Federal	https://departamento.mercadolibre.com.ar/MLA-1724026623-muy-amplio-departamento-tipo-loft-en-barracas-central-136-m2-cubiertos-gym-piscina-sum-cochera-propia-cocheras-de-cortesia-a-5-minutos-del-centro-_JM#polycard_client=search-desktop&price_drop=not_apply&be_origin=backend&overlay_label=not_apply&search_layout=grid&position=39&type=item&tracking_id=9777c480-6961-454e-9a22-df9f34b92aea&sid=search	barracas	138 m²	138 m²	1	0	20	1	Loft	Frente	20 años	600.000 ARS	Sí	Sí	Sí	Sí	Sí	Sí	Sí			Sí			Sí	Sí	Sí	Sí	Sí		Sí		3	Este	Sí	Sí		Sí	Sí	Sí				Sí		Sí	24 horas				Sí	Sí								Sí				Sí									
Departamento en venta	Montes De Oca 200, Barracas 3 Amb Con Dependencia U$240.000	240000	USD	US$240.000	False	3	2	2	95.0	3 ambs.2 baños95 m² cubiertos	Av Montes De Oca Al 200. Entre Ituzaingo Y Doctor Enrique Finochietto, Barracas, Capital Federal	https://departamento.mercadolibre.com.ar/MLA-3112120028-montes-de-oca-200-barracas-3-amb-con-dependencia-u240000-_JM#polycard_client=search-desktop&float_highlight=not_apply&price_drop=not_apply&be_origin=backend&overlay_label=not_apply&search_layout=grid&position=40&type=item&tracking_id=9777c480-6961-454e-9a22-df9f34b92aea&sid=search	barracas	95 m²	95 m²	0	0	4	4	Departamento	Lateral	90 años	225.700 ARS	No	Sí		Sí	No	No		No	No	No	Sí	No	No	No		No	No	No	No		4				1			Sí	Sí																																
Departamento en venta	Venta Departamento Barracas	47000	USD	US$47.000	False	1	0	1	20.0	1 amb.1 baño20 m² cubiertos	Av. Regimiento De Patricios 50, Barracas, Capital Federal	https://departamento.mercadolibre.com.ar/MLA-3106094704-venta-departamento-barracas-_JM#polycard_client=search-desktop&price_drop=not_apply&be_origin=backend&overlay_label=not_apply&search_layout=grid&position=41&type=item&tracking_id=9777c480-6961-454e-9a22-df9f34b92aea&sid=search	barracas	20 m²	20 m²	0	0		7	Monoambiente	Lateral	45 años	0 ARS	No	No		Sí	No	No		No	No	No	No	No	Sí	No	Sí	Sí	Sí	No	No			Oeste															Sí																								
Departamento en venta	Departamento Dos Ambientes Barracas-frente Con Balcón!	105000	USD	US$105.000	False	2	1	1	45.0	2 ambs.1 baño45 m² cubiertos	Azara 100, Barracas, Capital Federal	https://departamento.mercadolibre.com.ar/MLA-1718218371-departamento-dos-ambientes-barracas-frente-con-balcon-_JM#polycard_client=search-desktop&price_drop=not_apply&be_origin=backend&overlay_label=not_apply&search_layout=grid&position=42&type=item&tracking_id=9777c480-6961-454e-9a22-df9f34b92aea&sid=search	barracas	52,22 m²	45,53 m²	0						46 años	90.000 ARS																					8																																								
Departamento en venta	Departamento 2 Ambientes Luminoso Impecable Con Balcon Terraza Y Amenities En Barracas	165000	USD	US$165.000	False	2	1	1	72.0	2 ambs.1 baño72 m² cubiertos	Montes De Oca Manuel Av. Al 100, Barracas, Capital Federal	https://departamento.mercadolibre.com.ar/MLA-3075647628-departamento-2-ambientes-luminoso-impecable-con-balcon-terraza-y-amenities-en-barracas-_JM#polycard_client=search-desktop&float_highlight=not_apply&price_drop=not_apply&be_origin=backend&overlay_label=not_apply&search_layout=grid&position=43&type=item&tracking_id=9777c480-6961-454e-9a22-df9f34b92aea&sid=search	barracas	72 m²	72 m²	0	1		12	Departamento	Contrafrente	12 años	220.000 ARS	No	No		Sí	No	No		No	No	No	No	Sí	Sí	Sí	Sí	No	Sí	No	No											Sí															Sí																
Departamento en venta	Departamento En Barracas	108000	USD	US$108.000	False	4	3	1	80.0	4 ambs.1 baño80 m² cubiertos	Dr. Enrique Finochietto Al 800, Barracas, Capital Federal	https://departamento.mercadolibre.com.ar/MLA-1708132131-departamento-en-barracas-_JM#polycard_client=search-desktop&float_highlight=not_apply&price_drop=not_apply&be_origin=backend&overlay_label=not_apply&search_layout=grid&position=44&type=item&tracking_id=9777c480-6961-454e-9a22-df9f34b92aea&sid=search	barracas	85 m²	80 m²	0	0	4	4	Departamento	Frente	45 años	200.000 ARS	No	Sí	Sí	Sí	No	No		No	Sí	Sí	No	Sí	Sí	No		No	No	No	No		4	Norte								Sí																															
Departamento en venta	Se Vende Un Agradable Departamento De 2 Ambientes - Barracas	69000	USD	US$69.000	False	2	1	1	40.0	2 ambs.1 baño40 m² cubiertos	Av. Caseros 716, Barracas, Capital Federal	https://departamento.mercadolibre.com.ar/MLA-3027890944-se-vende-un-agradable-departamento-de-2-ambientes-barracas-_JM#polycard_client=search-desktop&price_drop=not_apply&be_origin=backend&overlay_label=not_apply&search_layout=grid&position=45&type=item&tracking_id=9777c480-6961-454e-9a22-df9f34b92aea&sid=search	barracas	45 m²	40 m²	0						46 años	80.000 ARS		No		No	No	No		No	No	No	No	No	No	No		No	No	No	No		3																																								
Departamento en venta	Monoambiente En Venta En Barracas	199000	USD	US$199.000	False	1	0	1	120.0	1 amb.1 baño120 m² cubiertos	Av. Del Regimiento De Los Patricios Al 1000, Barracas, Capital Federal	https://departamento.mercadolibre.com.ar/MLA-1694766521-monoambiente-en-venta-en-barracas-_JM#polycard_client=search-desktop&price_drop=not_apply&be_origin=backend&overlay_label=not_apply&search_layout=grid&position=46&type=item&tracking_id=9777c480-6961-454e-9a22-df9f34b92aea&sid=search	barracas	120 m²	120 m²	0	0			Departamento	Lateral	15 años	380.000 ARS	No	No		No	No	No		No	No	No	No	Sí	No	Sí	Sí	No	Sí	No	No		1	Sur				Sí	Sí	Sí									Sí					Sí				Sí															
Departamento en venta	Hermoso Departamento Antiguo, Muy Bien Reciclado.	235000	USD	US$235.000	False	4	3	2	108.0	4 ambs.2 baños108 m² cubiertos	Av. Montes De Oca 2 Al 200, Barracas, Capital Federal	https://departamento.mercadolibre.com.ar/MLA-1690705381-hermoso-departamento-antiguo-muy-bien-reciclado-_JM#polycard_client=search-desktop&float_highlight=not_apply&price_drop=not_apply&be_origin=backend&overlay_label=not_apply&search_layout=grid&position=47&type=item&tracking_id=9777c480-6961-454e-9a22-df9f34b92aea&sid=search	barracas	114 m²	108 m²	0	0	3	2	Departamento	Frente	110 años	295.000 ARS	No	No		Sí	Sí	No		Sí	Sí	Sí	No	Sí	Sí	No		No	No	No	Sí	5 m²	2	Oeste		Sí														Sí							Sí																
Departamento en venta	Venta Departamento 4 Ambientes En Barracas Con Patio	179000	USD	US$179.000	False	4	3	2	112.0	4 ambs.2 baños112 m² cubiertos	Montes De Oca Al 1000, Barracas, Capital Federal	https://departamento.mercadolibre.com.ar/MLA-1687688413-venta-departamento-4-ambientes-en-barracas-con-patio-_JM#polycard_client=search-desktop&float_highlight=not_apply&price_drop=not_apply&be_origin=backend&overlay_label=not_apply&search_layout=grid&position=48&type=item&tracking_id=9777c480-6961-454e-9a22-df9f34b92aea&sid=search	barracas	114 m²	112 m²	0	0		6	Departamento	Frente	51 años	205.000 ARS	Sí	Sí		Sí	No	No		No	Sí	Sí	No	Sí	Sí	No	Sí	Sí	Sí	Sí	No	2 m²	1	Este								Sí									Sí									Sí													
Departamento en venta	Barracas Departamento 2 Ambientes Segundo Piso Por Escalera	57000	USD	US$57.000	False	2	1	1	31.0	2 ambs.1 baño31 m² cubiertos	Uspallata 700, Barracas, Capital Federal	https://departamento.mercadolibre.com.ar/MLA-1679715887-barracas-departamento-2-ambientes-segundo-piso-por-escalera-_JM#polycard_client=search-desktop&float_highlight=not_apply&price_drop=not_apply&be_origin=backend&overlay_label=not_apply&search_layout=grid&position=1&type=item&tracking_id=b40b62ff-6787-44c4-a166-68b179683cc0&sid=search	barracas	31 m²	31 m²	0	0			Departamento	Frente	30 años	110.000 ARS	No	Sí		No	No	Sí		No	No	No	No	No	Sí	No		No	No	No	No		1	Norte													Virtual																										
Departamento en venta	Hermoso Dpto Dos Ambientes 53 M2 Barracas	155000	USD	US$155.000	False	2	1	2	53.0	2 ambs.2 baños53 m² totales	Brandsen 1400, Barracas, Capital Federal	https://departamento.mercadolibre.com.ar/MLA-2881105432-hermoso-dpto-dos-ambientes-53-m2-barracas-_JM#polycard_client=search-desktop&price_drop=not_apply&be_origin=backend&overlay_label=not_apply&search_layout=grid&position=2&type=item&tracking_id=b40b62ff-6787-44c4-a166-68b179683cc0&sid=search	barracas	53 m²		0		6			Contrafrente	2 años	180.000 ARS		No		Sí		Sí	Sí		Sí		Sí	Sí	Sí	Sí	Sí							Oeste	Sí						Sí	Sí															Sí																
Departamento en venta	Venta 2 Ambientes Frente, En Barracas	63000	USD	US$63.000	False	2	1	1	40.0	2 ambs.1 baño40 m² totales	Astor Piazzolla 3600, Barracas, Capital Federal	https://departamento.mercadolibre.com.ar/MLA-1677363969-venta-2-ambientes-frente-en-barracas-_JM#polycard_client=search-desktop&price_drop=not_apply&be_origin=backend&overlay_label=not_apply&search_layout=grid&position=3&type=item&tracking_id=b40b62ff-6787-44c4-a166-68b179683cc0&sid=search	barracas	40 m²		0						46 años	70.000 ARS									Sí	Sí		Sí	Sí						Sí					Sí																Sí																					
Departamento en venta	Departamento En Barracas	88500	USD	US$88.500	False	3	2	1	59.0	3 ambs.1 baño59 m² cubiertos	PI Y Margal Al 800, Barracas, Capital Federal	https://departamento.mercadolibre.com.ar/MLA-2813824460-departamento-en-barracas-_JM#polycard_client=search-desktop&price_drop=not_apply&be_origin=backend&overlay_label=not_apply&search_layout=grid&position=4&type=item&tracking_id=b40b62ff-6787-44c4-a166-68b179683cc0&sid=search	barracas	64 m²	59 m²	0	0	5	10	Departamento	Contrafrente	20 años	165.000 ARS	Sí	No		Sí	No	No		No	No	No	No	Sí	Sí	No	Sí	Sí	Sí	No	No		1	Norte															Sí																								
Departamento en venta	Barracas 3 Ambientes Con Balcón Al Frente Y Patio	105000	USD	US$105.000	False	3	2	1	60.0	3 ambs.1 baño60 m² cubiertos	Vieytes 1300, Barracas, Capital Federal	https://departamento.mercadolibre.com.ar/MLA-1659081549-barracas-3-ambientes-con-balcon-al-frente-y-patio-_JM#polycard_client=search-desktop&price_drop=not_apply&be_origin=backend&overlay_label=not_apply&search_layout=grid&position=5&type=item&tracking_id=b40b62ff-6787-44c4-a166-68b179683cc0&sid=search	barracas	83 m²	60 m²	0						46 años	220.000 ARS												Sí	Sí																																																
Departamento en venta	Departamento 3 Ambientes En Venta - Ruiz Díaz De Guzman - Barracas	109000	USD	US$109.000	False	3	2	1	57.0	3 ambs.1 baño57 m² cubiertos	Ruy Diaz De Guzman 100, Barracas, Capital Federal	https://departamento.mercadolibre.com.ar/MLA-1658447915-departamento-3-ambientes-en-venta-ruiz-diaz-de-guzman-barracas-_JM#polycard_client=search-desktop&price_drop=not_apply&be_origin=backend&overlay_label=not_apply&search_layout=grid&position=6&type=item&tracking_id=b40b62ff-6787-44c4-a166-68b179683cc0&sid=search	barracas	57 m²	57 m²	0	0			Departamento		50 años	0 ARS	No	No		No	No	No		No	No	No	No	Sí	No	No	Sí	Sí	No	No	No																																										
Departamento en venta	Venta Departamento 3 Ambientes Con Balcón	200000	USD	US$200.000	False	3	2	2	89.0	3 ambs.2 baños89 m² cubiertos	Montes De Oca Al 200. Entre Ituzaingo Y Dr. Enrique Finochietto, Barracas, Capital Federal	https://departamento.mercadolibre.com.ar/MLA-2807954268-venta-departamento-3-ambientes-con-balcon-_JM#polycard_client=search-desktop&float_highlight=not_apply&price_drop=not_apply&be_origin=backend&overlay_label=not_apply&search_layout=grid&position=7&type=item&tracking_id=b40b62ff-6787-44c4-a166-68b179683cc0&sid=search	barracas	89 m²	89 m²	0	0	4		Departamento	Frente	70 años	0 ARS	Sí	Sí		Sí	No	No		No	Sí	Sí	No	Sí	Sí	No	Sí	Sí	No	No	No		7	Oeste		Sí	1					Sí																															
Departamento en venta	Semipiso C/ Balcón Terraza - 2 Ambientes Todo Luz!	89000	USD	US$89.000	False	2	1	1	33.0	2 ambs.1 baño33 m² cubiertos	Av. Montes De Oca Al 1700, Barracas, Capital Federal	https://departamento.mercadolibre.com.ar/MLA-1654160945-semipiso-c-balcon-terraza-2-ambientes-todo-luz-_JM#polycard_client=search-desktop&price_drop=not_apply&be_origin=backend&overlay_label=not_apply&search_layout=grid&position=8&type=item&tracking_id=b40b62ff-6787-44c4-a166-68b179683cc0&sid=search	barracas	64 m²	33 m²	0	0			Departamento	Frente	44 años	160.000 ARS	Sí	No		Sí	Sí	Sí		No	No	No	No	Sí	Sí	No	Sí	No	Sí	No	Sí	31 m²		Oeste		Sí																																					
Departamento en venta	Departamento 2 Amb Balcón Edificio De Categoría En Av. Montes De Oca Al 1700 Barracas	90000	USD	US$90.000	False	2	1	1	58.0	2 ambs.1 baño58 m² cubiertos	Av. Montes De Oca Al 1700, Barracas, Capital Federal	https://departamento.mercadolibre.com.ar/MLA-1654135029-departamento-2-amb-balcon-edificio-de-categoria-en-av-montes-de-oca-al-1700-barracas-_JM#polycard_client=search-desktop&price_drop=not_apply&be_origin=backend&overlay_label=not_apply&search_layout=grid&position=9&type=item&tracking_id=b40b62ff-6787-44c4-a166-68b179683cc0&sid=search	barracas	61 m²	58 m²	0	2			Departamento	Contrafrente	50 años	114.000 ARS	Sí	No		No	Sí	Sí		No	No	No	No	Sí	Sí	No		Sí	No	No	Sí	3 m²		Este		Sí															Sí																						
Departamento en venta	Departamento En Venta En Barracas	150000	USD	US$150.000	False	4	3	1	122.0	4 ambs.1 baño122 m² cubiertos	Av. Montes De Oca 90, C1270AAN Cdad. Autónoma De Buenos Aires, Argentina, Barracas, Capital Federal	https://departamento.mercadolibre.com.ar/MLA-2799820002-departamento-en-venta-en-barracas-_JM#polycard_client=search-desktop&price_drop=not_apply&be_origin=backend&overlay_label=not_apply&search_layout=grid&position=10&type=item&tracking_id=b40b62ff-6787-44c4-a166-68b179683cc0&sid=search	barracas	133 m²	122 m²	0				Departamento	Frente	65 años	150.000 ARS									Sí	Sí		Sí	Sí							11 m²		Este								Sí																															
Departamento en venta	Oportunidad Departamento 2 Ambientes Luminoso Bien Ubicado Parque España Zona Hospitales Barracas	48000	USD	US$48.000	False	2	1	1	39.0	2 ambs.1 baño39 m² cubiertos	Salta Al 2100, Caba, Barracas, Capital Federal	https://departamento.mercadolibre.com.ar/MLA-2794396638-oportunidad-departamento-2-ambientes-luminoso-bien-ubicado-parque-espana-zona-hospitales-barracas-_JM#polycard_client=search-desktop&price_drop=not_apply&be_origin=backend&overlay_label=not_apply&search_layout=grid&position=11&type=item&tracking_id=b40b62ff-6787-44c4-a166-68b179683cc0&sid=search	barracas	39 m²	39 m²	0	0			Departamento	Lateral	40 años	122.800 ARS	No	No		Sí	No	No		No	No	No	No	No	Sí	No	Sí	Sí	No	No	No		1		Sí																																						
Departamento en venta	En Venta - Barracas Duplex 2 Ambientes Cochera Amenities	190000	USD	US$190.000	False	2	1	2	60.0	2 ambs.2 baños60 m² cubiertos	Av. Montes De Oca 251, Barracas, Capital Federal	https://departamento.mercadolibre.com.ar/MLA-2788721626-en-venta-barracas-duplex-2-ambientes-cochera-amenities-_JM#polycard_client=search-desktop&price_drop=not_apply&be_origin=backend&overlay_label=not_apply&search_layout=grid&position=12&type=item&tracking_id=b40b62ff-6787-44c4-a166-68b179683cc0&sid=search	barracas	65 m²	60 m²	1	0		5	Dúplex	Contrafrente	18 años	447.000 ARS	Sí	Sí	Sí	Sí	Sí	Sí	Sí	No	Sí	Sí	Sí	Sí	Sí	Sí	Sí	Sí	Sí	Sí	Sí	5 m²	5	Norte	Sí	Sí	2	Sí	Sí	Sí	Sí	Sí		Sí		Sí	24 horas	Sí	Sí		Sí	Sí	Sí	Sí	Sí	Sí	Sí	Sí		Sí		Sí		Sí							Sí		
Departamento en venta	Barracas 3 Amb 250m2 Depto Con Patio Apto Credito	142000	USD	US$142.000	False	3	2	2	50.0	3 ambs.2 baños50 m² cubiertos	Vieytes 1000, Barracas, Capital Federal	https://departamento.mercadolibre.com.ar/MLA-2787574754-barracas-3-amb-250m2-depto-con-patio-apto-credito-_JM#polycard_client=search-desktop&float_highlight=not_apply&price_drop=not_apply&be_origin=backend&overlay_label=not_apply&search_layout=grid&position=13&type=item&tracking_id=b40b62ff-6787-44c4-a166-68b179683cc0&sid=search	barracas	250 m²	50 m²	0	0			Departamento	Frente	50 años	0 ARS	No	Sí	Sí	No	Sí	No		No	No	No	No	No	Sí	No		No	No	No	Sí		1	Este		Sí															Sí																						
Departamento en venta	3 Ambientes -contrafrente, Balcón - Plaza Colombia . Apto Credito	170000	USD	US$170.000	False	3	2	1	74.0	3 ambs.1 baño74 m² totales	Pinzón 1400, Barracas, Capital Federal	https://departamento.mercadolibre.com.ar/MLA-2765387792-3-ambientes-contrafrente-balcon-plaza-colombia-apto-credito-_JM#polycard_client=search-desktop&price_drop=not_apply&be_origin=backend&overlay_label=not_apply&search_layout=grid&position=14&type=item&tracking_id=b40b62ff-6787-44c4-a166-68b179683cc0&sid=search	barracas	74,97 m²		1						43 años	180.000 ARS																					9																																								
Departamento en venta	Se Vende Un Departamento De 2 Ambientes Con Balcón - Barracas	63500	USD	US$63.500	False	2	1	1	50.0	2 ambs.1 baño50 m² cubiertos	Salta 2100, Barracas, Capital Federal	https://departamento.mercadolibre.com.ar/MLA-2703667704-se-vende-un-departamento-de-2-ambientes-con-balcon-barracas-_JM#polycard_client=search-desktop&price_drop=not_apply&be_origin=backend&overlay_label=not_apply&search_layout=grid&position=15&type=item&tracking_id=b40b62ff-6787-44c4-a166-68b179683cc0&sid=search	barracas	56 m²	50 m²	0						51 años	120.000 ARS																					9																																								
Departamento en venta	Departamento Monoambiente En Venta En Barracas	61000	USD	US$61.000	False	1	1	1	26.0	1 amb.1 baño26 m² cubiertos	Av. Regimiento De Patricios 100, Barracas, Capital Federal	https://departamento.mercadolibre.com.ar/MLA-2624773814-departamento-monoambiente-en-venta-en-barracas-_JM#polycard_client=search-desktop&float_highlight=not_apply&price_drop=not_apply&be_origin=backend&overlay_label=not_apply&search_layout=grid&position=16&type=item&tracking_id=b40b62ff-6787-44c4-a166-68b179683cc0&sid=search	barracas	26 m²	26 m²	0											Sí																								Sí																																	
Departamento en venta	Barracas 4 Amb 85m2 Depto Balcon Aterrazado	190000	USD	US$190.000	False	4	3	1	75.0	4 ambs.1 baño75 m² cubiertos	Azara 500, Barracas, Capital Federal	https://departamento.mercadolibre.com.ar/MLA-1599184083-barracas-4-amb-85m2-depto-balcon-aterrazado-_JM#polycard_client=search-desktop&float_highlight=not_apply&price_drop=not_apply&be_origin=backend&overlay_label=not_apply&search_layout=grid&position=17&type=item&tracking_id=b40b62ff-6787-44c4-a166-68b179683cc0&sid=search	barracas	85 m²	75 m²	0	0	2	5	Departamento	Frente	38 años	370.000 ARS	No	No	Sí	Sí	No	Sí		Sí	No	Sí	No	Sí	Sí	No		No	No	No	No		1	Oeste								Sí																															
Departamento en venta	Dúplex 3 Amb Con Cochera Cubierta - Renta 950usd	240000	USD	US$240.000	False	4	2	1	82.0	4 ambs.1 baño82 m² cubiertos	Montes De Oca Al 100, Barracas, Capital Federal	https://departamento.mercadolibre.com.ar/MLA-2613775724-duplex-3-amb-con-cochera-cubierta-renta-950usd-_JM#polycard_client=search-desktop&price_drop=not_apply&be_origin=backend&overlay_label=not_apply&search_layout=grid&position=18&type=item&tracking_id=b40b62ff-6787-44c4-a166-68b179683cc0&sid=search	barracas	85 m²	82 m²	1	0			Departamento	Interno	15 años	325.000 ARS	No	No		No	Sí	Sí		No	No	No	No	Sí	Sí	Sí	Sí	Sí	Sí	Sí	Sí	3 m²	5		Sí	Sí			Sí	Sí		Sí					Diurno	Sí			Sí						Sí																
Departamento en venta	Av Montes De Oca 1700 , Barracas, Capital Federal	79000	USD	US$79.000	False	3	2	1	42.0	3 ambs.1 baño42 m² cubiertos	AV. MONTES DE OCA, Barracas, Capital Federal	https://departamento.mercadolibre.com.ar/MLA-2604931898-av-montes-de-oca-1700-barracas-capital-federal-_JM#polycard_client=search-desktop&price_drop=not_apply&be_origin=backend&overlay_label=not_apply&search_layout=grid&position=19&type=item&tracking_id=b40b62ff-6787-44c4-a166-68b179683cc0&sid=search	barracas	42 m²	42 m²	0						46 años	70.000 ARS																					10																																								
Departamento en venta	Departamento En Barracas	89000	USD	US$89.000	False	2	1	1	60.0	2 ambs.1 baño60 m² cubiertos	Udpallata Al 800, Barracas, Capital Federal	https://departamento.mercadolibre.com.ar/MLA-1580181175-departamento-en-barracas-_JM#polycard_client=search-desktop&price_drop=not_apply&be_origin=backend&overlay_label=not_apply&search_layout=grid&position=20&type=item&tracking_id=b40b62ff-6787-44c4-a166-68b179683cc0&sid=search	barracas	60 m²	60 m²	0	0		3	Departamento		50 años	150.000 ARS	No	No		No	No	No		No	No	No	No	No	No	No		No	No	No	No																																										
Departamento en venta	Departamento En Venta En Barracas	115000	USD	US$115.000	False	3	2	1	52.0	3 ambs.1 baño52 m² cubiertos	Gral. Hornos 860, Barracas, Capital Federal	https://departamento.mercadolibre.com.ar/MLA-3729640266-departamento-en-venta-en-barracas-_JM#polycard_client=search-desktop&price_drop=not_apply&be_origin=backend&overlay_label=not_apply&search_layout=grid&position=21&type=item&tracking_id=b40b62ff-6787-44c4-a166-68b179683cc0&sid=search	barracas	55,54 m²	52,52 m²	0				Departamento					Sí		Sí	Sí		Sí		Sí			Sí	Sí		Sí	Sí				3,02 m²			Sí	Sí																																					
Departamento en venta	Gral Hornos 500 Barracas 4amb U$210.000	210000	USD	US$210.000	False	4	3	2	96.0	4 ambs.2 baños96 m² cubiertos	Gral Hornos Al 500. Entre Uspallata Y Samperio, Manuel, Barracas, Capital Federal	https://departamento.mercadolibre.com.ar/MLA-3469578292-gral-hornos-500-barracas-4amb-u210000-_JM#polycard_client=search-desktop&float_highlight=not_apply&price_drop=not_apply&be_origin=backend&overlay_label=not_apply&search_layout=grid&position=22&type=item&tracking_id=b40b62ff-6787-44c4-a166-68b179683cc0&sid=search	barracas	100 m²	96 m²	1	0	6	6	Departamento	Frente	35 años	370.000 ARS	No	Sí		No	No	No		No	No	No	No	Sí	Sí	No		No	No	No	No	4 m²	8	Norte			1																																				
Departamento en venta	Departamento De 4 Ambientes Con Cochera Y Baulera En Barracas	365000	USD	US$365.000	False	4	3	2	170.0	4 ambs.2 baños170 m² cubiertos	Av. Montes De Oca 800, Barracas, Capital Federal	https://departamento.mercadolibre.com.ar/MLA-1650136045-departamento-de-4-ambientes-con-cochera-y-baulera-en-barracas-_JM#polycard_client=search-desktop&price_drop=not_apply&be_origin=backend&overlay_label=not_apply&search_layout=grid&position=23&type=item&tracking_id=b40b62ff-6787-44c4-a166-68b179683cc0&sid=search	barracas	189,45 m²	170,99 m²	1	1			Departamento	Frente	45 años			Sí		Sí			Sí		Sí	Sí		Sí	Sí							14,8 m²										Sí																									Sí						
Departamento en venta	Azara 100 Barracas 2amb U$105.000	105000	USD	US$105.000	False	2	1	1	49.0	2 ambs.1 baño49 m² cubiertos	Azara Al 100. Entre Gualeguay Y Arzobispo Espinosa, Barracas, Capital Federal	https://departamento.mercadolibre.com.ar/MLA-3659717284-azara-100-barracas-2amb-u105000-_JM#polycard_client=search-desktop&float_highlight=not_apply&price_drop=not_apply&be_origin=backend&overlay_label=not_apply&search_layout=grid&position=24&type=item&tracking_id=b40b62ff-6787-44c4-a166-68b179683cc0&sid=search	barracas	56 m²	49 m²	0	0	4	2	Departamento	Frente	50 años	135.000 ARS	No	Sí		No	Sí	No		Sí	No	No	No	Sí	Sí	No		No	Sí	No	No	7 m²	8	Oeste			1												Sí																								
Departamento en venta	Av Montes De Oca 1100 Barracas 3amb Balc Patio U$112.000	112000	USD	US$112.000	False	3	2	1	55.0	3 ambs.1 baño55 m² cubiertos	Montes De Oca Al 1100. Entre Araoz Alfaro Gregorio, Dr. Y Magallanes, Barracas, Capital Federal	https://departamento.mercadolibre.com.ar/MLA-3659846386-av-montes-de-oca-1100-barracas-3amb-balc-patio-u112000-_JM#polycard_client=search-desktop&float_highlight=not_apply&price_drop=not_apply&be_origin=backend&overlay_label=not_apply&search_layout=grid&position=25&type=item&tracking_id=b40b62ff-6787-44c4-a166-68b179683cc0&sid=search	barracas	65 m²	55 m²	0	0	3	1	Departamento	Contrafrente	70 años	280.000 ARS	No	Sí		No	No	No		No	No	No	No	No	Sí	No		No	No	Sí	No	10 m²	7	Oeste			1													Sí																							
Departamento en venta	Av Regimiento De Patricios 100 Barracas 2amb U$180.000	180000	USD	US$180.000	False	2	1	2	89.0	2 ambs.2 baños89 m² cubiertos	Av Regimiento De Patricios Al 100. Entre Liberti, Tomas Y Pi Y Margall, Barracas, Capital Federal	https://departamento.mercadolibre.com.ar/MLA-3658609248-av-regimiento-de-patricios-100-barracas-2amb-u180000-_JM#polycard_client=search-desktop&float_highlight=not_apply&price_drop=not_apply&be_origin=backend&overlay_label=not_apply&search_layout=grid&position=26&type=item&tracking_id=b40b62ff-6787-44c4-a166-68b179683cc0&sid=search	barracas	103 m²	89 m²	0	0		8	Dúplex	Contrafrente	6 años	95.000 ARS	No	No		No	No	No		No	No	No	No	Sí	Sí	No		No	No	No	No	14 m²					1																																				
Departamento en venta	Rocha 1600 Barracas 4amb U$82.000 Apto Prof	82000	USD	US$82.000	False	4	3	1	69.0	4 ambs.1 baño69 m² cubiertos	Rocha Al 1600. Entre Montes De Oca, Av. Y Isabel La Catolica, Barracas, Capital Federal	https://departamento.mercadolibre.com.ar/MLA-3658622418-rocha-1600-barracas-4amb-u82000-apto-prof-_JM#polycard_client=search-desktop&float_highlight=not_apply&price_drop=not_apply&be_origin=backend&overlay_label=not_apply&search_layout=grid&position=27&type=item&tracking_id=b40b62ff-6787-44c4-a166-68b179683cc0&sid=search	barracas	69 m²	69 m²	1	0	5	20	Departamento	Lateral	45 años	240.000 ARS	No	Sí		Sí	No	Sí		No	No	No	No	No	Sí	No		Sí	No	Sí	Sí		25			Sí	1												Sí															Sí									
Departamento en venta	En Venta Dpto Palacios Al 1200 Barracas	89000	USD	US$89.000	False	3	2	1	90.0	3 ambs.1 baño90 m² cubiertos	Palacios Esq. Avda Reg. Patricios 1200, Barracas, Capital Federal	https://departamento.mercadolibre.com.ar/MLA-3809474920-en-venta-dpto-palacios-al-1200-barracas-_JM#polycard_client=search-desktop&float_highlight=recent_publication&price_drop=not_apply&be_origin=backend&overlay_label=not_apply&search_layout=grid&position=28&type=item&tracking_id=b40b62ff-6787-44c4-a166-68b179683cc0&sid=search	barracas	94 m²	90 m²	0	0	99		Departamento	Frente	52 años	1 ARS	No	Sí		No				Sí		No		Sí	Sí			No	No	No	No	4,23 m²	5	Norte		Sí						Sí																															
Departamento en venta	Venta Departamento 4 Amb Barracas Patio Balcón	225000	USD	US$225.000	False	4	3	2	119.0	4 ambs.2 baños119 m² cubiertos	Wenceslao Villafañe 1500, Barracas, Capital Federal	https://departamento.mercadolibre.com.ar/MLA-2005712237-venta-departamento-4-amb-barracas-patio-balcon-_JM#polycard_client=search-desktop&float_highlight=recent_publication&price_drop=not_apply&be_origin=backend&overlay_label=not_apply&search_layout=grid&position=29&type=item&tracking_id=b40b62ff-6787-44c4-a166-68b179683cc0&sid=search	barracas	145 m²	119 m²	0	0	99	1	Departamento	Frente	46 años	320.000 ARS	No	No		No				No		No		No	No			No	No	No	No		10	Norte																Sí																							
Departamento en venta	Venta Depto./loft Edificio Molina Ciudad, Barracas	239000	USD	US$239.000	False	1	0	1	98.0	1 amb.1 baño98 m² cubiertos	Av. Regimiento De Patricios 1000, Barracas, Capital Federal	https://departamento.mercadolibre.com.ar/MLA-2004729689-venta-deptoloft-edificio-molina-ciudad-barracas-_JM#polycard_client=search-desktop&float_highlight=recent_publication&price_drop=not_apply&be_origin=backend&overlay_label=not_apply&search_layout=grid&position=30&type=item&tracking_id=b40b62ff-6787-44c4-a166-68b179683cc0&sid=search	barracas	107 m²	98 m²	0	0	99		Departamento	Frente	11 años	389.000 ARS	No	No	Sí	Sí		Sí		No		No		Sí	Sí	Sí	Sí	No	Sí	No	Sí	9,1 m²	6	Norte				Sí	Sí	Sí									Sí																							Sí	
Departamento en venta	Departamento 3 Ambientes En Barracas Venta	88000	USD	US$88.000	False	3	2	1	62.0	3 ambs.1 baño62 m² cubiertos	Av. Regimiento De Patricios Al 600, Barracas, Capital Federal	https://departamento.mercadolibre.com.ar/MLA-2005337315-departamento-3-ambientes-en-barracas-venta-_JM#polycard_client=search-desktop&float_highlight=recent_publication&price_drop=not_apply&be_origin=backend&overlay_label=not_apply&search_layout=grid&position=31&type=item&tracking_id=b40b62ff-6787-44c4-a166-68b179683cc0&sid=search	barracas	62 m²	62 m²	0	0		3	Departamento	Contrafrente	45 años	40.000 ARS	No	No		No	Sí	No		No	No	No	No	No	Sí	No	Sí	Sí	No	No	Sí			Este		Sí																																					
Departamento en venta	Departamento En Venta De 3 Ambientes En Barracas, Amoblado Luminoso Y Ventilado !!	159000	USD	US$159.000	False	3	2	1	64.0	3 ambs.1 baño64 m² cubiertos	Lamadrid Al 1500, Barracas, Capital Federal	https://departamento.mercadolibre.com.ar/MLA-3803566146-departamento-en-venta-de-3-ambientes-en-barracas-amoblado-luminoso-y-ventilado--_JM#polycard_client=search-desktop&float_highlight=recent_publication&price_drop=not_apply&be_origin=backend&overlay_label=not_apply&search_layout=grid&position=32&type=item&tracking_id=b40b62ff-6787-44c4-a166-68b179683cc0&sid=search	barracas	68 m²	64 m²	0	0	2		Departamento	Frente	50 años	390.000 ARS	Sí	No		Sí	Sí	Sí	Sí	No	No	No	No	Sí	Sí	No	Sí	Sí	Sí	No	Sí	8 m²	1		Sí	Sí																																					
Departamento en venta	Departamento 3 Ambientes En Barracas Venta	172000	USD	US$172.000	False	3	2	1	76.0	3 ambs.1 baño76 m² cubiertos	Montes De Oca Al 200, Barracas, Capital Federal	https://departamento.mercadolibre.com.ar/MLA-3796661418-departamento-3-ambientes-en-barracas-venta-_JM#polycard_client=search-desktop&float_highlight=recent_publication&price_drop=not_apply&be_origin=backend&overlay_label=not_apply&search_layout=grid&position=33&type=item&tracking_id=b40b62ff-6787-44c4-a166-68b179683cc0&sid=search	barracas	79 m²	76 m²	0	0		3	Departamento		45 años	168.000 ARS	No	No		No	Sí	No		No	No	No	No	Sí	Sí	No	Sí	Sí	No	No	Sí					Sí						Sí						Sí																									
Departamento en venta	Venta 2amb Muy Luminoso Moca Piso 13	110000	USD	US$110.000	False	2	2	2	42.0	2 ambs.2 baños42 m² cubiertos	Enrique Finochietto 990 990, Barracas, Capital Federal	https://departamento.mercadolibre.com.ar/MLA-3794846072-venta-2amb-muy-luminoso-moca-piso-13-_JM#polycard_client=search-desktop&float_highlight=recent_publication&price_drop=not_apply&be_origin=backend&overlay_label=not_apply&search_layout=grid&position=34&type=item&tracking_id=b40b62ff-6787-44c4-a166-68b179683cc0&sid=search	barracas	49 m²	42 m²	0	0		13	Departamento	Frente	1 años	160.000 ARS	Sí	No		Sí	No	Sí		Sí	Sí	No	Sí	Sí	Sí	Sí	Sí	Sí	Sí	No	No		18		Sí	Sí			Sí			Sí	Sí				24 horas			Sí	Sí						Sí																
Departamento en venta	Venta Semipiso Balcon Corrido Frente Barracas	174900	USD	US$174.900	False	4	3	1	117.0	4 ambs.1 baño117 m² cubiertos	Aristóbulo Del Valle 1600, Barracas, Capital Federal	https://departamento.mercadolibre.com.ar/MLA-1992399573-venta-semipiso-balcon-corrido-frente-barracas-_JM#polycard_client=search-desktop&float_highlight=recent_publication&price_drop=not_apply&be_origin=backend&overlay_label=not_apply&search_layout=grid&position=35&type=item&tracking_id=b40b62ff-6787-44c4-a166-68b179683cc0&sid=search	barracas	135 m²	117 m²	0	0	99	2	Semi piso	Frente	36 años	400.000 ARS	No	Sí		Sí			Sí	No	Sí	No		Sí	Sí		Sí	Sí	Sí	No	No	18,63 m²	8	Norte		Sí						Sí																									Sí						
Departamento en venta	Venta 4 Ambientes Muy Lumino Piso 16	255800	USD	US$255.800	False	4	3	2	77.0	4 ambs.2 baños77 m² cubiertos	Enrique Finochietto 990, Barracas, Capital Federal	https://departamento.mercadolibre.com.ar/MLA-1992211669-venta-4-ambientes-muy-lumino-piso-16-_JM#polycard_client=search-desktop&float_highlight=recent_publication&price_drop=not_apply&be_origin=backend&overlay_label=not_apply&search_layout=grid&position=36&type=item&tracking_id=b40b62ff-6787-44c4-a166-68b179683cc0&sid=search	barracas	103,3 m²	77 m²	0	0		16	Departamento	Frente	1 años	220.000 ARS	Sí	No		Sí	No	Sí		Sí	Sí	No	Sí	Sí	Sí	Sí	Sí	Sí	Sí	Sí	No		18		Sí	Sí			Sí			Sí	Sí				24 horas			Sí	Sí						Sí																
Departamento en venta	Venta 3 Ambientes Muy Luminoso Vista A La Pileta	177500	USD	US$177.500	False	3	2	2	59.0	3 ambs.2 baños59 m² cubiertos	Enrique Finochietto 990, Barracas, Capital Federal	https://departamento.mercadolibre.com.ar/MLA-3791563004-venta-3-ambientes-muy-luminoso-vista-a-la-pileta-_JM#polycard_client=search-desktop&float_highlight=recent_publication&price_drop=not_apply&be_origin=backend&overlay_label=not_apply&search_layout=grid&position=37&type=item&tracking_id=b40b62ff-6787-44c4-a166-68b179683cc0&sid=search	barracas	76,9 m²	59,4 m²	0	0		6	Departamento	Contrafrente	1 años	160.000 ARS	Sí	No		Sí	No	Sí		No	Sí	No	Sí	Sí	Sí	Sí	Sí	Sí	Sí	Sí	No		18		Sí	Sí			Sí			Sí	Sí				24 horas			Sí							Sí																
Departamento en venta	Departamento 2 Ambientes Con Patio La Boca Venta	89000	USD	US$89.000	False	2	1	1	43.0	2 ambs.1 baño43 m² cubiertos	Arzobispo Espinosa 1100, Barracas, Capital Federal	https://departamento.mercadolibre.com.ar/MLA-1991574723-departamento-2-ambientes-con-patio-la-boca-venta-_JM#polycard_client=search-desktop&float_highlight=recent_publication&price_drop=not_apply&be_origin=backend&overlay_label=not_apply&search_layout=grid&position=38&type=item&tracking_id=b40b62ff-6787-44c4-a166-68b179683cc0&sid=search	barracas	75 m²	43 m²	0	0	2		Departamento	Contrafrente	10 años	210.000 ARS	Sí	Sí		Sí	No	No								No	Sí	Sí	Sí	Sí			1	Norte									Sí						Sí						Sí																		
Departamento en venta	Departamento En Venta En Barracas	95000	USD	US$95.000	False	3	2	1	45.0	3 ambs.1 baño45 m² cubiertos	Ruy Díaz De Guzman Al 155. Entre Gualeguay Y Tomás Liberti, Barracas, Capital Federal	https://departamento.mercadolibre.com.ar/MLA-3791354936-departamento-en-venta-en-barracas-_JM#polycard_client=search-desktop&float_highlight=recent_publication&price_drop=not_apply&be_origin=backend&overlay_label=not_apply&search_layout=grid&position=39&type=item&tracking_id=b40b62ff-6787-44c4-a166-68b179683cc0&sid=search	barracas	48 m²	45 m²	0	0	52	2	Departamento	Frente	45 años	210.000 ARS	No	No		Sí	No	No		No	No	No	No	No	No	No		No	No	No	No	3 m²	8	Norte			1																																				
Departamento en venta	Venta Departamento 4 Ambientes Barracas	148000	USD	US$148.000	False	4	3	2	76.0	4 ambs.2 baños76 m² cubiertos	General Hornos 800, Barracas, Capital Federal	https://departamento.mercadolibre.com.ar/MLA-1992399309-venta-departamento-4-ambientes-barracas-_JM#polycard_client=search-desktop&float_highlight=recent_publication&price_drop=not_apply&be_origin=backend&overlay_label=not_apply&search_layout=grid&position=40&type=item&tracking_id=b40b62ff-6787-44c4-a166-68b179683cc0&sid=search	barracas	87 m²	76 m²	0	1	99	3	Departamento	Frente	46 años	309.000 ARS	Sí	No		Sí			Sí	No	Sí	Sí		Sí	Sí		Sí	Sí	Sí	No	No	10,8 m²	8	Oeste		Sí																																					
Departamento en venta	Venta Departamento 2 Amb Barracas	90000	USD	US$90.000	False	2	1	1	40.0	2 ambs.1 baño40 m² cubiertos	Piedras Al 1800, Barracas, Capital Federal	https://departamento.mercadolibre.com.ar/MLA-1991548409-venta-departamento-2-amb-barracas-_JM#polycard_client=search-desktop&float_highlight=recent_publication&price_drop=not_apply&be_origin=backend&overlay_label=not_apply&search_layout=grid&position=41&type=item&tracking_id=b40b62ff-6787-44c4-a166-68b179683cc0&sid=search	barracas	43 m²	40 m²	0	0			Departamento	Contrafrente	10 años	200.000 ARS	No	Sí		Sí	No	No		No	No	Sí	No	Sí	Sí	No	Sí	Sí	No	No	No	3 m²	5																																								
Departamento en venta	Venta-permuta Departamento En Barracas: 4 Amb + Dep + Playroom, Palier Privado Y Cochera Fija En Av.	318000	USD	US$318.000	False	4	3	2	130.0	4 ambs.2 baños130 m² cubiertos	Avenida Montes De Oca 567, Barracas, Capital Federal	https://departamento.mercadolibre.com.ar/MLA-1987491839-venta-permuta-departamento-en-barracas-4-amb-dep-playroom-palier-privado-y-cochera-fija-en-av-_JM#polycard_client=search-desktop&float_highlight=recent_publication&price_drop=not_apply&be_origin=backend&overlay_label=not_apply&search_layout=grid&position=42&type=item&tracking_id=b40b62ff-6787-44c4-a166-68b179683cc0&sid=search	barracas	139 m²	130 m²	0	0		7	Departamento	Frente	55 años	450.000 ARS	No	Sí		Sí	No	No		No	No	No	Sí	Sí	Sí	No	Sí	Sí	Sí	No	No					Sí						Sí					24 horas																										
Departamento en venta	Venta Departamento 3 Amb Barracas	94000	USD	US$94.000	False	3	2	1	65.0	3 ambs.1 baño65 m² cubiertos	Avenida Regimiento De Patricios 300, Barracas, Capital Federal	https://departamento.mercadolibre.com.ar/MLA-3777878262-venta-departamento-3-amb-barracas-_JM#polycard_client=search-desktop&float_highlight=recent_publication&price_drop=not_apply&be_origin=backend&overlay_label=not_apply&search_layout=grid&position=43&type=item&tracking_id=b40b62ff-6787-44c4-a166-68b179683cc0&sid=search	barracas	65 m²	65 m²	0	0	99	9	Departamento	Frente	39 años	140.000 ARS	No	Sí		No				No		No		No	No			No	No	No	No		10	Norte																																							
Departamento en venta	Venta Departamento 3 Ambientes En Dúplex Con Dependencia Moca Cochera Amenities Balcon Terraza	379999	USD	US$379.999	False	3	2	2	140.0	3 ambs.2 baños140 m² cubiertos	Av Montes De Oca Al 200, Barracas, Capital Federal	https://departamento.mercadolibre.com.ar/MLA-3770974122-venta-departamento-3-ambientes-en-duplex-con-dependencia-moca-cochera-amenities-balcon-terraza-_JM#polycard_client=search-desktop&price_drop=not_apply&be_origin=backend&overlay_label=not_apply&search_layout=grid&position=44&type=item&tracking_id=b40b62ff-6787-44c4-a166-68b179683cc0&sid=search	barracas	140 m²	140 m²	1	1			Departamento	Lateral	14 años	0 ARS	No	No		No	No	Sí	Sí	No	No	No	No	Sí	Sí	No	Sí	Sí	Sí	No	No	9 m²	2	Norte	Sí			Sí	Sí	Sí		Sí	Sí				Diurno	Sí					Sí					Sí				Sí									Sí		
Departamento en venta	Venta Departamento 3 Dormitorios Barracas	168000	USD	US$168.000	False	4	3	3	112.0	4 ambs.3 baños112 m² cubiertos	Av. Montes De Oca 1779, Barracas, Capital Federal	https://departamento.mercadolibre.com.ar/MLA-3770430556-venta-departamento-3-dormitorios-barracas-_JM#polycard_client=search-desktop&price_drop=not_apply&be_origin=backend&overlay_label=not_apply&search_layout=grid&position=45&type=item&tracking_id=b40b62ff-6787-44c4-a166-68b179683cc0&sid=search	barracas	157 m²	112 m²	0	1		10	Departamento	Frente	20 años	250.000 ARS	No	No		No	No	No	Sí	Sí	Sí	Sí	No	Sí	Sí	No	Sí	Sí	Sí	No	No		1	Norte		Sí																		Sí			Sí																
Departamento en venta	Departamento Dos Ambiente En Venta En Barracas	105000	USD	US$105.000	False	2	1	1	40.0	2 ambs.1 baño40 m² cubiertos	Azara Al 100, Barracas, Capital Federal	https://departamento.mercadolibre.com.ar/MLA-3769604532-departamento-dos-ambiente-en-venta-en-barracas-_JM#polycard_client=search-desktop&price_drop=not_apply&be_origin=backend&overlay_label=not_apply&search_layout=grid&position=46&type=item&tracking_id=b40b62ff-6787-44c4-a166-68b179683cc0&sid=search	barracas	64 m²	40 m²	0	0			Departamento	Contrafrente	30 años	0 ARS	No	No		No	No	Sí		No	Sí	Sí	No	No	Sí	No	Sí	Sí	No	No	No		7	Norte	Sí								Sí																														
Departamento en venta	Departamento De Cuatro Ambientes En Barracas A La Venta	180000	USD	US$180.000	False	3	2	3	94.0	3 ambs.3 baños94 m² cubiertos	Montes De Oca 1189, Barracas, Barracas, Capital Federal	https://departamento.mercadolibre.com.ar/MLA-1973629289-departamento-de-cuatro-ambientes-en-barracas-a-la-venta-_JM#polycard_client=search-desktop&price_drop=not_apply&be_origin=backend&overlay_label=not_apply&search_layout=grid&position=47&type=item&tracking_id=b40b62ff-6787-44c4-a166-68b179683cc0&sid=search	barracas	94 m²	94 m²	0	0			Departamento	Contrafrente	40 años	0 ARS	No	No		No	Sí	No		No	Sí	Sí	No	Sí	Sí	No	Sí	Sí	No	No	Sí					Sí							Sí																								Sí						
Departamento en venta	Av. Montes De Oca Y Av. Martin Garcia - Impec Balcon Todo Sol Espectacular Living Amplia Cocina	150000	USD	US$150.000	False	3	2	1	116.0	3 ambs.1 baño116 m² cubiertos	AV. Montes DE OCA Al 400 2°, Barracas, Capital Federal	https://departamento.mercadolibre.com.ar/MLA-3770703320-av-montes-de-oca-y-av-martin-garcia-impec-balcon-todo-sol-espectacular-living-amplia-cocina-_JM#polycard_client=search-desktop&price_drop=not_apply&be_origin=backend&overlay_label=not_apply&search_layout=grid&position=48&type=item&tracking_id=b40b62ff-6787-44c4-a166-68b179683cc0&sid=search	barracas	116 m²	116 m²	0	0	4	2	Departamento	Frente	55 años	550.000 ARS	No	Sí		Sí	Sí	No		No	Sí	Sí	No	Sí	Sí	No	Sí	Sí	No	No	Sí		1			Sí																																					
Departamento en venta	Departamento En Venta En Barracas De 3 Ambientes Con Patio	125000	USD	US$125.000	False	3	2	1	60.0	3 ambs.1 baño60 m² cubiertos	Azara 100, Barracas, Capital Federal	https://departamento.mercadolibre.com.ar/MLA-1975700307-departamento-en-venta-en-barracas-de-3-ambientes-con-patio-_JM#polycard_client=search-desktop&price_drop=not_apply&be_origin=backend&overlay_label=not_apply&search_layout=grid&position=1&type=item&tracking_id=c13089e2-c03e-4b53-b8f6-2d588029b8f1&sid=search	barracas	106 m²	60 m²	0	0	5	1	Departamento	Contrafrente	45 años	167.000 ARS	Sí	Sí		Sí	No	No								No	Sí	Sí	No	Sí			1	Oeste																					Sí																		
Departamento en venta	Venta Departamento 3 Ambientes En Dúplex Con Dependencia Moca Cochera Amenities Balcon Terraza	379999	USD	US$379.999	False	3	2	2	140.0	3 ambs.2 baños140 m² cubiertos	Av Montes De Oca Al 200, Barracas, Capital Federal	https://departamento.mercadolibre.com.ar/MLA-1977870049-venta-departamento-3-ambientes-en-duplex-con-dependencia-moca-cochera-amenities-balcon-terraza-_JM#polycard_client=search-desktop&price_drop=not_apply&be_origin=backend&overlay_label=not_apply&search_layout=grid&position=2&type=item&tracking_id=c13089e2-c03e-4b53-b8f6-2d588029b8f1&sid=search	barracas	140 m²	140 m²	1	1			Departamento	Lateral	14 años	0 ARS	No	No		No	No	Sí	Sí	No	No	No	No	Sí	Sí	No	Sí	Sí	Sí	No	No	9 m²	2	Norte	Sí			Sí	Sí	Sí		Sí	Sí				Diurno	Sí										Sí				Sí									Sí		
Departamento en venta	Depto 2 Amb C/2 Patios - Excelente Estado Apto Cre	89000	USD	US$89.000	False	2	1	1	49.0	2 ambs.1 baño49 m² cubiertos	Azara 300, Barracas, Capital Federal	https://departamento.mercadolibre.com.ar/MLA-1972784203-depto-2-amb-c2-patios-excelente-estado-apto-cre-_JM#polycard_client=search-desktop&price_drop=not_apply&be_origin=backend&overlay_label=not_apply&search_layout=grid&position=3&type=item&tracking_id=c13089e2-c03e-4b53-b8f6-2d588029b8f1&sid=search	barracas	63 m²	49 m²	0	0	99	1	Departamento	Interno	46 años	0 ARS	No	Sí		No	Sí		Sí	No	Sí	Sí		No	Sí			No	No	No	No		7	Este		Sí														Sí																							
Departamento en venta	En Venta Departamento Montes De Oca 1100 Barracas	143000	USD	US$143.000	False	4	3	1	100.0	4 ambs.1 baño100 m² cubiertos	Montes De Oca Al 1100 Barracas Caba, Barracas, Capital Federal	https://departamento.mercadolibre.com.ar/MLA-1971742305-en-venta-departamento-montes-de-oca-1100-barracas-_JM#polycard_client=search-desktop&price_drop=not_apply&be_origin=backend&overlay_label=not_apply&search_layout=grid&position=4&type=item&tracking_id=c13089e2-c03e-4b53-b8f6-2d588029b8f1&sid=search	barracas	105 m²	100 m²	0	0	4		Departamento	Frente	45 años	400.000 ARS	Sí	No		Sí	Sí	Sí	Sí	No	Sí	Sí	No	Sí	Sí	No	Sí	Sí	Sí	No	Sí		1	Este		Sí													Sí																								
Departamento en venta	Departamento En Venta En Barracas	69000	USD	US$69.000	False	2	1	1	34.0	2 ambs.1 baño34 m² cubiertos	GRAL HORNOS Al 1062. Entre Av Suarez Y Brandsen, Barracas, Capital Federal	https://departamento.mercadolibre.com.ar/MLA-1957313895-departamento-en-venta-en-barracas-_JM#polycard_client=search-desktop&price_drop=not_apply&be_origin=backend&overlay_label=not_apply&search_layout=grid&position=5&type=item&tracking_id=c13089e2-c03e-4b53-b8f6-2d588029b8f1&sid=search	barracas	34 m²	34 m²	0	0		8	Departamento	Interno	45 años	120.000 ARS	No	No		No	No	No		No	No	No	No	No	No	No		No	No	No	No		10	Norte			1																																				
Departamento en venta	2 Ambientes A Estrenar Con Balcón - Edificio Con Amenities En Venta Barracas	115000	USD	US$115.000	False	2	1	1	44.0	2 ambs.1 baño44 m² cubiertos	Isabel La Católica 1300, Barracas, Capital Federal	https://departamento.mercadolibre.com.ar/MLA-3740619110-2-ambientes-a-estrenar-con-balcon-edificio-con-amenities-en-venta-barracas-_JM#polycard_client=search-desktop&price_drop=not_apply&be_origin=backend&overlay_label=not_apply&search_layout=grid&position=6&type=item&tracking_id=c13089e2-c03e-4b53-b8f6-2d588029b8f1&sid=search	barracas	48 m²	44 m²	0	0	8		Departamento	Contrafrente	8 años		Sí		Sí	Sí			Sí	Sí		Sí		Sí	Sí	Sí	Sí	Sí					5	Oeste		Sí				Sí												Sí			Sí																		
Departamento en venta	Departamento 2 Ambientes En Venta Barracas	149000	USD	US$149.000	False	2	1	1	51.0	2 ambs.1 baño51 m² cubiertos	Montes De Oca Al 500, Barracas, Capital Federal	https://departamento.mercadolibre.com.ar/MLA-3740185598-departamento-2-ambientes-en-venta-barracas-_JM#polycard_client=search-desktop&price_drop=not_apply&be_origin=backend&overlay_label=not_apply&search_layout=grid&position=7&type=item&tracking_id=c13089e2-c03e-4b53-b8f6-2d588029b8f1&sid=search	barracas	60 m²	51 m²	0	0		1	Departamento	Contrafrente	30 años	0 ARS	Sí	No		Sí	Sí	Sí	Sí	No	No	No	No	Sí	Sí	No	Sí	Sí	Sí	Sí	Sí	2 m²		Oeste	Sí	Sí							Sí												Sí																		
Departamento en venta	Venta Departamento 2 Ambientes Barracas Pb	95000	USD	US$95.000	False	2	1	1	48.0	2 ambs.1 baño48 m² cubiertos	Brandsen 1600, Barracas, Capital Federal	https://departamento.mercadolibre.com.ar/MLA-3740161220-venta-departamento-2-ambientes-barracas-pb-_JM#polycard_client=search-desktop&price_drop=not_apply&be_origin=backend&overlay_label=not_apply&search_layout=grid&position=8&type=item&tracking_id=c13089e2-c03e-4b53-b8f6-2d588029b8f1&sid=search	barracas	59 m²	48 m²	0	0	99		Departamento	Interno	76 años	130.000 ARS	No	No		No				No		Sí		No	Sí		Sí	Sí	No	No	No		1	Norte		Sí																																					
Departamento en venta	Venta Depto.2amb-a Refaccionar-bajas Exp. Barracas	45000	USD	US$45.000	False	2	1	1	50.0	2 ambs.1 baño50 m² cubiertos	Ambrosio Olmos 1200, Barracas, Capital Federal	https://departamento.mercadolibre.com.ar/MLA-3739529664-venta-depto2amb-a-refaccionar-bajas-exp-barracas-_JM#polycard_client=search-desktop&price_drop=not_apply&be_origin=backend&overlay_label=not_apply&search_layout=grid&position=9&type=item&tracking_id=c13089e2-c03e-4b53-b8f6-2d588029b8f1&sid=search	barracas	50 m²	50 m²	0	0	99		Departamento	Frente	56 años	100.000 ARS	No	No		No				No		No		No	Sí			No	No	No	No		2	Norte																																							
Departamento en venta	Departamento En Venta En Barracas	58000	USD	US$58.000	False	2	1	1	35.0	2 ambs.1 baño35 m² cubiertos	Ruy Díaz De Guzman Al 155. Entre Gualeguay Y Tomás Liberti, Barracas, Capital Federal	https://departamento.mercadolibre.com.ar/MLA-3738104280-departamento-en-venta-en-barracas-_JM#polycard_client=search-desktop&price_drop=not_apply&be_origin=backend&overlay_label=not_apply&search_layout=grid&position=10&type=item&tracking_id=c13089e2-c03e-4b53-b8f6-2d588029b8f1&sid=search	barracas	38 m²	35 m²	0	0		5	Departamento	Contrafrente	45 años	150.000 ARS	No	No		Sí	No	No		No	No	No	No	No	No	No		No	No	No	No	3 m²	8	Norte			1																																				
Departamento en venta	Departamento De 3 Ambientes Con Dependencia En Barracas	149000	USD	US$149.000	False	3	2	2	70.0	3 ambs.2 baños70 m² cubiertos	Jovellanos 500, Barracas, Capital Federal	https://departamento.mercadolibre.com.ar/MLA-1952297759-departamento-de-3-ambientes-con-dependencia-en-barracas-_JM#polycard_client=search-desktop&price_drop=not_apply&be_origin=backend&overlay_label=not_apply&search_layout=grid&position=11&type=item&tracking_id=c13089e2-c03e-4b53-b8f6-2d588029b8f1&sid=search	barracas	76 m²	70 m²	0	0	2	5	Departamento	Frente	45 años	320.000 ARS	Sí	Sí		Sí	No	No								No	Sí	No	No	Sí			1	Este																					Sí																		
Departamento en venta	Departamento De 4 Ambientes En Barracas Con Balcón	149000	USD	US$149.000	False	4	3	2	70.0	4 ambs.2 baños70 m² cubiertos	Jovellanos 500, Barracas, Capital Federal	https://departamento.mercadolibre.com.ar/MLA-1952284633-departamento-de-4-ambientes-en-barracas-con-balcon-_JM#polycard_client=search-desktop&price_drop=not_apply&be_origin=backend&overlay_label=not_apply&search_layout=grid&position=12&type=item&tracking_id=c13089e2-c03e-4b53-b8f6-2d588029b8f1&sid=search	barracas	76 m²	70 m²	0	0	2	5	Departamento	Frente	45 años	320.000 ARS	Sí	Sí		Sí	No	No								No	Sí	No	No	Sí			1	Este																					Sí																		
Departamento en venta	Departamento De 4 Ambientes Tipo Ph Con Balcón En Venta - Barracas	99000	USD	US$99.000	False	4	3	1	68.0	4 ambs.1 baño68 m² cubiertos	Los Patos 1900, Barracas, Capital Federal	https://departamento.mercadolibre.com.ar/MLA-1952296561-departamento-de-4-ambientes-tipo-ph-con-balcon-en-venta-barracas-_JM#polycard_client=search-desktop&price_drop=not_apply&be_origin=backend&overlay_label=not_apply&search_layout=grid&position=13&type=item&tracking_id=c13089e2-c03e-4b53-b8f6-2d588029b8f1&sid=search	barracas	71 m²	68 m²	0	0	4	1	Departamento	Frente	50 años	0 ARS	Sí	No		No	No	No		No	No	No	No	Sí	Sí	No	Sí	Sí	No	No	No		1	Norte	Sí														Sí																								
Departamento en venta	Departamento En Barracas	75000	USD	US$75.000	False	3	2	1	50.0	3 ambs.1 baño50 m² cubiertos	Brandsen Al 1500, Barracas, Capital Federal	https://departamento.mercadolibre.com.ar/MLA-1951921615-departamento-en-barracas-_JM#polycard_client=search-desktop&price_drop=not_apply&be_origin=backend&overlay_label=not_apply&search_layout=grid&position=14&type=item&tracking_id=c13089e2-c03e-4b53-b8f6-2d588029b8f1&sid=search	barracas	50 m²	50 m²	0	0	2	2	Departamento	Contrafrente	50 años	140.000 ARS	No	No		No	Sí	No		No	No	No	No	No	Sí	No	Sí	Sí	No	No	Sí		1			Sí																																					
Departamento en venta	3 Ambientes Con Amplio Balcón Corrido, Vista Abierta Al Frente, Muy Luminoso	120000	USD	US$120.000	False	3	2	1	62.0	3 ambs.1 baño62 m² cubiertos	Piedras 1980, Barracas, Capital Federal	https://departamento.mercadolibre.com.ar/MLA-1951639937-3-ambientes-con-amplio-balcon-corrido-vista-abierta-al-frente-muy-luminoso-_JM#polycard_client=search-desktop&price_drop=not_apply&be_origin=backend&overlay_label=not_apply&search_layout=grid&position=15&type=item&tracking_id=c13089e2-c03e-4b53-b8f6-2d588029b8f1&sid=search	barracas	68 m²	62 m²	0	0	4	6	Departamento	Frente	57 años	140.500 ARS	Sí	No		Sí			Sí		Sí	Sí		Sí	Sí		Sí	Sí	Sí	Sí	Sí	6 m²	10	Sur		Sí											Diurno																										
Departamento en venta	Venta Departamento 2 Ambientes Barracas	63500	USD	US$63.500	False	2	1	1	42.0	2 ambs.1 baño42 m² cubiertos	Salta 2146, Barracas, Capital Federal	https://departamento.mercadolibre.com.ar/MLA-1948700413-venta-departamento-2-ambientes-barracas-_JM#polycard_client=search-desktop&price_drop=not_apply&be_origin=backend&overlay_label=not_apply&search_layout=grid&position=16&type=item&tracking_id=c13089e2-c03e-4b53-b8f6-2d588029b8f1&sid=search	barracas	56 m²	42 m²	1	0		9	Departamento	Frente	50 años	120.000 ARS	Sí	Sí		Sí	No	Sí		Sí	Sí	No	No	Sí	Sí	No	Sí	Sí	No	No	No		9		Sí												24 horas																										
Departamento en venta	Venta Departamento 4 Ambientes Lateral, Balcon Frances Super Luminoso, A Refaccionar En Barracas	130000	USD	US$130.000	False	4	3	1	75.0	4 ambs.1 baño75 m² cubiertos	Montes De Oca 1199, Barracas, Capital Federal	https://departamento.mercadolibre.com.ar/MLA-3726723298-venta-departamento-4-ambientes-lateral-balcon-frances-super-luminoso-a-refaccionar-en-barracas-_JM#polycard_client=search-desktop&price_drop=not_apply&be_origin=backend&overlay_label=not_apply&search_layout=grid&position=17&type=item&tracking_id=c13089e2-c03e-4b53-b8f6-2d588029b8f1&sid=search	barracas	75 m²	75 m²	0	0		4	Departamento	Frente	42 años	150.000 ARS	No	No		Sí	No	No		No	No	No	No	No	Sí	No		Sí	Sí	No	No		10			Sí						Sí					24 horas																										
Departamento en venta	Departamento - Venta - Barracas 2 Ambientes Al Frente Con Balcon	139000	USD	US$139.000	False	2	1	1	48.0	2 ambs.1 baño48 m² cubiertos	Uspallata Al 800, Barracas, Capital Federal	https://departamento.mercadolibre.com.ar/MLA-1948125587-departamento-venta-barracas-2-ambientes-al-frente-con-balcon-_JM#polycard_client=search-desktop&price_drop=not_apply&be_origin=backend&overlay_label=not_apply&search_layout=grid&position=18&type=item&tracking_id=c13089e2-c03e-4b53-b8f6-2d588029b8f1&sid=search	barracas	52 m²	48 m²	1	0		5	Departamento	Frente	16 años	160.000 ARS	Sí	No		No	No	Sí		No	No	No	No	Sí	No	No	Sí	Sí	Sí	No	No	3 m²		Norte																																							
Departamento en venta	Venta Monoambiente Impecable	70000	USD	US$70.000	False	1	0	1	34.0	1 amb.1 baño34 m² cubiertos	AV. GRAL. HORNOS Al 1100. Entre Olavarria Y Avenida Suarez, Barracas, Capital Federal	https://departamento.mercadolibre.com.ar/MLA-3725670204-venta-monoambiente-impecable-_JM#polycard_client=search-desktop&price_drop=not_apply&be_origin=backend&overlay_label=not_apply&search_layout=grid&position=19&type=item&tracking_id=c13089e2-c03e-4b53-b8f6-2d588029b8f1&sid=search	barracas	38 m²	34,5 m²	1	0		2	Departamento	Contrafrente	5 años	230.000 ARS	No	No		Sí	No	No	Sí	No	No	No	No	Sí	Sí	No	Sí	No	Sí	No	Sí		11	Este		Sí	1												Sí																								
Departamento en venta	Monoambiente En Venta A Estrenar-apto Credito	55000	USD	US$55.000	False	1	0	1	32.0	1 amb.1 baño32 m² cubiertos	San Antonio 400, Barracas, Capital Federal	https://departamento.mercadolibre.com.ar/MLA-1946158919-monoambiente-en-venta-a-estrenar-apto-credito-_JM#polycard_client=search-desktop&price_drop=not_apply&be_origin=backend&overlay_label=not_apply&search_layout=grid&position=20&type=item&tracking_id=c13089e2-c03e-4b53-b8f6-2d588029b8f1&sid=search	barracas	32 m²	32 m²	0	0	99		Departamento	Frente	1 años	0 ARS	No	Sí		No				No		No		No	No			No	No	No	No			Norte																																							
Departamento en venta	Departamento 2 Ambientes En Venta Barracas	64000	USD	US$64.000	False	2	1	1	50.0	2 ambs.1 baño50 m² cubiertos	Anchoris 100, Barracas, Capital Federal	https://departamento.mercadolibre.com.ar/MLA-1946331423-departamento-2-ambientes-en-venta-barracas-_JM#polycard_client=search-desktop&price_drop=not_apply&be_origin=backend&overlay_label=not_apply&search_layout=grid&position=21&type=item&tracking_id=c13089e2-c03e-4b53-b8f6-2d588029b8f1&sid=search	barracas	53 m²	50 m²	0	0	99	2	Departamento	Frente	56 años	100.000 ARS	No	No		No	Sí			No	Sí	No		No	Sí			No	No	No	No		2	Norte		Sí																																					
Departamento en venta	Venta 2 Ambientes Barracas Imperdible	62900	USD	US$62.900	False	2	1	1	32.0	2 ambs.1 baño32 m² cubiertos	Avenida Suarez 1100, Barracas, Capital Federal	https://departamento.mercadolibre.com.ar/MLA-1946153059-venta-2-ambientes-barracas-imperdible-_JM#polycard_client=search-desktop&price_drop=not_apply&be_origin=backend&overlay_label=not_apply&search_layout=grid&position=22&type=item&tracking_id=c13089e2-c03e-4b53-b8f6-2d588029b8f1&sid=search	barracas	34 m²	32 m²	0	0	99	13	Departamento	Frente	70 años	150.000 ARS	No	No		No				No		No		No	No			No	No	No	No		14	Norte															Sí																								
Departamento en venta	Venta Ph 3 Ambientes Barracas Estrenar Con Patio	75000	USD	US$75.000	False	3	2	1	50.0	3 ambs.1 baño50 m² cubiertos	Calle Gaspar M. De Jovellanos 1600, Barracas, Capital Federal	https://departamento.mercadolibre.com.ar/MLA-1946226797-venta-ph-3-ambientes-barracas-estrenar-con-patio-_JM#polycard_client=search-desktop&price_drop=not_apply&be_origin=backend&overlay_label=not_apply&search_layout=grid&position=23&type=item&tracking_id=c13089e2-c03e-4b53-b8f6-2d588029b8f1&sid=search	barracas	58 m²	50 m²	0	1	99	1	Departamento	Frente	56 años	0 ARS	Sí	No		No				No		No		Sí	Sí		Sí	Sí	No	No	No		1	Norte		Sí																																					
Departamento en venta	Venta Departamento 4 Ambientes Parque Lezama	140000	USD	US$140.000	False	4	3	1	87.0	4 ambs.1 baño87 m² cubiertos	Avenida Martín García 200, Barracas, Capital Federal	https://departamento.mercadolibre.com.ar/MLA-1945612377-venta-departamento-4-ambientes-parque-lezama-_JM#polycard_client=search-desktop&price_drop=not_apply&be_origin=backend&overlay_label=not_apply&search_layout=grid&position=24&type=item&tracking_id=c13089e2-c03e-4b53-b8f6-2d588029b8f1&sid=search	barracas	95 m²	87 m²	0	0	99	4	Departamento	Frente	9 años	300.000 ARS	No	No		No	Sí	Sí	Sí	No	Sí	No		Sí	Sí			No	No	No	No	8 m²	5	Este								Sí																															
Departamento en venta	Venta 3 Amb 55m2 Balcon Barracas Apto Credito	79000	USD	US$79.000	False	3	2	1	51.0	3 ambs.1 baño51 m² cubiertos	Avenida Regimiento De Patricios 600, Barracas, Capital Federal	https://departamento.mercadolibre.com.ar/MLA-1945612237-venta-3-amb-55m2-balcon-barracas-apto-credito-_JM#polycard_client=search-desktop&price_drop=not_apply&be_origin=backend&overlay_label=not_apply&search_layout=grid&position=25&type=item&tracking_id=c13089e2-c03e-4b53-b8f6-2d588029b8f1&sid=search	barracas	55 m²	51 m²	0	0	99	1	Departamento	Frente	62 años	80.000 ARS	No	Sí		No				No		No		No	No			No	No	No	No		2	Norte															Sí																								
Departamento en venta	Venta Departamento Barracas 4 Ambientes Quincho	259000	USD	US$259.000	False	4	3	1	124.0	4 ambs.1 baño124 m² cubiertos	Ituzaingo 600, Barracas, Capital Federal	https://departamento.mercadolibre.com.ar/MLA-1945712329-venta-departamento-barracas-4-ambientes-quincho-_JM#polycard_client=search-desktop&price_drop=not_apply&be_origin=backend&overlay_label=not_apply&search_layout=grid&position=26&type=item&tracking_id=c13089e2-c03e-4b53-b8f6-2d588029b8f1&sid=search	barracas	124 m²	124 m²	0	1	99		Departamento	Frente	51 años	0 ARS	No	No		No				No		No		Sí	Sí			No	No	No	No		5	Norte		Sí						Sí									Sí																						
Departamento en venta	Venta Departamento 4 Ambientes Con Patio Barracas	148000	USD	US$148.000	False	4	3	2	75.0	4 ambs.2 baños75 m² cubiertos	Avenida Montes De Oca 0, Barracas, Capital Federal	https://departamento.mercadolibre.com.ar/MLA-1945610817-venta-departamento-4-ambientes-con-patio-barracas-_JM#polycard_client=search-desktop&price_drop=not_apply&be_origin=backend&overlay_label=not_apply&search_layout=grid&position=27&type=item&tracking_id=c13089e2-c03e-4b53-b8f6-2d588029b8f1&sid=search	barracas	111 m²	75 m²	0	0	99		Departamento	Frente	51 años	170.000 ARS	No	Sí		No				No		No	Sí	No	No			No	No	No	No		5	Norte															Sí	Sí																							
Departamento en venta	Venta 4 Ambientes Barracas	122000	USD	US$122.000	False	4	3	1	79.0	4 ambs.1 baño79 m² cubiertos	Doctor Enrique Finochietto 400, Barracas, Capital Federal	https://departamento.mercadolibre.com.ar/MLA-1945495605-venta-4-ambientes-barracas-_JM#polycard_client=search-desktop&price_drop=not_apply&be_origin=backend&overlay_label=not_apply&search_layout=grid&position=28&type=item&tracking_id=c13089e2-c03e-4b53-b8f6-2d588029b8f1&sid=search	barracas	79 m²	79 m²	0	0	99	4	Departamento	Frente	34 años	275.000 ARS	No	Sí		Sí	Sí	Sí	Sí	No	Sí	No		Sí	Sí		Sí	Sí	Sí	No	No		14	Norte	Sí	Sí						Sí																															
Departamento en venta	3 Amb. En Barracas ,vista Abierta, Oportunidad!!!	60000	USD	US$60.000	False	3	2	1	58.0	3 ambs.1 baño58 m² cubiertos	Avenida Regimiento De Patricios 1400, Barracas, Capital Federal	https://departamento.mercadolibre.com.ar/MLA-1945492939-3-amb-en-barracas-vista-abierta-oportunidad-_JM#polycard_client=search-desktop&price_drop=not_apply&be_origin=backend&overlay_label=not_apply&search_layout=grid&position=29&type=item&tracking_id=c13089e2-c03e-4b53-b8f6-2d588029b8f1&sid=search	barracas	58 m²	58 m²	0	0	99	8	Departamento	Frente	56 años	199.000 ARS	No	No	Sí	Sí				No		Sí		Sí	Sí			No	Sí	No	No		9	Norte		Sí																																					
Departamento en venta	Depto Venta 4 Amb Barracas	95000	USD	US$95.000	False	4	3	1	64.0	4 ambs.1 baño64 m² cubiertos	Rocha 1600, Barracas, Capital Federal	https://departamento.mercadolibre.com.ar/MLA-1945704873-depto-venta-4-amb-barracas-_JM#polycard_client=search-desktop&price_drop=not_apply&be_origin=backend&overlay_label=not_apply&search_layout=grid&position=30&type=item&tracking_id=c13089e2-c03e-4b53-b8f6-2d588029b8f1&sid=search	barracas	64 m²	64 m²	1	0	99	15	Departamento	Frente	41 años	244.000 ARS	Sí	Sí		Sí				No		Sí		No	Sí		Sí	Sí	No	No	No		25	Norte																																							
Departamento en venta	Venta Dpto Loft Cochera Full Amenities Barracas	215000	USD	US$215.000	False	1	1	1	138.0	1 amb.1 baño138 m² cubiertos	Salmún Feijoo 700, Barracas, Capital Federal	https://departamento.mercadolibre.com.ar/MLA-1945491769-venta-dpto-loft-cochera-full-amenities-barracas-_JM#polycard_client=search-desktop&price_drop=not_apply&be_origin=backend&overlay_label=not_apply&search_layout=grid&position=31&type=item&tracking_id=c13089e2-c03e-4b53-b8f6-2d588029b8f1&sid=search	barracas	138 m²	138 m²	1	0	99	1	Loft	Frente	19 años	887.000 ARS	Sí	Sí	Sí	Sí		Sí		Sí		No		No	No	Sí	Sí	No	Sí	No	Sí		2	Norte				Sí	Sí												Sí		Sí				Sí			Sí													
Departamento en venta	Venta - Departamento 2 Ambientes En Barracas	63000	USD	US$63.000	False	2	1	1	34.0	2 ambs.1 baño34 m² cubiertos	Avenida Regimiento De Patricios 300, Barracas, Capital Federal	https://departamento.mercadolibre.com.ar/MLA-1945604273-venta-departamento-2-ambientes-en-barracas-_JM#polycard_client=search-desktop&price_drop=not_apply&be_origin=backend&overlay_label=not_apply&search_layout=grid&position=32&type=item&tracking_id=c13089e2-c03e-4b53-b8f6-2d588029b8f1&sid=search	barracas	34 m²	34 m²	0	0	99	8	Departamento	Frente	51 años	100.000 ARS	No	No		No				No		No		No	No			No	No	No	No		10	Norte																																							
Departamento en venta	Venta Dos Ambientes C/balcón Y Amenities Barracas	94000	USD	US$94.000	False	2	1	1	50.0	2 ambs.1 baño50 m² cubiertos	Avenida Montes De Oca 1700, Barracas, Capital Federal	https://departamento.mercadolibre.com.ar/MLA-1945491431-venta-dos-ambientes-cbalcon-y-amenities-barracas-_JM#polycard_client=search-desktop&price_drop=not_apply&be_origin=backend&overlay_label=not_apply&search_layout=grid&position=33&type=item&tracking_id=c13089e2-c03e-4b53-b8f6-2d588029b8f1&sid=search	barracas	51 m²	50 m²	0	0	99	1	Departamento	Frente	16 años	230.000 ARS	No	No		Sí	Sí	Sí	Sí	No	Sí	Sí		Sí	Sí			Sí	Sí	No	Sí		14	Norte		Sí				Sí					Sí																												
Departamento en venta	Barracas Venta 2 Ambientes Balcon Terraza Cochera	135000	USD	US$135.000	False	2	1	1	53.0	2 ambs.1 baño53 m² cubiertos	Avenida Martín García 800, Barracas, Capital Federal	https://departamento.mercadolibre.com.ar/MLA-1945487887-barracas-venta-2-ambientes-balcon-terraza-cochera-_JM#polycard_client=search-desktop&price_drop=not_apply&be_origin=backend&overlay_label=not_apply&search_layout=grid&position=34&type=item&tracking_id=c13089e2-c03e-4b53-b8f6-2d588029b8f1&sid=search	barracas	53 m²	53 m²	1	0	99	1	Departamento	Contrafrente	26 años	250.000 ARS	No	No		No				No		No		No	Sí			No	No	No	No		9	Norte																																							
Departamento en venta	Muy Lindo 4 Ambientes, C/bcón, Cochera, Baulera	235000	USD	US$235.000	False	4	3	2	106.0	4 ambs.2 baños106 m² cubiertos	Avenida Montes De Oca 500, Barracas, Capital Federal	https://departamento.mercadolibre.com.ar/MLA-3721455972-muy-lindo-4-ambientes-cbcon-cochera-baulera-_JM#polycard_client=search-desktop&price_drop=not_apply&be_origin=backend&overlay_label=not_apply&search_layout=grid&position=35&type=item&tracking_id=c13089e2-c03e-4b53-b8f6-2d588029b8f1&sid=search	barracas	115 m²	106 m²	1	0	99	5	Departamento	Frente	46 años	450.000 ARS	No	No		No				No		Sí		Sí	Sí			No	No	No	No	1,79 m²	10	Norte		Sí						Sí																															
Departamento en venta	Venta Departamento 2 Ambientes Barracas	62000	USD	US$62.000	False	2	1	1	36.0	2 ambs.1 baño36 m² cubiertos	Avenida Martín García 400, Barracas, Capital Federal	https://departamento.mercadolibre.com.ar/MLA-3721455862-venta-departamento-2-ambientes-barracas-_JM#polycard_client=search-desktop&price_drop=not_apply&be_origin=backend&overlay_label=not_apply&search_layout=grid&position=36&type=item&tracking_id=c13089e2-c03e-4b53-b8f6-2d588029b8f1&sid=search	barracas	36 m²	36 m²	0	0	99	2	Departamento	Frente	113 años	150.000 ARS	No	Sí		Sí				No		Sí		No	Sí			No	No	No	No		8	Norte																																							
Departamento en venta	Venta Monoambiente Con Doble Balcón,zona Barracas	80000	USD	US$80.000	False	1	0	1	40.0	1 amb.1 baño40 m² cubiertos	Ruy Díaz De Guzmán 0, Barracas, Capital Federal	https://departamento.mercadolibre.com.ar/MLA-3721455852-venta-monoambiente-con-doble-balconzona-barracas-_JM#polycard_client=search-desktop&price_drop=not_apply&be_origin=backend&overlay_label=not_apply&search_layout=grid&position=37&type=item&tracking_id=c13089e2-c03e-4b53-b8f6-2d588029b8f1&sid=search	barracas	47 m²	40 m²	0	0	99	1	Departamento	Frente	5 años	0 ARS	No	No		Sí				Sí		Sí		Sí	Sí		Sí	No	No	No	No	7 m²	8	Norte	Sí																																						
Departamento en venta	Venta Departamento 3 Ambientes En Constitucion	95000	USD	US$95.000	False	3	2	1	65.0	3 ambs.1 baño65 m² cubiertos	Avenida Caseros 1000, Barracas, Capital Federal	https://departamento.mercadolibre.com.ar/MLA-3721455564-venta-departamento-3-ambientes-en-constitucion-_JM#polycard_client=search-desktop&price_drop=not_apply&be_origin=backend&overlay_label=not_apply&search_layout=grid&position=38&type=item&tracking_id=c13089e2-c03e-4b53-b8f6-2d588029b8f1&sid=search	barracas	66 m²	65 m²	0	0	99	5	Departamento	Frente	43 años	95.000 ARS	No	Sí		No			Sí	No	Sí	No		No	No			No	No	No	No		6	Norte															Sí																								
Departamento en venta	Venta Departamento 3-4 Amb Depend. Barrracas Caba	139000	USD	US$139.000	False	3	3	1	80.0	3 ambs.1 baño80 m² cubiertos	Avenida Montes De Oca 1400, Barracas, Capital Federal	https://departamento.mercadolibre.com.ar/MLA-3721454688-venta-departamento-3-4-amb-depend-barrracas-caba-_JM#polycard_client=search-desktop&price_drop=not_apply&be_origin=backend&overlay_label=not_apply&search_layout=grid&position=39&type=item&tracking_id=c13089e2-c03e-4b53-b8f6-2d588029b8f1&sid=search	barracas	86 m²	80 m²	0	0	99	6	Departamento	Frente	48 años	250.000 ARS	No	Sí		No				No		Sí		Sí	Sí			No	No	No	No	6 m²	12	Norte		Sí						Sí																															
Departamento en venta	Venta Departamento 3 Amb Piso Alto Balcón Barracas	148000	USD	US$148.000	False	3	2	1	80.0	3 ambs.1 baño80 m² cubiertos	Avenida Montes De Oca 900, Barracas, Capital Federal	https://departamento.mercadolibre.com.ar/MLA-1945080223-venta-departamento-3-amb-piso-alto-balcon-barracas-_JM#polycard_client=search-desktop&price_drop=not_apply&be_origin=backend&overlay_label=not_apply&search_layout=grid&position=40&type=item&tracking_id=c13089e2-c03e-4b53-b8f6-2d588029b8f1&sid=search	barracas	83 m²	80 m²	0	0	99	8	Departamento	Frente	65 años	253.000 ARS	No	No		Sí	Sí		Sí	No	Sí	No		Sí	Sí		Sí	Sí	Sí	No	No	3,5 m²	9	Este		Sí						Sí																															
Departamento en venta	Venta Dos Ambientes Barracas	55000	USD	US$55.000	False	2	1	1	32.0	2 ambs.1 baño32 m² cubiertos	Ruy Díaz De Guzmán 0, Barracas, Capital Federal	https://departamento.mercadolibre.com.ar/MLA-1945080151-venta-dos-ambientes-barracas-_JM#polycard_client=search-desktop&price_drop=not_apply&be_origin=backend&overlay_label=not_apply&search_layout=grid&position=41&type=item&tracking_id=c13089e2-c03e-4b53-b8f6-2d588029b8f1&sid=search	barracas	32 m²	32 m²	0	0	99	3	Departamento	Contrafrente	60 años	137.500 ARS	Sí	Sí	Sí	Sí		Sí		No		No		No	Sí		Sí	Sí	Sí	No	No		9	Norte															Sí																								
Departamento en venta	Venta Departamento 5 Amb Barracas Centro	170000	USD	US$170.000	False	5	3	1	95.0	5 ambs.1 baño95 m² cubiertos	Avenida Martín García 800, Barracas, Capital Federal	https://departamento.mercadolibre.com.ar/MLA-1945080133-venta-departamento-5-amb-barracas-centro-_JM#polycard_client=search-desktop&price_drop=not_apply&be_origin=backend&overlay_label=not_apply&search_layout=grid&position=42&type=item&tracking_id=c13089e2-c03e-4b53-b8f6-2d588029b8f1&sid=search	barracas	112 m²	95 m²	0	0	99	10	Departamento	Frente	54 años	210.000 ARS	No	No		No	Sí		Sí	No	Sí	No		No	No			No	No	No	No		10	Norte								Sí												Sí					Sí														
Departamento en venta	Venta Departamento 4 Ambientes Barracas	225000	USD	US$225.000	False	4	3	1	101.0	4 ambs.1 baño101 m² cubiertos	Avenida Montes De Oca 600, Barracas, Capital Federal	https://departamento.mercadolibre.com.ar/MLA-1945079979-venta-departamento-4-ambientes-barracas-_JM#polycard_client=search-desktop&price_drop=not_apply&be_origin=backend&overlay_label=not_apply&search_layout=grid&position=43&type=item&tracking_id=c13089e2-c03e-4b53-b8f6-2d588029b8f1&sid=search	barracas	105 m²	101 m²	0	0	99	8	Departamento	Frente	51 años	384.000 ARS	No	Sí	Sí	Sí	Sí		Sí	No	Sí	Sí		Sí	Sí			Sí	Sí	Sí	No	4 m²	9	Norte	Sí	Sí						Sí																															
Departamento en venta	Venta Departamento 4 Ambientes Barracas Cochera	169000	USD	US$169.000	False	4	3	2	75.0	4 ambs.2 baños75 m² cubiertos	General Hornos 500, Barracas, Capital Federal	https://departamento.mercadolibre.com.ar/MLA-1945079931-venta-departamento-4-ambientes-barracas-cochera-_JM#polycard_client=search-desktop&price_drop=not_apply&be_origin=backend&overlay_label=not_apply&search_layout=grid&position=44&type=item&tracking_id=c13089e2-c03e-4b53-b8f6-2d588029b8f1&sid=search	barracas	78 m²	75 m²	1	1	99	8	Departamento	Frente	29 años	260.000 ARS	No	Sí	Sí	Sí	Sí	Sí	Sí	No	Sí	Sí		Sí	Sí		Sí	Sí	Sí	No	No	3,73 m²	8	Norte		Sí															Sí		Sí																				
Departamento en venta	Venta 3 Amb C Dep/balcon Barracas - Edif Categoria	139000	USD	US$139.000	False	3	2	1	75.0	3 ambs.1 baño75 m² cubiertos	Avenida Martín García 500, Barracas, Capital Federal	https://departamento.mercadolibre.com.ar/MLA-1945079691-venta-3-amb-c-depbalcon-barracas-edif-categoria-_JM#polycard_client=search-desktop&price_drop=not_apply&be_origin=backend&overlay_label=not_apply&search_layout=grid&position=45&type=item&tracking_id=c13089e2-c03e-4b53-b8f6-2d588029b8f1&sid=search	barracas	81 m²	75 m²	0	0	99	1	Departamento	Frente	76 años	260.000 ARS	No	Sí		Sí			Sí	No	Sí	No		Sí	Sí			Sí	Sí	Sí	No	3,09 m²	8	Este		Sí						Sí																									Sí						
Departamento en venta	Venta Depto 4 Ambientes - Barracas	250000	USD	US$250.000	False	3	2	2	130.0	3 ambs.2 baños130 m² cubiertos	Avenida Caseros 400, Barracas, Capital Federal	https://departamento.mercadolibre.com.ar/MLA-3720671782-venta-depto-4-ambientes-barracas-_JM#polycard_client=search-desktop&price_drop=not_apply&be_origin=backend&overlay_label=not_apply&search_layout=grid&position=46&type=item&tracking_id=c13089e2-c03e-4b53-b8f6-2d588029b8f1&sid=search	barracas	130 m²	130 m²	0	0	99	4	Departamento	Frente	114 años	120.000 ARS	No	No		No	Sí		Sí	No	Sí	Sí	Sí	Sí	Sí			No	No	No	No		5	Norte		Sí																Sí																					
Departamento en venta	Semipiso 4 Amb C Dep Barracas No Apto Prof	230000	USD	US$230.000	False	4	3	3	100.0	4 ambs.3 baños100 m² cubiertos	Avenida Montes De Oca 900, Barracas, Capital Federal	https://departamento.mercadolibre.com.ar/MLA-3720477162-semipiso-4-amb-c-dep-barracas-no-apto-prof-_JM#polycard_client=search-desktop&price_drop=not_apply&be_origin=backend&overlay_label=not_apply&search_layout=grid&position=47&type=item&tracking_id=c13089e2-c03e-4b53-b8f6-2d588029b8f1&sid=search	barracas	106 m²	100 m²	0	0	99	4	Semi piso	Contrafrente	54 años	276.000 ARS	No	Sí		No				No		Sí		Sí	Sí		Sí	Sí	No	No	No	3,4 m²	11	Norte	Sí	Sí																																					
Departamento en venta	Venta Depto 3 Amb Molina Ciudad - Barracas	185000	USD	US$185.000	False	3	2	1	87.0	3 ambs.1 baño87 m² cubiertos	Avenida Regimiento De Patricios 1000, Barracas, Capital Federal	https://departamento.mercadolibre.com.ar/MLA-1945064747-venta-depto-3-amb-molina-ciudad-barracas-_JM#polycard_client=search-desktop&price_drop=not_apply&be_origin=backend&overlay_label=not_apply&search_layout=grid&position=48&type=item&tracking_id=c13089e2-c03e-4b53-b8f6-2d588029b8f1&sid=search	barracas	95 m²	87 m²	0	0	99	3	Loft	Contrafrente	11 años	442.000 ARS	Sí	No	Sí	Sí	Sí	Sí		No	Sí	Sí		No	Sí	Sí	Sí	No	Sí	No	No		5	Norte		Sí		Sí	Sí	Sí									Sí									Sí	Sí	Sí												Sí	
Departamento en venta	Venta Departamento 4 Ambientes Barracas C/ Balcon	140000	USD	US$140.000	False	4	3	1	71.0	4 ambs.1 baño71 m² cubiertos	Avenida Montes De Oca 1400, Barracas, Capital Federal	https://departamento.mercadolibre.com.ar/MLA-1945060991-venta-departamento-4-ambientes-barracas-c-balcon-_JM#polycard_client=search-desktop&price_drop=not_apply&be_origin=backend&overlay_label=not_apply&search_layout=grid&position=1&type=item&tracking_id=f4a18a07-2478-4044-a485-83238a0836ce&sid=search	barracas	81 m²	71 m²	0	0	99	4	Departamento	Frente	56 años	180.000 ARS	No	Sí		No			Sí	No	Sí	No		No	No			No	No	No	No		9	Norte																																							
Departamento en venta	Venta Dpto. 2 Amb Con Balcon Y Terraza-barracas	110000	USD	US$110.000	False	2	1	1	44.0	2 ambs.1 baño44 m² cubiertos	Coronel Salvadores 1600, Barracas, Capital Federal	https://departamento.mercadolibre.com.ar/MLA-3720468842-venta-dpto-2-amb-con-balcon-y-terraza-barracas-_JM#polycard_client=search-desktop&price_drop=not_apply&be_origin=backend&overlay_label=not_apply&search_layout=grid&position=2&type=item&tracking_id=f4a18a07-2478-4044-a485-83238a0836ce&sid=search	barracas	56 m²	44 m²	0	0	99	2	Departamento	Frente	16 años	200.000 ARS	No	Sí	Sí	Sí			Sí	Sí	Sí	Sí		Sí	No			Sí	Sí	Sí	No	3,34 m²	4	Norte																																							
Departamento en venta	Venta 4 Ambientes Barracas, Piso Parquet A Nuevo	179000	USD	US$179.000	False	4	3	1	112.0	4 ambs.1 baño112 m² cubiertos	Avenida Montes De Oca 1000, Barracas, Capital Federal	https://departamento.mercadolibre.com.ar/MLA-3720468802-venta-4-ambientes-barracas-piso-parquet-a-nuevo-_JM#polycard_client=search-desktop&price_drop=not_apply&be_origin=backend&overlay_label=not_apply&search_layout=grid&position=3&type=item&tracking_id=f4a18a07-2478-4044-a485-83238a0836ce&sid=search	barracas	114 m²	112 m²	0	0	99	6	Departamento	Frente	51 años	260.000 ARS	No	Sí		Sí				No		Sí		Sí	Sí			No	Sí	Sí	No		10	Oeste		Sí						Sí																															
Departamento en venta	Venta 5 Dormitorios Con Balcon Y Patio	210000	USD	US$210.000	False	7	4	1	141.0	7 ambs.1 baño141 m² cubiertos	Avenida Regimiento De Patricios 800, Barracas, Capital Federal	https://departamento.mercadolibre.com.ar/MLA-3720468728-venta-5-dormitorios-con-balcon-y-patio-_JM#polycard_client=search-desktop&price_drop=not_apply&be_origin=backend&overlay_label=not_apply&search_layout=grid&position=4&type=item&tracking_id=f4a18a07-2478-4044-a485-83238a0836ce&sid=search	barracas	177 m²	141 m²	0	0	99	1	Departamento	Frente	66 años	90.000 ARS	No	No		No	Sí			Sí	Sí	Sí		Sí	Sí			No	No	No	No	7,16 m²	3	Norte		Sí						Sí								Sí							Sí																
Departamento en venta	Venta Departamento 4 Ambientes Con Dependencia	250000	USD	US$250.000	False	4	3	2	117.0	4 ambs.2 baños117 m² cubiertos	Avenida Martín García 600, Barracas, Capital Federal	https://departamento.mercadolibre.com.ar/MLA-3720544738-venta-departamento-4-ambientes-con-dependencia-_JM#polycard_client=search-desktop&price_drop=not_apply&be_origin=backend&overlay_label=not_apply&search_layout=grid&position=5&type=item&tracking_id=f4a18a07-2478-4044-a485-83238a0836ce&sid=search	barracas	128 m²	117 m²	0	0	99	3	Departamento	Frente	53 años	180.000 ARS	No	Sí		Sí	Sí		Sí	No	Sí	No		Sí	Sí			No	No	No	No	10,33 m²	6	Norte		Sí						Sí																									Sí						
Departamento en venta	Venta Semipiso 3 Ambientes Barracas Luminoso	143000	USD	US$143.000	False	3	2	1	94.0	3 ambs.1 baño94 m² cubiertos	Av Martín García 500, Barracas, Capital Federal	https://departamento.mercadolibre.com.ar/MLA-3720544694-venta-semipiso-3-ambientes-barracas-luminoso-_JM#polycard_client=search-desktop&price_drop=not_apply&be_origin=backend&overlay_label=not_apply&search_layout=grid&position=6&type=item&tracking_id=f4a18a07-2478-4044-a485-83238a0836ce&sid=search	barracas	97 m²	94 m²	0	0	99	4	Departamento	Frente	56 años	320.000 ARS	No	No		No			Sí	No		No		No	No			No	No	No	No		8	Norte								Sí																															
Departamento en venta	Venta Departamento 5 Amb. Al Frente C/bal Barracas	145000	USD	US$145.000	False	5	4	1	88.0	5 ambs.1 baño88 m² cubiertos	Avenida Montes De Oca 1600, Barracas, Capital Federal	https://departamento.mercadolibre.com.ar/MLA-3720465782-venta-departamento-5-amb-al-frente-cbal-barracas-_JM#polycard_client=search-desktop&price_drop=not_apply&be_origin=backend&overlay_label=not_apply&search_layout=grid&position=7&type=item&tracking_id=f4a18a07-2478-4044-a485-83238a0836ce&sid=search	barracas	98 m²	88 m²	0	0	99	4	Departamento	Frente	54 años	119.000 ARS	No	Sí	Sí	No	Sí	Sí		No	Sí	Sí		Sí	Sí			No	No	No	No	10,42 m²	12	Norte		Sí						Sí								Sí																							
Departamento en venta	Venta Departamento 4 Amb Barracas Vista Abierta	198000	USD	US$198.000	False	4	3	1	93.0	4 ambs.1 baño93 m² cubiertos	Av. Montes De Oca 600, Barracas, Capital Federal	https://departamento.mercadolibre.com.ar/MLA-3720092952-venta-departamento-4-amb-barracas-vista-abierta-_JM#polycard_client=search-desktop&price_drop=not_apply&be_origin=backend&overlay_label=not_apply&search_layout=grid&position=8&type=item&tracking_id=f4a18a07-2478-4044-a485-83238a0836ce&sid=search	barracas	102 m²	93 m²	0	0	99	9	Departamento	Contrafrente	67 años	278.000 ARS	Sí	Sí		Sí			Sí	No	Sí	Sí		No	Sí		Sí	Sí	Sí	Sí	No		9	Norte	Sí							Sí			Sí							Sí							Sí														
Departamento en venta	Venta Departamento 2 Amb Barracas Caba	40000	USD	US$40.000	False	2	1	1	25.0	2 ambs.1 baño25 m² cubiertos	Av. Montes De Oca 1700, Barracas, Capital Federal	https://departamento.mercadolibre.com.ar/MLA-3720092946-venta-departamento-2-amb-barracas-caba-_JM#polycard_client=search-desktop&price_drop=not_apply&be_origin=backend&overlay_label=not_apply&search_layout=grid&position=9&type=item&tracking_id=f4a18a07-2478-4044-a485-83238a0836ce&sid=search	barracas	25 m²	25 m²	0	0	99	6	Departamento	Frente	36 años	250.000 ARS	No	No		No		Sí		No	Sí	No		No	No			No	No	No	No		13	Norte																																							
Departamento en venta	Venta 3 Ambientes En Barracas	170000	USD	US$170.000	False	3	2	1	67.0	3 ambs.1 baño67 m² cubiertos	Avenida Suárez 1200, Barracas, Capital Federal	https://departamento.mercadolibre.com.ar/MLA-3720092876-venta-3-ambientes-en-barracas-_JM#polycard_client=search-desktop&price_drop=not_apply&be_origin=backend&overlay_label=not_apply&search_layout=grid&position=10&type=item&tracking_id=f4a18a07-2478-4044-a485-83238a0836ce&sid=search	barracas	80 m²	67 m²	0	0	99	2	Departamento	Frente	5 años	260.000 ARS	No	No		No				No	Sí	Sí		Sí	Sí			No	Sí	No	No	13 m²	10	Norte		Sí						Sí			Sí																												
Departamento en venta	Venta 3 Ambientes Con Balcon Barracas	135000	USD	US$135.000	False	3	2	1	61.0	3 ambs.1 baño61 m² cubiertos	Aristobulo Del Valle 1500, Barracas, Capital Federal	https://departamento.mercadolibre.com.ar/MLA-3720465194-venta-3-ambientes-con-balcon-barracas-_JM#polycard_client=search-desktop&price_drop=not_apply&be_origin=backend&overlay_label=not_apply&search_layout=grid&position=11&type=item&tracking_id=f4a18a07-2478-4044-a485-83238a0836ce&sid=search	barracas	71 m²	61 m²	0	0	99	2	Semi piso	Frente	40 años	200.000 ARS	No	Sí		Sí	Sí			No	Sí	Sí		Sí	Sí		Sí	Sí	Sí	No	No	3,5 m²	8	Norte		Sí																																					
Departamento en venta	Venta Depto 2 Amb Con Balcon Y Amenities. Barracas	130000	USD	US$130.000	False	2	1	1	43.0	2 ambs.1 baño43 m² cubiertos	Ituzaingo 900, Barracas, Capital Federal	https://departamento.mercadolibre.com.ar/MLA-3720092806-venta-depto-2-amb-con-balcon-y-amenities-barracas-_JM#polycard_client=search-desktop&price_drop=not_apply&be_origin=backend&overlay_label=not_apply&search_layout=grid&position=12&type=item&tracking_id=f4a18a07-2478-4044-a485-83238a0836ce&sid=search	barracas	47 m²	43 m²	0	0	99	1	Departamento	Frente	2 años	230.000 ARS	No	Sí		Sí		Sí		Sí		Sí		Sí	Sí	Sí	Sí	No	Sí	No	Sí	2,81 m²	20	Norte	Sí				Sí				Sí																														
Departamento en venta	Venta 3 Amb - Dpto Duplex Al Frente - Barracas	110000	USD	US$110.000	False	3	2	1	61.0	3 ambs.1 baño61 m² cubiertos	Ruy Díaz De Guzmán 800, Barracas, Capital Federal	https://departamento.mercadolibre.com.ar/MLA-3720465046-venta-3-amb-dpto-duplex-al-frente-barracas-_JM#polycard_client=search-desktop&price_drop=not_apply&be_origin=backend&overlay_label=not_apply&search_layout=grid&position=13&type=item&tracking_id=f4a18a07-2478-4044-a485-83238a0836ce&sid=search	barracas	66 m²	61 m²	0	0	99	1	Departamento	Frente	26 años	190.000 ARS	No	Sí		No	Sí			No	Sí	No		Sí	Sí		Sí	Sí	No	No	No	5 m²	1	Norte	Sí							Sí								Sí	Sí									Sí													
Departamento en venta	Venta Departamento 3 Ambientes A Estrenar Barracas	239000	USD	US$239.000	False	3	2	2	89.0	3 ambs.2 baños89 m² cubiertos	Azara 0, Barracas, Capital Federal	https://departamento.mercadolibre.com.ar/MLA-3720465044-venta-departamento-3-ambientes-a-estrenar-barracas-_JM#polycard_client=search-desktop&price_drop=not_apply&be_origin=backend&overlay_label=not_apply&search_layout=grid&position=14&type=item&tracking_id=f4a18a07-2478-4044-a485-83238a0836ce&sid=search	barracas	114 m²	89 m²	0	0	99	1	Departamento	Frente	1 años	0 ARS	No	No		No				No		No		No	No			No	No	No	No		4	Norte								Sí								Sí																							
Departamento en venta	Venta Departamento 3 Amb Cochera Barracas	359000	USD	US$359.000	False	3	2	2	115.0	3 ambs.2 baños115 m² cubiertos	Avenida Montes De Oca 500, Barracas, Capital Federal	https://departamento.mercadolibre.com.ar/MLA-3720464938-venta-departamento-3-amb-cochera-barracas-_JM#polycard_client=search-desktop&price_drop=not_apply&be_origin=backend&overlay_label=not_apply&search_layout=grid&position=15&type=item&tracking_id=f4a18a07-2478-4044-a485-83238a0836ce&sid=search	barracas	115 m²	115 m²	1	0	99	25	Departamento	Frente	20 años	747.400 ARS	No	Sí	Sí	Sí				No	Sí	Sí		Sí	Sí	Sí	Sí	Sí	Sí	No	No		29	Norte		Sí						Sí							Sí		Sí			Sí			Sí																
Departamento en venta	Venta 3 Ambientes En Barracas	76900	USD	US$76.900	False	3	2	1	58.0	3 ambs.1 baño58 m² cubiertos	Avenida Montes De Oca 400, Barracas, Capital Federal	https://departamento.mercadolibre.com.ar/MLA-3720464916-venta-3-ambientes-en-barracas-_JM#polycard_client=search-desktop&price_drop=not_apply&be_origin=backend&overlay_label=not_apply&search_layout=grid&position=16&type=item&tracking_id=f4a18a07-2478-4044-a485-83238a0836ce&sid=search	barracas	58 m²	58 m²	0	0	99	3	Departamento	Frente	67 años	130.000 ARS	No	Sí		No				No		No		No	Sí			No	No	No	No		10	Norte																																							
Departamento en venta	Venta Depto 2 Ambientes Barracas Apto Crédito	53000	USD	US$53.000	False	2	1	1	32.0	2 ambs.1 baño32 m² cubiertos	Doctor Enrique Finochietto 800, Barracas, Capital Federal	https://departamento.mercadolibre.com.ar/MLA-3720464906-venta-depto-2-ambientes-barracas-apto-credito-_JM#polycard_client=search-desktop&price_drop=not_apply&be_origin=backend&overlay_label=not_apply&search_layout=grid&position=17&type=item&tracking_id=f4a18a07-2478-4044-a485-83238a0836ce&sid=search	barracas	32 m²	32 m²	0	0	99	1	Departamento	Frente	46 años	100.000 ARS	No	Sí		No			Sí	No	Sí	No	Sí	No	No			No	No	No	No		4	Norte																																							
Departamento en venta	Venta Barracas Hermoso 3 Amb + Dependencia - 107m2	165000	USD	US$165.000	False	3	2	1	99.0	3 ambs.1 baño99 m² cubiertos	Avenida Suárez 1500, Barracas, Capital Federal	https://departamento.mercadolibre.com.ar/MLA-3720464828-venta-barracas-hermoso-3-amb-dependencia-107m2-_JM#polycard_client=search-desktop&price_drop=not_apply&be_origin=backend&overlay_label=not_apply&search_layout=grid&position=18&type=item&tracking_id=f4a18a07-2478-4044-a485-83238a0836ce&sid=search	barracas	107 m²	99 m²	0	0	99	3	Departamento	Frente	40 años	270.000 ARS	No	No		No	Sí		Sí	No	Sí	No		No	Sí			Sí	No	No	No		8	Norte								Sí																	Sí								Sí						
Departamento en venta	Venta Departamento 5 Amb Barracas 2 Cocheras	374000	USD	US$374.000	False	5	3	2	142.0	5 ambs.2 baños142 m² cubiertos	Defensa 1700, Barracas, Capital Federal	https://departamento.mercadolibre.com.ar/MLA-3720464746-venta-departamento-5-amb-barracas-2-cocheras-_JM#polycard_client=search-desktop&price_drop=not_apply&be_origin=backend&overlay_label=not_apply&search_layout=grid&position=19&type=item&tracking_id=f4a18a07-2478-4044-a485-83238a0836ce&sid=search	barracas	150 m²	142 m²	2	0	99	4	Semi piso	Frente	56 años	424.000 ARS	Sí	Sí	Sí	No	Sí		Sí	No	Sí	Sí		Sí	Sí		Sí	Sí	Sí	Sí	No	8,21 m²	11	Este	Sí	Sí						Sí						Sí	Sí										Sí														
Departamento en venta	Venta Departamento 2 Ambientes Barracas	49000	USD	US$49.000	False	2	1	1	35.0	2 ambs.1 baño35 m² cubiertos	Alfredo L. Palacios 1200, Barracas, Capital Federal	https://departamento.mercadolibre.com.ar/MLA-3719604292-venta-departamento-2-ambientes-barracas-_JM#polycard_client=search-desktop&price_drop=not_apply&be_origin=backend&overlay_label=not_apply&search_layout=grid&position=20&type=item&tracking_id=f4a18a07-2478-4044-a485-83238a0836ce&sid=search	barracas	39 m²	35 m²	0	0	99	4	Departamento	Frente	53 años	190.000 ARS	No	Sí		No				No	Sí	No		No	No			No	No	No	No		5	Norte																																							
Departamento en venta	Departamento 4 Ambientes C / Dependencia, Parrilla Y Cochera Fija En Barracas Venta	235000	USD	US$235.000	False	4	3	3	100.0	4 ambs.3 baños100 m² cubiertos	Montes De Oca Al 1100, Barracas, Capital Federal	https://departamento.mercadolibre.com.ar/MLA-1944466487-departamento-4-ambientes-c-dependencia-parrilla-y-cochera-fija-en-barracas-venta-_JM#polycard_client=search-desktop&price_drop=not_apply&be_origin=backend&overlay_label=not_apply&search_layout=grid&position=21&type=item&tracking_id=f4a18a07-2478-4044-a485-83238a0836ce&sid=search	barracas	108 m²	100 m²	1	0		10	Departamento	Contrafrente	45 años	371.000 ARS	No	No		No	Sí	No		No	No	No	No	Sí	Sí	No	Sí	Sí	No	No	Sí			Oeste		Sí													Sí								Sí																
Departamento en venta	Venta Loft 3 Amb Molina Ciudad 2/cocheras	350000	USD	US$350.000	False	3	2	2	148.0	3 ambs.2 baños148 m² cubiertos	Avenida Regimiento De Patricios 1000, Barracas, Capital Federal	https://departamento.mercadolibre.com.ar/MLA-1945491481-venta-loft-3-amb-molina-ciudad-2cocheras-_JM#polycard_client=search-desktop&price_drop=not_apply&be_origin=backend&overlay_label=not_apply&search_layout=grid&position=22&type=item&tracking_id=f4a18a07-2478-4044-a485-83238a0836ce&sid=search	barracas	172 m²	148 m²	2	0	99	12	Loft	Frente	6 años	350.000 ARS	No	No	Sí	No				No		Sí		Sí	Sí	Sí		No	No	No	No	24 m²	12	Norte		Sí																																					
Departamento en venta	Departamento 3 Ambientes En Barracas Venta	135000	USD	US$135.000	False	3	2	1	60.0	3 ambs.1 baño60 m² cubiertos	Jovellanos Al 200, Barracas, Capital Federal	https://departamento.mercadolibre.com.ar/MLA-3718593114-departamento-3-ambientes-en-barracas-venta-_JM#polycard_client=search-desktop&price_drop=not_apply&be_origin=backend&overlay_label=not_apply&search_layout=grid&position=23&type=item&tracking_id=f4a18a07-2478-4044-a485-83238a0836ce&sid=search	barracas	68 m²	60 m²	0	0		8	Departamento	Contrafrente	45 años	170.000 ARS	No	No		No	Sí	No		No	No	No	No	Sí	Sí	No	Sí	Sí	No	No	Sí			Oeste		Sí																																					
Departamento en venta	Venta Monoambiente En Barracas	4800045000	USD	US$48.000US$45.000 BAJÓ DE PRECIO	False	1	0	1	28.0	1 amb.1 baño28 m² cubiertos	Azara 0, Barracas, Capital Federal	https://departamento.mercadolibre.com.ar/MLA-3720471558-venta-monoambiente-en-barracas-_JM#polycard_client=search-desktop&price_drop=true&be_origin=backend&overlay_label=not_apply&search_layout=grid&position=24&type=item&tracking_id=f4a18a07-2478-4044-a485-83238a0836ce&sid=search	barracas	28 m²	28 m²	0	0	99	7	Departamento	Frente	50 años	106.000 ARS	No	No		No				No		No		No	No			No	No	No	No		8	Norte																																							
Departamento en venta	Venta Departamento Monoambiente Barracas Oportunid	3990037000	USD	US$39.900US$37.000 BAJÓ DE PRECIO	False	1	0	1	24.0	1 amb.1 baño24 m² cubiertos	Benito Quinquela Martín 1700, Barracas, Capital Federal	https://departamento.mercadolibre.com.ar/MLA-3720671668-venta-departamento-monoambiente-barracas-oportunid-_JM#polycard_client=search-desktop&price_drop=true&be_origin=backend&overlay_label=not_apply&search_layout=grid&position=25&type=item&tracking_id=f4a18a07-2478-4044-a485-83238a0836ce&sid=search	barracas	24 m²	24 m²	0	0	99	6	Departamento	Frente	46 años	100.000 ARS	No	No		No				No		No		No	No			No	No	No	No		8	Norte																																							
Departamento en venta	Venta Departamento 2 Ambientes Con Patio Barracas	5190047900	USD	US$51.900US$47.900 BAJÓ DE PRECIO	False	2	1	1	50.0	2 ambs.1 baño50 m² cubiertos	Doctor Ramón Carrillo 200, Barracas, Capital Federal	https://departamento.mercadolibre.com.ar/MLA-3720464832-venta-departamento-2-ambientes-con-patio-barracas-_JM#polycard_client=search-desktop&price_drop=true&be_origin=backend&overlay_label=not_apply&search_layout=grid&position=26&type=item&tracking_id=f4a18a07-2478-4044-a485-83238a0836ce&sid=search	barracas	50 m²	50 m²	0	0	99		Departamento	Lateral	56 años	65.000 ARS	Sí	Sí		No			Sí	No		No		No	Sí		Sí	Sí	Sí	No	No		3	Norte																Sí																							
Departamento en venta	Departamento En Venta De 3 Ambientes En Barracas	65000	USD	US$65.000	False	3	2	0	66.0	3 ambs.66 m² cubiertos	Perdriel Al 1400, Barracas, Capital Federal	https://departamento.mercadolibre.com.ar/MLA-3703811208-departamento-en-venta-de-3-ambientes-en-barracas-_JM#polycard_client=search-desktop&price_drop=not_apply&be_origin=backend&overlay_label=not_apply&search_layout=grid&position=27&type=item&tracking_id=f4a18a07-2478-4044-a485-83238a0836ce&sid=search	barracas	73 m²	66 m²	0	0	2		Departamento	Contrafrente	40 años	30.000 ARS	No	No		No	Sí	No		Sí	No	No	No	Sí	Sí	No	Sí	No	No	No	Sí			Oeste		Sí																																					
Departamento en venta	Departamento 4 Ambientes Al Frente En Venta En Av. Martin García Al 500 Barracas Caba	250000	USD	US$250.000	False	4	3	3	120.0	4 ambs.3 baños120 m² cubiertos	Av. Martin García Al 500 Barracas Caba, Barracas, Capital Federal	https://departamento.mercadolibre.com.ar/MLA-3702915412-departamento-4-ambientes-al-frente-en-venta-en-av-martin-garcia-al-500-barracas-caba-_JM#polycard_client=search-desktop&price_drop=not_apply&be_origin=backend&overlay_label=not_apply&search_layout=grid&position=28&type=item&tracking_id=f4a18a07-2478-4044-a485-83238a0836ce&sid=search	barracas	138 m²	120 m²	1	2	2	2	Departamento	Frente	45 años	800.000 ARS	Sí	No		Sí	Sí	Sí		No	No	No	No	Sí	Sí	Sí		Sí	Sí	No	Sí	11 m²		Norte	Sí	Sí		Sí	Sí	Sí																	Sí	Sí															
Departamento en venta	Departamento Venta 4 Ambientes Barracas Parrilla Cochera	235000	USD	US$235.000	False	4	3	3	99.0	4 ambs.3 baños99 m² cubiertos	Av. Montes De Oca 1100, Barracas, Capital Federal	https://departamento.mercadolibre.com.ar/MLA-1932862901-departamento-venta-4-ambientes-barracas-parrilla-cochera-_JM#polycard_client=search-desktop&price_drop=not_apply&be_origin=backend&overlay_label=not_apply&search_layout=grid&position=29&type=item&tracking_id=f4a18a07-2478-4044-a485-83238a0836ce&sid=search	barracas	108 m²	99 m²	1	0	1	10	Piso	Contrafrente	45 años	371.000 ARS	Sí	Sí		Sí	No	No								No	Sí	Sí	No	Sí			1	Oeste									Sí						Sí						Sí																		
Departamento en venta	Departamento De 2 Ambientes En Venta En Barracas, Planta Baja Con Patio.	95000	USD	US$95.000	False	2	1	1	42.0	2 ambs.1 baño42 m² cubiertos	C. Gaspar M. De Jovellanos Al 200, Barracas, Capital Federal	https://departamento.mercadolibre.com.ar/MLA-3692403198-departamento-de-2-ambientes-en-venta-en-barracas-planta-baja-con-patio-_JM#polycard_client=search-desktop&price_drop=not_apply&be_origin=backend&overlay_label=not_apply&search_layout=grid&position=30&type=item&tracking_id=f4a18a07-2478-4044-a485-83238a0836ce&sid=search	barracas	51 m²	42 m²	0	0	3		Departamento	Frente	50 años	99.000 ARS	No	No		Sí	Sí	No		No	No	No	No	No	Sí	No	Sí	Sí	No	No	Sí	2 m²				Sí														Sí																							
Departamento en venta	Departamento En Venta En Barracas De 5 Ambientes Con Cochera	390000	USD	US$390.000	False	5	4	4	244.0	5 ambs.4 baños244 m² cubiertos	Wenceslao Villafañe 1500, Barracas, Capital Federal	https://departamento.mercadolibre.com.ar/MLA-3686222866-departamento-en-venta-en-barracas-de-5-ambientes-con-cochera-_JM#polycard_client=search-desktop&price_drop=not_apply&be_origin=backend&overlay_label=not_apply&search_layout=grid&position=31&type=item&tracking_id=f4a18a07-2478-4044-a485-83238a0836ce&sid=search	barracas	262 m²	244 m²	1	1	1	5	Departamento	Frente	40 años	490.000 ARS	Sí	No		Sí	No	No								No	Sí	Sí	No	Sí			1	Norte																					Sí																		
Departamento en venta	5 Amb. C/dep., Amenities, 2 Cocheras Y Baulera: Amplitud Y El Confort De Un Hogar Premium	450000	USD	US$450.000	False	5	4	3	145.0	5 ambs.3 baños145 m² cubiertos	Av. Montes De Oca Al 300, Barracas, Capital Federal	https://departamento.mercadolibre.com.ar/MLA-3685935298-5-amb-cdep-amenities-2-cocheras-y-baulera-amplitud-y-el-confort-de-un-hogar-premium-_JM#polycard_client=search-desktop&price_drop=not_apply&be_origin=backend&overlay_label=not_apply&search_layout=grid&position=32&type=item&tracking_id=f4a18a07-2478-4044-a485-83238a0836ce&sid=search	barracas	156 m²	145 m²	2	1	2	7	Departamento	Frente	17 años	736.000 ARS	Sí	Sí		Sí	Sí	Sí		No	Sí	Sí	Sí	Sí	Sí	Sí	Sí	Sí	Sí	Sí	Sí		1	Este	Sí	Sí			Sí	Sí		Sí						Sí									Sí		Sí								Sí						
Departamento en venta	Departamento 2 Ambientes En Barracas Venta	86000	USD	US$86.000	False	2	1	1	47.0	2 ambs.1 baño47 m² cubiertos	Isabel La Católica Al 1100, Barracas, Capital Federal	https://departamento.mercadolibre.com.ar/MLA-3685648090-departamento-2-ambientes-en-barracas-venta-_JM#polycard_client=search-desktop&price_drop=not_apply&be_origin=backend&overlay_label=not_apply&search_layout=grid&position=33&type=item&tracking_id=f4a18a07-2478-4044-a485-83238a0836ce&sid=search	barracas	47 m²	47 m²	0	0		11	Departamento	Contrafrente	45 años	190.000 ARS	No	No		No	Sí	No		No	No	No	No	No	Sí	No	Sí	Sí	No	No	Sí			Oeste		Sí																																					
Departamento en venta	Loft En Barracas Venta	195000	USD	US$195.000	False	0	0	1	88.0	1 baño88 m² cubiertos	Av. Patricios Al 1000, Barracas, Capital Federal	https://departamento.mercadolibre.com.ar/MLA-3684978292-loft-en-barracas-venta-_JM#polycard_client=search-desktop&price_drop=not_apply&be_origin=backend&overlay_label=not_apply&search_layout=grid&position=34&type=item&tracking_id=f4a18a07-2478-4044-a485-83238a0836ce&sid=search	barracas	100 m²	88 m²	1	0			Departamento	Contrafrente	15 años	180.000 ARS	No	No		No	No	Sí		No	No	No	No	Sí	Sí	Sí	Sí	No	No	No	No				Sí				Sí	Sí			Sí																														
Departamento en venta	Departamento 4 Ambientes Con Dos Cocheras En Barracas Venta	218000	USD	US$218.000	False	4	3	2	100.0	4 ambs.2 baños100 m² cubiertos	Isabel La Católica Al 1400, Barracas, Capital Federal	https://departamento.mercadolibre.com.ar/MLA-1927649599-departamento-4-ambientes-con-dos-cocheras-en-barracas-venta-_JM#polycard_client=search-desktop&price_drop=not_apply&be_origin=backend&overlay_label=not_apply&search_layout=grid&position=35&type=item&tracking_id=f4a18a07-2478-4044-a485-83238a0836ce&sid=search	barracas	108 m²	100 m²	2	0			Departamento	Frente	25 años	60.000 ARS	No	No		No	No	No		No	No	No	Sí	Sí	Sí	No	Sí	Sí	Sí	No	No		2									Sí						Sí																									
Departamento en venta	Departamento En Barracas	50000	USD	US$50.000	False	2	1	1	50.0	2 ambs.1 baño50 m² totales	Finoquieto Al 400, Barracas, Capital Federal	https://departamento.mercadolibre.com.ar/MLA-3683669678-departamento-en-barracas-_JM#polycard_client=search-desktop&price_drop=not_apply&be_origin=backend&overlay_label=not_apply&search_layout=grid&position=36&type=item&tracking_id=f4a18a07-2478-4044-a485-83238a0836ce&sid=search	barracas	50 m²		0	0	19	8	Departamento	Lateral	40 años	210.000 ARS	No	No	Sí	Sí	No	Sí		No	No	No	No	No	Sí	No		Sí	No	No	No	50 m²		Sur																																							
Departamento en venta	Departamento 2 Ambientes En Barracas Venta	110000	USD	US$110.000	False	2	1	1	45.0	2 ambs.1 baño45 m² cubiertos	Montes De Oca Al 1700, Barracas, Capital Federal	https://departamento.mercadolibre.com.ar/MLA-3670054580-departamento-2-ambientes-en-barracas-venta-_JM#polycard_client=search-desktop&price_drop=not_apply&be_origin=backend&overlay_label=not_apply&search_layout=grid&position=37&type=item&tracking_id=f4a18a07-2478-4044-a485-83238a0836ce&sid=search	barracas	50 m²	45 m²	0	0			Departamento	Contrafrente	12 años	190.000 ARS	No	No		No	Sí	No	Sí	No	No	No	No	Sí	Sí	No	Sí	Sí	No	No	No			Este																																							
Departamento en venta	Venta Departamento 1 Amb En Barracas	30000	USD	US$30.000	False	1	0	1	25.0	1 amb.1 baño25 m² cubiertos	Santa Magdalena Al 500, Barracas, Capital Federal	https://departamento.mercadolibre.com.ar/MLA-3659703396-venta-departamento-1-amb-en-barracas-_JM#polycard_client=search-desktop&price_drop=not_apply&be_origin=backend&overlay_label=not_apply&search_layout=grid&position=38&type=item&tracking_id=f4a18a07-2478-4044-a485-83238a0836ce&sid=search	barracas	25 m²	25 m²	0	0		2	Departamento	Contrafrente	40 años	50.000 ARS	No	No		No	No	No		No	No	No	No	No	No	No		Sí	No	No	No																																										
Departamento en venta	Venta Departamento 3 Ambientes En Barracas	56000	USD	US$56.000	False	3	2	1	47.0	3 ambs.1 baño47 m² cubiertos	Iriarte Al 1300, Barracas, Capital Federal	https://departamento.mercadolibre.com.ar/MLA-3658635590-venta-departamento-3-ambientes-en-barracas-_JM#polycard_client=search-desktop&price_drop=not_apply&be_origin=backend&overlay_label=not_apply&search_layout=grid&position=39&type=item&tracking_id=f4a18a07-2478-4044-a485-83238a0836ce&sid=search	barracas	47 m²	47 m²	0	0		1	Departamento	Interno	35 años	0 ARS	No	No		No	No	No	Sí	No	No	Sí	No	No	Sí	No		No	Sí	No	No																																										
Departamento en venta	Venta Departamento 2 Ambientes En Barracas	185000	USD	US$185.000	False	2	0	1	75.0	2 ambs.1 baño75 m² cubiertos	Avenida Regimiento De Patricios Al 1000, Barracas, Capital Federal	https://departamento.mercadolibre.com.ar/MLA-3658622334-venta-departamento-2-ambientes-en-barracas-_JM#polycard_client=search-desktop&price_drop=not_apply&be_origin=backend&overlay_label=not_apply&search_layout=grid&position=40&type=item&tracking_id=f4a18a07-2478-4044-a485-83238a0836ce&sid=search	barracas	86 m²	75 m²	0	0		2	Departamento	Interno	6 años	350.000 ARS	No	No		Sí	No	No		No	No	Sí	No	Sí	Sí	Sí		Sí	Sí	No	No	10 m²							Sí																						Sí												
Departamento en venta	1 Ambiente Al Contrafrente En Venta Barracas A Metros De Avenida Montes De Oca	59000	USD	US$59.000	False	1	0	1	25.0	1 amb.1 baño25 m² cubiertos	Uspallata 900, Barracas, Capital Federal	https://departamento.mercadolibre.com.ar/MLA-1917447659-1-ambiente-al-contrafrente-en-venta-barracas-a-metros-de-avenida-montes-de-oca-_JM#polycard_client=search-desktop&price_drop=not_apply&be_origin=backend&overlay_label=not_apply&search_layout=grid&position=41&type=item&tracking_id=f4a18a07-2478-4044-a485-83238a0836ce&sid=search	barracas	25 m²	25 m²	0	0	4		Departamento	Contrafrente	50 años		Sí						Sí		Sí	Sí			Sí								8	Norte																																							
Departamento en venta	3 Ambientes Al Frente Con Balcon | Todo Luz | A Metros De Parque Lezama	92000	USD	US$92.000	False	3	2	1	52.0	3 ambs.1 baño52 m² cubiertos	Piedra Al 1700, Barracas, Capital Federal	https://departamento.mercadolibre.com.ar/MLA-1914704177-3-ambientes-al-frente-con-balcon-todo-luz-a-metros-de-parque-lezama-_JM#polycard_client=search-desktop&price_drop=not_apply&be_origin=backend&overlay_label=not_apply&search_layout=grid&position=42&type=item&tracking_id=f4a18a07-2478-4044-a485-83238a0836ce&sid=search	barracas	62 m²	52 m²	0	0	4	5	Departamento	Frente	50 años	166.000 ARS	No	Sí		Sí	Sí	No		No	No	No	No	Sí	No	No	Sí	Sí	Sí	No	Sí	2 m²	1	Oeste		Sí																																					
Departamento en venta	Venta 2 Ambientes C/ Patio	88000	USD	US$88.000	False	2	1	1	35.0	2 ambs.1 baño35 m² cubiertos	AZARA Al 100. Entre Gualeguay Y Arzobispo Espinosa, Barracas, Capital Federal	https://departamento.mercadolibre.com.ar/MLA-3650343724-venta-2-ambientes-c-patio-_JM#polycard_client=search-desktop&price_drop=not_apply&be_origin=backend&overlay_label=not_apply&search_layout=grid&position=43&type=item&tracking_id=f4a18a07-2478-4044-a485-83238a0836ce&sid=search	barracas	48,28 m²	35,55 m²	0	0			Departamento	Interno	40 años	108.000 ARS	Sí	No		Sí	No	No	Sí	No	No	No	No	No	Sí	No	Sí	Sí	No	No	No	11,43 m²	7				1												Sí	Sí																							
Departamento en venta	Departamento 4 Ambientes En Venta En Av. Martin Garcia Al 700 Barracas Caba	245000	USD	US$245.000	False	4	3	2	110.0	4 ambs.2 baños110 m² cubiertos	Av. Martin Garcia Al 700 Barracas Caba, Barracas, Capital Federal	https://departamento.mercadolibre.com.ar/MLA-1910986179-departamento-4-ambientes-en-venta-en-av-martin-garcia-al-700-barracas-caba-_JM#polycard_client=search-desktop&price_drop=not_apply&be_origin=backend&overlay_label=not_apply&search_layout=grid&position=44&type=item&tracking_id=f4a18a07-2478-4044-a485-83238a0836ce&sid=search	barracas	130 m²	110 m²	0	0	2	7	Departamento	Frente	40 años	250.000 ARS	Sí	No		Sí	Sí	Sí		No	No	No	No	Sí	Sí	No		Sí	No	No	Sí			Norte		Sí														Sí																							
Departamento en venta	Departamento 3 Ambientes En Barracas Venta	115000	USD	US$115.000	False	3	2	1	50.0	3 ambs.1 baño50 m² cubiertos	Azara Al 600, Barracas, Capital Federal	https://departamento.mercadolibre.com.ar/MLA-3643530880-departamento-3-ambientes-en-barracas-venta-_JM#polycard_client=search-desktop&price_drop=not_apply&be_origin=backend&overlay_label=not_apply&search_layout=grid&position=45&type=item&tracking_id=f4a18a07-2478-4044-a485-83238a0836ce&sid=search	barracas	50 m²	50 m²	0	0		6	Departamento	Contrafrente	45 años	320.000 ARS	No	No		No	No	No		No	No	No	No	No	Sí	No	Sí	Sí	No	No	No			Oeste	Sí								Sí																														
Departamento en venta	Departamento 3 Ambientes En Venta En Barracas Con Cochera	155000	USD	US$155.000	False	3	2	2	57.0	3 ambs.2 baños57 m² cubiertos	Av. Montes De Oca 1600, Barracas, Capital Federal	https://departamento.mercadolibre.com.ar/MLA-3634988242-departamento-3-ambientes-en-venta-en-barracas-con-cochera-_JM#polycard_client=search-desktop&price_drop=not_apply&be_origin=backend&overlay_label=not_apply&search_layout=grid&position=46&type=item&tracking_id=f4a18a07-2478-4044-a485-83238a0836ce&sid=search	barracas	60 m²	57 m²	0	0	4	6	Departamento	Frente	25 años	330.000 ARS	Sí	No		Sí	No	No								Sí	Sí	No	No	Sí			1	Sur																					Sí		Sí																
Departamento en venta	Departamento En Venta De 3 Ambientes Con Dependencia	173000	USD	US$173.000	False	3	2	2	103.0	3 ambs.2 baños103 m² cubiertos	Avenida Martin Garcia 600, Barracas, Capital Federal	https://departamento.mercadolibre.com.ar/MLA-3601013960-departamento-en-venta-de-3-ambientes-con-dependencia-_JM#polycard_client=search-desktop&price_drop=not_apply&be_origin=backend&overlay_label=not_apply&search_layout=grid&position=47&type=item&tracking_id=f4a18a07-2478-4044-a485-83238a0836ce&sid=search	barracas	109 m²	103 m²	0	0	4	2	Departamento	Frente	70 años	107.000 ARS	Sí	Sí		No	No	No								No	Sí	Sí	No	Sí			1	Sur																					Sí																		Sí
Departamento en venta	Departamento En Venta De 4 Ambientes Al Frente Con Balcón	173000	USD	US$173.000	False	4	3	2	103.0	4 ambs.2 baños103 m² cubiertos	Avenida Martin Garcia 600, Barracas, Capital Federal	https://departamento.mercadolibre.com.ar/MLA-3601076300-departamento-en-venta-de-4-ambientes-al-frente-con-balcon-_JM#polycard_client=search-desktop&price_drop=not_apply&be_origin=backend&overlay_label=not_apply&search_layout=grid&position=48&type=item&tracking_id=f4a18a07-2478-4044-a485-83238a0836ce&sid=search	barracas	109 m²	103 m²	0	0	4	2	Departamento	Frente	70 años	107.000 ARS	Sí	Sí		No	No	No								No	Sí	Sí	No	Sí			1	Sur																					Sí																		Sí
Departamento en venta	4 Ambientes Al Frente Con Balcones Y Patio En Venta Barracas	145000	USD	US$145.000	False	4	3	2	80.0	4 ambs.2 baños80 m² cubiertos	Av. Regimiento De Patricios 300, Barracas, Capital Federal	https://departamento.mercadolibre.com.ar/MLA-3600677834-4-ambientes-al-frente-con-balcones-y-patio-en-venta-barracas-_JM#polycard_client=search-desktop&price_drop=not_apply&be_origin=backend&overlay_label=not_apply&search_layout=grid&position=1&type=item&tracking_id=a02ea609-32eb-433d-ad55-8fc5097af430&sid=search	barracas	100 m²	80 m²	0	0	4		Departamento	Frente	50 años		Sí			Sí			Sí			Sí		Sí	Sí		Sí	Sí					10	Este								Sí								Sí																							
Departamento en venta	Departamento 3 Ambientes En Av. Montes De Oca - Barracas	125000	USD	US$125.000	False	3	2	1	75.0	3 ambs.1 baño75 m² cubiertos	MONTES DE OCA, AV. Al 700. Entre Aristóbulo Del Valle Y Pinzón, Barracas, Capital Federal	https://departamento.mercadolibre.com.ar/MLA-1890837253-departamento-3-ambientes-en-av-montes-de-oca-barracas-_JM#polycard_client=search-desktop&price_drop=not_apply&be_origin=backend&overlay_label=not_apply&search_layout=grid&position=2&type=item&tracking_id=a02ea609-32eb-433d-ad55-8fc5097af430&sid=search	barracas	145 m²	75 m²	0	0		3	Piso	Contrafrente	50 años	0 ARS	No	No		No	No	No		No	No	No	No	No	No	No		No	No	No	No	70 m²	3	Este			1																																				
Departamento en venta	Venta Dpto 3 Amb San Telmo	120000	USD	US$120.000	False	3	2	2	59.0	3 ambs.2 baños59 m² cubiertos	Ituzaingo 661, Barracas, Capital Federal	https://departamento.mercadolibre.com.ar/MLA-3557649340-venta-dpto-3-amb-san-telmo-_JM#polycard_client=search-desktop&price_drop=not_apply&be_origin=backend&overlay_label=not_apply&search_layout=grid&position=3&type=item&tracking_id=a02ea609-32eb-433d-ad55-8fc5097af430&sid=search	barracas	59 m²	59 m²	0						20 años			No		Sí	No	No	Sí	No	Sí	No	No	Sí	Sí	No	Sí	Sí	Sí	No					Sí	Sí																																					
Departamento en venta	Departamento En Barracas	145000	USD	US$145.000	False	3	2	1	65.0	3 ambs.1 baño65 m² cubiertos	Pinzón Al 1400, Barracas, Capital Federal	https://departamento.mercadolibre.com.ar/MLA-3554756306-departamento-en-barracas-_JM#polycard_client=search-desktop&price_drop=not_apply&be_origin=backend&overlay_label=not_apply&search_layout=grid&position=4&type=item&tracking_id=a02ea609-32eb-433d-ad55-8fc5097af430&sid=search	barracas	65 m²	65 m²	0	0			Departamento	Frente	50 años	100.000 ARS	No	No		No	No	No		No	No	No	No	No	Sí	No	Sí	Sí	No	No	No		1	Sur																																							
Departamento en venta	7 Ambientes Al Frente 5 Dormitorios, Terraza, Dependencia+	265000	USD	US$265.000	False	6	5	3	300.0	6 ambs.3 baños300 m² cubiertos	Av Montes De Oca 1719, Barracas, Capital Federal	https://departamento.mercadolibre.com.ar/MLA-3552686346-7-ambientes-al-frente-5-dormitorios-terraza-dependencia-_JM#polycard_client=search-desktop&price_drop=not_apply&be_origin=backend&overlay_label=not_apply&search_layout=grid&position=5&type=item&tracking_id=a02ea609-32eb-433d-ad55-8fc5097af430&sid=search	barracas	433 m²	300 m²	0	1	4	6	Departamento	Frente	60 años	0 ARS	No	Sí		Sí	No	No								No	Sí	Sí	No	No				Norte									Sí					Sí	Sí						Sí		Sí	Sí	Sí								Sí						
Departamento en venta	Departamento 3 Ambientes En Venta En Av. General Hornos Al 1000 Barracas Caba	90000	USD	US$90.000	False	3	2	1	57.0	3 ambs.1 baño57 m² cubiertos	Av. General Hornos Al 1000 Barracas Caba, Barracas, Capital Federal	https://departamento.mercadolibre.com.ar/MLA-1868858083-departamento-3-ambientes-en-venta-en-av-general-hornos-al-1000-barracas-caba-_JM#polycard_client=search-desktop&price_drop=not_apply&be_origin=backend&overlay_label=not_apply&search_layout=grid&position=6&type=item&tracking_id=a02ea609-32eb-433d-ad55-8fc5097af430&sid=search	barracas	60 m²	57 m²	0	0	3	4	Departamento	Frente	40 años	400.000 ARS	Sí	No		Sí	No	Sí		No	No	No	No	Sí	Sí	No		Sí	Sí	No	No			Oeste																																							
Departamento en venta	Venta 3 Amb. Con Balcon Y Dependencia - 105m2 - Barracas	160000	USD	US$160.000	False	3	2	2	98.0	3 ambs.2 baños98 m² cubiertos	Uspallata Al 800, Barracas, Capital Federal	https://departamento.mercadolibre.com.ar/MLA-3539599362-venta-3-amb-con-balcon-y-dependencia-105m2-barracas-_JM#polycard_client=search-desktop&price_drop=not_apply&be_origin=backend&overlay_label=not_apply&search_layout=grid&position=7&type=item&tracking_id=a02ea609-32eb-433d-ad55-8fc5097af430&sid=search	barracas	105 m²	98 m²	0	0	6		Departamento	Frente	55 años	0 ARS	No	No		Sí	Sí	Sí	Sí	No	Sí	Sí	No	Sí	Sí	No	Sí	Sí	Sí	No	Sí	7 m²	11	Norte		Sí																																					
Departamento en venta	2 Ambientes Con Balcón Y Patio En Venta Barrio Barracas	53000	USD	US$53.000	False	2	1	1	37.0	2 ambs.1 baño37 m² cubiertos	Av. Regimiento De Patricios 100, Barracas, Capital Federal	https://departamento.mercadolibre.com.ar/MLA-1908150019-2-ambientes-con-balcon-y-patio-en-venta-barrio-barracas-_JM#polycard_client=search-desktop&price_drop=not_apply&be_origin=backend&overlay_label=not_apply&search_layout=grid&position=8&type=item&tracking_id=a02ea609-32eb-433d-ad55-8fc5097af430&sid=search	barracas	47 m²	37 m²	0	0	9		Departamento	Contrafrente	45 años		Sí			Sí			Sí		Sí	Sí		Sí	Sí		Sí	Sí					11																	Sí																							
Departamento en venta	2 Ambientes Al Contrafrente Con Balcón En Venta Barracas	65000	USD	US$65.000	False	2	1	1	34.0	2 ambs.1 baño34 m² cubiertos	Ruy Díaz De Guzmán, Barracas, Capital Federal	https://departamento.mercadolibre.com.ar/MLA-1858991537-2-ambientes-al-contrafrente-con-balcon-en-venta-barracas-_JM#polycard_client=search-desktop&price_drop=not_apply&be_origin=backend&overlay_label=not_apply&search_layout=grid&position=9&type=item&tracking_id=a02ea609-32eb-433d-ad55-8fc5097af430&sid=search	barracas	37 m²	34 m²	0	0	4		Departamento	Contrafrente	50 años		Sí			Sí			Sí			Sí		Sí	Sí									Oeste																																							
Departamento en venta	Departamento 4 Ambientes C / Dependencia En Barracas Venta	295000	USD	US$295.000	False	4	3	1	116.0	4 ambs.1 baño116 m² cubiertos	Martin Garcia Al 600, Barracas, Capital Federal	https://departamento.mercadolibre.com.ar/MLA-1858977419-departamento-4-ambientes-c-dependencia-en-barracas-venta-_JM#polycard_client=search-desktop&price_drop=not_apply&be_origin=backend&overlay_label=not_apply&search_layout=grid&position=10&type=item&tracking_id=a02ea609-32eb-433d-ad55-8fc5097af430&sid=search	barracas	122 m²	116 m²	0	0	1		Departamento	Frente	50 años	230.000 ARS	No	No		No	Sí	No		No	No	No	No	Sí	Sí	No	Sí	Sí	No	No	Sí			Sur		Sí						Sí																															
Departamento en venta	Ph Al Frente Con Local - A Reciclar	7000065000	USD	US$70.000US$65.000 BAJÓ DE PRECIO	False	4	3	2	125.0	4 ambs.2 baños125 m² cubiertos	José Aarón Salmún Feijóo 953, Barracas, Capital Federal	https://departamento.mercadolibre.com.ar/MLA-3518197798-ph-al-frente-con-local-a-reciclar-_JM#polycard_client=search-desktop&price_drop=true&be_origin=backend&overlay_label=not_apply&search_layout=grid&position=11&type=item&tracking_id=a02ea609-32eb-433d-ad55-8fc5097af430&sid=search	barracas	162 m²	125 m²	0	0	3	1	Ph	Frente	80 años	0 ARS	Sí	No		No	No	No		No	No	No	No	No	Sí	No	Sí	Sí	No	No	Sí		2	Este	Sí	Sí													Sí	Sí																							
Departamento en venta	Departamento 3 Ambientes En Venta En Av. Suarez Al 1500 Barracas Caba	140000	USD	US$140.000	False	3	2	2	70.0	3 ambs.2 baños70 m² cubiertos	Av. Suarez Al 1500 Barracas Caba, Barracas, Capital Federal	https://departamento.mercadolibre.com.ar/MLA-1856660309-departamento-3-ambientes-en-venta-en-av-suarez-al-1500-barracas-caba-_JM#polycard_client=search-desktop&price_drop=not_apply&be_origin=backend&overlay_label=not_apply&search_layout=grid&position=12&type=item&tracking_id=a02ea609-32eb-433d-ad55-8fc5097af430&sid=search	barracas	95 m²	70 m²	0	0	1	8	Departamento	Frente	40 años	195.000 ARS	Sí	No		Sí	Sí	Sí		No	No	No	Sí	No	Sí	No		No	No	No	Sí			Norte		Sí												Sí						Sí																			
Departamento en venta	3 Ambientes Al Frente Con Balcón Sobre Avenida En Venta Barrio Barracas	90000	USD	US$90.000	False	3	2	1	45.0	3 ambs.1 baño45 m² cubiertos	Av. Regimiento De Patricios 400, Barracas, Capital Federal	https://departamento.mercadolibre.com.ar/MLA-3517178164-3-ambientes-al-frente-con-balcon-sobre-avenida-en-venta-barrio-barracas-_JM#polycard_client=search-desktop&price_drop=not_apply&be_origin=backend&overlay_label=not_apply&search_layout=grid&position=13&type=item&tracking_id=a02ea609-32eb-433d-ad55-8fc5097af430&sid=search	barracas	51 m²	45 m²	0	0	4		Departamento	Frente	55 años		Sí			Sí			Sí		Sí	Sí		Sí	Sí		Sí	Sí					10	Este																																							
Departamento en venta	3 Ambientes Al Frente Con Balcón En Venta Barrio Barracas - Sobre Av. Patricios	115000	USD	US$115.000	False	3	2	1	51.0	3 ambs.1 baño51 m² cubiertos	Av. Regimiento De Patricios 54, Barracas, Capital Federal	https://departamento.mercadolibre.com.ar/MLA-3511415212-3-ambientes-al-frente-con-balcon-en-venta-barrio-barracas-sobre-av-patricios-_JM#polycard_client=search-desktop&price_drop=not_apply&be_origin=backend&overlay_label=not_apply&search_layout=grid&position=14&type=item&tracking_id=a02ea609-32eb-433d-ad55-8fc5097af430&sid=search	barracas	59 m²	51 m²	0	0	4		Departamento	Frente	500 años		Sí						Sí		Sí	Sí		Sí	Sí		Sí						10																																								
Departamento en venta	Loft Apto Profesional En Barracas Venta	179000	USD	US$179.000	False	0	0	1	87.0	1 baño87 m² cubiertos	Av. Patricios Al 1000, Barracas, Capital Federal	https://departamento.mercadolibre.com.ar/MLA-3510134242-loft-apto-profesional-en-barracas-venta-_JM#polycard_client=search-desktop&price_drop=not_apply&be_origin=backend&overlay_label=not_apply&search_layout=grid&position=15&type=item&tracking_id=a02ea609-32eb-433d-ad55-8fc5097af430&sid=search	barracas	94 m²	87 m²	0	0			Departamento	Frente	10 años	300.000 ARS	No	No		No	No	Sí		No	No	No	No	Sí	Sí	Sí	Sí	No	No	No	No			Este	Sí			Sí	Sí	Sí			Sí						Sí																								
Departamento en venta	2 Ambientes Al Frente Con Balcón En Venta - Edificio Con Amenities Barracas	87000	USD	US$87.000	False	2	1	1	50.0	2 ambs.1 baño50 m² cubiertos	Uspallata 700, Barracas, Capital Federal	https://departamento.mercadolibre.com.ar/MLA-1852427425-2-ambientes-al-frente-con-balcon-en-venta-edificio-con-amenities-barracas-_JM#polycard_client=search-desktop&price_drop=not_apply&be_origin=backend&overlay_label=not_apply&search_layout=grid&position=16&type=item&tracking_id=a02ea609-32eb-433d-ad55-8fc5097af430&sid=search	barracas	53 m²	50 m²	0	0	4		Departamento	Frente	15 años		Sí			Sí			Sí	Sí	Sí	Sí		Sí	Sí		Sí	Sí					3	Norte		Sí				Sí																	Sí																
Departamento en venta	Departamento 3 Ambientes En Venta En Azara Al 400 Barracas Caba	95000	USD	US$95.000	False	3	2	1	57.0	3 ambs.1 baño57 m² cubiertos	Azara Al 400 Barracas Caba, Barracas, Capital Federal	https://departamento.mercadolibre.com.ar/MLA-3504662996-departamento-3-ambientes-en-venta-en-azara-al-400-barracas-caba-_JM#polycard_client=search-desktop&price_drop=not_apply&be_origin=backend&overlay_label=not_apply&search_layout=grid&position=17&type=item&tracking_id=a02ea609-32eb-433d-ad55-8fc5097af430&sid=search	barracas	68 m²	57 m²	0	0	2		Departamento	Frente	45 años	165.000 ARS	Sí	No		Sí	Sí	Sí		No	No	No	No	No	Sí	No		Sí	No	No	Sí		8	Este		Sí													Sí	Sí																							
Departamento en venta	Departamento En Barracas	112000	USD	US$112.000	False	2	1	1	43.0	2 ambs.1 baño43 m² cubiertos	Olavarria Al 1500, Barracas, Capital Federal	https://departamento.mercadolibre.com.ar/MLA-3500931386-departamento-en-barracas-_JM#polycard_client=search-desktop&price_drop=not_apply&be_origin=backend&overlay_label=not_apply&search_layout=grid&position=18&type=item&tracking_id=a02ea609-32eb-433d-ad55-8fc5097af430&sid=search	barracas	53 m²	43 m²	0	0	2	2	Departamento	Frente	20 años	0 ARS	No	No		Sí	Sí	No		No	No	No	No	Sí	Sí	No	Sí	Sí	No	No	Sí	5 m²	1	Norte		Sí																																					
Departamento en venta	Departamento 3 Ambientes C/ Dependencia En Barracas Venta	155000	USD	US$155.000	False	3	2	2	80.0	3 ambs.2 baños80 m² cubiertos	Montes De Oca Al 1100, Barracas, Capital Federal	https://departamento.mercadolibre.com.ar/MLA-1850373661-departamento-3-ambientes-c-dependencia-en-barracas-venta-_JM#polycard_client=search-desktop&price_drop=not_apply&be_origin=backend&overlay_label=not_apply&search_layout=grid&position=19&type=item&tracking_id=a02ea609-32eb-433d-ad55-8fc5097af430&sid=search	barracas	100 m²	80 m²	0	0			Departamento	Contrafrente	45 años	350.000 ARS	No	No		No	No	No		No	No	No	No	No	Sí	No	Sí	Sí	No	No	No																			Sí																							
Departamento en venta	3 Ambientes Al Frente Con Balcón Corrido En Venta Barracas	120000	USD	US$120.000	False	3	2	1	54.0	3 ambs.1 baño54 m² cubiertos	Arzobispo Espinosa 1200, Barracas, Capital Federal	https://departamento.mercadolibre.com.ar/MLA-1843456545-3-ambientes-al-frente-con-balcon-corrido-en-venta-barracas-_JM#polycard_client=search-desktop&price_drop=not_apply&be_origin=backend&overlay_label=not_apply&search_layout=grid&position=20&type=item&tracking_id=a02ea609-32eb-433d-ad55-8fc5097af430&sid=search	barracas	61 m²	54 m²	0	0	4		Departamento	Frente	55 años		Sí			Sí			Sí		Sí	Sí		Sí	Sí		Sí	Sí					7	Norte																																							
Departamento en venta	Departamento En Venta De 2 Ambientes Con Terraza Propia	120000	USD	US$120.000	False	2	1	1	42.0	2 ambs.1 baño42 m² cubiertos	Uspallata 700, Barracas, Capital Federal	https://departamento.mercadolibre.com.ar/MLA-3475612512-departamento-en-venta-de-2-ambientes-con-terraza-propia-_JM#polycard_client=search-desktop&price_drop=not_apply&be_origin=backend&overlay_label=not_apply&search_layout=grid&position=21&type=item&tracking_id=a02ea609-32eb-433d-ad55-8fc5097af430&sid=search	barracas	78 m²	42 m²	0	0		4	Departamento	Frente	12 años	157.000 ARS	Sí	Sí		Sí	No	No								Sí	Sí	No	No	Sí			1	Sur																					Sí																		
Departamento en venta	Departamento 3 Ambientes En Venta En Av. Montes De Oca Al 400 Barracas Caba	276000	USD	US$276.000	False	3	2	3	80.0	3 ambs.3 baños80 m² cubiertos	Av. Montes De Oca Al 400 Barracas Caba, Barracas, Capital Federal	https://departamento.mercadolibre.com.ar/MLA-3462958476-departamento-3-ambientes-en-venta-en-av-montes-de-oca-al-400-barracas-caba-_JM#polycard_client=search-desktop&price_drop=not_apply&be_origin=backend&overlay_label=not_apply&search_layout=grid&position=22&type=item&tracking_id=a02ea609-32eb-433d-ad55-8fc5097af430&sid=search	barracas	92 m²	80 m²	0	2	3		Departamento	Frente	7 años	390.000 ARS	Sí	Sí		Sí	No	Sí		No	No	No	Sí	Sí	Sí	Sí		No	Sí	No	No		8	Este						Sí																	Sí																
Departamento en venta	2 Amb. Monserrat. Santiago Del Estero 700. 40 M² Ianua	72000	USD	US$72.000	False	2	1	1	40.0	2 ambs.1 baño40 m² cubiertos	Santiago Del Estero 773, Barracas, Capital Federal	https://departamento.mercadolibre.com.ar/MLA-1835454857-2-amb-monserrat-santiago-del-estero-700-40-m-ianua-_JM#polycard_client=search-desktop&price_drop=not_apply&be_origin=backend&overlay_label=not_apply&search_layout=grid&position=23&type=item&tracking_id=a02ea609-32eb-433d-ad55-8fc5097af430&sid=search	barracas	40 m²	40 m²	0	0	3		Departamento	Interno	45 años	0 ARS	Sí			Sí	No	No							Sí	No	Sí	Sí	No	No	Sí			Este		Sí																																					
Departamento en venta	Venta De 4 Ambientes Con Balcon En Barracas La Boca	95500	USD	US$95.500	False	4	3	1	55.0	4 ambs.1 baño55 m² cubiertos	Germanabdala 107 2, Barracas, Capital Federal	https://departamento.mercadolibre.com.ar/MLA-1833918427-venta-de-4-ambientes-con-balcon-en-barracas-la-boca-_JM#polycard_client=search-desktop&price_drop=not_apply&be_origin=backend&overlay_label=not_apply&search_layout=grid&position=24&type=item&tracking_id=a02ea609-32eb-433d-ad55-8fc5097af430&sid=search	barracas	60 m²	55 m²	0	0			Departamento		20 años	0 ARS	No	No		No	No	No		No	Sí	No	No	Sí	No	No	Sí	Sí	No	No	No				Sí								Sí																														
Departamento en venta	Venta 2 Ambientes	92000	USD	US$92.000	False	2	1	1	37.0	2 ambs.1 baño37 m² cubiertos	AV MONTES DE OCA Al 1100. Entre Magallanes Y Lamadrid, G. Araoz De, Barracas, Capital Federal	https://departamento.mercadolibre.com.ar/MLA-1814644265-venta-2-ambientes-_JM#polycard_client=search-desktop&price_drop=not_apply&be_origin=backend&overlay_label=not_apply&search_layout=grid&position=25&type=item&tracking_id=a02ea609-32eb-433d-ad55-8fc5097af430&sid=search	barracas	37 m²	37 m²	0	0			Departamento	Interno	40 años	186.000 ARS	Sí	No		Sí	No	No	Sí	No	No	No	No	No	No	No	Sí	No	Sí	Sí	Sí		9			Sí	1																								Sí												
Departamento en venta	Venta 2 Ambientes	79999	USD	US$79.999	False	2	1	1	48.0	2 ambs.1 baño48 m² cubiertos	Av. Suarez Al 1100. Entre Av. Regimiento De Patricios, Barracas, Capital Federal	https://departamento.mercadolibre.com.ar/MLA-1814626021-venta-2-ambientes-_JM#polycard_client=search-desktop&price_drop=not_apply&be_origin=backend&overlay_label=not_apply&search_layout=grid&position=26&type=item&tracking_id=a02ea609-32eb-433d-ad55-8fc5097af430&sid=search	barracas	51,6 m²	48 m²	0	0	5	3	Departamento	Frente	35 años	200.000 ARS	No	No		Sí	No	No	Sí	No	No	No	No	Sí	Sí	No	Sí	Sí	Sí	Sí	Sí	3,6 m²	4	Oeste	Sí	Sí	1			Sí	Sí														Sí																		
Departamento en venta	Venta 2 Ambientes	70000	USD	US$70.000	False	2	1	1	39.0	2 ambs.1 baño39 m² cubiertos	Rocha Al 1700. Entre Av. Montes De Oca Y Gral Hornos, Barracas, Capital Federal	https://departamento.mercadolibre.com.ar/MLA-3410001416-venta-2-ambientes-_JM#polycard_client=search-desktop&price_drop=not_apply&be_origin=backend&overlay_label=not_apply&search_layout=grid&position=27&type=item&tracking_id=a02ea609-32eb-433d-ad55-8fc5097af430&sid=search	barracas	39 m²	39 m²	0	0	20	7	Departamento	Contrafrente	45 años	140.000 ARS	Sí	Sí		Sí	No	No	Sí	Sí	No	No	No	No	Sí	No	Sí	Sí	No	No	Sí		6	Sur			1																																				
Departamento en venta	2 Ambientes Al Contrafrente Con Balcón - En Venta Barracas	65000	USD	US$65.000	False	2	1	1	38.0	2 ambs.1 baño38 m² cubiertos	Ruy Díaz De Guzmán, Barracas, Capital Federal	https://departamento.mercadolibre.com.ar/MLA-1810490551-2-ambientes-al-contrafrente-con-balcon-en-venta-barracas-_JM#polycard_client=search-desktop&price_drop=not_apply&be_origin=backend&overlay_label=not_apply&search_layout=grid&position=28&type=item&tracking_id=a02ea609-32eb-433d-ad55-8fc5097af430&sid=search	barracas	41 m²	38 m²	0	0	4		Departamento	Contrafrente	35 años					Sí			Sí			Sí		Sí	Sí																																																
Departamento en venta	4 Ambientes Con Dependencia Con Balcón Y Cochera - Av Montes De Oca	235000	USD	US$235.000	False	4	3	3	100.0	4 ambs.3 baños100 m² cubiertos	Av. Montes De Oca 1100, Barracas, Capital Federal	https://departamento.mercadolibre.com.ar/MLA-3393182952-4-ambientes-con-dependencia-con-balcon-y-cochera-av-montes-de-oca-_JM#polycard_client=search-desktop&price_drop=not_apply&be_origin=backend&overlay_label=not_apply&search_layout=grid&position=29&type=item&tracking_id=a02ea609-32eb-433d-ad55-8fc5097af430&sid=search	barracas	108 m²	100 m²	1				Departamento	Contrafrente	45 años		Sí			Sí			Sí		Sí	Sí		Sí	Sí									Oeste															Sí			Sí															Sí						
Departamento en venta	Departamento De 2 Ambientes En Venta En Barracas, Planta Baja Con Patio.	95000	USD	US$95.000	False	2	1	1	42.0	2 ambs.1 baño42 m² cubiertos	C. Gaspar M. De Jovellanos Al 200, Barracas, Capital Federal	https://departamento.mercadolibre.com.ar/MLA-3382498062-departamento-de-2-ambientes-en-venta-en-barracas-planta-baja-con-patio-_JM#polycard_client=search-desktop&price_drop=not_apply&be_origin=backend&overlay_label=not_apply&search_layout=grid&position=30&type=item&tracking_id=a02ea609-32eb-433d-ad55-8fc5097af430&sid=search	barracas	51 m²	42 m²	0	0	3		Departamento	Frente	50 años	99.000 ARS	Sí	No	Sí	Sí	Sí	No		No	No	No	No	No	Sí	No	Sí	Sí	No	No	Sí	2 m²				Sí														Sí																							
Departamento en venta	Departamento De 2 Ambientes En Venta En Barracas, Planta Baja Con Patio.	95000	USD	US$95.000	False	2	1	1	42.0	2 ambs.1 baño42 m² cubiertos	C. Gaspar M. De Jovellanos Al 200, Barracas, Capital Federal	https://departamento.mercadolibre.com.ar/MLA-3382497902-departamento-de-2-ambientes-en-venta-en-barracas-planta-baja-con-patio-_JM#polycard_client=search-desktop&price_drop=not_apply&be_origin=backend&overlay_label=not_apply&search_layout=grid&position=31&type=item&tracking_id=a02ea609-32eb-433d-ad55-8fc5097af430&sid=search	barracas	51 m²	42 m²	0	0	3		Departamento	Frente	50 años	99.000 ARS	Sí	No	Sí	Sí	Sí	No		No	No	No	No	No	Sí	No	Sí	Sí	No	No	Sí	2 m²				Sí														Sí																							
Departamento en venta	Bajas Expensas! Amplitud Clásica, Patio Propio Y Calidez: Tu Refugio De 3 Ambientes En Barracas	87000	USD	US$87.000	False	3	1	1	57.0	3 ambs.1 baño57 m² cubiertos	California Al 1500, Barracas, Capital Federal	https://departamento.mercadolibre.com.ar/MLA-1805807285-bajas-expensas-amplitud-clasica-patio-propio-y-calidez-tu-refugio-de-3-ambientes-en-barracas-_JM#polycard_client=search-desktop&price_drop=not_apply&be_origin=backend&overlay_label=not_apply&search_layout=grid&position=32&type=item&tracking_id=a02ea609-32eb-433d-ad55-8fc5097af430&sid=search	barracas	62 m²	57 m²	0	0	3		Departamento	Frente	90 años	80.000 ARS	No	Sí		No	Sí	No		No	Sí	Sí	No	No	Sí	No		No	Sí	No	Sí		1	Sur		Sí														Sí																							
Departamento en venta	Venta Departamento 4 Amb Barracas Imperdible Oportunidad	73900	USD	US$73.900	False	5	3	1	71.0	5 ambs.1 baño71 m² cubiertos	Vieytes Al 1600, Barracas, Capital Federal	https://departamento.mercadolibre.com.ar/MLA-3375173924-venta-departamento-4-amb-barracas-imperdible-oportunidad-_JM#polycard_client=search-desktop&price_drop=not_apply&be_origin=backend&overlay_label=not_apply&search_layout=grid&position=33&type=item&tracking_id=a02ea609-32eb-433d-ad55-8fc5097af430&sid=search	barracas	71 m²	71 m²	0	0			Departamento	Frente	40 años	100.000 ARS	No	No		No	Sí	No		No	Sí	No	No	Sí	Sí	No	Sí	Sí	No	No	Sí		1		Sí	Sí							Sí																								Sí						
Departamento en venta	Venta Departamento Tres Ambientes En Barracas, Capital Federal.	149000	USD	US$149.000	False	3	2	1	57.0	3 ambs.1 baño57 m² cubiertos	Montes De Oca Al 1100, Barracas, Capital Federal	https://departamento.mercadolibre.com.ar/MLA-3369008630-venta-departamento-tres-ambientes-en-barracas-capital-federal-_JM#polycard_client=search-desktop&price_drop=not_apply&be_origin=backend&overlay_label=not_apply&search_layout=grid&position=34&type=item&tracking_id=a02ea609-32eb-433d-ad55-8fc5097af430&sid=search	barracas	57 m²	57 m²	0	0	3	5	Departamento	Interno	70 años	150.000 ARS	Sí	Sí		Sí	No	Sí	Sí	No	No	No	No	No	Sí	No	Sí	Sí	No	No	No																				Sí																						
Departamento en venta	C/dep En Av. Montes De Oca Al 1100 - Frente Cochera Balcon Vista Abierta Todo Sol Comedor Diario	230000	USD	US$230.000	False	4	3	3	106.0	4 ambs.3 baños106 m² cubiertos	AV. Montes DE OCA Al 1100 5°, Barracas, Capital Federal	https://departamento.mercadolibre.com.ar/MLA-3359692588-cdep-en-av-montes-de-oca-al-1100-frente-cochera-balcon-vista-abierta-todo-sol-comedor-diario-_JM#polycard_client=search-desktop&price_drop=not_apply&be_origin=backend&overlay_label=not_apply&search_layout=grid&position=35&type=item&tracking_id=a02ea609-32eb-433d-ad55-8fc5097af430&sid=search	barracas	117 m²	106 m²	1	0	2	5	Departamento	Frente	40 años	600.000 ARS	No	Sí		Sí	Sí	No		No	Sí	Sí	No	Sí	Sí	No	Sí	Sí	No	No	Sí	2 m²	1			Sí						Sí																									Sí						
Departamento en venta	2 Ambientes Con Gran Potencial A Pasos De Parque Lezama	62000	USD	US$62.000	False	2	1	1	45.0	2 ambs.1 baño45 m² cubiertos	Av. Martín García Al 400, Barracas, Capital Federal	https://departamento.mercadolibre.com.ar/MLA-3347207954-2-ambientes-con-gran-potencial-a-pasos-de-parque-lezama-_JM#polycard_client=search-desktop&price_drop=not_apply&be_origin=backend&overlay_label=not_apply&search_layout=grid&position=36&type=item&tracking_id=a02ea609-32eb-433d-ad55-8fc5097af430&sid=search	barracas	47 m²	45 m²	0	0	4	2	Departamento	Interno	85 años	131.000 ARS	No	Sí		No	No	No		No	No	Sí	No	No	Sí	No	Sí	No	Sí	No	No	1 m²	1	Norte																																							
Departamento en venta	Departamento 5 Ambientes Amplio Y Luminoso En Barracas	285000	USD	US$285.000	False	5	3	2	136.0	5 ambs.2 baños136 m² cubiertos	Avenida Suarez Al 1700, Barracas, Capital Federal	https://departamento.mercadolibre.com.ar/MLA-1795362149-departamento-5-ambientes-amplio-y-luminoso-en-barracas-_JM#polycard_client=search-desktop&price_drop=not_apply&be_origin=backend&overlay_label=not_apply&search_layout=grid&position=37&type=item&tracking_id=a02ea609-32eb-433d-ad55-8fc5097af430&sid=search	barracas	142 m²	136 m²	1	1	2	15	Departamento	Frente	30 años	600.000 ARS	No	Sí		Sí	No	No		No	Sí	Sí	No	Sí	Sí	No		No	No	No	No	6 m²	5	Norte								Sí																	Sí														
Departamento en venta	Atardeceres, Un Balcón Terraza Único Y Todo El Espacio Que Tu Familia Necesita En Barracas	356000	USD	US$356.000	False	6	5	2	166.0	6 ambs.2 baños166 m² cubiertos	Av. Montes De Oca Al 400, Barracas, Capital Federal	https://departamento.mercadolibre.com.ar/MLA-3342675676-atardeceres-un-balcon-terraza-unico-y-todo-el-espacio-que-tu-familia-necesita-en-barracas-_JM#polycard_client=search-desktop&price_drop=not_apply&be_origin=backend&overlay_label=not_apply&search_layout=grid&position=38&type=item&tracking_id=a02ea609-32eb-433d-ad55-8fc5097af430&sid=search	barracas	201 m²	166 m²	0	0	2	10	Departamento	Frente	60 años	766.000 ARS	Sí	Sí		Sí	Sí	No		Sí	Sí	Sí	No	Sí	Sí	No	Sí	Sí	No	No	Sí		1	Oeste	Sí	Sí						Sí																	Sí								Sí						
Departamento en venta	Venta 2 Ambientes	110000	USD	US$110.000	False	2	1	2	43.0	2 ambs.2 baños43 m² cubiertos	TACUARI Al 1700. Entre Doctor Enrique Finochietto Y Av Caseros, Barracas, Capital Federal	https://departamento.mercadolibre.com.ar/MLA-1795146231-venta-2-ambientes-_JM#polycard_client=search-desktop&price_drop=not_apply&be_origin=backend&overlay_label=not_apply&search_layout=grid&position=39&type=item&tracking_id=a02ea609-32eb-433d-ad55-8fc5097af430&sid=search	barracas	46 m²	43 m²	0	0			Departamento	Frente	5 años	150.000 ARS	Sí	No		No	No	Sí	Sí	No	No	No	No	Sí	Sí	No	Sí	No	No	No	Sí			Este			1			Sí	Sí														Sí																		
Departamento en venta	Venta 2 Ambientes	110000	USD	US$110.000	False	2	1	1	42.0	2 ambs.1 baño42 m² cubiertos	Aristobulo Del Valle Al 1700. Entre Montes De Oca Y Hornos, Barracas, Capital Federal	https://departamento.mercadolibre.com.ar/MLA-3342155320-venta-2-ambientes-_JM#polycard_client=search-desktop&price_drop=not_apply&be_origin=backend&overlay_label=not_apply&search_layout=grid&position=40&type=item&tracking_id=a02ea609-32eb-433d-ad55-8fc5097af430&sid=search	barracas	46 m²	42 m²	0	0		1	Departamento	Contrafrente	7 años	110.000 ARS	No	No		Sí	No	No		No	No	Sí	No	Sí	Sí	No	Sí	Sí	Sí	No	No	4 m²	4	Sur	Sí		1						Sí						Sí																								
Departamento en venta	Barracas 3 Ambientes Con Balcón De Vista Abierta Apto Crédito	112000	USD	US$112.000	False	0	2	1	55.0	2 dormitorios1 baño55 m² cubiertos	Av. Montes De Oca Al 1200, Barracas, Capital Federal	https://departamento.mercadolibre.com.ar/MLA-1793600261-barracas-3-ambientes-con-balcon-de-vista-abierta-apto-credito-_JM#polycard_client=search-desktop&price_drop=not_apply&be_origin=backend&overlay_label=not_apply&search_layout=grid&position=41&type=item&tracking_id=a02ea609-32eb-433d-ad55-8fc5097af430&sid=search	barracas	65 m²	55 m²	0	0	3	1	Departamento	Contrafrente	40 años	190.000 ARS	Sí	Sí		Sí	No	No		No	No	No	No	Sí	Sí	No	Sí	Sí	Sí	No	No	10 m²			Sí																																						
Departamento en venta	Venta Departamento 2 Ambientes - Balcon Terraza - Apto Credito - Barracas - Caba - Permuta	64900	USD	US$64.900	False	2	1	1	56.0	2 ambs.1 baño56 m² cubiertos	Salta Al 2100 Barracas Caba, Barracas, Capital Federal	https://departamento.mercadolibre.com.ar/MLA-3333180040-venta-departamento-2-ambientes-balcon-terraza-apto-credito-barracas-caba-permuta-_JM#polycard_client=search-desktop&price_drop=not_apply&be_origin=backend&overlay_label=not_apply&search_layout=grid&position=42&type=item&tracking_id=a02ea609-32eb-433d-ad55-8fc5097af430&sid=search	barracas	56 m²	56 m²	0	0		9	Departamento	Frente	50 años	120.000 ARS	Sí	No		No	Sí	No		No	No	No	No	No	Sí	No	Sí	Sí	No	No	No		9	Oeste																																							
Departamento en venta	Departamento 3 Ambientes En Venta En Isabel La Catolica Al 800 Barracas Caba	245000	USD	US$245.000	False	3	2	1	72.0	3 ambs.1 baño72 m² cubiertos	Isabel La Catolica Al 800 Barracas Caba, Barracas, Capital Federal	https://departamento.mercadolibre.com.ar/MLA-3314417446-departamento-3-ambientes-en-venta-en-isabel-la-catolica-al-800-barracas-caba-_JM#polycard_client=search-desktop&price_drop=not_apply&be_origin=backend&overlay_label=not_apply&search_layout=grid&position=43&type=item&tracking_id=a02ea609-32eb-433d-ad55-8fc5097af430&sid=search	barracas	84 m²	72 m²	1	2	3	1	Departamento	Frente	20 años	670.000 ARS	Sí	No		Sí	Sí	Sí		No	No	No	No	Sí	Sí	Sí		Sí	Sí	Sí	Sí			Sur	Sí	Sí		Sí		Sí		Sí															Sí																
Departamento en venta	2 Ambientes Sobre Av. Montes De Oca En Venta Barracas - Reservado	60000	USD	US$60.000	False	2	1	1	41.0	2 ambs.1 baño41 m² cubiertos	Av. Montes De Oca 1400, Barracas, Capital Federal	https://departamento.mercadolibre.com.ar/MLA-1780545607-2-ambientes-sobre-av-montes-de-oca-en-venta-barracas-reservado-_JM#polycard_client=search-desktop&price_drop=not_apply&be_origin=backend&overlay_label=not_apply&search_layout=grid&position=44&type=item&tracking_id=a02ea609-32eb-433d-ad55-8fc5097af430&sid=search	barracas	41 m²	41 m²	0		3		Departamento	Interno	55 años		Sí			Sí			Sí		Sí	Sí			Sí		Sí				Sí		11	Oeste																																							
Departamento en venta	3 Ambientes Al Frente Con Balcón En Venta Barracas	110000	USD	US$110.000	False	3	2	1	53.0	3 ambs.1 baño53 m² cubiertos	Azara 400, Barracas, Capital Federal	https://departamento.mercadolibre.com.ar/MLA-3291122562-3-ambientes-al-frente-con-balcon-en-venta-barracas-_JM#polycard_client=search-desktop&price_drop=not_apply&be_origin=backend&overlay_label=not_apply&search_layout=grid&position=45&type=item&tracking_id=a02ea609-32eb-433d-ad55-8fc5097af430&sid=search	barracas	59 m²	53 m²	0	0	2		Semi piso	Frente	50 años		Sí			Sí			Sí			Sí		Sí	Sí		Sí						7	Este																																							
Departamento en venta	En Edificio Nuevo - Venta Con Renta	132000	USD	US$132.000	False	2	1	1	46.0	2 ambs.1 baño46 m² cubiertos	Montes De Oca 100 Y Dr. Finocchieto, Barracas, Capital Federal	https://departamento.mercadolibre.com.ar/MLA-3278567508-en-edificio-nuevo-venta-con-renta-_JM#polycard_client=search-desktop&price_drop=not_apply&be_origin=backend&overlay_label=not_apply&search_layout=grid&position=46&type=item&tracking_id=a02ea609-32eb-433d-ad55-8fc5097af430&sid=search	barracas	54 m²	46 m²	0	0			Departamento	Contrafrente	10 años	150.000 ARS	No	Sí		No	No	No		No	No	No	No	Sí	No	Sí		No	Sí	No	No	8 m²	10							Sí																	Sí																
Departamento en venta	En Edificio Nuevo - Venta Con Renta	145000	USD	US$145.000	False	2	1	1	46.0	2 ambs.1 baño46 m² cubiertos	Montes De Oca 100 Y Dr. Finocchieto, Barracas, Capital Federal	https://departamento.mercadolibre.com.ar/MLA-3278256728-en-edificio-nuevo-venta-con-renta-_JM#polycard_client=search-desktop&price_drop=not_apply&be_origin=backend&overlay_label=not_apply&search_layout=grid&position=47&type=item&tracking_id=a02ea609-32eb-433d-ad55-8fc5097af430&sid=search	barracas	54 m²	46 m²	1	0			Departamento	Contrafrente	10 años	150.000 ARS	No	Sí		No	No	No		No	No	No	No	Sí	No	Sí		No	Sí	No	No	8 m²	10							Sí																	Sí																
Departamento en venta	Departamento 3 Ambientes En Venta En Av. Regimiento De Patricios Al 800 Barracas Caba	78000	USD	US$78.000	False	3	2	1	55.0	3 ambs.1 baño55 m² cubiertos	Av. Regimiento De Patricios Al 800 Barracas Caba, Barracas, Capital Federal	https://departamento.mercadolibre.com.ar/MLA-1774897807-departamento-3-ambientes-en-venta-en-av-regimiento-de-patricios-al-800-barracas-caba-_JM#polycard_client=search-desktop&price_drop=not_apply&be_origin=backend&overlay_label=not_apply&search_layout=grid&position=48&type=item&tracking_id=a02ea609-32eb-433d-ad55-8fc5097af430&sid=search	barracas	55 m²	55 m²	0	0	3	3	Departamento	Contrafrente	40 años	40.000 ARS	Sí	No		No	No	Sí		No	No	No	No	No	Sí	No		Sí	Sí	No	No			Este																							Sí																
Departamento en venta	Venta 2 Ambientes Con Balcón Terraza En Barracas	63500	USD	US$63.500	False	2	1	1	42.0	2 ambs.1 baño42 m² cubiertos	Salta Al 2100, Barracas, Capital Federal	https://departamento.mercadolibre.com.ar/MLA-3256660512-venta-2-ambientes-con-balcon-terraza-en-barracas-_JM#polycard_client=search-desktop&price_drop=not_apply&be_origin=backend&overlay_label=not_apply&search_layout=grid&position=1&type=item&tracking_id=41371b4a-fc3c-4934-9f0b-146cd6a28120&sid=search	barracas	56 m²	42 m²	0	0	3	9	Departamento		50 años	120.000 ARS	Sí	Sí		No	Sí	No		Sí	No	No	No	Sí	Sí	No		No	No	No	Sí	14 m²		Oeste		Sí																																					
Departamento en venta	1 Ambiente Divisible - Edificio Con Amenities - Vendido	95000	USD	US$95.000	False	1	1	1	43.0	1 amb.1 baño43 m² cubiertos	Av. Montes De Oca 400, Barracas, Capital Federal	https://departamento.mercadolibre.com.ar/MLA-1769769111-1-ambiente-divisible-edificio-con-amenities-vendido-_JM#polycard_client=search-desktop&float_highlight=not_apply&price_drop=not_apply&be_origin=backend&overlay_label=not_apply&search_layout=grid&position=2&type=item&tracking_id=41371b4a-fc3c-4934-9f0b-146cd6a28120&sid=search	barracas	46 m²	43 m²	0		4		Departamento	Contrafrente	10 años		Sí		Sí	Sí		Sí	Sí	Sí	Sí	Sí		Sí	Sí	Sí	Sí						15	Oeste				Sí		Sí	Sí								Sí			Sí					Sí			Sí													
Departamento en venta	4 Ambientes C/dependencia Al Frente Con Cochera - Barracas	235000	USD	US$235.000	False	4	3	3	117.0	4 ambs.3 baños117 m² cubiertos	Av. Montes De Oca 1100, Barracas, Capital Federal	https://departamento.mercadolibre.com.ar/MLA-3246040146-4-ambientes-cdependencia-al-frente-con-cochera-barracas-_JM#polycard_client=search-desktop&float_highlight=not_apply&price_drop=not_apply&be_origin=backend&overlay_label=not_apply&search_layout=grid&position=3&type=item&tracking_id=41371b4a-fc3c-4934-9f0b-146cd6a28120&sid=search	barracas	125 m²	117 m²	1		2		Semi piso	Frente	40 años		Sí			Sí	Sí		Sí		Sí	Sí		Sí	Sí		Sí	Sí		Sí	Sí		8	Oeste		Sí						Sí																									Sí						
Departamento en venta	Departamento En Venta En Barracas, Capital Federal, Buenos Aires	65000	USD	US$65.000	False	2	1	1	39.0	2 ambs.1 baño39 m² cubiertos	California 2500, Barracas, Capital Federal	https://departamento.mercadolibre.com.ar/MLA-3226817634-departamento-en-venta-en-barracas-capital-federal-buenos-aires-_JM#polycard_client=search-desktop&price_drop=not_apply&be_origin=backend&overlay_label=not_apply&search_layout=grid&position=4&type=item&tracking_id=41371b4a-fc3c-4934-9f0b-146cd6a28120&sid=search	barracas	39 m²	39 m²	1				Departamento	Frente	15 años	100.000 ARS		Sí					Sí		Sí				Sí	Sí								Este																							Sí																
Departamento en venta	Departamento 4 Ambientes En Venta En Av. Martin García Al 600 Barracas Caba	320000	USD	US$320.000	False	4	3	3	93.0	4 ambs.3 baños93 m² cubiertos	Av. Martin García Al 600 Barracas Caba, Barracas, Capital Federal	https://departamento.mercadolibre.com.ar/MLA-3223400014-departamento-4-ambientes-en-venta-en-av-martin-garcia-al-600-barracas-caba-_JM#polycard_client=search-desktop&float_highlight=not_apply&price_drop=not_apply&be_origin=backend&overlay_label=not_apply&search_layout=grid&position=5&type=item&tracking_id=41371b4a-fc3c-4934-9f0b-146cd6a28120&sid=search	barracas	100 m²	93 m²	2	2	4	6	Departamento	Frente	15 años	750.000 ARS	Sí	No		Sí	Sí	Sí		No	No	No	Sí	Sí	Sí	Sí		Sí	Sí	Sí	Sí			Sur		Sí				Sí								Sí									Sí																
Departamento en venta	Venta 4 Ambientes Impecable	92000	USD	US$92.000	False	4	3	1	60.0	4 ambs.1 baño60 m² cubiertos	Av. Montes De Oca Al 1200. Entre Rocha Y Magallanes, Barracas, Capital Federal	https://departamento.mercadolibre.com.ar/MLA-1759997117-venta-4-ambientes-impecable-_JM#polycard_client=search-desktop&float_highlight=not_apply&price_drop=not_apply&be_origin=backend&overlay_label=not_apply&search_layout=grid&position=6&type=item&tracking_id=41371b4a-fc3c-4934-9f0b-146cd6a28120&sid=search	barracas	60 m²	60 m²	0	0		24	Departamento	Frente	40 años	250.000 ARS	No	Sí		Sí	No	No	Sí	No	No	No	No	No	Sí	No	Sí	Sí	No	No	Sí		25	Oeste		Sí	1																																				
Departamento en venta	Departamento 3 Ambientes En Venta En Suarez Al 1200 Barracas, Caba	165000	USD	US$165.000	False	3	2	2	60.0	3 ambs.2 baños60 m² cubiertos	Av. Suarez Al 1200 Barracas, Caba, Barracas, Capital Federal	https://departamento.mercadolibre.com.ar/MLA-1750634947-departamento-3-ambientes-en-venta-en-suarez-al-1200-barracas-caba-_JM#polycard_client=search-desktop&float_highlight=not_apply&price_drop=not_apply&be_origin=backend&overlay_label=not_apply&search_layout=grid&position=7&type=item&tracking_id=41371b4a-fc3c-4934-9f0b-146cd6a28120&sid=search	barracas	71 m²	60 m²	0	0	2	7	Departamento	Contrafrente	4 años	250.000 ARS	Sí	No		Sí	No	Sí		No	No	Sí	Sí	Sí	Sí	No		Sí	Sí	No	No			Norte	Sí																						Sí																
Departamento en venta	Venta- Loft- 2 Amb-cochera-amenitties-barracas	149999	USD	US$149.999	False	2	1	1	84.0	2 ambs.1 baño84 m² cubiertos	Psje Lanin Al 100, Barracas, Capital Federal	https://departamento.mercadolibre.com.ar/MLA-3185780250-venta-loft-2-amb-cochera-amenitties-barracas-_JM#polycard_client=search-desktop&price_drop=not_apply&be_origin=backend&overlay_label=not_apply&search_layout=grid&position=8&type=item&tracking_id=41371b4a-fc3c-4934-9f0b-146cd6a28120&sid=search	barracas	84 m²	84 m²	1	0			Departamento	Frente	10 años	400.000 ARS	Sí	No		No	No	Sí		No	No	Sí	No	No	Sí	Sí	Sí	Sí	Sí	No	No		3					Sí	Sí	Sí		Sí																															
Departamento en venta	Departamento En Barracas	375000	USD	US$375.000	False	6	3	3	241.0	6 ambs.3 baños241 m² cubiertos	Aristóbulo Del Valle Al 1700, Barracas, Capital Federal	https://departamento.mercadolibre.com.ar/MLA-3174413824-departamento-en-barracas-_JM#polycard_client=search-desktop&price_drop=not_apply&be_origin=backend&overlay_label=not_apply&search_layout=grid&position=9&type=item&tracking_id=41371b4a-fc3c-4934-9f0b-146cd6a28120&sid=search	barracas	241 m²	241 m²	0	0		5	Departamento	Frente	60 años	0 ARS	No	Sí		Sí	Sí	No		No	No	No	Sí	No	Sí	No	Sí	Sí	Sí	Sí	Sí		2	Sur		Sí						Sí																	Sí								Sí						
Departamento en venta	3 Ambientes C/dependencia Al Frente Con Balcón En Venta Barracas	170000	USD	US$170.000	False	3	2	2	79.0	3 ambs.2 baños79 m² cubiertos	Av. Montes De Oca 900, Barracas, Capital Federal	https://departamento.mercadolibre.com.ar/MLA-3169446788-3-ambientes-cdependencia-al-frente-con-balcon-en-venta-barracas-_JM#polycard_client=search-desktop&price_drop=not_apply&be_origin=backend&overlay_label=not_apply&search_layout=grid&position=10&type=item&tracking_id=41371b4a-fc3c-4934-9f0b-146cd6a28120&sid=search	barracas	82 m²	79 m²	0	0	4		Departamento	Contrafrente	60 años		Sí			Sí			Sí		Sí	Sí		Sí	Sí		Sí				Sí		5	Este		Sí																															Sí						
Departamento en venta	Venta 3 Ambientes Imperdible	109900	USD	US$109.900	False	3	2	1	63.0	3 ambs.1 baño63 m² cubiertos	Montes De Oca Al 1400. Entre Benito Quinquela Martin Y Coronel Salvadores, Barracas, Capital Federal	https://departamento.mercadolibre.com.ar/MLA-3168723322-venta-3-ambientes-imperdible-_JM#polycard_client=search-desktop&price_drop=not_apply&be_origin=backend&overlay_label=not_apply&search_layout=grid&position=11&type=item&tracking_id=41371b4a-fc3c-4934-9f0b-146cd6a28120&sid=search	barracas	63 m²	63 m²	0	0	22		Departamento	Contrafrente	40 años	210.000 ARS	No	Sí		Sí	No	No		No	No	No	No	Sí	No	No		No	Sí	No	No		11	Este		Sí	1																		Sí																		
Departamento en venta	Departamento En Venta 2 Ambientes En Barracas	64000	USD	US$64.000	False	2	1	1	45.0	2 ambs.1 baño45 m² cubiertos	Coronel Salvadores Al 1300, Barracas, Capital Federal	https://departamento.mercadolibre.com.ar/MLA-1731048067-departamento-en-venta-2-ambientes-en-barracas-_JM#polycard_client=search-desktop&price_drop=not_apply&be_origin=backend&overlay_label=not_apply&search_layout=grid&position=12&type=item&tracking_id=41371b4a-fc3c-4934-9f0b-146cd6a28120&sid=search	barracas	45 m²	45 m²	0	0		7	Departamento	Contrafrente	50 años	75.000 ARS	No	No		No	No	Sí		No	Sí	No	No	No	Sí	No	Sí	Sí	No	No	No		1	Sur																																							
Departamento en venta	Departamento 3 Ambientes En Barracas Venta	92500	USD	US$92.500	False	3	2	1	60.0	3 ambs.1 baño60 m² cubiertos	Montes De Oca Al 1100, Barracas, Capital Federal	https://departamento.mercadolibre.com.ar/MLA-3131844696-departamento-3-ambientes-en-barracas-venta-_JM#polycard_client=search-desktop&price_drop=not_apply&be_origin=backend&overlay_label=not_apply&search_layout=grid&position=13&type=item&tracking_id=41371b4a-fc3c-4934-9f0b-146cd6a28120&sid=search	barracas	60 m²	60 m²	0	0		5	Departamento	Contrafrente	60 años	180.000 ARS	No	No		No	No	No		No	No	No	No	No	Sí	No	Sí	Sí	No	No	No			Oeste																																							
Departamento en venta	Departamento 2 Ambientes En Venta En Av. Montes De Oca Al 200, Moca 1, Barracas, Caba	175000	USD	US$175.000	False	2	1	1	55.0	2 ambs.1 baño55 m² cubiertos	Av. Montes De Oca Al 200 Barracas, Caba, Barracas, Capital Federal	https://departamento.mercadolibre.com.ar/MLA-3095563860-departamento-2-ambientes-en-venta-en-av-montes-de-oca-al-200-moca-1-barracas-caba-_JM#polycard_client=search-desktop&float_highlight=not_apply&price_drop=not_apply&be_origin=backend&overlay_label=not_apply&search_layout=grid&position=14&type=item&tracking_id=41371b4a-fc3c-4934-9f0b-146cd6a28120&sid=search	barracas	63 m²	55 m²	0	1		3	Departamento	Frente	20 años	300.000 ARS	Sí	Sí		Sí	Sí	Sí		No	Sí	No	No	Sí	Sí	Sí		Sí	Sí	No	Sí	8 m²		Este	Sí	Sí		Sí	Sí	Sí									Sí					Sí				Sí															
Departamento en venta	Departamento De 3 Ambientes En Venta - Balcón -cochera Y Baulera - Barracas	149000	USD	US$149.000	False	3	2	1	58.0	3 ambs.1 baño58 m² cubiertos	General Hornos Al 500, Barracas, Capital Federal	https://departamento.mercadolibre.com.ar/MLA-1717347703-departamento-de-3-ambientes-en-venta-balcon-cochera-y-baulera-barracas-_JM#polycard_client=search-desktop&float_highlight=not_apply&price_drop=not_apply&be_origin=backend&overlay_label=not_apply&search_layout=grid&position=15&type=item&tracking_id=41371b4a-fc3c-4934-9f0b-146cd6a28120&sid=search	barracas	63 m²	58 m²	1	2	6	7	Departamento	Lateral	10 años	300.000 ARS	Sí	Sí	Sí	Sí	Sí	Sí		No	No	No	No	Sí	Sí	No	Sí	Sí	Sí	No	Sí		1	Oeste	Sí	Sí											Diurno																										
Departamento en venta	Venta Departamento 2 Ambientes Con Balcón Complejo Moca Barracas	209000	USD	US$209.000	False	2	1	1	73.0	2 ambs.1 baño73 m² cubiertos	Avenida Montes De Oca Al 200, Barracas, Capital Federal	https://departamento.mercadolibre.com.ar/MLA-3065817908-venta-departamento-2-ambientes-con-balcon-complejo-moca-barracas-_JM#polycard_client=search-desktop&price_drop=not_apply&be_origin=backend&overlay_label=not_apply&search_layout=grid&position=16&type=item&tracking_id=41371b4a-fc3c-4934-9f0b-146cd6a28120&sid=search	barracas	83 m²	73 m²	1	1			Departamento	Contrafrente	30 años	430.000 ARS	Sí	Sí		No	Sí	Sí		No	No	No	No	Sí	Sí	Sí	Sí	Sí	Sí	Sí	Sí		2		Sí	Sí		Sí	Sí	Sí		Sí	Sí				Diurno		Sí	Sí	Sí						Sí	Sí		Sí		Sí									Sí		
Departamento en venta	Venta Departamento 2 Ambientes Con Balcón Complejo Moca Barracas	209000	USD	US$209.000	False	2	1	1	73.0	2 ambs.1 baño73 m² cubiertos	Avenida Montes De Oca Al 200, Barracas, Capital Federal	https://departamento.mercadolibre.com.ar/MLA-3065843558-venta-departamento-2-ambientes-con-balcon-complejo-moca-barracas-_JM#polycard_client=search-desktop&price_drop=not_apply&be_origin=backend&overlay_label=not_apply&search_layout=grid&position=17&type=item&tracking_id=41371b4a-fc3c-4934-9f0b-146cd6a28120&sid=search	barracas	83 m²	73 m²	1	1			Departamento	Contrafrente	30 años	430.000 ARS	Sí	Sí		No	Sí	Sí		No	No	No	No	Sí	Sí	Sí	Sí	Sí	Sí	Sí	Sí		2		Sí	Sí		Sí	Sí	Sí		Sí	Sí				Diurno		Sí	Sí	Sí						Sí	Sí		Sí		Sí									Sí		
Departamento en venta	4 Ambientes Con Dependencia - Balcón Y Patio En Venta Barracas	235000	USD	US$235.000	False	4	3	2	125.0	4 ambs.2 baños125 m² cubiertos	Wenceslao Villafañe 1500, Barracas, Capital Federal	https://departamento.mercadolibre.com.ar/MLA-3060389948-4-ambientes-con-dependencia-balcon-y-patio-en-venta-barracas-_JM#polycard_client=search-desktop&float_highlight=not_apply&price_drop=not_apply&be_origin=backend&overlay_label=not_apply&search_layout=grid&position=18&type=item&tracking_id=41371b4a-fc3c-4934-9f0b-146cd6a28120&sid=search	barracas	140 m²	125 m²	0	0	2		Semi piso	Frente	50 años		Sí			Sí			Sí		Sí	Sí	Sí	Sí	Sí		Sí	Sí					8	Norte		Sí														Sí																	Sí						
Departamento en venta	Av. Montes De Oca 1100	174000	USD	US$174.000	False	4	3	2	78.0	4 ambs.2 baños78 m² cubiertos	Av. Montes De Oca Al 1100. Entre Araoz De Lamadrid Y Magallanes, Barracas, Capital Federal	https://departamento.mercadolibre.com.ar/MLA-1697667747-av-montes-de-oca-1100-_JM#polycard_client=search-desktop&float_highlight=not_apply&price_drop=not_apply&be_origin=backend&overlay_label=not_apply&search_layout=grid&position=19&type=item&tracking_id=41371b4a-fc3c-4934-9f0b-146cd6a28120&sid=search	barracas	84 m²	78 m²	0	0		3	Departamento	Frente	40 años	19.000 ARS	Sí	Sí		Sí	No	No		No	Sí	Sí	No	Sí	Sí	No	Sí	Sí	No	Sí	No			Norte	Sí	Sí	1					Sí	Sí												Sí																		
Departamento en venta	Departamento En Venta En Barracas	110000	USD	US$110.000	False	3	2	1	59.0	3 ambs.1 baño59 m² cubiertos	Av Montes De Oca Al 1100. Entre Olavarría Y Rocha, Barracas, Capital Federal	https://departamento.mercadolibre.com.ar/MLA-3034535666-departamento-en-venta-en-barracas-_JM#polycard_client=search-desktop&float_highlight=not_apply&price_drop=not_apply&be_origin=backend&overlay_label=not_apply&search_layout=grid&position=20&type=item&tracking_id=41371b4a-fc3c-4934-9f0b-146cd6a28120&sid=search	barracas	65 m²	59 m²	0	0		1	Departamento	Contrafrente	61 años	185.000 ARS	Sí	No		No	No	No		Sí	No	No	No	Sí	Sí	No	Sí	Sí	No	No	No		6	Oeste		Sí	1													Sí																							
Departamento en venta	4 Ambientes Al Frente Con Balcón En Venta Barrio Barracas	120000	USD	US$120.000	False	4	3	2	66.0	4 ambs.2 baños66 m² cubiertos	Tacuarí 2000, Barracas, Capital Federal	https://departamento.mercadolibre.com.ar/MLA-3035000362-4-ambientes-al-frente-con-balcon-en-venta-barrio-barracas-_JM#polycard_client=search-desktop&price_drop=not_apply&be_origin=backend&overlay_label=not_apply&search_layout=grid&position=21&type=item&tracking_id=41371b4a-fc3c-4934-9f0b-146cd6a28120&sid=search	barracas	69 m²	66 m²	0		2		Semi piso	Frente	50 años		Sí		Sí	Sí			Sí			Sí		Sí	Sí		Sí	Sí					9	Norte		Sí						Sí																															
Departamento en venta	Venta 3 Ambientes Con Dependencia	159000	USD	US$159.000	False	3	2	2	92.0	3 ambs.2 baños92 m² cubiertos	Av. Montes De Oca Al 600. Entre Aristobulo Del Valle Y Wenceslao Villafañe, Barracas, Capital Federal	https://departamento.mercadolibre.com.ar/MLA-1696230771-venta-3-ambientes-con-dependencia-_JM#polycard_client=search-desktop&float_highlight=not_apply&price_drop=not_apply&be_origin=backend&overlay_label=not_apply&search_layout=grid&position=22&type=item&tracking_id=41371b4a-fc3c-4934-9f0b-146cd6a28120&sid=search	barracas	92 m²	92 m²	0	0			Departamento	Contrafrente	80 años	170.000 ARS	Sí	Sí		No	No	No	Sí	Sí	No	No	No	No	Sí	No	Sí	No	No	No	Sí			Oeste			1																														Sí						
Departamento en venta	Departamento En Venta En Barracas	139000	USD	US$139.000	False	3	2	2	75.0	3 ambs.2 baños75 m² cubiertos	Montes De Oca Al 900. Entre Olavarría Y Suarez, Barracas, Capital Federal	https://departamento.mercadolibre.com.ar/MLA-3029915116-departamento-en-venta-en-barracas-_JM#polycard_client=search-desktop&float_highlight=not_apply&price_drop=not_apply&be_origin=backend&overlay_label=not_apply&search_layout=grid&position=23&type=item&tracking_id=41371b4a-fc3c-4934-9f0b-146cd6a28120&sid=search	barracas	79 m²	75 m²	0	0	2	4	Departamento	Frente	60 años	180.000 ARS	No	Sí		Sí	No	No	Sí	No	No	No	No	No	Sí	No	Sí	No	No	No	No		9	Este		Sí	1					Sí																									Sí						
Departamento en venta	Departamento 2 Ambientes En Venta En Av. Patricios Al 1400 Barracas Caba	60000	USD	US$60.000	False	2	1	1	37.0	2 ambs.1 baño37 m² cubiertos	Av. Regimiento De Patricios Al 1400 Barracas Caba, Barracas, Capital Federal	https://departamento.mercadolibre.com.ar/MLA-1691863145-departamento-2-ambientes-en-venta-en-av-patricios-al-1400-barracas-caba-_JM#polycard_client=search-desktop&price_drop=not_apply&be_origin=backend&overlay_label=not_apply&search_layout=grid&position=24&type=item&tracking_id=41371b4a-fc3c-4934-9f0b-146cd6a28120&sid=search	barracas	40 m²	37 m²	0	0		8	Departamento	Frente	40 años	150.000 ARS	Sí	No		Sí	No	No		No	No	No	No	Sí	Sí	No		Sí	Sí	No	No			Sur																																							
Departamento en venta	Departamento 4 Ambientes Con Patio Y Dependencia En Venta En Av. Montes De Oca Al 500 Barracas Caba	180000	USD	US$180.000	False	4	3	3	103.0	4 ambs.3 baños103 m² cubiertos	Av. Montes De Oca Al 500 Barracas Caba, Barracas, Capital Federal	https://departamento.mercadolibre.com.ar/MLA-1691798295-departamento-4-ambientes-con-patio-y-dependencia-en-venta-en-av-montes-de-oca-al-500-barracas-caba-_JM#polycard_client=search-desktop&float_highlight=not_apply&price_drop=not_apply&be_origin=backend&overlay_label=not_apply&search_layout=grid&position=25&type=item&tracking_id=41371b4a-fc3c-4934-9f0b-146cd6a28120&sid=search	barracas	112 m²	103 m²	1	1			Departamento	Frente	50 años	340.000 ARS	Sí	No		Sí	Sí	Sí		No	No	No	No	No	Sí	No		Sí	Sí	No	Sí	15 m²		Este		Sí														Sí																							
Departamento en venta	Departamento 2 Ambientes C/ Amenities En Barracas Venta	125000	USD	US$125.000	False	2	1	1	45.0	2 ambs.1 baño45 m² cubiertos	Aristobulo Del Valle Al 1300, Barracas, Capital Federal	https://departamento.mercadolibre.com.ar/MLA-1690681085-departamento-2-ambientes-c-amenities-en-barracas-venta-_JM#polycard_client=search-desktop&price_drop=not_apply&be_origin=backend&overlay_label=not_apply&search_layout=grid&position=26&type=item&tracking_id=41371b4a-fc3c-4934-9f0b-146cd6a28120&sid=search	barracas	49 m²	45 m²	0	0		2	Departamento		10 años	220.000 ARS	No	No		No	No	Sí		No	No	No	No	Sí	Sí	Sí	Sí	Sí	No	No	No									Sí																	Sí																
Departamento en venta	2 Ambientes Con Balcón En Venta Barrio Barracas - Edificio Con Amenities	125000	USD	US$125.000	False	2	1	1	48.0	2 ambs.1 baño48 m² cubiertos	Gral. Hornos 1600, Barracas, Capital Federal	https://departamento.mercadolibre.com.ar/MLA-3008549950-2-ambientes-con-balcon-en-venta-barrio-barracas-edificio-con-amenities-_JM#polycard_client=search-desktop&float_highlight=not_apply&price_drop=not_apply&be_origin=backend&overlay_label=not_apply&search_layout=grid&position=27&type=item&tracking_id=41371b4a-fc3c-4934-9f0b-146cd6a28120&sid=search	barracas	51 m²	48 m²	0	0	4		Departamento	Lateral	15 años		Sí			Sí		Sí	Sí		Sí	Sí		Sí	Sí	Sí							6	Oeste				Sí	Sí	Sí	Sí						24 horas					Sí					Sí																
Departamento en venta	Departamento En Barracas	179000	USD	US$179.000	False	4	3	2	74.0	4 ambs.2 baños74 m² cubiertos	Av Hornos Al 500, Barracas, Capital Federal	https://departamento.mercadolibre.com.ar/MLA-1689546535-departamento-en-barracas-_JM#polycard_client=search-desktop&float_highlight=not_apply&price_drop=not_apply&be_origin=backend&overlay_label=not_apply&search_layout=grid&position=28&type=item&tracking_id=41371b4a-fc3c-4934-9f0b-146cd6a28120&sid=search	barracas	77 m²	74 m²	1	2	5		Departamento	Frente	30 años	350.000 ARS	Sí	No		Sí	No	Sí		No	Sí	Sí	No	Sí	Sí	No	Sí	Sí	Sí	No	No			Norte	Sí								Sí																														
Departamento en venta	Departamento En Venta En Av. Regimientro Patricios Al 1100 Barracas Caba	115000	USD	US$115.000	False	3	3	2	62.0	3 ambs.2 baños62 m² cubiertos	Av Regimientro Patricios Al 1100, Barracas, Capital Federal	https://departamento.mercadolibre.com.ar/MLA-1687076963-departamento-en-venta-en-av-regimientro-patricios-al-1100-barracas-caba-_JM#polycard_client=search-desktop&price_drop=not_apply&be_origin=backend&overlay_label=not_apply&search_layout=grid&position=29&type=item&tracking_id=41371b4a-fc3c-4934-9f0b-146cd6a28120&sid=search	barracas	86 m²	62 m²	0	0	2	1	Departamento	Frente	40 años	120.000 ARS	Sí	No		Sí	No	No		Sí	No	Sí	No	Sí	Sí	No		Sí	No	No	No			Norte																Sí																							
Departamento en venta	Departamento En Venta En Barracas	105000	USD	US$105.000	False	3	2	1	58.0	3 ambs.1 baño58 m² cubiertos	Gral. Hornos 800, Barracas, Capital Federal	https://departamento.mercadolibre.com.ar/MLA-2907414322-departamento-en-venta-en-barracas-_JM#polycard_client=search-desktop&float_highlight=not_apply&price_drop=not_apply&be_origin=backend&overlay_label=not_apply&search_layout=grid&position=30&type=item&tracking_id=41371b4a-fc3c-4934-9f0b-146cd6a28120&sid=search	barracas	64 m²	58 m²	0		5		Departamento	Frente	40 años		Sí			Sí			Sí		Sí	Sí		Sí	Sí								9	Oeste		Sí																																					
Departamento en venta	Departamento 4 Ambientes En Venta En Isabel La Católica Al 600 Barracas Caba	299000	USD	US$299.000	False	4	3	3	100.0	4 ambs.3 baños100 m² cubiertos	Isabel La Católica Al 600 Barracas Caba, Barracas, Capital Federal	https://departamento.mercadolibre.com.ar/MLA-1678807175-departamento-4-ambientes-en-venta-en-isabel-la-catolica-al-600-barracas-caba-_JM#polycard_client=search-desktop&price_drop=not_apply&be_origin=backend&overlay_label=not_apply&search_layout=grid&position=31&type=item&tracking_id=41371b4a-fc3c-4934-9f0b-146cd6a28120&sid=search	barracas	105 m²	100 m²	0	0	5	5	Departamento	Frente	20 años	700.000 ARS	Sí	No		Sí	Sí	Sí		No	No	No	Sí	Sí	Sí	Sí		Sí	Sí	No	Sí			Sur		Sí		Sí	Sí	Sí																	Sí																
Departamento en venta	Departamento En Planta Baja 2 Ambientes C/ Patio En Barracas Venta	49000	USD	US$49.000	False	2	1	1	41.0	2 ambs.1 baño41 m² cubiertos	Alfredo Palacios Al 1200, Barracas, Capital Federal	https://departamento.mercadolibre.com.ar/MLA-1676273925-departamento-en-planta-baja-2-ambientes-c-patio-en-barracas-venta-_JM#polycard_client=search-desktop&price_drop=not_apply&be_origin=backend&overlay_label=not_apply&search_layout=grid&position=32&type=item&tracking_id=41371b4a-fc3c-4934-9f0b-146cd6a28120&sid=search	barracas	45 m²	41 m²	0	0			Departamento	Frente	45 años	190.000 ARS	No	No		No	Sí	No		No	No	No	No	No	Sí	No	Sí	No	No	No	Sí			Norte		Sí														Sí																							
Departamento en venta	Venta 3 Ambientes	108000	USD	US$108.000	False	3	2	1	56.0	3 ambs.1 baño56 m² cubiertos	Av. Montes De Oca Al 1700. Entre Av. Iriarte Y Daniel Cerri, Barracas, Capital Federal	https://departamento.mercadolibre.com.ar/MLA-2852090910-venta-3-ambientes-_JM#polycard_client=search-desktop&float_highlight=not_apply&price_drop=not_apply&be_origin=backend&overlay_label=not_apply&search_layout=grid&position=33&type=item&tracking_id=41371b4a-fc3c-4934-9f0b-146cd6a28120&sid=search	barracas	62 m²	56 m²	0	0		9	Departamento	Frente	38 años	210.000 ARS	Sí	No		Sí	No	No		No	No	No	No	Sí	Sí	No	Sí	Sí	No	Sí	No			Sur			1																																				
Departamento en venta	Departamento En Venta En Barracas, Capital Federal, Buenos Aires	79999	USD	US$79.999	False	4	3	1	70.0	4 ambs.1 baño70 m² cubiertos	Rocha 1600, Barracas, Capital Federal	https://departamento.mercadolibre.com.ar/MLA-2843070438-departamento-en-venta-en-barracas-capital-federal-buenos-aires-_JM#polycard_client=search-desktop&price_drop=not_apply&be_origin=backend&overlay_label=not_apply&search_layout=grid&position=34&type=item&tracking_id=41371b4a-fc3c-4934-9f0b-146cd6a28120&sid=search	barracas	70 m²	70 m²	0				Departamento	Contrafrente	45 años	219.000 ARS		Sí		Sí			Sí						Sí									Este		Sí							Sí					Sí	Sí																								
Departamento en venta	Dept. 6 Ambientes 168 M2 - 2 Bauleras - Barracas. Venta	360000	USD	US$360.000	False	6	4	2	158.0	6 ambs.2 baños158 m² cubiertos	Montes De Oca Al 300, Barracas, Capital Federal	https://departamento.mercadolibre.com.ar/MLA-2813599130-dept-6-ambientes-168-m2-2-bauleras-barracas-venta-_JM#polycard_client=search-desktop&price_drop=not_apply&be_origin=backend&overlay_label=not_apply&search_layout=grid&position=35&type=item&tracking_id=41371b4a-fc3c-4934-9f0b-146cd6a28120&sid=search	barracas	168 m²	158 m²	1	1			Departamento	Frente	45 años	800.000 ARS	No	No		No	Sí	No		No	No	No	No	Sí	Sí	No	Sí	Sí	No	No	Sí	10 m²			Sí	Sí						Sí	Sí																														
Departamento en venta	2 Ambientes Con Balcón Terraza, Muy Luminoso.	63500	USD	US$63.500	False	2	1	1	42.0	2 ambs.1 baño42 m² cubiertos	Salta 2100, Barracas, Capital Federal	https://departamento.mercadolibre.com.ar/MLA-1652879397-2-ambientes-con-balcon-terraza-muy-luminoso-_JM#polycard_client=search-desktop&price_drop=not_apply&be_origin=backend&overlay_label=not_apply&search_layout=grid&position=36&type=item&tracking_id=41371b4a-fc3c-4934-9f0b-146cd6a28120&sid=search	barracas	56 m²	42 m²	0	0	3	9	Departamento	Frente	50 años	120.000 ARS	Sí	Sí		No	No	No								No		No	No	No	Sí			Oeste																																							
Departamento en venta	Departamento 3 Ambientes En Venta En Av. Suarez Al 1200 Barracas Caba	185000	USD	US$185.000	False	3	2	2	70.0	3 ambs.2 baños70 m² cubiertos	Av. Suarez Al 1200 Barracas Caba, Barracas, Capital Federal	https://departamento.mercadolibre.com.ar/MLA-1651730585-departamento-3-ambientes-en-venta-en-av-suarez-al-1200-barracas-caba-_JM#polycard_client=search-desktop&price_drop=not_apply&be_origin=backend&overlay_label=not_apply&search_layout=grid&position=37&type=item&tracking_id=41371b4a-fc3c-4934-9f0b-146cd6a28120&sid=search	barracas	75 m²	70 m²	0	0	2	4	Departamento	Contrafrente	4 años	250.000 ARS	Sí	No		Sí	No	Sí		No	No	No	Sí	Sí	Sí	No		Sí	Sí	No	No			Sur						Sí																	Sí																
Departamento en venta	Departamento 2 Ambientes En Barracas Venta	75000	USD	US$75.000	False	2	1	1	40.0	2 ambs.1 baño40 m² cubiertos	Ituzaingo Al 700, Barracas, Capital Federal	https://departamento.mercadolibre.com.ar/MLA-2789588268-departamento-2-ambientes-en-barracas-venta-_JM#polycard_client=search-desktop&price_drop=not_apply&be_origin=backend&overlay_label=not_apply&search_layout=grid&position=38&type=item&tracking_id=41371b4a-fc3c-4934-9f0b-146cd6a28120&sid=search	barracas	44 m²	40 m²	0	0			Departamento	Frente	45 años	60.000 ARS	No	No		No	No	No		No	No	No	No	Sí	Sí	No	Sí	Sí	No	No	No																																										
Departamento en venta	Departamento En Venta En Barracas	150000	USD	US$150.000	False	3	2	1	60.0	3 ambs.1 baño60 m² cubiertos	Av. Montes De Oca 1200, Barracas, Capital Federal	https://departamento.mercadolibre.com.ar/MLA-2785767574-departamento-en-venta-en-barracas-_JM#polycard_client=search-desktop&float_highlight=not_apply&price_drop=not_apply&be_origin=backend&overlay_label=not_apply&search_layout=grid&position=39&type=item&tracking_id=41371b4a-fc3c-4934-9f0b-146cd6a28120&sid=search	barracas	66 m²	60 m²	0	1	4		Departamento	Contrafrente	55 años		Sí			Sí			Sí	Sí	Sí	Sí		Sí	Sí		Sí	Sí		Sí	Sí		12	Este		Sí																																					
Departamento en venta	Venta Departamento Dos Ambientes Con Gran Patio, Parrilla Y Cochera.	99000	USD	US$99.000	False	2	1	1	37.0	2 ambs.1 baño37 m² cubiertos	Tomas Liberti Al 1100, Barracas, Capital Federal	https://departamento.mercadolibre.com.ar/MLA-2708587872-venta-departamento-dos-ambientes-con-gran-patio-parrilla-y-cochera-_JM#polycard_client=search-desktop&float_highlight=not_apply&price_drop=not_apply&be_origin=backend&overlay_label=not_apply&search_layout=grid&position=40&type=item&tracking_id=41371b4a-fc3c-4934-9f0b-146cd6a28120&sid=search	barracas	76 m²	37 m²	1	0			Departamento	Contrafrente	40 años	0 ARS	No	No		Sí	No	No		No	No	No	No	No	Sí	No	Sí	No	No	No	No		1	Sur																Sí							Sí																
Departamento en venta	Departamento En Venta En Barracas	90000	USD	US$90.000	False	3	2	1	58.0	3 ambs.1 baño58 m² cubiertos	Av. Regimiento De Patricios 300, Barracas, Capital Federal	https://departamento.mercadolibre.com.ar/MLA-2699009000-departamento-en-venta-en-barracas-_JM#polycard_client=search-desktop&float_highlight=not_apply&price_drop=not_apply&be_origin=backend&overlay_label=not_apply&search_layout=grid&position=41&type=item&tracking_id=41371b4a-fc3c-4934-9f0b-146cd6a28120&sid=search	barracas	58 m²	58 m²	0		4		Departamento	Frente	35 años		Sí			Sí			Sí			Sí			Sí								10	Oeste		Sí																																					
Departamento en venta	Departamento En Venta	170000	USD	US$170.000	False	4	2	1	92.0	4 ambs.1 baño92 m² cubiertos	Regimiento Patricios 25, Barracas, Capital Federal	https://departamento.mercadolibre.com.ar/MLA-1612942625-departamento-en-venta-_JM#polycard_client=search-desktop&price_drop=not_apply&be_origin=backend&overlay_label=not_apply&search_layout=grid&position=42&type=item&tracking_id=41371b4a-fc3c-4934-9f0b-146cd6a28120&sid=search	barracas	94 m²	92 m²	0	0	4	3	Departamento	Frente	50 años	250.000 ARS	Sí	No		Sí	No	Sí		No	No	No	No	Sí	Sí	No	Sí	Sí	Sí	No	No		6	Este								Sí							Sí										Sí														
Departamento en venta	Departamento En Venta En Barracas	83000	USD	US$83.000	False	3	2	1	72.0	3 ambs.1 baño72 m² cubiertos	IRIARTE Al 1400. Entre Azara Y Gaspar Melchor De Jovellanos, Barracas, Capital Federal	https://departamento.mercadolibre.com.ar/MLA-2660445508-departamento-en-venta-en-barracas-_JM#polycard_client=search-desktop&price_drop=not_apply&be_origin=backend&overlay_label=not_apply&search_layout=grid&position=43&type=item&tracking_id=41371b4a-fc3c-4934-9f0b-146cd6a28120&sid=search	barracas	72 m²	72 m²	0	0			Piso	Frente	65 años	0 ARS	No	Sí		No	No	No		No	No	No	No	No	No	No		No	No	No	No		2	Sur			1																																				
Departamento en venta	Departamento En Venta En Barracas - Reservado	127000	USD	US$127.000	False	4	3	2	66.0	4 ambs.2 baños66 m² cubiertos	Tacuarí 2000, Barracas, Capital Federal	https://departamento.mercadolibre.com.ar/MLA-2656271732-departamento-en-venta-en-barracas-reservado-_JM#polycard_client=search-desktop&float_highlight=not_apply&price_drop=not_apply&be_origin=backend&overlay_label=not_apply&search_layout=grid&position=44&type=item&tracking_id=41371b4a-fc3c-4934-9f0b-146cd6a28120&sid=search	barracas	68 m²	66 m²	0		2		Departamento	Frente	45 años		Sí			Sí			Sí			Sí		Sí	Sí								10	Norte		Sí						Sí																															
Departamento en venta	Departamento Venta - Barracas - 2ambientes Gde (dividido Como 3 Ambientes)	120000	USD	US$120.000	False	2	2	1	53.0	2 ambs.1 baño53 m² cubiertos	Ituzaingo Al 900, Barracas, Capital Federal	https://departamento.mercadolibre.com.ar/MLA-2649815064-departamento-venta-barracas-2ambientes-gde-dividido-como-3-ambientes-_JM#polycard_client=search-desktop&float_highlight=not_apply&price_drop=not_apply&be_origin=backend&overlay_label=not_apply&search_layout=grid&position=45&type=item&tracking_id=41371b4a-fc3c-4934-9f0b-146cd6a28120&sid=search	barracas	57 m²	53 m²	0	0	4	3	Departamento	Contrafrente	15 años	205.000 ARS	Sí	No		Sí	No	No		No	No	Sí	No	Sí	Sí	Sí		No	Sí	No	No		10	Norte						Sí									Sí								Sí																
Departamento en venta	Departamento En Venta En Barracas	60000	USD	US$60.000	False	2	1	1	45.0	2 ambs.1 baño45 m² cubiertos	Bolívar 1800, Barracas, Capital Federal	https://departamento.mercadolibre.com.ar/MLA-1605223607-departamento-en-venta-en-barracas-_JM#polycard_client=search-desktop&price_drop=not_apply&be_origin=backend&overlay_label=not_apply&search_layout=grid&position=46&type=item&tracking_id=41371b4a-fc3c-4934-9f0b-146cd6a28120&sid=search	barracas	45 m²	45 m²	0	0	4		Departamento	Contrafrente	50 años		Sí			Sí					Sí	Sí			Sí								9			Sí																																					
Departamento en venta	Departamento En Venta En Barracas	53000	USD	US$53.000	False	2	1	1	37.0	2 ambs.1 baño37 m² cubiertos	Av. Regimiento De Patricios 100, Barracas, Capital Federal	https://departamento.mercadolibre.com.ar/MLA-1602193339-departamento-en-venta-en-barracas-_JM#polycard_client=search-desktop&price_drop=not_apply&be_origin=backend&overlay_label=not_apply&search_layout=grid&position=47&type=item&tracking_id=41371b4a-fc3c-4934-9f0b-146cd6a28120&sid=search	barracas	47 m²	37 m²	0	0	9		Departamento	Contrafrente			Sí			Sí			Sí			Sí		Sí	Sí		Sí	Sí					11																	Sí																							
Departamento en venta	3 Ambientes Con Dependencia Al Frente Sobre Montes De Oca	99000	USD	US$99.000	False	3	2	2	81.0	3 ambs.2 baños81 m² cubiertos	Montes De Oca 1717, Barracas, Capital Federal	https://departamento.mercadolibre.com.ar/MLA-1599235417-3-ambientes-con-dependencia-al-frente-sobre-montes-de-oca-_JM#polycard_client=search-desktop&price_drop=not_apply&be_origin=backend&overlay_label=not_apply&search_layout=grid&position=48&type=item&tracking_id=41371b4a-fc3c-4934-9f0b-146cd6a28120&sid=search	barracas	81 m²	81 m²	0	0			Departamento		60 años	1 ARS	No	No		No	No	Sí		No	No	No	No	No	No	No		No	No	No	No																			Sí																							
Departamento en venta	Departamento En Venta En Barracas	139000	USD	US$139.000	False	4	3	2	90.0	4 ambs.2 baños90 m² cubiertos	AV MONTES DE OCA Al 1650. Entre California| Y Coronel Salvadores, Barracas, Capital Federal	https://departamento.mercadolibre.com.ar/MLA-1596048327-departamento-en-venta-en-barracas-_JM#polycard_client=search-desktop&price_drop=not_apply&be_origin=backend&overlay_label=not_apply&search_layout=grid&position=1&type=item&tracking_id=24bc2579-5430-461b-8b77-eed22d28eea8&sid=search	barracas	98 m²	90 m²	0	0			Departamento	Frente	50 años	0 ARS	No	No		No	No	No		No	No	No	No	No	No	No		No	No	No	No	8 m²		Oeste			1																																				
Departamento en venta	3 Ambientes Con Balcon	57000	USD	US$57.000	False	3	2	1	49.0	3 ambs.1 baño49 m² cubiertos	TACUARI Al 1900. Entre Uspallata Y Ituzaingo, Barracas, Capital Federal	https://departamento.mercadolibre.com.ar/MLA-3701719116-3-ambientes-con-balcon-_JM#polycard_client=search-desktop&price_drop=not_apply&be_origin=backend&overlay_label=not_apply&search_layout=grid&position=2&type=item&tracking_id=24bc2579-5430-461b-8b77-eed22d28eea8&sid=search	barracas	53 m²	49 m²	0	0			Semi piso	Frente	50 años	0 ARS	Sí	No		No	No	No	Sí	Sí	No	No	No	Sí	Sí	No	Sí	No	No	No	No			Oeste			1																																				
Departamento en venta	Imperdible 4 Ambientes Con Jardin	193000	USD	US$193.000	False	4	3	2	77.0	4 ambs.2 baños77 m² cubiertos	Rocha Al 1500. Entre Isabel La Católica Y Gaspar De Jovellanos, Barracas, Capital Federal	https://departamento.mercadolibre.com.ar/MLA-1920093291-imperdible-4-ambientes-con-jardin-_JM#polycard_client=search-desktop&float_highlight=not_apply&price_drop=not_apply&be_origin=backend&overlay_label=not_apply&search_layout=grid&position=3&type=item&tracking_id=24bc2579-5430-461b-8b77-eed22d28eea8&sid=search	barracas	103 m²	77 m²	0	1			Dúplex	Frente	23 años	3.000 ARS	Sí	Sí		No	No	No		No	No	No	No	No	Sí	No	Sí	Sí	Sí	No	No	26 m²		Norte		Sí	1					Sí								Sí	Sí						Sí																
Departamento en venta	Departamento En Venta En Barracas Con Balcón	65000	USD	US$65.000	False	3	2	1	60.0	3 ambs.1 baño60 m² cubiertos	Perdriel 1300, Barracas, Capital Federal	https://departamento.mercadolibre.com.ar/MLA-1877743603-departamento-en-venta-en-barracas-con-balcon-_JM#polycard_client=search-desktop&price_drop=not_apply&be_origin=backend&overlay_label=not_apply&search_layout=grid&position=4&type=item&tracking_id=24bc2579-5430-461b-8b77-eed22d28eea8&sid=search	barracas	60 m²	60 m²	0				Departamento	Contrafrente	60 años	129.000 ARS		Sí					Sí	Sí	Sí	Sí		Sí	Sí									Oeste		Sí																																					
Departamento en venta	Venta 3 Ambientes	65000	USD	US$65.000	False	3	2	1	56.0	3 ambs.1 baño56 m² cubiertos	Araoz De Lamadrid Al 500. Entre Martín Rodriguez Y Palos, Barracas, Capital Federal	https://departamento.mercadolibre.com.ar/MLA-1846819619-venta-3-ambientes-_JM#polycard_client=search-desktop&float_highlight=not_apply&price_drop=not_apply&be_origin=backend&overlay_label=not_apply&search_layout=grid&position=5&type=item&tracking_id=24bc2579-5430-461b-8b77-eed22d28eea8&sid=search	barracas	60,5 m²	56 m²	1	0		5	Departamento	Frente	35 años	150.000 ARS	Sí	Sí		No	No	No	Sí	No	No	No	No	Sí	Sí	No	Sí	Sí	Sí	No	No		15	Norte		Sí	1									Sí														Sí													
Departamento en venta	Departamento En Venta En Barracas Con Balcón	82000	USD	US$82.000	False	2	1	1	45.0	2 ambs.1 baño45 m² cubiertos	Benito Quinquela Martín 1700, Barracas, Capital Federal	https://departamento.mercadolibre.com.ar/MLA-1841592853-departamento-en-venta-en-barracas-con-balcon-_JM#polycard_client=search-desktop&float_highlight=not_apply&price_drop=not_apply&be_origin=backend&overlay_label=not_apply&search_layout=grid&position=6&type=item&tracking_id=24bc2579-5430-461b-8b77-eed22d28eea8&sid=search	barracas	48 m²	45 m²	0	0	4		Departamento	Frente	50 años		Sí			Sí			Sí	Sí	Sí	Sí		Sí	Sí		Sí	Sí		Sí			12	Norte																																							
Departamento en venta	Imperdible Departamento 3 Ambientes, Con Amenities, Excelente Estado	150000	USD	US$150.000	False	3	2	2	60.0	3 ambs.2 baños60 m² cubiertos	Brandsen Al 1760. Entre Avenida Montes De Oca Y Gral Hornos, Barracas, Capital Federal	https://departamento.mercadolibre.com.ar/MLA-3334920108-imperdible-departamento-3-ambientes-con-amenities-excelente-estado-_JM#polycard_client=search-desktop&float_highlight=not_apply&price_drop=not_apply&be_origin=backend&overlay_label=not_apply&search_layout=grid&position=7&type=item&tracking_id=24bc2579-5430-461b-8b77-eed22d28eea8&sid=search	barracas	65 m²	60 m²	0	0	2	3	Departamento	Contrafrente	13 años	300.000 ARS	No	Sí	Sí	Sí	No	Sí	Sí	No	No	No	No	Sí	Sí	Sí	Sí	Sí	No	Sí	Sí	5 m²	12	Sur	Sí		1			Sí	Sí	Sí													Sí		Sí																
Departamento en venta	Departamento En Venta En Barracas Con Patio Y Parrilla	105000	USD	US$105.000	False	3	2	1	70.0	3 ambs.1 baño70 m² cubiertos	Av. Montes De Oca 1300, Barracas, Capital Federal	https://departamento.mercadolibre.com.ar/MLA-3215535136-departamento-en-venta-en-barracas-con-patio-y-parrilla-_JM#polycard_client=search-desktop&float_highlight=not_apply&price_drop=not_apply&be_origin=backend&overlay_label=not_apply&search_layout=grid&position=8&type=item&tracking_id=24bc2579-5430-461b-8b77-eed22d28eea8&sid=search	barracas	90 m²	70 m²	0	0			Departamento	Contrafrente	65 años		Sí						Sí		Sí	Sí			Sí		Sí	Sí					2	Este		Sí														Sí							Sí										Sí						
Departamento en venta	Departamento En Venta En Barracas Con Galería	70000	USD	US$70.000	False	3	2	1	55.0	3 ambs.1 baño55 m² cubiertos	Av. Regimiento De Patricios 600, Barracas, Capital Federal	https://departamento.mercadolibre.com.ar/MLA-1741278399-departamento-en-venta-en-barracas-con-galeria-_JM#polycard_client=search-desktop&float_highlight=not_apply&price_drop=not_apply&be_origin=backend&overlay_label=not_apply&search_layout=grid&position=9&type=item&tracking_id=24bc2579-5430-461b-8b77-eed22d28eea8&sid=search	barracas	69 m²	55 m²	0		6		Departamento	Interno	70 años		Sí			No			Sí		Sí	Sí		No	Sí		Sí	Sí					2																	Sí																	Sí						
Departamento en venta	Departamento En Venta En Barracas Sobre Avenida	145000	USD	US$145.000	False	4	3	2	70.0	4 ambs.2 baños70 m² cubiertos	Av. Montes De Oca 1400, Barracas, Capital Federal	https://departamento.mercadolibre.com.ar/MLA-3169448708-departamento-en-venta-en-barracas-sobre-avenida-_JM#polycard_client=search-desktop&float_highlight=not_apply&price_drop=not_apply&be_origin=backend&overlay_label=not_apply&search_layout=grid&position=10&type=item&tracking_id=24bc2579-5430-461b-8b77-eed22d28eea8&sid=search	barracas	70 m²	70 m²	0		3		Departamento	Frente	40 años		Sí			Sí			Sí		Sí	Sí			Sí								11	Oeste								Sí																															
Departamento en venta	6 Amb C/cochera Y 2 Bauleras	360000	USD	US$360.000	False	6	5	3	158.0	6 ambs.3 baños158 m² cubiertos	Av. Montes De Oca Al 300. Entre Uspallata Y Ituzaingo, Barracas, Capital Federal	https://departamento.mercadolibre.com.ar/MLA-3034580190-6-amb-ccochera-y-2-bauleras-_JM#polycard_client=search-desktop&float_highlight=not_apply&price_drop=not_apply&be_origin=backend&overlay_label=not_apply&search_layout=grid&position=11&type=item&tracking_id=24bc2579-5430-461b-8b77-eed22d28eea8&sid=search	barracas	178 m²	158 m²	1	1			Departamento	Frente	45 años	725.000 ARS	Sí	Sí		Sí	No	No		No	Sí	No	No	Sí	Sí	No	Sí	Sí	Sí	Sí	No			Este		Sí	1					Sí																									Sí						
Departamento en venta	3 ½ Ambientes Tipo Casa En Venta Barracas Con Patio	119000	USD	US$119.000	False	3	2	1	79.0	3 ambs.1 baño79 m² cubiertos	Av. Regimiento De Patricios 300, Barracas, Capital Federal	https://departamento.mercadolibre.com.ar/MLA-3164846254-3-ambientes-tipo-casa-en-venta-barracas-con-patio-_JM#polycard_client=search-desktop&float_highlight=not_apply&price_drop=not_apply&be_origin=backend&overlay_label=not_apply&search_layout=grid&position=12&type=item&tracking_id=24bc2579-5430-461b-8b77-eed22d28eea8&sid=search	barracas	85 m²	79 m²	0	0	2		Semi piso	Frente	65 años		Sí			No			Sí		Sí	Sí		Sí	Sí		Sí	Sí					2	Este																Sí																							
Departamento en venta	Departamento En Venta En Barracas	28000	USD	US$28.000	False	1	0	1	25.0	1 amb.1 baño25 m² cubiertos	C1289AAP, California 2100, Barracas, Capital Federal	https://departamento.mercadolibre.com.ar/MLA-2907746562-departamento-en-venta-en-barracas-_JM#polycard_client=search-desktop&price_drop=not_apply&be_origin=backend&overlay_label=not_apply&search_layout=grid&position=13&type=item&tracking_id=24bc2579-5430-461b-8b77-eed22d28eea8&sid=search	barracas	25 m²	25 m²	0	0	2		Semi piso		70 años		Sí			No						Sí		No	Sí		Sí						3																																								
Departamento en venta	Oportunidad! Valor M2 U$s 1413 Venta Ph 6 Amb Barracas	299500	USD	US$299.500	False	6	5	4	170.0	6 ambs.4 baños170 m² cubiertos	ANCHORIS Al 100. Entre Finochietto, Profesor Y Caseros, Avda., Barracas, Capital Federal	https://departamento.mercadolibre.com.ar/MLA-1623288281-oportunidad-valor-m2-us-1413-venta-ph-6-amb-barracas-_JM#polycard_client=search-desktop&price_drop=not_apply&be_origin=backend&overlay_label=not_apply&search_layout=grid&position=14&type=item&tracking_id=24bc2579-5430-461b-8b77-eed22d28eea8&sid=search	barracas	254 m²	170 m²	0	0			Departamento	Frente	35 años	0 ARS	No	Sí		No	No	No		No	No	No	No	No	No	No		No	No	No	No	84 m²					1																				Sí																
Departamento en venta	Oportunidad! U$s 1413 Venta Ph 4 Amb Barracas	299500	USD	US$299.500	False	4	3	4	170.0	4 ambs.4 baños170 m² cubiertos	ANCHORIS Al 100. Entre Finochietto, Profesor Y Caseros, Avda., Barracas, Capital Federal	https://departamento.mercadolibre.com.ar/MLA-1623288283-oportunidad-us-1413-venta-ph-4-amb-barracas-_JM#polycard_client=search-desktop&price_drop=not_apply&be_origin=backend&overlay_label=not_apply&search_layout=grid&position=15&type=item&tracking_id=24bc2579-5430-461b-8b77-eed22d28eea8&sid=search	barracas	254 m²	170 m²	0	0			Departamento	Frente	35 años	0 ARS	No	Sí		No	No	No		No	No	No	No	No	No	No		No	No	No	No	84 m²					1																				Sí																
Departamento en venta	Departamento En Venta En Barracas Con Patio	90000	USD	US$90.000	False	3	2	2	80.0	3 ambs.2 baños80 m² cubiertos	Sta. Elena 702, Barracas, Capital Federal	https://departamento.mercadolibre.com.ar/MLA-3599403638-departamento-en-venta-en-barracas-con-patio-_JM#polycard_client=search-desktop&price_drop=not_apply&be_origin=backend&overlay_label=not_apply&search_layout=grid&position=16&type=item&tracking_id=24bc2579-5430-461b-8b77-eed22d28eea8&sid=search	barracas	98 m²	80 m²	0					Contrafrente	25 años	25.000 ARS		Sí					Sí		Sí	Sí			Sí		Sí	Sí	Sí	Sí				Norte		Sí														Sí																							
Departamento en venta	Venta Departamento Barracas	45000	USD	US$45.000	False	1	1	1	23.0	1 amb.1 baño23 m² cubiertos	Anchoris 0, Barracas, Capital Federal	https://departamento.mercadolibre.com.ar/MLA-1948415247-venta-departamento-barracas-_JM#polycard_client=search-desktop&price_drop=not_apply&be_origin=backend&overlay_label=not_apply&search_layout=grid&position=17&type=item&tracking_id=24bc2579-5430-461b-8b77-eed22d28eea8&sid=search	barracas	23,29 m²	23,29 m²	0	0		3	Monoambiente	Lateral	48 años	133.000 ARS	No	No		No	No	No	Sí	No	No	No	No	No	Sí	No	Sí	Sí	No	No	No			Norte																																							
Departamento en venta	Departamento - Barracas	120000	USD	US$120.000	False	1	0	1	40.0	1 amb.1 baño40 m² cubiertos	Ituzaingo Al 900 Monoambiente Divisible Con Cohera, Barracas, Capital Federal	https://departamento.mercadolibre.com.ar/MLA-1940565191-departamento-barracas-_JM#polycard_client=search-desktop&price_drop=not_apply&be_origin=backend&overlay_label=not_apply&search_layout=grid&position=18&type=item&tracking_id=24bc2579-5430-461b-8b77-eed22d28eea8&sid=search	barracas	45 m²	40 m²	1	0			Departamento	Frente	4 años	0 ARS	No	Sí		No	No	No		No	No	No	No	Sí	Sí	Sí	Sí	No	Sí	No	No		11	Sur						Sí									Sí								Sí																
Departamento en venta	Venta · Departamento De 3 Amb Sobre Av Montes De Oca 1200	85000	USD	US$85.000	False	3	2	1	55.0	3 ambs.1 baño55 m² cubiertos	Montes De Oca Al 1200, Barracas, Capital Federal	https://departamento.mercadolibre.com.ar/MLA-1940565165-venta-departamento-de-3-amb-sobre-av-montes-de-oca-1200-_JM#polycard_client=search-desktop&price_drop=not_apply&be_origin=backend&overlay_label=not_apply&search_layout=grid&position=19&type=item&tracking_id=24bc2579-5430-461b-8b77-eed22d28eea8&sid=search	barracas	59 m²	55 m²	0	0	4		Departamento	Contrafrente	70 años	0 ARS	No	Sí		Sí	Sí	No		No	No	No	No	No	Sí	No	Sí	No	No	No	Sí					Sí														Sí																							
Departamento en venta	Departamento - Barracas	99000	USD	US$99.000	False	2	1	1	57.0	2 ambs.1 baño57 m² totales	Ituzaingo Al 900, Barracas, Capital Federal	https://departamento.mercadolibre.com.ar/MLA-1940649905-departamento-barracas-_JM#polycard_client=search-desktop&price_drop=not_apply&be_origin=backend&overlay_label=not_apply&search_layout=grid&position=20&type=item&tracking_id=24bc2579-5430-461b-8b77-eed22d28eea8&sid=search	barracas	57 m²		0	0			Departamento	Frente	4 años	0 ARS	No	Sí		No	No	No		No	No	No	No	Sí	Sí	Sí	Sí	No	Sí	No	No			Sur						Sí									Sí								Sí																
Departamento en venta	Piso De Categoría En Venta	495000	USD	US$495.000	False	4	3	2	240.0	4 ambs.2 baños240 m² cubiertos	Avda. Manuel Montes De Oca Al 200, Barracas, Capital Federal	https://departamento.mercadolibre.com.ar/MLA-1940601555-piso-de-categoria-en-venta-_JM#polycard_client=search-desktop&price_drop=not_apply&be_origin=backend&overlay_label=not_apply&search_layout=grid&position=21&type=item&tracking_id=24bc2579-5430-461b-8b77-eed22d28eea8&sid=search	barracas	300 m²	240 m²	2	1			Departamento	Frente	30 años	1.500.000 ARS	Sí	Sí		Sí	Sí	Sí		No	Sí	Sí	Sí	Sí	Sí	No	Sí	Sí	Sí	Sí	Sí	60 m²	9	Este		Sí						Sí					Diurno	Sí									Sí										Sí						
Departamento en venta	Departamento - Barracas	219000	USD	US$219.000	False	4	3	2	75.0	4 ambs.2 baños75 m² cubiertos	Gral. Hornos Al 500, Barracas, Capital Federal	https://departamento.mercadolibre.com.ar/MLA-1940649901-departamento-barracas-_JM#polycard_client=search-desktop&price_drop=not_apply&be_origin=backend&overlay_label=not_apply&search_layout=grid&position=22&type=item&tracking_id=24bc2579-5430-461b-8b77-eed22d28eea8&sid=search	barracas	78 m²	75 m²	1	1			Departamento	Frente	18 años	250.000 ARS	Sí	Sí		No	Sí	Sí		No	No	No	No	Sí	Sí	No	Sí	Sí	Sí	No	Sí			Norte		Sí																																					
Departamento en venta	Venta Ph 3 Ambientes A Reciclar Con Terraza Y Entrepiso	55000	USD	US$55.000	False	3	2	1	63.0	3 ambs.1 baño63 m² cubiertos	José Aarón Salmún Feijóo 971, Barracas, Capital Federal	https://departamento.mercadolibre.com.ar/MLA-1907650061-venta-ph-3-ambientes-a-reciclar-con-terraza-y-entrepiso-_JM#polycard_client=search-desktop&price_drop=not_apply&be_origin=backend&overlay_label=not_apply&search_layout=grid&position=23&type=item&tracking_id=24bc2579-5430-461b-8b77-eed22d28eea8&sid=search	barracas	88 m²	63,5 m²	0	0		1	Ph	Contrafrente	86 años	10.000 ARS	Sí	No		No	No	No		No	Sí	No	No	No	Sí	No	Sí	Sí	No	No	No																24 horas			Sí																							
Departamento en venta	Departamento En Venta Molina Ciudad	199000	USD	US$199.000	False	1	0	1	93.0	1 amb.1 baño93 m² cubiertos	Av. Regimiento De Patricios Al 1000, Barracas, Capital Federal	https://departamento.mercadolibre.com.ar/MLA-1900035717-departamento-en-venta-molina-ciudad-_JM#polycard_client=search-desktop&price_drop=not_apply&be_origin=backend&overlay_label=not_apply&search_layout=grid&position=24&type=item&tracking_id=24bc2579-5430-461b-8b77-eed22d28eea8&sid=search	barracas	100 m²	93 m²	1	0		1	Departamento		15 años	425.000 ARS	No	No		Sí	No	Sí		Sí	No	No	No	Sí	Sí	Sí	Sí	No	No	No	No	7 m²						Sí	Sí	Sí									Sí		Sí									Sí													
Departamento en venta	¡departamento En Venta En Barracas!	95000	USD	US$95.000	False	2	1	1	1.0	2 ambs.1 baño1 m² cubiertos	Av. Montes De Oca 1408, Barracas, Capital Federal	https://departamento.mercadolibre.com.ar/MLA-1895508271-departamento-en-venta-en-barracas-_JM#polycard_client=search-desktop&price_drop=not_apply&be_origin=backend&overlay_label=not_apply&search_layout=grid&position=25&type=item&tracking_id=24bc2579-5430-461b-8b77-eed22d28eea8&sid=search	barracas	41 m²	1 m²	0			4	Departamento	Contrafrente				Sí		Sí			Sí		Sí	Sí		Sí	Sí		Sí	Sí	Sí				6																																								
Departamento en venta	Venta 3 Ambientes Barracas	105000	USD	US$105.000	False	3	2	1	60.0	3 ambs.1 baño60 m² cubiertos	Vieytes 1300, Barracas, Capital Federal	https://departamento.mercadolibre.com.ar/MLA-3599408670-venta-3-ambientes-barracas-_JM#polycard_client=search-desktop&price_drop=not_apply&be_origin=backend&overlay_label=not_apply&search_layout=grid&position=26&type=item&tracking_id=24bc2579-5430-461b-8b77-eed22d28eea8&sid=search	barracas	60 m²	60 m²	0					Frente	50 años	200.000 ARS							Sí		Sí	Sí		Sí	Sí									Este		Sí																																					
Departamento en venta	Departamento En Barracas	450000	USD	US$450.000	False	3	2	2	272.0	3 ambs.2 baños272 m² cubiertos	Feijoo 700- Loft En Barracas, Buenos Aires , Argentina, Barracas, Capital Federal	https://departamento.mercadolibre.com.ar/MLA-3592658008-departamento-en-barracas-_JM#polycard_client=search-desktop&price_drop=not_apply&be_origin=backend&overlay_label=not_apply&search_layout=grid&position=27&type=item&tracking_id=24bc2579-5430-461b-8b77-eed22d28eea8&sid=search	barracas	272 m²	272 m²	1	0			Departamento		15 años	0 ARS	Sí	No	Sí	No	No	Sí		No	No	No	Sí	No	Sí	Sí	Sí	Sí	Sí	No	No			Oeste	Sí				Sí	Sí		Sí						Sí		Sí	Sí																						
Departamento en venta	Exclusivo Loft En Complejo- Cochera-seguridad- Amenities	299000	USD	US$299.000	False	2	1	2	172.0	2 ambs.2 baños172 m² cubiertos	Jose Aaron Samun Feijoo Al 700, Barracas, Capital Federal	https://departamento.mercadolibre.com.ar/MLA-3592657526-exclusivo-loft-en-complejo-cochera-seguridad-amenities-_JM#polycard_client=search-desktop&price_drop=not_apply&be_origin=backend&overlay_label=not_apply&search_layout=grid&position=28&type=item&tracking_id=24bc2579-5430-461b-8b77-eed22d28eea8&sid=search	barracas	172 m²	172 m²	1	1			Departamento		15 años	0 ARS	Sí	Sí	Sí	Sí	Sí	Sí		No	No	No	Sí	No	Sí	Sí	Sí	No	No	No	Sí		2		Sí	Sí			Sí	Sí		Sí						Sí														Sí											
Departamento en venta	Departamento En Venta En Barracas	145000	USD	US$145.000	False	2	1	1	47.0	2 ambs.1 baño47 m² cubiertos	Brandsen 1400, Ciudad Autónoma De Buenos Aires, Argentina, Barracas, Capital Federal	https://departamento.mercadolibre.com.ar/MLA-2907482220-departamento-en-venta-en-barracas-_JM#polycard_client=search-desktop&float_highlight=not_apply&price_drop=not_apply&be_origin=backend&overlay_label=not_apply&search_layout=grid&position=29&type=item&tracking_id=24bc2579-5430-461b-8b77-eed22d28eea8&sid=search	barracas	54 m²	47 m²	0		4		Departamento	Lateral	1 años		Sí		Sí	Sí	Sí	Sí	Sí	Sí		Sí	Sí	Sí	Sí	Sí	Sí						4	Este		Sí				Sí		Sí					24 horas	Sí									Sí																
Departamento en venta	Espectacular Piso De 4 Ambientes Con Dependencia	230000	USD	US$230.000	False	5	4	3	109.0	5 ambs.3 baños109 m² cubiertos	Av. Montes De Oca 1200 - 1500, Barracas, Capital Federal	https://departamento.mercadolibre.com.ar/MLA-3541079238-espectacular-piso-de-4-ambientes-con-dependencia-_JM#polycard_client=search-desktop&price_drop=not_apply&be_origin=backend&overlay_label=not_apply&search_layout=grid&position=30&type=item&tracking_id=24bc2579-5430-461b-8b77-eed22d28eea8&sid=search	barracas	178 m²	109 m²	0		1	4	Piso	Frente	50 años	500.000 ARS		Sí																		9 m²																																									
Departamento en venta	Departamento En Barracas	62000	USD	US$62.000	False	1	0	1	29.0	1 amb.1 baño29 m² cubiertos	Tacuari Al 1700, Barracas, Capital Federal	https://departamento.mercadolibre.com.ar/MLA-3499740540-departamento-en-barracas-_JM#polycard_client=search-desktop&price_drop=not_apply&be_origin=backend&overlay_label=not_apply&search_layout=grid&position=31&type=item&tracking_id=24bc2579-5430-461b-8b77-eed22d28eea8&sid=search	barracas	33 m²	29 m²	0	0		1	Departamento	Contrafrente	5 años	116.500 ARS	No	Sí		Sí	No	Sí		Sí	No	No	No	Sí	Sí	No	Sí	No	No	No	No	4 m²								Sí									Sí								Sí																
Departamento en venta	Barracas, 3 Amb 76m2 Sin Expensas En Venta. Bcon Fte	99500	USD	US$99.500	False	3	2	1	74.0	3 ambs.1 baño74 m² cubiertos	Los Patos 1906, Barracas, Capital Federal	https://departamento.mercadolibre.com.ar/MLA-1843231453-barracas-3-amb-76m2-sin-expensas-en-venta-bcon-fte-_JM#polycard_client=search-desktop&price_drop=not_apply&be_origin=backend&overlay_label=not_apply&search_layout=grid&position=32&type=item&tracking_id=24bc2579-5430-461b-8b77-eed22d28eea8&sid=search	barracas	76,3 m²	74 m²	0		3	1	Departamento	Frente	66 años	0 ARS	No	No				No		Sí	No	No	No	No	No	No	Sí	Sí	No	Sí	No	3 m²																																						Sí			
Departamento en venta	Departamento En Venta En Barracas	75000	USD	US$75.000	False	3	2	1	38.0	3 ambs.1 baño38 m² cubiertos	Av. Montes De Oca 800, Buenos Aires, Argentina, Barracas, Capital Federal	https://departamento.mercadolibre.com.ar/MLA-2907798946-departamento-en-venta-en-barracas-_JM#polycard_client=search-desktop&float_highlight=not_apply&price_drop=not_apply&be_origin=backend&overlay_label=not_apply&search_layout=grid&position=33&type=item&tracking_id=24bc2579-5430-461b-8b77-eed22d28eea8&sid=search	barracas	41 m²	38 m²	0	0	4		Departamento	Contrafrente	60 años		Sí			Sí			Sí			Sí			Sí		Sí	Sí			Sí		8			Sí														Sí																							
Departamento en venta	Departamento En Venta En Barracas - Reservado	74900	USD	US$74.900	False	3	2	1	51.0	3 ambs.1 baño51 m² cubiertos	General Hornos 800, Barracas, Capital Federal	https://departamento.mercadolibre.com.ar/MLA-2651514834-departamento-en-venta-en-barracas-reservado-_JM#polycard_client=search-desktop&float_highlight=not_apply&price_drop=not_apply&be_origin=backend&overlay_label=not_apply&search_layout=grid&position=34&type=item&tracking_id=24bc2579-5430-461b-8b77-eed22d28eea8&sid=search	barracas	57 m²	51 m²	0	0	4		Departamento	Frente	50 años		Sí		Sí	Sí			Sí			Sí		Sí	Sí		Sí						14	Oeste		Sí																																					
Departamento en venta	Moca Ii Unidades En Venta | Financiamiento En 60 Cuotas · Tasa 11%	100100	USD	US$100.100	False	1	1	1	36.0	1 amb.1 baño36 m² cubiertos	Av. Regimiento De Patricios Al 1000, Entre Avenida Caseros Y Calle California, Barracas, Capital Federal	https://departamento.mercadolibre.com.ar/MLA-1831646531-moca-ii-unidades-en-venta-financiamiento-en-60-cuotas-tasa-11-_JM#polycard_client=search-desktop&price_drop=not_apply&be_origin=backend&overlay_label=not_apply&search_layout=grid&position=35&type=item&tracking_id=24bc2579-5430-461b-8b77-eed22d28eea8&sid=search	barracas	41,9 m²	36,35 m²	0		8		Departamento		3 años	0 ARS			Sí	Sí	Sí	Sí	Sí						Sí	Sí	Sí				Sí		18	Este					Sí	Sí				Sí			24 horas													Sí				Sí									
Departamento en venta	Monoambiente Moderno Y Luminoso En Barracas Apto Crédito	65000	USD	US$65.000	False	1	1	1	38.0	1 amb.1 baño38 m² cubiertos	Montes De Oca Al 1700 6°, Barracas, Capital Federal	https://departamento.mercadolibre.com.ar/MLA-1831646537-monoambiente-moderno-y-luminoso-en-barracas-apto-credito-_JM#polycard_client=search-desktop&price_drop=not_apply&be_origin=backend&overlay_label=not_apply&search_layout=grid&position=36&type=item&tracking_id=24bc2579-5430-461b-8b77-eed22d28eea8&sid=search	barracas	38 m²	38 m²	0	0			Departamento	Frente	46 años	200.000 ARS	Sí	Sí	Sí	No	No	No		No	No	No	No	Sí	Sí	No	Sí	Sí	Sí	No	No		11	Este	Sí								Sí																														
Departamento en venta	Departamento En Venta En Barracas	72000	USD	US$72.000	False	2	1	1	38.0	2 ambs.1 baño38 m² cubiertos	Ruy Díaz De Guzmán 100, Buenos Aires, Argentina, Barracas, Capital Federal	https://departamento.mercadolibre.com.ar/MLA-2907669510-departamento-en-venta-en-barracas-_JM#polycard_client=search-desktop&float_highlight=not_apply&price_drop=not_apply&be_origin=backend&overlay_label=not_apply&search_layout=grid&position=37&type=item&tracking_id=24bc2579-5430-461b-8b77-eed22d28eea8&sid=search	barracas	40 m²	38 m²	0	0	6		Departamento	Contrafrente	55 años		Sí			Sí			Sí		Sí	Sí		Sí	Sí		Sí	Sí					8	Oeste																																							
Departamento en venta	Departamento A Estrenar - 3 Ambientes En Venta Barracas Con Amenities	220000	USD	US$220.000	False	3	2	2	71.0	3 ambs.2 baños71 m² cubiertos	Avenida Montes De Oca 1300, Buenos Aires, Argentina, Barracas, Capital Federal	https://departamento.mercadolibre.com.ar/MLA-3154176652-departamento-a-estrenar-3-ambientes-en-venta-barracas-con-amenities-_JM#polycard_client=search-desktop&float_highlight=not_apply&price_drop=not_apply&be_origin=backend&overlay_label=not_apply&search_layout=grid&position=38&type=item&tracking_id=24bc2579-5430-461b-8b77-eed22d28eea8&sid=search	barracas	73 m²	71 m²	1	0	3		Departamento	Contrafrente	1 años		Sí			Sí		Sí	Sí		Sí	Sí		Sí	Sí	Sí	Sí						14	Oeste					Sí	Sí	Sí																Sí																
Departamento en venta	Venta - Depto. 3 Ambiente, 108 M2, Cochera, Baulera, Caldera, Grupo Electrónico	225000	USD	US$225.000	False	3	2	2	94.0	3 ambs.2 baños94 m² cubiertos	Av. Montes De Oca 833, Barracas, Capital Federal	https://departamento.mercadolibre.com.ar/MLA-1782908729-venta-depto-3-ambiente-108-m2-cochera-baulera-caldera-grupo-electronico-_JM#polycard_client=search-desktop&price_drop=not_apply&be_origin=backend&overlay_label=not_apply&search_layout=grid&position=39&type=item&tracking_id=24bc2579-5430-461b-8b77-eed22d28eea8&sid=search	barracas	108 m²	94 m²	1	1		8	Departamento	Contrafrente		220.000 ARS		Sí					Sí		Sí	Sí		Sí	Sí								10	Oeste																																							
Departamento en venta	Departamento En Venta En Barracas	58000	USD	US$58.000	False	2	1	1	32.0	2 ambs.1 baño32 m² cubiertos	Av. Regimiento De Patricios 70, CABA, Buenos Aires, Argentina, Barracas, Capital Federal	https://departamento.mercadolibre.com.ar/MLA-2747741192-departamento-en-venta-en-barracas-_JM#polycard_client=search-desktop&float_highlight=not_apply&price_drop=not_apply&be_origin=backend&overlay_label=not_apply&search_layout=grid&position=40&type=item&tracking_id=24bc2579-5430-461b-8b77-eed22d28eea8&sid=search	barracas	36 m²	32 m²	0	0	3		Departamento		45 años		Sí			Sí			Sí			Sí			Sí		Sí	Sí					10																																								
Departamento en venta	3 Ambientes Al Frente En Venta Barracas A Metros De Av. Martín García	130000	USD	US$130.000	False	3	2	2	66.0	3 ambs.2 baños66 m² cubiertos	Ruy Díaz De Guzmán, Buenos Aires, Argentina, Barracas, Capital Federal	https://departamento.mercadolibre.com.ar/MLA-3008704240-3-ambientes-al-frente-en-venta-barracas-a-metros-de-av-martin-garcia-_JM#polycard_client=search-desktop&float_highlight=not_apply&price_drop=not_apply&be_origin=backend&overlay_label=not_apply&search_layout=grid&position=41&type=item&tracking_id=24bc2579-5430-461b-8b77-eed22d28eea8&sid=search	barracas	74 m²	66 m²	0		2		Semi piso	Frente	38 años		Sí			Sí			Sí			Sí		Sí	Sí		Sí	Sí					8	Oeste		Sí						Sí																															
Departamento en venta	Departamento En Venta En Barracas Con Balcón	112000	USD	US$112.000	False	3	2	1	65.0	3 ambs.1 baño65 m² cubiertos	California 1600, Buenos Aires, Argentina, Barracas, Capital Federal	https://departamento.mercadolibre.com.ar/MLA-3215510110-departamento-en-venta-en-barracas-con-balcon-_JM#polycard_client=search-desktop&float_highlight=not_apply&price_drop=not_apply&be_origin=backend&overlay_label=not_apply&search_layout=grid&position=42&type=item&tracking_id=24bc2579-5430-461b-8b77-eed22d28eea8&sid=search	barracas	71 m²	65 m²	0		4		Departamento	Frente	50 años					Sí	Sí		Sí		Sí	Sí		Sí	Sí		Sí	Sí		Sí	Sí		9	Este		Sí																Sí																					
Departamento en venta	Departamento En Venta En Barracas	88000	USD	US$88.000	False	2	1	1	40.0	2 ambs.1 baño40 m² cubiertos	Avenida Montes De Oca 1600, Buenos Aires, Argentina, Barracas, Capital Federal	https://departamento.mercadolibre.com.ar/MLA-2907774090-departamento-en-venta-en-barracas-_JM#polycard_client=search-desktop&float_highlight=not_apply&price_drop=not_apply&be_origin=backend&overlay_label=not_apply&search_layout=grid&position=43&type=item&tracking_id=24bc2579-5430-461b-8b77-eed22d28eea8&sid=search	barracas	43 m²	40 m²	0	0	4			Contrafrente	22 años				Sí	Sí	Sí	Sí	Sí	Sí		Sí		Sí	Sí	Sí	Sí	Sí			Sí		14	Este		Sí																					Sí													Sí			
Departamento en venta	Departamento En Venta En Barracas	120000	USD	US$120.000	False	4	3	1	84.0	4 ambs.1 baño84 m² cubiertos	Herrera 500, Buenos Aires, Argentina, Barracas, Capital Federal	https://departamento.mercadolibre.com.ar/MLA-1610496683-departamento-en-venta-en-barracas-_JM#polycard_client=search-desktop&price_drop=not_apply&be_origin=backend&overlay_label=not_apply&search_layout=grid&position=44&type=item&tracking_id=24bc2579-5430-461b-8b77-eed22d28eea8&sid=search	barracas	90 m²	84 m²	0	0	4			Frente	45 años			No		Sí			Sí	No		Sí		Sí	Sí	No	Sí	Sí					15	Oeste		Sí																																					
Departamento en venta	Excelente Monoambiente Dividido De 58m2 En Edificio De Categoría	140000	USD	US$140.000	False	1	1	1	51.0	1 amb.1 baño51 m² cubiertos	Ituzaingó Al 900, Barracas, Capital Federal	https://departamento.mercadolibre.com.ar/MLA-1699674709-excelente-monoambiente-dividido-de-58m2-en-edificio-de-categoria-_JM#polycard_client=search-desktop&price_drop=not_apply&be_origin=backend&overlay_label=not_apply&search_layout=grid&position=45&type=item&tracking_id=24bc2579-5430-461b-8b77-eed22d28eea8&sid=search	barracas	58 m²	51 m²	0	0		4	Departamento	Frente	1 años	196.000 ARS	Sí	No		Sí	No	No		No	No	No	No	Sí	Sí	Sí	Sí	Sí	No	No	No	7 m²		Norte						Sí									Sí								Sí																
Departamento en venta	Excelente Monoambiente Dividido De 58m2 En Edificio De Categoría	140000	USD	US$140.000	False	1	1	1	51.0	1 amb.1 baño51 m² cubiertos	Ituzaingó Al 900, Barracas, Capital Federal	https://departamento.mercadolibre.com.ar/MLA-3039652626-excelente-monoambiente-dividido-de-58m2-en-edificio-de-categoria-_JM#polycard_client=search-desktop&price_drop=not_apply&be_origin=backend&overlay_label=not_apply&search_layout=grid&position=46&type=item&tracking_id=24bc2579-5430-461b-8b77-eed22d28eea8&sid=search	barracas	58 m²	51 m²	0	0		4	Departamento	Frente	1 años	196.000 ARS	Sí	No		Sí	No	No		No	No	No	No	Sí	Sí	Sí	Sí	Sí	No	No	No	7 m²		Norte						Sí									Sí								Sí																
Departamento en venta	Departamento En Barracas	265000	USD	US$265.000	False	6	5	2	436.0	6 ambs.2 baños436 m² totales	Av. Montes De Oca Al 1700, Barracas, Capital Federal	https://departamento.mercadolibre.com.ar/MLA-3039581424-departamento-en-barracas-_JM#polycard_client=search-desktop&float_highlight=not_apply&price_drop=not_apply&be_origin=backend&overlay_label=not_apply&search_layout=grid&position=47&type=item&tracking_id=24bc2579-5430-461b-8b77-eed22d28eea8&sid=search	barracas	436 m²		0	0	1	6	Departamento	Frente	70 años	800.000 ARS	Sí	No		Sí	No	No		No	No	No	No	No	No	No		No	No	No	No			Este																																							
Departamento en venta	Departamento En Venta En Barracas	105000	USD	US$105.000	False	3	2	1	85.0	3 ambs.1 baño85 m² cubiertos	AV. VIEYTES 1300, Barracas, Capital Federal	https://departamento.mercadolibre.com.ar/MLA-2700181400-departamento-en-venta-en-barracas-_JM#polycard_client=search-desktop&price_drop=not_apply&be_origin=backend&overlay_label=not_apply&search_layout=grid&position=48&type=item&tracking_id=24bc2579-5430-461b-8b77-eed22d28eea8&sid=search	barracas	95 m²	85 m²	0		6	1		Frente	25 años	200.000 ARS		Sí		Sí					Sí			Sí	Sí								10	Este		Sí						Sí								Sí																							
Departamento en venta	Departamento - Barracas	120000	USD	US$120.000	False	1	0	1	40.0	1 amb.1 baño40 m² cubiertos	Ituzaingo Al 900 Monoambiente Divisible Con Cohera, Barracas, Capital Federal	https://departamento.mercadolibre.com.ar/MLA-2539206400-departamento-barracas-_JM#polycard_client=search-desktop&price_drop=not_apply&be_origin=backend&overlay_label=not_apply&search_layout=grid&position=1&type=item&tracking_id=b0113096-9daf-4957-96b8-c2e5a050259e&sid=search	barracas	45 m²	40 m²	1	0			Departamento	Frente	4 años	0 ARS	No	Sí		No	No	No		No	No	No	No	Sí	Sí	Sí	Sí	No	Sí	No	No		11	Sur						Sí									Sí								Sí																
Departamento en venta	Excelente Departamento 3 Ambientes Con Dependencia Al Frente	186000	USD	US$186.000	False	3	2	2	91.0	3 ambs.2 baños91 m² cubiertos	Av. Suarez 1724, Barracas, Capital Federal	https://departamento.mercadolibre.com.ar/MLA-1729949085-excelente-departamento-3-ambientes-con-dependencia-al-frente-_JM#polycard_client=search-desktop&price_drop=not_apply&be_origin=backend&overlay_label=not_apply&search_layout=grid&position=2&type=item&tracking_id=b0113096-9daf-4957-96b8-c2e5a050259e&sid=search	barracas	100 m²	91 m²	0	0		3	Departamento	Frente	40 años	255.000 ARS	No			Sí	No	No								No	Sí	Sí	No	Sí	Sí		10																						Sí																		
Departamento en venta	Depto. De 3 Y 1/2 Ambientes.	119000	USD	US$119.000	False	3	2	1	79.0	3 ambs.1 baño79 m² cubiertos	Av. Patricios 300, 2º Piso, Barracas, Capital Federal	https://departamento.mercadolibre.com.ar/MLA-3769492630-depto-de-3-y-12-ambientes-_JM#polycard_client=search-desktop&price_drop=not_apply&be_origin=backend&overlay_label=not_apply&search_layout=grid&position=3&type=item&tracking_id=b0113096-9daf-4957-96b8-c2e5a050259e&sid=search	barracas	85 m²	79 m²	0	0			Departamento		90 años	50.000 ARS	No	No		No	No	No		No	No	No	No	No	No	No		No	No	No	No																																										
Departamento en venta	Venta Despartamento 2 Amb Con Patio Barracas Primer Piso	82000	USD	US$82.000	False	2	1	1	50.0	2 ambs.1 baño50 m² cubiertos	Montes De Oca 900, Barracas, Capital Federal	https://departamento.mercadolibre.com.ar/MLA-1964243277-venta-despartamento-2-amb-con-patio-barracas-primer-piso-_JM#polycard_client=search-desktop&price_drop=not_apply&be_origin=backend&overlay_label=not_apply&search_layout=grid&position=4&type=item&tracking_id=b0113096-9daf-4957-96b8-c2e5a050259e&sid=search	barracas	50 m²	50 m²	0	0		1	Departamento	Contrafrente	50 años	96.000 ARS	No	Sí		Sí	No	No								No	Sí	Sí	No	Sí																									Sí																		
Departamento en venta	Venta 2 Ambientes 37 M2 Barracas Gran Ubicacion	70000	USD	US$70.000	False	2	1	1	37.0	2 ambs.1 baño37 m² cubiertos	Avenida Regimiento De Patricios 300, Barracas, Capital Federal	https://departamento.mercadolibre.com.ar/MLA-3719601420-venta-2-ambientes-37-m2-barracas-gran-ubicacion-_JM#polycard_client=search-desktop&price_drop=not_apply&be_origin=backend&overlay_label=not_apply&search_layout=grid&position=5&type=item&tracking_id=b0113096-9daf-4957-96b8-c2e5a050259e&sid=search	barracas	37 m²	37 m²	0	0	99	5	Departamento	Frente	46 años	150.000 ARS	No	No	Sí	No				No		Sí		No	No			No	No	No	No		8	Norte															Sí																								
Departamento en venta	Venta 2 Ambientes Chico, Interno, Sin Balcon.	49000	USD	US$49.000	False	2	1	1	28.0	2 ambs.1 baño28 m² cubiertos	Avenida Regimiento De Patricios 437, Barracas, Capital Federal	https://departamento.mercadolibre.com.ar/MLA-1937108781-venta-2-ambientes-chico-interno-sin-balcon-_JM#polycard_client=search-desktop&price_drop=not_apply&be_origin=backend&overlay_label=not_apply&search_layout=grid&position=6&type=item&tracking_id=b0113096-9daf-4957-96b8-c2e5a050259e&sid=search	barracas	28 m²	28 m²	0	0	4	3	Departamento	Interno	45 años	80.000 ARS	No	Sí		Sí	No	No								No		No	No	Sí				Norte																					Sí																		
Departamento en venta	Venta Departamento 2 Ambientes Barracas	89000	USD	US$89.000	False	2	1	1	41.0	2 ambs.1 baño41 m² cubiertos	Tomas Liberti 1203, Barracas, Capital Federal	https://departamento.mercadolibre.com.ar/MLA-3686093724-venta-departamento-2-ambientes-barracas-_JM#polycard_client=search-desktop&price_drop=not_apply&be_origin=backend&overlay_label=not_apply&search_layout=grid&position=7&type=item&tracking_id=b0113096-9daf-4957-96b8-c2e5a050259e&sid=search	barracas	47 m²	41 m²	0	0		6	Departamento	Frente	60 años	220.000 ARS	No	Sí		Sí	No	No								No	Sí	Sí	No	Sí				Sur																					Sí																		
Departamento en venta	Venta Departamento 3 Ambientes En Barracas Bajas Expensas A Reciclar	57000	USD	US$57.000	False	3	2	1	52.0	3 ambs.1 baño52 m² cubiertos	Olavarria Al 2000, Barracas, Capital Federal	https://departamento.mercadolibre.com.ar/MLA-1925791481-venta-departamento-3-ambientes-en-barracas-bajas-expensas-a-reciclar-_JM#polycard_client=search-desktop&price_drop=not_apply&be_origin=backend&overlay_label=not_apply&search_layout=grid&position=8&type=item&tracking_id=b0113096-9daf-4957-96b8-c2e5a050259e&sid=search	barracas	53 m²	52 m²	0	0	4	3	Departamento	Contrafrente	65 años	0 ARS	Sí	Sí		No	Sí	No		Sí	No	Sí	No	No	Sí	No	Sí	Sí	Sí	No	Sí	1 m²	1	Sur	Sí	Sí							Sí																														
Departamento en venta	Ph En Venta Tres 3 Ambientes Con Dos 2 Patios	45000	USD	US$45.000	False	3	2	1	65.0	3 ambs.1 baño65 m² cubiertos	Gral. Hornos 1218, Barracas, Capital Federal	https://departamento.mercadolibre.com.ar/MLA-3657074904-ph-en-venta-tres-3-ambientes-con-dos-2-patios-_JM#polycard_client=search-desktop&price_drop=not_apply&be_origin=backend&overlay_label=not_apply&search_layout=grid&position=9&type=item&tracking_id=b0113096-9daf-4957-96b8-c2e5a050259e&sid=search	barracas	65 m²	65 m²	0							40.000 ARS									Sí				Sí																									Sí																							
Departamento en venta	Venta 3 Ambientes Contrafrente Retasado	108000	USD	US$108.000	False	3	2	1	60.0	3 ambs.1 baño60 m² cubiertos	Martin Garcia 600, Barracas, Capital Federal	https://departamento.mercadolibre.com.ar/MLA-3643571736-venta-3-ambientes-contrafrente-retasado-_JM#polycard_client=search-desktop&price_drop=not_apply&be_origin=backend&overlay_label=not_apply&search_layout=grid&position=10&type=item&tracking_id=b0113096-9daf-4957-96b8-c2e5a050259e&sid=search	barracas	65 m²	60 m²	0	0	2	2	Departamento	Contrafrente	40 años	160.000 ARS	Sí	Sí		Sí	No	No								No	Sí	Sí	No	Sí			1	Sur									Sí												Sí																		
Departamento en venta	Departamento Venta 4 Amb C /dep Barracas 2 Balcones 2 Espacio Guarda Coche Luminoso Imperdible	340000	USD	US$340.000	False	4	3	2	195.0	4 ambs.2 baños195 m² cubiertos	Rocha 1612 Piso 9°, Barracas, Capital Federal	https://departamento.mercadolibre.com.ar/MLA-3608783966-departamento-venta-4-amb-c-dep-barracas-2-balcones-2-espacio-guarda-coche-luminoso-imperdible-_JM#polycard_client=search-desktop&price_drop=not_apply&be_origin=backend&overlay_label=not_apply&search_layout=grid&position=11&type=item&tracking_id=b0113096-9daf-4957-96b8-c2e5a050259e&sid=search	barracas	220 m²	195 m²	2	1			Departamento	Frente	40 años	0 ARS	No	No		Sí	Sí	Sí		No	Sí	Sí	Sí	Sí	Sí	No	Sí	Sí	No	No	Sí	24 m²		Norte		Sí						Sí																															
Departamento en venta	Barracas - Departamento 2 Ambientes Con Amenities - Apto Crédito	80000	USD	US$80.000	False	2	1	1	41.0	2 ambs.1 baño41 m² cubiertos	Ruy Díaz De Guzmán Al 300, Barracas, Capital Federal	https://departamento.mercadolibre.com.ar/MLA-3529058916-barracas-departamento-2-ambientes-con-amenities-apto-credito-_JM#polycard_client=search-desktop&price_drop=not_apply&be_origin=backend&overlay_label=not_apply&search_layout=grid&position=12&type=item&tracking_id=b0113096-9daf-4957-96b8-c2e5a050259e&sid=search	barracas	41 m²	41 m²	0	0			Departamento	Contrafrente	10 años	120.000 ARS	No	Sí	Sí	No	No	No		No	No	No	No	No	No	Sí	Sí	No	Sí	No	No			Este						Sí																	Sí																
Departamento en venta	3 Ambientes Al Fte C/balcon Refac A Nuevo 2° Pisoxescalera	68000	USD	US$68.000	False	3	2	1	56.0	3 ambs.1 baño56 m² cubiertos	Patricios 600, Barracas, Capital Federal	https://departamento.mercadolibre.com.ar/MLA-1852299613-3-ambientes-al-fte-cbalcon-refac-a-nuevo-2-pisoxescalera-_JM#polycard_client=search-desktop&price_drop=not_apply&be_origin=backend&overlay_label=not_apply&search_layout=grid&position=13&type=item&tracking_id=b0113096-9daf-4957-96b8-c2e5a050259e&sid=search	barracas	60 m²	56 m²	0	0	3	2	Departamento	Frente	50 años	45.000 ARS	No	Sí		No	No	No								No	Sí	No	No	No			1	Oeste																					Sí																		
Departamento en venta	Venta Departamento 3 Ambientes,barracas,apto Credito.	119000	USD	US$119.000	False	3	2	2	57.0	3 ambs.2 baños57 m² cubiertos	Martin Garcia 272, Barracas, Capital Federal	https://departamento.mercadolibre.com.ar/MLA-1852239597-venta-departamento-3-ambientesbarracasapto-credito-_JM#polycard_client=search-desktop&price_drop=not_apply&be_origin=backend&overlay_label=not_apply&search_layout=grid&position=14&type=item&tracking_id=b0113096-9daf-4957-96b8-c2e5a050259e&sid=search	barracas	65 m²	57 m²	0	0		3	Departamento	Lateral	5 años	250.000 ARS	No	Sí		Sí	No	No								No	Sí	Sí	No	Sí			3	Oeste																					Sí																		
Departamento en venta	Semipiso 4 Amb Con Dep + Cochera + Amenities	249900	USD	US$249.900	False	4	3	2	121.0	4 ambs.2 baños121 m² cubiertos	Martin Garcia 500, Barracas, Capital Federal	https://departamento.mercadolibre.com.ar/MLA-3499749862-semipiso-4-amb-con-dep-cochera-amenities-_JM#polycard_client=search-desktop&price_drop=not_apply&be_origin=backend&overlay_label=not_apply&search_layout=grid&position=15&type=item&tracking_id=b0113096-9daf-4957-96b8-c2e5a050259e&sid=search	barracas	138 m²	121 m²	1	0	2		Semi piso	Frente	40 años	900.000 ARS	Sí	Sí		Sí	No	No								Sí	Sí	Sí	No	Sí			1	Norte									Sí																								Sí						
Departamento en venta	Venta 2 Ambientes Con Balcon, Muy Luminoso Con Cochera	7500069000	USD	US$75.000US$69.000 BAJÓ DE PRECIO	False	2	1	1	38.0	2 ambs.1 baño38 m² cubiertos	Tomas Liberti 1192, Barracas, Capital Federal	https://departamento.mercadolibre.com.ar/MLA-3477514598-venta-2-ambientes-con-balcon-muy-luminoso-con-cochera-_JM#polycard_client=search-desktop&price_drop=true&be_origin=backend&overlay_label=not_apply&search_layout=grid&position=16&type=item&tracking_id=b0113096-9daf-4957-96b8-c2e5a050259e&sid=search	barracas	38 m²	38 m²	1	0		8	Departamento	Frente	35 años	95.000 ARS	No	Sí		Sí	No	No								No	Sí	Sí	No	No																																											
Departamento en venta	Departamento Monoambiente En Venta Luminoso Vieytes E Iriarte	45000	USD	US$45.000	False	1	1	1	35.0	1 amb.1 baño35 m² cubiertos	Vieytes 1369, Barracas, Capital Federal	https://departamento.mercadolibre.com.ar/MLA-3458528072-departamento-monoambiente-en-venta-luminoso-vieytes-e-iriarte-_JM#polycard_client=search-desktop&price_drop=not_apply&be_origin=backend&overlay_label=not_apply&search_layout=grid&position=17&type=item&tracking_id=b0113096-9daf-4957-96b8-c2e5a050259e&sid=search	barracas	35 m²	35 m²	0							96.000 ARS		Sí											Sí						Sí																																										
Departamento en venta	Piso En Venta En Barracas - Departamento En Venta - Jovellanos 500	295000	USD	US$295.000	False	4	3	2	93.0	4 ambs.2 baños93 m² cubiertos	Jovellanos Al 590, Barracas, Capital Federal	https://departamento.mercadolibre.com.ar/MLA-3457929946-piso-en-venta-en-barracas-departamento-en-venta-jovellanos-500-_JM#polycard_client=search-desktop&price_drop=not_apply&be_origin=backend&overlay_label=not_apply&search_layout=grid&position=18&type=item&tracking_id=b0113096-9daf-4957-96b8-c2e5a050259e&sid=search	barracas	106 m²	93 m²	1	0			Departamento	Frente	35 años	350.000 ARS	Sí	Sí		No	Sí	No		No	Sí	Sí	No	Sí	Sí	No	Sí	Sí	Sí	Sí	Sí	13 m²	1		Sí	Sí							Sí						Sí										Sí														
Departamento en venta	Venta Departamento 4 Ambientes Barracas	165000	USD	US$165.000	False	4	3	2	70.0	4 ambs.2 baños70 m² cubiertos	Av Montes De Oca Al 1434. Entre Benito Quinquela, Martin Y Cnel. Salvadores, Barracas, Capital Federal	https://departamento.mercadolibre.com.ar/MLA-3322841260-venta-departamento-4-ambientes-barracas-_JM#polycard_client=search-desktop&price_drop=not_apply&be_origin=backend&overlay_label=not_apply&search_layout=grid&position=19&type=item&tracking_id=b0113096-9daf-4957-96b8-c2e5a050259e&sid=search	barracas	70,5 m²	70,5 m²	0	0	35	1	Departamento	Frente	45 años	400.000 ARS	Sí	Sí		Sí	No	No	Sí	No	Sí	Sí	No	No	Sí	No	Sí	Sí	Sí	Sí	Sí		12	Oeste	Sí		1					Sí	Sí																														
Departamento en venta	Venta Departamento 7 Ambientes Barracas	239000	USD	US$239.000	False	7	4	0	180.0	7 ambs.180 m² cubiertos	Av Montes De Oca Al 1189. Entre Rocha Y Magallanes, Barracas, Capital Federal	https://departamento.mercadolibre.com.ar/MLA-1774606775-venta-departamento-7-ambientes-barracas-_JM#polycard_client=search-desktop&price_drop=not_apply&be_origin=backend&overlay_label=not_apply&search_layout=grid&position=20&type=item&tracking_id=b0113096-9daf-4957-96b8-c2e5a050259e&sid=search	barracas	180 m²	180 m²	0	1	21	1	Departamento	Frente	65 años	500.000 ARS	Sí	Sí		Sí	No	No	Sí	No	Sí	Sí	No	Sí	Sí	No	Sí	Sí	No	Sí	Sí		6	Norte	Sí	Sí	1					Sí	Sí							Sí		Sí					Sí			Sí							Sí						
Departamento en venta	Venta Departamento 3 Ambientes Barracas	139000	USD	US$139.000	False	3	2	2	100.0	3 ambs.2 baños100 m² cubiertos	Av Montes De Oca Al 1189. Entre Rocha Y Magallanes, Barracas, Capital Federal	https://departamento.mercadolibre.com.ar/MLA-3265126720-venta-departamento-3-ambientes-barracas-_JM#polycard_client=search-desktop&price_drop=not_apply&be_origin=backend&overlay_label=not_apply&search_layout=grid&position=21&type=item&tracking_id=b0113096-9daf-4957-96b8-c2e5a050259e&sid=search	barracas	100 m²	100 m²	0	0	21		Departamento	Contrafrente	65 años	350.000 ARS	Sí	No		Sí	No	No	Sí	No	No	No	No	No	Sí	No	Sí	Sí	Sí	Sí	Sí		6	Oeste	Sí	Sí	1					Sí	Sí							Sí										Sí													
Departamento en venta	Montes De Oca Al 1500 - Barracas - Caba	114999	USD	US$114.999	False	2	1	1	53.0	2 ambs.1 baño53 m² cubiertos	Avenida Montes De Oca Al 1500, Barracas, Capital Federal	https://departamento.mercadolibre.com.ar/MLA-1756967817-montes-de-oca-al-1500-barracas-caba-_JM#polycard_client=search-desktop&price_drop=not_apply&be_origin=backend&overlay_label=not_apply&search_layout=grid&position=22&type=item&tracking_id=b0113096-9daf-4957-96b8-c2e5a050259e&sid=search	barracas	60 m²	53 m²	0	0			Departamento		14 años	190.000 ARS	No	No		Sí	No	No		No	No	No	No	Sí	Sí	No		No	No	No	No		1				1																																				
Departamento en venta	Venta Departamento De Categoría - 6 Ambientes - Av Martin García 700 - Barracas	410000	USD	US$410.000	False	6	4	3	214.0	6 ambs.3 baños214 m² cubiertos	AV Martin Garcia Al 700, Barracas, Capital Federal	https://departamento.mercadolibre.com.ar/MLA-3035499654-venta-departamento-de-categoria-6-ambientes-av-martin-garcia-700-barracas-_JM#polycard_client=search-desktop&price_drop=not_apply&be_origin=backend&overlay_label=not_apply&search_layout=grid&position=23&type=item&tracking_id=b0113096-9daf-4957-96b8-c2e5a050259e&sid=search	barracas	214 m²	214 m²	1	1		8	Departamento	Frente	40 años	0 ARS	Sí	Sí		No	Sí	No		Sí	Sí	Sí	Sí	Sí	Sí	No	Sí	Sí	Sí	Sí	Sí		1	Norte	Sí	Sí				Sí			Sí					Sí	Sí	Sí	Sí						Sí		Sí								Sí						
Departamento en venta	Venta Departamento 2 Ambientes Con Patio Barracas	78000	USD	US$78.000	False	2	1	1	37.0	2 ambs.1 baño37 m² cubiertos	Montes De Oca Al 969. Entre Olavarria Y Suarez, Barracas, Capital Federal	https://departamento.mercadolibre.com.ar/MLA-2830754010-venta-departamento-2-ambientes-con-patio-barracas-_JM#polycard_client=search-desktop&float_highlight=not_apply&price_drop=not_apply&be_origin=backend&overlay_label=not_apply&search_layout=grid&position=24&type=item&tracking_id=b0113096-9daf-4957-96b8-c2e5a050259e&sid=search	barracas	49,45 m²	37,93 m²	0	0	81	1	Departamento	Contrafrente	50 años	90.000 ARS	Sí	No		No	No	No	Sí	No	Sí	Sí	No	Sí	Sí	No	Sí	Sí	No	Sí	Sí	9,94 m²	10	Oeste	Sí	Sí	1						Sí							Sí																							
Departamento en venta	Venta Departamento 3 Ambientes 64m2 Con Balcón	136500	USD	US$136.500	False	3	2	1	50.0	3 ambs.1 baño50 m² cubiertos	Ruy Díaz De Guzmán Al 79. Entre Av Martin Garcia Y Gualeguay, Barracas, Capital Federal	https://departamento.mercadolibre.com.ar/MLA-2799546494-venta-departamento-3-ambientes-64m2-con-balcon-_JM#polycard_client=search-desktop&float_highlight=not_apply&price_drop=not_apply&be_origin=backend&overlay_label=not_apply&search_layout=grid&position=25&type=item&tracking_id=b0113096-9daf-4957-96b8-c2e5a050259e&sid=search	barracas	64,15 m²	50,85 m²	0	0	27	3	Departamento	Contrafrente	45 años	184.000 ARS	Sí	Sí		Sí	No	No	Sí	Sí	Sí	Sí	No	Sí	Sí	No	Sí	Sí	Sí	No	Sí	9,13 m²	9	Norte	Sí	Sí	1																																				
Departamento en venta	Departamento En Barracas	57000	USD	US$57.000	False	1	0	1	43.0	1 amb.1 baño43 m² cubiertos	Montes De Oca Al 1700, Barracas, Capital Federal	https://departamento.mercadolibre.com.ar/MLA-1608857289-departamento-en-barracas-_JM#polycard_client=search-desktop&float_highlight=not_apply&price_drop=not_apply&be_origin=backend&overlay_label=not_apply&search_layout=grid&position=26&type=item&tracking_id=b0113096-9daf-4957-96b8-c2e5a050259e&sid=search	barracas	43 m²	43 m²	0	0			Departamento	Lateral	35 años	150.000 ARS	Sí	Sí	Sí	Sí	No	Sí		No	No	No	No	No	Sí	No	Sí	Sí	Sí	No	No		10																																								
Departamento en venta	Departamento De Dos Ambientes, Venta En Barracas, Ideal Primera Inversión, Se Entrega Con Muebles	68000	USD	US$68.000	False	2	1	1	40.0	2 ambs.1 baño40 m² cubiertos	Av. Martín García 500, Barracas, Capital Federal	https://departamento.mercadolibre.com.ar/MLA-1917320849-departamento-de-dos-ambientes-venta-en-barracas-ideal-primera-inversion-se-entrega-con-muebles-_JM#polycard_client=search-desktop&price_drop=not_apply&be_origin=backend&overlay_label=not_apply&search_layout=grid&position=27&type=item&tracking_id=b0113096-9daf-4957-96b8-c2e5a050259e&sid=search	barracas	40 m²	40 m²	0	0			Departamento	Interno	40 años	124.000 ARS							Sí	No					Sí	No								Sur		Sí																									Sí												
Departamento en venta	Barracas, Excelente Semipiso 4 Amb. 2 Bños. Lav. Balcon Corr	129800	USD	US$129.800	False	4	3	2	86.0	4 ambs.2 baños86 m² cubiertos	Av. Montes De Oca 100, Barracas, Capital Federal	https://departamento.mercadolibre.com.ar/MLA-3507292898-barracas-excelente-semipiso-4-amb-2-bnos-lav-balcon-corr-_JM#polycard_client=search-desktop&float_highlight=not_apply&price_drop=not_apply&be_origin=backend&overlay_label=not_apply&search_layout=grid&position=28&type=item&tracking_id=b0113096-9daf-4957-96b8-c2e5a050259e&sid=search	barracas	97 m²	86 m²	0	1	2		Semi piso	Frente	60 años	200.000 ARS	Sí	Sí							Sí	Sí		Sí	Sí		Sí	Sí	Sí	Sí		11 m²	6	Norte	Sí	Sí													Sí																								
Departamento en venta	Vieytes 1300, Caba /depto 2 Ambientes/ Balcón / 45m2. /impecable	65000	USD	US$65.000	False	2	1	1	45.0	2 ambs.1 baño45 m² cubiertos	Vieytes 1300, Barracas, Capital Federal	https://departamento.mercadolibre.com.ar/MLA-1722564205-vieytes-1300-caba-depto-2-ambientes-balcon-45m2-impecable-_JM#polycard_client=search-desktop&price_drop=not_apply&be_origin=backend&overlay_label=not_apply&search_layout=grid&position=29&type=item&tracking_id=b0113096-9daf-4957-96b8-c2e5a050259e&sid=search	barracas	45 m²	45 m²	0	0				Interno	30 años	100.000 ARS				Sí						Sí		Sí			Sí	Sí		Sí		2 m²		Sur	Sí								Sí	Sí																													
Departamento en venta	Excelente Oportunidad. Venta De Departamento 3 Ambientes Al Frente En 4° Piso, Súper Luminoso, Con Balcón, Aire Acondicionado, Estufa Instalada Y Cocina Moderna Con Barra.	110000	USD	US$110.000	False	3	2	1	57.0	3 ambs.1 baño57 m² cubiertos	Av. Montes De Oca 600 - 900, C1270AAU Cdad. Autónoma De Buenos Aires, Argentina, Barracas, Capital Federal	https://departamento.mercadolibre.com.ar/MLA-1952085597-excelente-oportunidad-venta-de-departamento-3-ambientes-al-frente-en-4-piso-super-luminoso-con-balcon-aire-acondicionado-estufa-instalada-y-cocina-moderna-con-barra-_JM#polycard_client=search-desktop&price_drop=not_apply&be_origin=backend&overlay_label=not_apply&search_layout=grid&position=30&type=item&tracking_id=b0113096-9daf-4957-96b8-c2e5a050259e&sid=search	barracas	57 m²	57 m²	0				Departamento	Frente		300.000 ARS							Sí	Sí	Sí			Sí	Sí																	Sí										Sí		Sí																			
Departamento en venta	Departamento 2 Ambientes Con Balcón A Metros De Av. Montes De Oca - Barracas	75000	USD	US$75.000	False	2	1	1	33.0	2 ambs.1 baño33 m² totales	Isabel La Catolica Al 900, Barracas, Capital Federal	https://departamento.mercadolibre.com.ar/MLA-3593777036-departamento-2-ambientes-con-balcon-a-metros-de-av-montes-de-oca-barracas-_JM#polycard_client=search-desktop&price_drop=not_apply&be_origin=backend&overlay_label=not_apply&search_layout=grid&position=31&type=item&tracking_id=b0113096-9daf-4957-96b8-c2e5a050259e&sid=search	barracas	33 m²		0	1	4	5	Departamento	Frente	45 años	0 ARS	No	No		Sí	No	No		No	No	Sí	No	No	Sí	No	Sí	Sí	Sí	No	No		1	Norte																																							
Departamento en venta	Venta Departamento 2 Ambientes En Barracas	145000	USD	US$145.000	False	2	1	1	43.0	2 ambs.1 baño43 m² cubiertos	Olavarría 1500, Barracas, Capital Federal	https://departamento.mercadolibre.com.ar/MLA-1768415555-venta-departamento-2-ambientes-en-barracas-_JM#polycard_client=search-desktop&price_drop=not_apply&be_origin=backend&overlay_label=not_apply&search_layout=grid&position=32&type=item&tracking_id=b0113096-9daf-4957-96b8-c2e5a050259e&sid=search	barracas	48 m²	43 m²	1	1	2	4	Semi piso	Frente	25 años	150.000 ARS	No			No	No	No								No		No	No	No				Norte																																							
Departamento en venta	Departamento En Venta En Chubut Esquina Iriarte	330000	USD	US$330.000	False	6	5	0	450.0	6 ambs.450 m² cubiertos	Chubut 1393. Entre Esquina Y Iriarte, Barracas, Capital Federal	https://departamento.mercadolibre.com.ar/MLA-3666046726-departamento-en-venta-en-chubut-esquina-iriarte-_JM#polycard_client=search-desktop&price_drop=not_apply&be_origin=backend&overlay_label=not_apply&search_layout=grid&position=33&type=item&tracking_id=b0113096-9daf-4957-96b8-c2e5a050259e&sid=search	barracas	600 m²	450 m²	1	0			Departamento	Frente	50 años	0 ARS	Sí	Sí		No	No	No		No	No	No	No	No	No	No		No	No	No	No	150 m²		Este															Sí																								
Departamento en venta	Venta Departamento En Parque Patricios Apto Credito	189000	USD	US$189.000	False	4	3	2	100.0	4 ambs.2 baños100 m² cubiertos	Pagola 3900, Barracas, Capital Federal	https://departamento.mercadolibre.com.ar/MLA-1995877507-venta-departamento-en-parque-patricios-apto-credito-_JM#polycard_client=search-desktop&float_highlight=recent_publication&price_drop=not_apply&be_origin=backend&overlay_label=not_apply&search_layout=grid&position=34&type=item&tracking_id=b0113096-9daf-4957-96b8-c2e5a050259e&sid=search	barracas	115 m²	100 m²	1	1	5	14	Departamento	Contrafrente	5 años	140.000 ARS	Sí	Sí		Sí	No	Sí								Sí	Sí	Sí	Sí	Sí			1	Norte	Sí			Sí	Sí				Sí				24 horas		Sí					Sí	Sí		Sí				Sí	Sí		Sí	Sí	Sí		Sí	Sí	Sí	Sí		
Departamento en venta	Dueño Directo Vende Dúplex Tipo Loft En El Emblemático Edificio Moca 1, Barracas | 73,36 M2 + Baulera | Amenities Premium | Luz, Diseño, Amenities Y Potencial Airbnb.	185000	USD	US$185.000	False	2	1	2	73.0	2 ambs.2 baños73 m² cubiertos	Av. Montes De Oca 1 - 300, Barracas, Capital Federal	https://departamento.mercadolibre.com.ar/MLA-3790109278-dueno-directo-vende-duplex-tipo-loft-en-el-emblematico-edificio-moca-1-barracas-7336-m2-baulera-amenities-premium-luz-diseno-amenities-y-potencial-airbnb-_JM#polycard_client=search-desktop&float_highlight=recent_publication&price_drop=not_apply&be_origin=backend&overlay_label=not_apply&search_layout=grid&position=35&type=item&tracking_id=b0113096-9daf-4957-96b8-c2e5a050259e&sid=search	barracas	73,36 m²	73,36 m²	0	1		5	Dúplex	Contrafrente	15 años	400.000 ARS	Sí	Sí	Sí	Sí	Sí	Sí	Sí					Sí	Sí	Sí	Sí	Sí	Sí	Sí	Sí			Norte	Sí			Sí	Sí	Sí	Sí	Sí	Sí	Sí	Sí		24 horas		Sí			Sí	Sí		Sí					Sí	Sí	Sí				Sí					Sí		
Departamento en venta	Excelente 2 Ambientes En Barracas | Cochera, Gran Balcón Y Súper Luminoso	55000	USD	US$55.000	False	2	1	1	53.0	2 ambs.1 baño53 m² cubiertos	Agustín Magaldi 1200 - 1500, Barracas, Capital Federal	https://departamento.mercadolibre.com.ar/MLA-3752803898-excelente-2-ambientes-en-barracas-cochera-gran-balcon-y-super-luminoso-_JM#polycard_client=search-desktop&price_drop=not_apply&be_origin=backend&overlay_label=not_apply&search_layout=grid&position=36&type=item&tracking_id=b0113096-9daf-4957-96b8-c2e5a050259e&sid=search	barracas	70 m²	53 m²	1	0	2		Departamento	Interno		0 ARS	Sí	No							Sí			Sí	Sí		Sí	Sí	Sí	Sí	Sí		1		Sí								Sí																														
Departamento en venta	Departamento En Venta En Barracas, Montes De Oca	160000	USD	US$160.000	False	4	3	2	83.0	4 ambs.2 baños83 m² cubiertos	Av. Montes De Oca 600 - 900, Barracas, Capital Federal	https://departamento.mercadolibre.com.ar/MLA-1940279097-departamento-en-venta-en-barracas-montes-de-oca-_JM#polycard_client=search-desktop&price_drop=not_apply&be_origin=backend&overlay_label=not_apply&search_layout=grid&position=37&type=item&tracking_id=b0113096-9daf-4957-96b8-c2e5a050259e&sid=search	barracas	88,9 m²	83 m²	0	1	2		Departamento		97 años	190.000 ARS	Sí			Sí				Sí	Sí	Sí																				Sí								Sí											Sí												
Departamento en venta	3 Ambientes Impecable Con Cochera Cubierta | Muy Luminoso | Balcón | Pileta | Excelente Distribución | Listo Para Mudarse | Estado De Mantenimiento Excelente	230000	USD	US$230.000	False	3	2	2	75.0	3 ambs.2 baños75 m² cubiertos	Wenceslao Villafañe 1264, Barracas, Capital Federal	https://departamento.mercadolibre.com.ar/MLA-3769608780-3-ambientes-impecable-con-cochera-cubierta-muy-luminoso-balcon-pileta-excelente-distribucion-listo-para-mudarse-estado-de-mantenimiento-excelente-_JM#polycard_client=search-desktop&price_drop=not_apply&be_origin=backend&overlay_label=not_apply&search_layout=grid&position=38&type=item&tracking_id=b0113096-9daf-4957-96b8-c2e5a050259e&sid=search	barracas	82 m²	75 m²	1	0	4	3	Departamento	Frente	15 años	300.000 ARS	Sí	Sí	Sí	Sí	No	Sí	Sí	No	Sí	Sí	No	Sí	Sí	Sí	Sí	Sí	Sí	Sí	Sí	7 m²	3	Norte	Sí		1					Sí	Sí	Sí			24 horas	Sí			Sí	Sí			Sí				Sí					Sí									
Departamento en venta	Reservado! - Ph 3 Ambientes Con Entrepisos Y Patio Cubierto Barracas	52000	USD	US$52.000	False	3	2	1	58.0	3 ambs.1 baño58 m² cubiertos	Anchoris 152, Barracas, Capital Federal	https://departamento.mercadolibre.com.ar/MLA-1919546987-reservado-ph-3-ambientes-con-entrepisos-y-patio-cubierto-barracas-_JM#polycard_client=search-desktop&price_drop=not_apply&be_origin=backend&overlay_label=not_apply&search_layout=grid&position=39&type=item&tracking_id=b0113096-9daf-4957-96b8-c2e5a050259e&sid=search	barracas	43 m²	58 m²	0		12		Ph	Interno	60 años	87.000 ARS		Sí																			2																																								
Departamento en venta	2 Ambientes Al Frente Gran Luminosidad Y Ubicación Estratégica	70000	USD	US$70.000	False	2	1	1	34.0	2 ambs.1 baño34 m² cubiertos	Anchoris 7, Barracas, Capital Federal	https://departamento.mercadolibre.com.ar/MLA-1914711175-2-ambientes-al-frente-gran-luminosidad-y-ubicacion-estrategica-_JM#polycard_client=search-desktop&price_drop=not_apply&be_origin=backend&overlay_label=not_apply&search_layout=grid&position=40&type=item&tracking_id=b0113096-9daf-4957-96b8-c2e5a050259e&sid=search	barracas	37 m²	34 m²	0	0	3	3	Departamento	Frente	50 años	200.000 ARS	Sí	Sí		Sí		No	Sí	No	Sí	Sí	No	Sí	Sí	No	Sí	Sí	Sí	No	Sí	3 m²	1		Sí								Sí		Sí																												
Departamento en venta	Monoambiente En Duplex. Dueño Directo	52000	USD	US$52.000	False	1	1	1	30.0	1 amb.1 baño30 m² cubiertos	Gaspar, C. Gaspar M. De Jovellanos 1496, Barracas, Capital Federal	https://departamento.mercadolibre.com.ar/MLA-3763910628-monoambiente-en-duplex-dueno-directo-_JM#polycard_client=search-desktop&price_drop=not_apply&be_origin=backend&overlay_label=not_apply&search_layout=grid&position=41&type=item&tracking_id=b0113096-9daf-4957-96b8-c2e5a050259e&sid=search	barracas	33 m²	30 m²	0	0	1	1	Dúplex	Frente	10 años	0 ARS		Sí																		3 m²	1	Este																																							
Departamento en venta	Dueño Vende Depto. 3 Ambientes - Barracas S/ Av Moca	86000	USD	US$86.000	False	3	2	1	55.0	3 ambs.1 baño55 m² cubiertos	Av. Montes De Oca 1248, C1288 Cdad. Autónoma De Buenos Aires, Argentina, Barracas, Capital Federal	https://departamento.mercadolibre.com.ar/MLA-3711284050-dueno-vende-depto-3-ambientes-barracas-s-av-moca-_JM#polycard_client=search-desktop&price_drop=not_apply&be_origin=backend&overlay_label=not_apply&search_layout=grid&position=42&type=item&tracking_id=b0113096-9daf-4957-96b8-c2e5a050259e&sid=search	barracas	59,12 m²	55,22 m²	0	0	4	1	Departamento	Contrafrente	70 años	90.000 ARS	Sí	Sí		Sí	No	No	Sí	Sí	Sí	No	No	No	Sí	No	Sí	No	No	No	Sí		3	Norte		Sí											Virtual			Sí																							
Departamento en venta	Venta Barracas 4 Ambientes Sobre Rocha Dueño Directo	81999	USD	US$81.999	False	4	3	1	69.0	4 ambs.1 baño69 m² cubiertos	Rocha 1651, Barracas, Capital Federal	https://departamento.mercadolibre.com.ar/MLA-3705238784-venta-barracas-4-ambientes-sobre-rocha-dueno-directo-_JM#polycard_client=search-desktop&price_drop=not_apply&be_origin=backend&overlay_label=not_apply&search_layout=grid&position=43&type=item&tracking_id=b0113096-9daf-4957-96b8-c2e5a050259e&sid=search	barracas	69 m²	69 m²	0	0	5	20	Departamento	Lateral	45 años	219.000 ARS		Sí																			25	Sur			2																																				
Departamento en venta	Barracas 4 Amb Balcon Y Lavadero	120000	USD	US$120.000	False	4	3	1	81.0	4 ambs.1 baño81 m² cubiertos	Piedras Al 1600, Barracas, Capital Federal	https://departamento.mercadolibre.com.ar/MLA-2006585345-barracas-4-amb-balcon-y-lavadero-_JM#polycard_client=search-desktop&float_highlight=recent_publication&price_drop=not_apply&be_origin=backend&overlay_label=not_apply&search_layout=grid&position=44&type=item&tracking_id=b0113096-9daf-4957-96b8-c2e5a050259e&sid=search	barracas	88 m²	81 m²	0	0	2	2	Departamento	Contrafrente	55 años	236.000 ARS	No	Sí	Sí	Sí	Sí	Sí		No	No	Sí	No	Sí	Sí	No		No	No	No	Sí			Este		Sí						Sí																															
Departamento en venta	Barracas 4 Amb Ph 73m2 2 Dorm Sin Expensas	50000	USD	US$50.000	False	4	2	1	50.0	4 ambs.1 baño50 m² cubiertos	Feijoo 500, Barracas, Capital Federal	https://departamento.mercadolibre.com.ar/MLA-2006365217-barracas-4-amb-ph-73m2-2-dorm-sin-expensas-_JM#polycard_client=search-desktop&float_highlight=recent_publication&price_drop=not_apply&be_origin=backend&overlay_label=not_apply&search_layout=grid&position=45&type=item&tracking_id=b0113096-9daf-4957-96b8-c2e5a050259e&sid=search	barracas	73 m²	50 m²	0	0			Departamento	Interno	64 años	0 ARS	No	No		No	No	No		No	No	Sí	No	No	Sí	No		No	No	No	No	10 m²	1																																								
Departamento en venta	Venta Y/o Alquiler Temporario Departamento 4 Ambientes 2 Baños Barracas	250000	USD	US$250.000	False	4	3	2	103.0	4 ambs.2 baños103 m² cubiertos	Avenida Regimiento Patricios Al 1000, Barracas, Capital Federal	https://departamento.mercadolibre.com.ar/MLA-3811069088-venta-yo-alquiler-temporario-departamento-4-ambientes-2-banos-barracas-_JM#polycard_client=search-desktop&float_highlight=recent_publication&price_drop=not_apply&be_origin=backend&overlay_label=not_apply&search_layout=grid&position=46&type=item&tracking_id=b0113096-9daf-4957-96b8-c2e5a050259e&sid=search	barracas	111 m²	103 m²	0	1		5	Departamento	Frente	12 años	330.000 ARS	Sí	No	Sí	Sí	Sí	Sí	Sí	No	No	No	Sí	Sí	Sí	No		No	Sí	No	Sí	8 m²	2	Norte		Sí		Sí	Sí	Sí								Sí	Sí					Sí				Sí		Sí													
Departamento en venta	Venta Departamento 3 Ambientes En Barracas	185000	USD	US$185.000	False	3	2	1	63.0	3 ambs.1 baño63 m² cubiertos	Aristobulo Del Valle Al 1700, Barracas, Capital Federal	https://departamento.mercadolibre.com.ar/MLA-3810993084-venta-departamento-3-ambientes-en-barracas-_JM#polycard_client=search-desktop&float_highlight=recent_publication&price_drop=not_apply&be_origin=backend&overlay_label=not_apply&search_layout=grid&position=47&type=item&tracking_id=b0113096-9daf-4957-96b8-c2e5a050259e&sid=search	barracas	71 m²	63 m²	0	0	4	4	Departamento	Frente	15 años	250.000 ARS	Sí	Sí	Sí	Sí	No	Sí	Sí	No	No	No	No	No	Sí	No	Sí	Sí	Sí	No	No	7 m²	1	Norte						Sí																																	
Departamento en venta	Departamento 4 Ambientes En Venta	169000	USD	US$169.000	False	4	3	1	85.0	4 ambs.1 baño85 m² cubiertos	Montes De Oca Al 700, Barracas, Capital Federal	https://departamento.mercadolibre.com.ar/MLA-3810989560-departamento-4-ambientes-en-venta-_JM#polycard_client=search-desktop&float_highlight=recent_publication&price_drop=not_apply&be_origin=backend&overlay_label=not_apply&search_layout=grid&position=48&type=item&tracking_id=b0113096-9daf-4957-96b8-c2e5a050259e&sid=search	barracas	88 m²	85 m²	0	0		2	Departamento		70 años	130.000 ARS	No	No		Sí	No	No		No	No	No	No	No	No	No	Sí	Sí	No	No	No	3 m²										Sí																															
Departamento en venta	2 Ambientes Con Balcón Y Vista Abierta | Piso 12 Metros De Parque Lezama - A Acondicionar	73000	USD	US$73.000	False	2	1	1	52.0	2 ambs.1 baño52 m² cubiertos	Doctor Enrique Finochietto 400, Barracas, Capital Federal	https://departamento.mercadolibre.com.ar/MLA-3811390188-2-ambientes-con-balcon-y-vista-abierta-piso-12-metros-de-parque-lezama-a-acondicionar-_JM#polycard_client=search-desktop&float_highlight=recent_publication&price_drop=not_apply&be_origin=backend&overlay_label=not_apply&search_layout=grid&position=1&type=item&tracking_id=ac94ebd2-7947-4f40-b4e7-ae56cb97c4b7&sid=search	barracas	54 m²	52 m²	0			12	Departamento	Contrafrente	28 años	250.000 ARS					Sí				Sí	Sí		Sí	Sí								16	Sur		Sí													Sí																								
Departamento en venta	Departamento 2 Ambientes En Venta	95000	USD	US$95.000	False	2	1	1	47.0	2 ambs.1 baño47 m² cubiertos	Brandsen Al 1600, Barracas, Capital Federal	https://departamento.mercadolibre.com.ar/MLA-3811065278-departamento-2-ambientes-en-venta-_JM#polycard_client=search-desktop&float_highlight=recent_publication&price_drop=not_apply&be_origin=backend&overlay_label=not_apply&search_layout=grid&position=2&type=item&tracking_id=ac94ebd2-7947-4f40-b4e7-ae56cb97c4b7&sid=search	barracas	58 m²	47 m²	0	0			Departamento	Interno	77 años	130.000 ARS	No	No		No	No	No		No	No	No	No	No	No	No		No	No	No	No	10 m²																	Sí																								
Departamento en venta	Venta Departamento 4 Ambientes - Caba	95000	USD	US$95.000	False	4	3	1	72.0	4 ambs.1 baño72 m² cubiertos	Caboto Al 200, La Boca, Capital Federal	https://departamento.mercadolibre.com.ar/MLA-3786581192-venta-departamento-4-ambientes-caba-_JM#polycard_client=search-desktop&float_highlight=recent_publication&price_drop=not_apply&be_origin=backend&overlay_label=not_apply&search_layout=grid&position=1&type=item&tracking_id=af5a7618-628e-4e41-ab3d-acaae6df72f9&sid=search	la-boca	72 m²	72 m²	0	0		1	Departamento	Contrafrente	40 años	234.000 ARS	Sí	Sí	Sí	Sí	Sí	Sí		No	No	No	No	No	Sí	No	Sí	Sí	No	No	Sí			Sur	Sí	Sí																																					
Departamento en venta	Venta (apto Crédito) 2 Ambientes Con Cochera Y Balcon	75000	USD	US$75.000	False	2	1	1	39.0	2 ambs.1 baño39 m² cubiertos	Tomas Liberti Al 1100, La Boca, Capital Federal	https://departamento.mercadolibre.com.ar/MLA-3786843504-venta-apto-credito-2-ambientes-con-cochera-y-balcon-_JM#polycard_client=search-desktop&float_highlight=recent_publication&price_drop=not_apply&be_origin=backend&overlay_label=not_apply&search_layout=grid&position=2&type=item&tracking_id=af5a7618-628e-4e41-ab3d-acaae6df72f9&sid=search	la-boca	39 m²	39 m²	1	0	4		Departamento	Contrafrente	50 años	15.000 ARS	Sí	Sí		Sí	Sí	Sí		No	Sí	Sí	No	Sí	Sí	No	Sí	Sí	Sí	Sí	Sí			Sur	Sí	Sí							Sí																	Sí													
Departamento en venta	Departamento A Metros Del Parque Lezama	82000	USD	US$82.000	False	3	2	1	51.0	3 ambs.1 baño51 m² cubiertos	Arzobispo Espinosa Al 300, La Boca, Capital Federal	https://departamento.mercadolibre.com.ar/MLA-3761002250-departamento-a-metros-del-parque-lezama-_JM#polycard_client=search-desktop&price_drop=not_apply&be_origin=backend&overlay_label=not_apply&search_layout=grid&position=3&type=item&tracking_id=af5a7618-628e-4e41-ab3d-acaae6df72f9&sid=search	la-boca	60 m²	51 m²	0	0			Departamento	Frente	59 años	140.000 ARS	Sí	Sí		No	Sí	No		Sí	No	No	No	Sí	Sí	No	Sí	Sí	Sí	No	Sí	6 m²		Norte		Sí																																					
Departamento en venta	Duplex En La Boca Excelente Propiedad Puerto Pampa	85000	USD	US$85.000	False	3	2	1	44.0	3 ambs.1 baño44 m² cubiertos	Caboto 450, La Boca, Capital Federal	https://departamento.mercadolibre.com.ar/MLA-1896001249-duplex-en-la-boca-excelente-propiedad-puerto-pampa-_JM#polycard_client=search-desktop&price_drop=not_apply&be_origin=backend&overlay_label=not_apply&search_layout=grid&position=4&type=item&tracking_id=af5a7618-628e-4e41-ab3d-acaae6df72f9&sid=search	la-boca	47 m²	44 m²	0	0	10	4	Departamento	Frente	8 años	260.000 ARS	Sí	No		Sí	No	No								Sí	Sí	No	No	Sí			6	Norte																					Sí																	Sí	
Departamento en venta	Venta Departamento 2 Ambientes Con Balcón Y Vista Abierta En La Boca	43000	USD	US$43.000	False	2	0	1	43.0	2 ambs.1 baño43 m² cubiertos	Villafañe Al 100, La Boca, Capital Federal	https://departamento.mercadolibre.com.ar/MLA-3692909110-venta-departamento-2-ambientes-con-balcon-y-vista-abierta-en-la-boca-_JM#polycard_client=search-desktop&price_drop=not_apply&be_origin=backend&overlay_label=not_apply&search_layout=grid&position=5&type=item&tracking_id=af5a7618-628e-4e41-ab3d-acaae6df72f9&sid=search	la-boca	43 m²	43 m²	0	0	2	7	Departamento	Contrafrente	40 años	197.400 ARS	No	No	Sí	Sí	No	No		No	No	No	No	Sí	Sí	No	Sí	Sí	No	No	No	5 m²		Sur	Sí								Sí																														
Departamento en venta	Departamento En Venta De 3 Ambientes En La Boca	95000	USD	US$95.000	False	3	2	1	52.0	3 ambs.1 baño52 m² cubiertos	Azopardo Al 1500, La Boca, Capital Federal	https://departamento.mercadolibre.com.ar/MLA-1904036751-departamento-en-venta-de-3-ambientes-en-la-boca-_JM#polycard_client=search-desktop&price_drop=not_apply&be_origin=backend&overlay_label=not_apply&search_layout=grid&position=6&type=item&tracking_id=af5a7618-628e-4e41-ab3d-acaae6df72f9&sid=search	la-boca	52 m²	52 m²	1	0	4	7	Departamento	Contrafrente	60 años	120.000 ARS	Sí	Sí	Sí	Sí	Sí	Sí	Sí	No	Sí	Sí	No	No	Sí	No	Sí	Sí	No	Sí	Sí			Oeste		Sí																																					
Departamento en venta	Martin Rodriguez Al 700 - Todo Al Frente Balcon Patio Todo Sol Todo Externo Baulera	66000	USD	US$66.000	False	2	1	0	53.0	2 ambs.53 m² cubiertos	Martin Rodriguez Al 700 1°, La Boca, Capital Federal	https://departamento.mercadolibre.com.ar/MLA-1882915459-martin-rodriguez-al-700-todo-al-frente-balcon-patio-todo-sol-todo-externo-baulera-_JM#polycard_client=search-desktop&price_drop=not_apply&be_origin=backend&overlay_label=not_apply&search_layout=grid&position=7&type=item&tracking_id=af5a7618-628e-4e41-ab3d-acaae6df72f9&sid=search	la-boca	64 m²	53 m²	0	1		1	Departamento	Frente	70 años	48.300 ARS	No	Sí		No	Sí	No		No	Sí	Sí	No	Sí	Sí	No	Sí	Sí	No	No	Sí					Sí														Sí																							
Departamento en venta	Venta Departamento 3 Ambientes En La Boca	75000	USD	US$75.000	False	3	2	1	56.0	3 ambs.1 baño56 m² cubiertos	Pje. Miguel Carlos Victorica Al 200, La Boca, Capital Federal	https://departamento.mercadolibre.com.ar/MLA-1930526963-venta-departamento-3-ambientes-en-la-boca-_JM#polycard_client=search-desktop&price_drop=not_apply&be_origin=backend&overlay_label=not_apply&search_layout=grid&position=8&type=item&tracking_id=af5a7618-628e-4e41-ab3d-acaae6df72f9&sid=search	la-boca	56 m²	56 m²	0	0			Departamento	Lateral	60 años	89.000 ARS	Sí	No		Sí	Sí	No		No	No	No	No	No	Sí	No	Sí	Sí	No	No	Sí			Este		Sí																																					
Departamento en venta	Venta 2 Ambientes En Duplex Con Cochera - Condominio Puerto Pampa- Seguridad- Distrito De Las Artes	138000	USD	US$138.000	False	2	1	2	57.0	2 ambs.2 baños57 m² cubiertos	CABOTO Al 450. Entre 20 De Septiembre Y Blanes, Juan M., La Boca, Capital Federal	https://departamento.mercadolibre.com.ar/MLA-3488359986-venta-2-ambientes-en-duplex-con-cochera-condominio-puerto-pampa-seguridad-distrito-de-las-artes-_JM#polycard_client=search-desktop&price_drop=not_apply&be_origin=backend&overlay_label=not_apply&search_layout=grid&position=9&type=item&tracking_id=af5a7618-628e-4e41-ab3d-acaae6df72f9&sid=search	la-boca	64,8 m²	57,9 m²	1	0		6	Dúplex	Frente	8 años	230.000 ARS	No	No		Sí	No	Sí		No	No	No	No	No	No	Sí		No	No	No	No	6,9 m²					1		Sí								24 horas						Sí																				
Departamento en venta	Depto. - Venta - 2 Amb. - La Boca - Oportunidad - Patio.-	39900	USD	US$39.900	False	2	1	1	39.0	2 ambs.1 baño39 m² cubiertos	RODRIGUEZ, MARTIN Al 1171. Entre Mendoza, Pedro De, Av. Y Araoz Alfaro Gregorio, Dr., La Boca, Capital Federal	https://departamento.mercadolibre.com.ar/MLA-1914493231-depto-venta-2-amb-la-boca-oportunidad-patio--_JM#polycard_client=search-desktop&price_drop=not_apply&be_origin=backend&overlay_label=not_apply&search_layout=grid&position=10&type=item&tracking_id=af5a7618-628e-4e41-ab3d-acaae6df72f9&sid=search	la-boca	39,2 m²	39,2 m²	0	0	6		Departamento	Frente	60 años	75.000 ARS	Sí	Sí		Sí	No	No	Sí	No	No	Sí	No	No	Sí	No	Sí	Sí	No	No	No		5	Este			1													Sí																							
Departamento en venta	Departamento En Boca	41000	USD	US$41.000	False	3	2	1	54.0	3 ambs.1 baño54 m² cubiertos	Necochea Al 1300, La Boca, Capital Federal	https://departamento.mercadolibre.com.ar/MLA-3271094680-departamento-en-boca-_JM#polycard_client=search-desktop&price_drop=not_apply&be_origin=backend&overlay_label=not_apply&search_layout=grid&position=11&type=item&tracking_id=af5a7618-628e-4e41-ab3d-acaae6df72f9&sid=search	la-boca	54 m²	54 m²	0	0	4	1	Departamento	Interno	70 años	0 ARS	No	No		Sí	No	No		No	No	No	No	Sí	Sí	No	Sí	Sí	No	No	No			Oeste																																							
Departamento en venta	Depto 3 Amb Con Balcón En La Boca En Venta	49000	USD	US$49.000	False	3	2	1	51.0	3 ambs.1 baño51 m² cubiertos	Coronel Salvadores 700, La Boca, Capital Federal	https://departamento.mercadolibre.com.ar/MLA-2005975417-depto-3-amb-con-balcon-en-la-boca-en-venta-_JM#polycard_client=search-desktop&float_highlight=recent_publication&price_drop=not_apply&be_origin=backend&overlay_label=not_apply&search_layout=grid&position=12&type=item&tracking_id=af5a7618-628e-4e41-ab3d-acaae6df72f9&sid=search	la-boca	57 m²	51 m²	0	0	99	2	Departamento	Frente	22 años	40.223,61 ARS	No	Sí		No				No		Sí		Sí	Sí		Sí	Sí	Sí	No	No	5,29 m²	2	Norte		Sí																																					
Departamento en venta	Venta Departamento 3 Ambientes La Boca Con Renta	59000	USD	US$59.000	False	3	2	1	42.0	3 ambs.1 baño42 m² cubiertos	Pi Y Margall Al 1000, La Boca, Capital Federal	https://departamento.mercadolibre.com.ar/MLA-3790130190-venta-departamento-3-ambientes-la-boca-con-renta-_JM#polycard_client=search-desktop&float_highlight=recent_publication&price_drop=not_apply&be_origin=backend&overlay_label=not_apply&search_layout=grid&position=13&type=item&tracking_id=af5a7618-628e-4e41-ab3d-acaae6df72f9&sid=search	la-boca	42 m²	42 m²	0	0	3	1	Departamento	Frente	60 años	11.000 ARS	Sí	Sí		No	No	No		No	No	Sí	No	No	Sí	No	Sí	No	Sí	No	No		2	Norte	Sí								Sí							Sí																							
Departamento en venta	Departamento Tres Ambientes Con Balcón	87000	USD	US$87.000	False	3	2	1	57.0	3 ambs.1 baño57 m² cubiertos	20 De Septiembre Al 400, La Boca, Capital Federal	https://departamento.mercadolibre.com.ar/MLA-1957087309-departamento-tres-ambientes-con-balcon-_JM#polycard_client=search-desktop&price_drop=not_apply&be_origin=backend&overlay_label=not_apply&search_layout=grid&position=14&type=item&tracking_id=af5a7618-628e-4e41-ab3d-acaae6df72f9&sid=search	la-boca	60 m²	57 m²	0	0	7	8	Departamento	Frente	15 años	160.000 ARS	No	No		Sí	No	Sí		No	No	No	No	Sí	Sí	No	Sí	Sí	No	No	No			Norte	Sí								Sí																														
Departamento en venta	Departamento Monoambiente La Boca	41000	USD	US$41.000	False	1	0	1	26.0	1 amb.1 baño26 m² cubiertos	Avenida Almirante Brown 800, La Boca, Capital Federal	https://departamento.mercadolibre.com.ar/MLA-1952530955-departamento-monoambiente-la-boca-_JM#polycard_client=search-desktop&price_drop=not_apply&be_origin=backend&overlay_label=not_apply&search_layout=grid&position=15&type=item&tracking_id=af5a7618-628e-4e41-ab3d-acaae6df72f9&sid=search	la-boca	26 m²	26 m²	0	0	99	1	Departamento	Frente	42 años	110.000 ARS	No	No		No				No		No		No	No			No	No	No	No		3	Norte																																							
Departamento en venta	Venta Depto 3 Ambientes En La Boca Bajas Expensas	9000080000	USD	US$90.000US$80.000 BAJÓ DE PRECIO	False	3	2	1	52.0	3 ambs.1 baño52 m² cubiertos	Avenida Regimiento De Patricios 8000, La Boca, Capital Federal	https://departamento.mercadolibre.com.ar/MLA-1945608511-venta-depto-3-ambientes-en-la-boca-bajas-expensas-_JM#polycard_client=search-desktop&price_drop=true&be_origin=backend&overlay_label=not_apply&search_layout=grid&position=16&type=item&tracking_id=af5a7618-628e-4e41-ab3d-acaae6df72f9&sid=search	la-boca	52 m²	52 m²	0	0	99	1	Departamento	Frente	66 años	50.000 ARS	No	No		No				No		No		No	No			No	No	No	No		2	Norte							Sí																																
Departamento en venta	Venta Departamento 2 Ambientes La Boca Permuta	44000	USD	US$44.000	False	2	1	1	36.0	2 ambs.1 baño36 m² cubiertos	Aristóbulo Del Valle 200, La Boca, Capital Federal	https://departamento.mercadolibre.com.ar/MLA-3721582578-venta-departamento-2-ambientes-la-boca-permuta-_JM#polycard_client=search-desktop&price_drop=not_apply&be_origin=backend&overlay_label=not_apply&search_layout=grid&position=17&type=item&tracking_id=af5a7618-628e-4e41-ab3d-acaae6df72f9&sid=search	la-boca	36 m²	36 m²	0	0	99	16	Departamento	Frente	18 años	0 ARS	No	No	Sí	Sí				Sí		Sí		No	Sí			Sí	Sí	No	No		16	Norte																																							
Departamento en venta	Venta Departamento 3 Ambientes La Boca	72000	USD	US$72.000	False	3	2	1	63.0	3 ambs.1 baño63 m² cubiertos	Av. Almirante Brown 1100, La Boca, Capital Federal	https://departamento.mercadolibre.com.ar/MLA-3720467038-venta-departamento-3-ambientes-la-boca-_JM#polycard_client=search-desktop&price_drop=not_apply&be_origin=backend&overlay_label=not_apply&search_layout=grid&position=18&type=item&tracking_id=af5a7618-628e-4e41-ab3d-acaae6df72f9&sid=search	la-boca	63 m²	63 m²	0	0	99	6	Departamento	Frente	49 años	90.000 ARS	No	No		No				No		No		No	Sí			No	No	No	No		7	Norte																																							
Departamento en venta	Venta Departamento Cuatro Ambientes Con Balcon	120000	USD	US$120.000	False	4	3	1	69.0	4 ambs.1 baño69 m² cubiertos	Avenida Almirante Brown 900, La Boca, Capital Federal	https://departamento.mercadolibre.com.ar/MLA-3720466506-venta-departamento-cuatro-ambientes-con-balcon-_JM#polycard_client=search-desktop&price_drop=not_apply&be_origin=backend&overlay_label=not_apply&search_layout=grid&position=19&type=item&tracking_id=af5a7618-628e-4e41-ab3d-acaae6df72f9&sid=search	la-boca	71 m²	69 m²	0	0	99	3	Departamento	Frente	30 años	192.000 ARS	No	Sí	Sí	No			Sí	No	Sí	Sí		Sí	Sí			No	No	No	No	2,57 m²	12	Norte								Sí																															
Departamento en venta	Depto 3 Amb Venta Piso Alto Apto Credito	68000	USD	US$68.000	False	3	2	1	60.0	3 ambs.1 baño60 m² cubiertos	Lamadrid 546 500, La Boca, Capital Federal	https://departamento.mercadolibre.com.ar/MLA-1946153909-depto-3-amb-venta-piso-alto-apto-credito-_JM#polycard_client=search-desktop&price_drop=not_apply&be_origin=backend&overlay_label=not_apply&search_layout=grid&position=20&type=item&tracking_id=af5a7618-628e-4e41-ab3d-acaae6df72f9&sid=search	la-boca	60 m²	60 m²	0	0	99	10	Departamento	Frente	50 años	230.000 ARS	No	Sí		Sí				No		No		Sí	Sí		Sí	Sí	No	No	No		14	Norte	Sí																																						
Departamento en venta	Venta Dto 3 Amb 56 M2 Torres Catalinas La Boca	65000	USD	US$65.000	False	3	2	1	56.0	3 ambs.1 baño56 m² cubiertos	Caboto 300, La Boca, Capital Federal	https://departamento.mercadolibre.com.ar/MLA-1945079529-venta-dto-3-amb-56-m2-torres-catalinas-la-boca-_JM#polycard_client=search-desktop&price_drop=not_apply&be_origin=backend&overlay_label=not_apply&search_layout=grid&position=21&type=item&tracking_id=af5a7618-628e-4e41-ab3d-acaae6df72f9&sid=search	la-boca	56 m²	56 m²	0	0	99	1	Departamento	Frente	56 años	130.000 ARS	Sí	No	Sí	Sí	Sí			No		Sí		No	Sí			Sí	No	No	No		10	Norte		Sí																																					
Departamento en venta	Monoambiente Con Balcón Al Contrafrente Apto Crédito.	45000	USD	US$45.000	False	1	1	1	32.0	1 amb.1 baño32 m² cubiertos	Py Margall 400, La Boca, Capital Federal	https://departamento.mercadolibre.com.ar/MLA-3713810610-monoambiente-con-balcon-al-contrafrente-apto-credito-_JM#polycard_client=search-desktop&price_drop=not_apply&be_origin=backend&overlay_label=not_apply&search_layout=grid&position=22&type=item&tracking_id=af5a7618-628e-4e41-ab3d-acaae6df72f9&sid=search	la-boca	34 m²	32 m²	0		20	1	Monoambiente	Contrafrente	16 años	100.000 ARS		Sí	Sí	Sí		Sí						Sí	Sí		Sí	Sí		Sí	Sí		15	Este	Sí	Sí								Sí			24 horas																										
Departamento en venta	2 Ambientes En La Boca - Piso 5° Muy Luminoso Y Vista Despejada	53000	USD	US$53.000	False	2	1	1	40.0	2 ambs.1 baño40 m² cubiertos	Palos Al 500, La Boca, Capital Federal	https://departamento.mercadolibre.com.ar/MLA-3713770848-2-ambientes-en-la-boca-piso-5-muy-luminoso-y-vista-despejada-_JM#polycard_client=search-desktop&price_drop=not_apply&be_origin=backend&overlay_label=not_apply&search_layout=grid&position=23&type=item&tracking_id=af5a7618-628e-4e41-ab3d-acaae6df72f9&sid=search	la-boca	40 m²	40 m²	0	0	3	5	Departamento	Contrafrente	40 años	135.000 ARS	Sí	Sí		Sí	Sí	Sí		No	Sí	Sí	No	No	Sí	No	Sí	Sí	Sí	No	Sí		8	Oeste		Sí																																					
Departamento en venta	Departamento En Venta En San Telmo	285000	USD	US$285.000	False	5	3	2	128.0	5 ambs.2 baños128 m² cubiertos	Av. Caseros Al 400, La Boca, Capital Federal	https://departamento.mercadolibre.com.ar/MLA-1930135433-departamento-en-venta-en-san-telmo-_JM#polycard_client=search-desktop&price_drop=not_apply&be_origin=backend&overlay_label=not_apply&search_layout=grid&position=24&type=item&tracking_id=af5a7618-628e-4e41-ab3d-acaae6df72f9&sid=search	la-boca	128 m²	128 m²	0	0	2	2	Departamento	Frente	95 años	250.000 ARS	No	Sí		Sí	Sí	Sí		No	Sí	Sí	No	Sí	Sí	No	Sí	Sí	Sí	No	Sí		6	Sur	Sí	Sí							Sí				Virtual														Sí												
Departamento en venta	Venta De Monoambiente En La Boca	68500	USD	US$68.500	False	1	1	1	35.0	1 amb.1 baño35 m² cubiertos	Juan De Dios Filiberto 995, Comuna 4, Ciudad Autónoma De Buenos Aires, Argentina, La Boca, Capital Federal	https://departamento.mercadolibre.com.ar/MLA-3685632564-venta-de-monoambiente-en-la-boca-_JM#polycard_client=search-desktop&price_drop=not_apply&be_origin=backend&overlay_label=not_apply&search_layout=grid&position=25&type=item&tracking_id=af5a7618-628e-4e41-ab3d-acaae6df72f9&sid=search	la-boca	38 m²	35 m²	0					Frente	4 años	140.000 ARS				Sí				Sí				Sí			Sí	Sí	Sí				7	Norte	Sí																Sí																						
Departamento en venta	Catalinas Sur 3 Amb Cocina Independiente	77000	USD	US$77.000	False	3	0	1	54.0	3 ambs.1 baño54 m² cubiertos	Necochea Al 200, La Boca, Capital Federal	https://departamento.mercadolibre.com.ar/MLA-3678891006-catalinas-sur-3-amb-cocina-independiente-_JM#polycard_client=search-desktop&price_drop=not_apply&be_origin=backend&overlay_label=not_apply&search_layout=grid&position=26&type=item&tracking_id=af5a7618-628e-4e41-ab3d-acaae6df72f9&sid=search	la-boca	54 m²	54 m²	0	0	8	8	Departamento	Frente	60 años	137.000 ARS	No	Sí	Sí	Sí	No	Sí		No	No	No	No	No	Sí	No		No	No	No	No		1	Norte																																							
Departamento en venta	Venta Departamento 3 Ambientes La Boca	72000	USD	US$72.000	False	3	2	1	63.0	3 ambs.1 baño63 m² cubiertos	Avenida Almirante Brown 1127, La Boca, Capital Federal	https://departamento.mercadolibre.com.ar/MLA-3664794822-venta-departamento-3-ambientes-la-boca-_JM#polycard_client=search-desktop&price_drop=not_apply&be_origin=backend&overlay_label=not_apply&search_layout=grid&position=27&type=item&tracking_id=af5a7618-628e-4e41-ab3d-acaae6df72f9&sid=search	la-boca	63 m²	63 m²	0			6		Contrafrente	36 años	120.000 ARS		Sí		Sí				Sí		Sí			Sí		Sí	Sí					10	Norte	Sí														Sí																								
Departamento en venta	Venta Monoambiente La Boca	66000	USD	US$66.000	False	1	1	1	35.0	1 amb.1 baño35 m² cubiertos	Juan De Dios Filiberto 992, Ciudad Autónoma De Buenos Aires, Argentina, La Boca, Capital Federal	https://departamento.mercadolibre.com.ar/MLA-1920057343-venta-monoambiente-la-boca-_JM#polycard_client=search-desktop&price_drop=not_apply&be_origin=backend&overlay_label=not_apply&search_layout=grid&position=28&type=item&tracking_id=af5a7618-628e-4e41-ab3d-acaae6df72f9&sid=search	la-boca	38 m²	35 m²	0					Frente	5 años	150.000 ARS				Sí		Sí		Sí				Sí	Sí		Sí	Sí	Sí				7	Norte	Sí																Sí									Sí	Sí												
Departamento en venta	Venta Departamento 1 Ambiente Divisible La Boca	50000	USD	US$50.000	False	1	1	1	34.0	1 amb.1 baño34 m² totales	PI Y MARGAL 420, La Boca, Capital Federal	https://departamento.mercadolibre.com.ar/MLA-3650892150-venta-departamento-1-ambiente-divisible-la-boca-_JM#polycard_client=search-desktop&price_drop=not_apply&be_origin=backend&overlay_label=not_apply&search_layout=grid&position=29&type=item&tracking_id=af5a7618-628e-4e41-ab3d-acaae6df72f9&sid=search	la-boca	34 m²		0		23	3	Monoambiente	Frente	3 años	150.000 ARS		No		No	No	No		No	No	No	No	Sí	Sí	No		No	No	No	No	3 m²	15	Norte													24 horas																										
Departamento en venta	Monoambiente Con Cocina Independiente, Balcón Y Vista Abierta Piso 13	45000	USD	US$45.000	False	1	0	1	32.0	1 amb.1 baño32 m² cubiertos	Comandante Pi Y Margall Al 400, La Boca, Capital Federal	https://departamento.mercadolibre.com.ar/MLA-3590220404-monoambiente-con-cocina-independiente-balcon-y-vista-abierta-piso-13-_JM#polycard_client=search-desktop&price_drop=not_apply&be_origin=backend&overlay_label=not_apply&search_layout=grid&position=30&type=item&tracking_id=af5a7618-628e-4e41-ab3d-acaae6df72f9&sid=search	la-boca	34 m²	32 m²	0	0	15		Departamento	Lateral	12 años	120.000 ARS	No	No		Sí	No	Sí		No	No	No	No	Sí	Sí	No	Sí	Sí	No	Sí	No	2 m²		Norte	Sí								Sí																														
Departamento en venta	Necochea 541. Depto. 2 Amb. La Boca.	63000	USD	US$63.000	False	2	1	1	38.0	2 ambs.1 baño38 m² cubiertos	Necochea Al 500, La Boca, Capital Federal	https://departamento.mercadolibre.com.ar/MLA-1880714577-necochea-541-depto-2-amb-la-boca-_JM#polycard_client=search-desktop&price_drop=not_apply&be_origin=backend&overlay_label=not_apply&search_layout=grid&position=31&type=item&tracking_id=af5a7618-628e-4e41-ab3d-acaae6df72f9&sid=search	la-boca	49 m²	38 m²	0	0			Departamento	Lateral	49 años	3.995 ARS	Sí	Sí		No	Sí	No		No	No	No	No	No	Sí	No	Sí	No	Sí	No	Sí				Sí	Sí							Sí							Sí																							
Departamento en venta	Necochea 541. Depto. 2 Amb. La Boca.	63000	USD	US$63.000	False	2	1	1	38.0	2 ambs.1 baño38 m² cubiertos	Necochea Al 500, La Boca, Capital Federal	https://departamento.mercadolibre.com.ar/MLA-1880727225-necochea-541-depto-2-amb-la-boca-_JM#polycard_client=search-desktop&price_drop=not_apply&be_origin=backend&overlay_label=not_apply&search_layout=grid&position=32&type=item&tracking_id=af5a7618-628e-4e41-ab3d-acaae6df72f9&sid=search	la-boca	49 m²	38 m²	0	0			Departamento	Lateral	49 años	3.995 ARS	Sí	Sí		No	Sí	No		No	No	No	No	No	Sí	No	Sí	No	Sí	No	Sí				Sí	Sí							Sí							Sí																							
Departamento en venta	Necochea 541. Depto. 2 Amb. La Boca.	63000	USD	US$63.000	False	2	1	1	38.0	2 ambs.1 baño38 m² cubiertos	Necochea Al 500, La Boca, Capital Federal	https://departamento.mercadolibre.com.ar/MLA-1880702645-necochea-541-depto-2-amb-la-boca-_JM#polycard_client=search-desktop&price_drop=not_apply&be_origin=backend&overlay_label=not_apply&search_layout=grid&position=33&type=item&tracking_id=af5a7618-628e-4e41-ab3d-acaae6df72f9&sid=search	la-boca	49 m²	38 m²	0	0			Departamento	Lateral	49 años	3.995 ARS	Sí	Sí		No	Sí	No		No	No	No	No	No	Sí	No	Sí	No	Sí	No	Sí				Sí	Sí							Sí							Sí																							
Departamento en venta	Necochea 541. Depto. 2 Amb. La Boca.	63000	USD	US$63.000	False	2	1	1	38.0	2 ambs.1 baño38 m² cubiertos	Necochea Al 500, La Boca, Capital Federal	https://departamento.mercadolibre.com.ar/MLA-1880714465-necochea-541-depto-2-amb-la-boca-_JM#polycard_client=search-desktop&price_drop=not_apply&be_origin=backend&overlay_label=not_apply&search_layout=grid&position=34&type=item&tracking_id=af5a7618-628e-4e41-ab3d-acaae6df72f9&sid=search	la-boca	49 m²	38 m²	0	0			Departamento	Lateral	49 años	3.995 ARS	Sí	Sí		No	Sí	No		No	No	No	No	No	Sí	No	Sí	No	Sí	No	Sí				Sí	Sí							Sí							Sí																							
Departamento en venta	Necochea 541. Depto. 2 Amb. La Boca.	63000	USD	US$63.000	False	2	1	1	38.0	2 ambs.1 baño38 m² cubiertos	Necochea Al 500, La Boca, Capital Federal	https://departamento.mercadolibre.com.ar/MLA-1880714461-necochea-541-depto-2-amb-la-boca-_JM#polycard_client=search-desktop&price_drop=not_apply&be_origin=backend&overlay_label=not_apply&search_layout=grid&position=35&type=item&tracking_id=af5a7618-628e-4e41-ab3d-acaae6df72f9&sid=search	la-boca	49 m²	38 m²	0	0			Departamento	Lateral	49 años	3.995 ARS	Sí	Sí		No	Sí	No		No	No	No	No	No	Sí	No	Sí	No	Sí	No	Sí				Sí	Sí							Sí							Sí																							
Departamento en venta	Necochea 541. Depto. 2 Amb. La Boca.	63000	USD	US$63.000	False	2	1	1	38.0	2 ambs.1 baño38 m² cubiertos	Necochea Al 500, La Boca, Capital Federal	https://departamento.mercadolibre.com.ar/MLA-1880702641-necochea-541-depto-2-amb-la-boca-_JM#polycard_client=search-desktop&price_drop=not_apply&be_origin=backend&overlay_label=not_apply&search_layout=grid&position=36&type=item&tracking_id=af5a7618-628e-4e41-ab3d-acaae6df72f9&sid=search	la-boca	49 m²	38 m²	0	0			Departamento	Lateral	49 años	3.995 ARS	Sí	Sí		No	Sí	No		No	No	No	No	No	Sí	No	Sí	No	Sí	No	Sí				Sí	Sí							Sí							Sí																							
Departamento en venta	Impecable 3 Ambientes En Piso 11. Luminoso. Cocina Reciclada A Nuevo	80000	USD	US$80.000	False	3	2	1	52.0	3 ambs.1 baño52 m² cubiertos	Tomás Liberti 425, La Boca, Capital Federal	https://departamento.mercadolibre.com.ar/MLA-1864349759-impecable-3-ambientes-en-piso-11-luminoso-cocina-reciclada-a-nuevo-_JM#polycard_client=search-desktop&price_drop=not_apply&be_origin=backend&overlay_label=not_apply&search_layout=grid&position=37&type=item&tracking_id=af5a7618-628e-4e41-ab3d-acaae6df72f9&sid=search	la-boca	55 m²	52 m²	0	0		11	Departamento		30 años	250.000 ARS	Sí	No	Sí	Sí		Sí	Sí			Sí			Sí		Sí	Sí	Sí		Sí	3 m²	15	Norte	Sí									Sí			Virtual																										
Departamento en venta	Venta De 3 Ambientes En La Boca. Super Bajas Expensas. Posibilidad De Financiar.	65000	USD	US$65.000	False	3	2	1	56.0	3 ambs.1 baño56 m² cubiertos	Olavarría 1045, La Boca, Capital Federal	https://departamento.mercadolibre.com.ar/MLA-1860135831-venta-de-3-ambientes-en-la-boca-super-bajas-expensas-posibilidad-de-financiar-_JM#polycard_client=search-desktop&price_drop=not_apply&be_origin=backend&overlay_label=not_apply&search_layout=grid&position=38&type=item&tracking_id=af5a7618-628e-4e41-ab3d-acaae6df72f9&sid=search	la-boca	56 m²	56 m²	0	1	2	1	Departamento	Contrafrente	65 años	8.000 ARS	Sí	Sí		No	No	No	Sí	No	Sí	Sí	No	No	Sí	No	Sí	No	Sí	No	Sí		1	Norte	Sí																																						
Departamento en venta	Departamento - Boca	49000	USD	US$49.000	False	3	2	1	58.0	3 ambs.1 baño58 m² cubiertos	Pedro De Mendoza Al 1700, La Boca, Capital Federal	https://departamento.mercadolibre.com.ar/MLA-3432311724-departamento-boca-_JM#polycard_client=search-desktop&price_drop=not_apply&be_origin=backend&overlay_label=not_apply&search_layout=grid&position=39&type=item&tracking_id=af5a7618-628e-4e41-ab3d-acaae6df72f9&sid=search	la-boca	58 m²	58 m²	0	0			Departamento	Frente	70 años	157.000 ARS	Sí	Sí		No	No	No		No	No	No	No	No	No	No		No	No	No	No			Sur																																							
Departamento en venta	Gualeguay 50 * // 9º B - Dpto. 4 Amb. C/cochera . Sum., Con Renta.	180000	USD	US$180.000	False	4	3	1	87.0	4 ambs.1 baño87 m² cubiertos	Gualeguay 50 * // 9º B . 4 Amb. C/cochera . Sum. CON Renta, La Boca, Capital Federal	https://departamento.mercadolibre.com.ar/MLA-3424256604-gualeguay-50-9-b-dpto-4-amb-ccochera-sum-con-renta-_JM#polycard_client=search-desktop&price_drop=not_apply&be_origin=backend&overlay_label=not_apply&search_layout=grid&position=40&type=item&tracking_id=af5a7618-628e-4e41-ab3d-acaae6df72f9&sid=search	la-boca	100 m²	87 m²	1	0			Departamento	Frente	40 años	0 ARS	Sí	Sí		Sí	Sí	Sí		No	No	Sí	No	Sí	Sí	No	Sí	Sí	No	Sí	Sí		16			Sí						Sí	Sí																														
Departamento en venta	Venta Departamento Monoambiente - Barrio La Boca	52000	USD	US$52.000	False	1	0	1	23.0	1 amb.1 baño23 m² cubiertos	Av. Brasil 100, La Boca, Capital Federal	https://departamento.mercadolibre.com.ar/MLA-3419804620-venta-departamento-monoambiente-barrio-la-boca-_JM#polycard_client=search-desktop&price_drop=not_apply&be_origin=backend&overlay_label=not_apply&search_layout=grid&position=41&type=item&tracking_id=af5a7618-628e-4e41-ab3d-acaae6df72f9&sid=search	la-boca	23 m²	23 m²	0	0	4	6	Departamento	Frente	10 años	156.000 ARS	No	No		No	No	Sí		No	No	No	No	No	Sí	No	Sí	No	No	No	No		1	Sur																									Sí														
Departamento en venta	Departamento En Venta De 2 Ambientes - La Boca - Caba	45000	USD	US$45.000	False	2	1	1	33.0	2 ambs.1 baño33 m² cubiertos	Juan Manuel Blanes Al 400 - La Boca - Caba, La Boca, Capital Federal	https://departamento.mercadolibre.com.ar/MLA-1818198671-departamento-en-venta-de-2-ambientes-la-boca-caba-_JM#polycard_client=search-desktop&price_drop=not_apply&be_origin=backend&overlay_label=not_apply&search_layout=grid&position=42&type=item&tracking_id=af5a7618-628e-4e41-ab3d-acaae6df72f9&sid=search	la-boca	33 m²	33 m²	0	0	10	7	Departamento	Contrafrente	60 años	60.000 ARS	No	No	Sí	Sí	No	Sí		No	No	Sí	No	No	Sí	No	Sí	Sí	No	No	No																		Sí																								
Departamento en venta	Departamento En Venta De 2 Ambientes - La Boca - Caba	45000	USD	US$45.000	False	2	1	1	33.0	2 ambs.1 baño33 m² cubiertos	Juan Manuel Blanes Al 400 - La Boca - Caba, La Boca, Capital Federal	https://departamento.mercadolibre.com.ar/MLA-3419806352-departamento-en-venta-de-2-ambientes-la-boca-caba-_JM#polycard_client=search-desktop&price_drop=not_apply&be_origin=backend&overlay_label=not_apply&search_layout=grid&position=43&type=item&tracking_id=af5a7618-628e-4e41-ab3d-acaae6df72f9&sid=search	la-boca	33 m²	33 m²	0	0	10	7	Departamento	Contrafrente	60 años	60.000 ARS	No	No	Sí	Sí	No	Sí		No	No	Sí	No	No	Sí	No	Sí	Sí	No	No	No																		Sí																								
Departamento en venta	Oportunidad! Se Vende Un Hermoso Departamento Monoambiente Amplio Con Balcón	46900	USD	US$46.900	False	1	1	1	30.0	1 amb.1 baño30 m² cubiertos	Tomas Liberti 475, La Boca, Capital Federal	https://departamento.mercadolibre.com.ar/MLA-3416436608-oportunidad-se-vende-un-hermoso-departamento-monoambiente-amplio-con-balcon-_JM#polycard_client=search-desktop&price_drop=not_apply&be_origin=backend&overlay_label=not_apply&search_layout=grid&position=44&type=item&tracking_id=af5a7618-628e-4e41-ab3d-acaae6df72f9&sid=search	la-boca	32 m²	30 m²	0						19 años	120.000 ARS		No		No	No	No		No	No	No	No	No	No	No		No	No	No	No		15																																								
Departamento en venta	Se Vende Un Espectacular Departamento Monoambiente Divisible Con Balcón	51000	USD	US$51.000	False	1	0	1	32.0	1 amb.1 baño32 m² cubiertos	Pi Y Margall 420, La Boca, Capital Federal	https://departamento.mercadolibre.com.ar/MLA-1767414677-se-vende-un-espectacular-departamento-monoambiente-divisible-con-balcon-_JM#polycard_client=search-desktop&float_highlight=not_apply&price_drop=not_apply&be_origin=backend&overlay_label=not_apply&search_layout=grid&position=45&type=item&tracking_id=af5a7618-628e-4e41-ab3d-acaae6df72f9&sid=search	la-boca	34 m²	32 m²	0						26 años	100.000 ARS																					10																																								
Departamento en venta	Boca Ph 4amb Apto Credito Terraza Y Balcon	122000	USD	US$122.000	False	4	2	1	80.0	4 ambs.1 baño80 m² cubiertos	Irala 100, La Boca, Capital Federal	https://departamento.mercadolibre.com.ar/MLA-3128093654-boca-ph-4amb-apto-credito-terraza-y-balcon-_JM#polycard_client=search-desktop&float_highlight=not_apply&price_drop=not_apply&be_origin=backend&overlay_label=not_apply&search_layout=grid&position=46&type=item&tracking_id=af5a7618-628e-4e41-ab3d-acaae6df72f9&sid=search	la-boca	162 m²	80 m²	0	0			Departamento	Frente	80 años	0 ARS	No	Sí		No	Sí	No		Sí	No	No	No	Sí	Sí	No		No	No	No	Sí	1 m²	2	Este		Sí						Sí																															
Departamento en venta	Martín Rodríguez 1100 La Boca 2amb U$47.900 Apto Prof	47900	USD	US$47.900	False	2	1	1	40.0	2 ambs.1 baño40 m² cubiertos	Martín Rodríguez Al 1100. Entre Araoz De Lamadrid, G. Y Ayolas, La Boca, Capital Federal	https://departamento.mercadolibre.com.ar/MLA-1696396491-martin-rodriguez-1100-la-boca-2amb-u47900-apto-prof-_JM#polycard_client=search-desktop&float_highlight=not_apply&price_drop=not_apply&be_origin=backend&overlay_label=not_apply&search_layout=grid&position=47&type=item&tracking_id=af5a7618-628e-4e41-ab3d-acaae6df72f9&sid=search	la-boca	40 m²	40 m²	0	0		3	Departamento	Frente	70 años	120.000 ARS	No	Sí		Sí	No	No		No	No	No	No	No	Sí	No		No	No	No	Sí		5	Sur			1												Sí																								
Departamento en venta	Venta Depto 2 Ambientes - Al Frente - Con Balcon - La Boca	52900	USD	US$52.900	False	2	1	1	36.0	2 ambs.1 baño36 m² cubiertos	Alfredo Palacios Al 1200, La Boca, Capital Federal	https://departamento.mercadolibre.com.ar/MLA-1674787591-venta-depto-2-ambientes-al-frente-con-balcon-la-boca-_JM#polycard_client=search-desktop&price_drop=not_apply&be_origin=backend&overlay_label=not_apply&search_layout=grid&position=48&type=item&tracking_id=af5a7618-628e-4e41-ab3d-acaae6df72f9&sid=search	la-boca	40 m²	36 m²	0	0		4	Departamento	Frente	60 años	200.000 ARS	Sí	No		Sí	No	No		Sí	No	No	Sí	Sí	Sí	No	Sí	Sí	No	No	No	4 m²	1	Norte																																							
Departamento en venta	La Boca Depto 4 Amb Con Cochera Y Balcon	98000	USD	US$98.000	False	4	3	1	74.0	4 ambs.1 baño74 m² cubiertos	Brandsen 500, La Boca, Capital Federal	https://departamento.mercadolibre.com.ar/MLA-2790036326-la-boca-depto-4-amb-con-cochera-y-balcon-_JM#polycard_client=search-desktop&float_highlight=not_apply&price_drop=not_apply&be_origin=backend&overlay_label=not_apply&search_layout=grid&position=1&type=item&tracking_id=67d90d5c-fa97-4f2d-8976-9c5d60b0c01e&sid=search	la-boca	84 m²	74 m²	1	0		2	Departamento	Frente	50 años	225.000 ARS	No	Sí	Sí	No	No	Sí		No	Sí	No	No	Sí	Sí	No		No	No	No	No	2 m²	1	Norte								Sí							Sí																								
Departamento en venta	La Boca Monoambiente 31m2 Con Terraza Propia	4500042000	USD	US$45.000US$42.000 BAJÓ DE PRECIO	False	1	0	1	29.0	1 amb.1 baño29 m² cubiertos	Necochea 600, La Boca, Capital Federal	https://departamento.mercadolibre.com.ar/MLA-2779255534-la-boca-monoambiente-31m2-con-terraza-propia-_JM#polycard_client=search-desktop&float_highlight=not_apply&price_drop=true&be_origin=backend&overlay_label=not_apply&search_layout=grid&position=2&type=item&tracking_id=67d90d5c-fa97-4f2d-8976-9c5d60b0c01e&sid=search	la-boca	31 m²	29 m²	0	0	3	2	Departamento	Frente	30 años	45.000 ARS	No	No		No	Sí	No		Sí	No	No	No	Sí	No	No		No	No	No	Sí		1	Este		Sí													Sí																								
Departamento en venta	Barracas 4 Amb 87m2 Depto Balcon Patio Apto Credito	145000	USD	US$145.000	False	4	3	1	67.0	4 ambs.1 baño67 m² cubiertos	Av Regimiento De Los Patricios Al 100, La Boca, Capital Federal	https://departamento.mercadolibre.com.ar/MLA-2703663274-barracas-4-amb-87m2-depto-balcon-patio-apto-credito-_JM#polycard_client=search-desktop&float_highlight=not_apply&price_drop=not_apply&be_origin=backend&overlay_label=not_apply&search_layout=grid&position=3&type=item&tracking_id=67d90d5c-fa97-4f2d-8976-9c5d60b0c01e&sid=search	la-boca	87 m²	67 m²	0	0	3	1	Departamento	Frente	50 años	345.000 ARS	No	Sí	Sí	Sí	Sí	Sí	Sí	No	No	Sí	No	Sí	Sí	No		No	No	No	Sí	20 m²	1	Oeste		Sí						Sí							Sí	Sí																							
Departamento en venta	Departamento En Venta En Puerto Pampa	109000	USD	US$109.000	False	2	1	1	46.0	2 ambs.1 baño46 m² cubiertos	Caboto 450, La Boca, La Boca, Capital Federal	https://departamento.mercadolibre.com.ar/MLA-3115746910-departamento-en-venta-en-puerto-pampa-_JM#polycard_client=search-desktop&price_drop=not_apply&be_origin=backend&overlay_label=not_apply&search_layout=grid&position=4&type=item&tracking_id=67d90d5c-fa97-4f2d-8976-9c5d60b0c01e&sid=search	la-boca	52 m²	46 m²	1	0	6	2	Loft	Interno	1 años	100.000 ARS	Sí	No	Sí	Sí	No	Sí	Sí	No	Sí	Sí	Sí	Sí	Sí	No	Sí	Sí	Sí	No	No	6 m²	4		Sí									Sí			24 horas					Sí			Sí																		
Departamento en venta	Puerto Pampa Duplex 2 Ambientes Apto Profesional	84000	USD	US$84.000	False	2	1	1	39.0	2 ambs.1 baño39 m² cubiertos	Caboto 450, La Boca, La Boca, Capital Federal	https://departamento.mercadolibre.com.ar/MLA-1902558947-puerto-pampa-duplex-2-ambientes-apto-profesional-_JM#polycard_client=search-desktop&price_drop=not_apply&be_origin=backend&overlay_label=not_apply&search_layout=grid&position=5&type=item&tracking_id=67d90d5c-fa97-4f2d-8976-9c5d60b0c01e&sid=search	la-boca	44 m²	39 m²	0	0		5	Dúplex	Frente	10 años	180.000 ARS		No	Sí	Sí	Sí	Sí	Sí	No	Sí	Sí	No	Sí	Sí	No	Sí	No	Sí	Sí	No	5 m²	6	Oeste	Sí		1							Sí			24 horas	Sí	Sí			Sí																					
Departamento en venta	Venta Monoambiente Con Cocina Separada Y Balcon	55000	USD	US$55.000	False	1	1	1	35.0	1 amb.1 baño35 m² cubiertos	Py Y Margall 420, La Boca, Capital Federal	https://departamento.mercadolibre.com.ar/MLA-2005767595-venta-monoambiente-con-cocina-separada-y-balcon-_JM#polycard_client=search-desktop&float_highlight=recent_publication&price_drop=not_apply&be_origin=backend&overlay_label=not_apply&search_layout=grid&position=6&type=item&tracking_id=67d90d5c-fa97-4f2d-8976-9c5d60b0c01e&sid=search	la-boca	38 m²	35 m²	0	0		2	Departamento	Frente	11 años	110.000 ARS	Sí	No		Sí	No	Sí		No	No	No	No	Sí	Sí	No	Sí	Sí	No	No	No		15		Sí	Sí											24 horas														Sí												
Departamento en venta	Departamento De 2 Ambientes Al Frente	37000	USD	US$37.000	False	2	1	1	38.0	2 ambs.1 baño38 m² cubiertos	Magallanes 900, La Boca, Capital Federal	https://departamento.mercadolibre.com.ar/MLA-3799637054-departamento-de-2-ambientes-al-frente-_JM#polycard_client=search-desktop&float_highlight=recent_publication&price_drop=not_apply&be_origin=backend&overlay_label=not_apply&search_layout=grid&position=7&type=item&tracking_id=67d90d5c-fa97-4f2d-8976-9c5d60b0c01e&sid=search	la-boca	38 m²	38 m²	0	0	4	2	Departamento	Frente	80 años	60.000 ARS	Sí			No	No	No								No	Sí	Sí	No	No			2																						Sí																		
Departamento en venta	Departamento 4 Ambientes En La Boca Catalinas Sur Venta	114000	USD	US$114.000	False	4	3	1	72.0	4 ambs.1 baño72 m² cubiertos	Caboto Al 400, La Boca, Capital Federal	https://departamento.mercadolibre.com.ar/MLA-1995628859-departamento-4-ambientes-en-la-boca-catalinas-sur-venta-_JM#polycard_client=search-desktop&float_highlight=recent_publication&price_drop=not_apply&be_origin=backend&overlay_label=not_apply&search_layout=grid&position=8&type=item&tracking_id=67d90d5c-fa97-4f2d-8976-9c5d60b0c01e&sid=search	la-boca	72 m²	72 m²	0	0		10	Departamento	Frente	45 años	140.000 ARS	No	No		No	Sí	No		No	No	No	No	No	Sí	No	Sí	Sí	No	No	Sí					Sí																																					
Departamento en venta	Venta Departamento 3 Amb Con Cochera, La Boca	104000	USD	US$104.000	False	3	2	1	53.0	3 ambs.1 baño53 m² cubiertos	Germán Abdala 100, La Boca, Capital Federal	https://departamento.mercadolibre.com.ar/MLA-3789808672-venta-departamento-3-amb-con-cochera-la-boca-_JM#polycard_client=search-desktop&float_highlight=recent_publication&price_drop=not_apply&be_origin=backend&overlay_label=not_apply&search_layout=grid&position=9&type=item&tracking_id=67d90d5c-fa97-4f2d-8976-9c5d60b0c01e&sid=search	la-boca	57 m²	53 m²	1	0	99	9	Departamento	Frente	26 años	108.000 ARS	No	Sí		No			Sí	No		Sí		No	No			No	No	No	No		11	Norte																																							
Departamento en venta	Departamento En Venta 3 Ambientes Con Balcon Y Patio La Boca, Caba- Apto Credito	98000	USD	US$98.000	False	3	2	1	57.0	3 ambs.1 baño57 m² cubiertos	Avda. Almirante Brown 700 Piso 1 Departamento A, La Boca, Capital Federal	https://departamento.mercadolibre.com.ar/MLA-1991548175-departamento-en-venta-3-ambientes-con-balcon-y-patio-la-boca-caba-apto-credito-_JM#polycard_client=search-desktop&float_highlight=recent_publication&price_drop=not_apply&be_origin=backend&overlay_label=not_apply&search_layout=grid&position=10&type=item&tracking_id=67d90d5c-fa97-4f2d-8976-9c5d60b0c01e&sid=search	la-boca	77 m²	57 m²	0	0		1	Departamento	Frente	50 años	243.000 ARS	Sí	Sí		Sí	Sí	Sí	Sí	Sí	Sí	Sí	No	No	Sí	No	Sí	Sí	No	No	Sí	16 m²		Sur		Sí														Sí																							
Departamento en venta	Departamento En Venta 3 Ambientes Con Balcon Y Patio La Boca, Caba- Apto Credito	98000	USD	US$98.000	False	3	2	1	57.0	3 ambs.1 baño57 m² cubiertos	Avda. Almirante Brown 700 Piso 1 Departamento A, La Boca, Capital Federal	https://departamento.mercadolibre.com.ar/MLA-1991574025-departamento-en-venta-3-ambientes-con-balcon-y-patio-la-boca-caba-apto-credito-_JM#polycard_client=search-desktop&float_highlight=recent_publication&price_drop=not_apply&be_origin=backend&overlay_label=not_apply&search_layout=grid&position=11&type=item&tracking_id=67d90d5c-fa97-4f2d-8976-9c5d60b0c01e&sid=search	la-boca	77 m²	57 m²	0	0		1	Departamento	Frente	50 años	243.000 ARS	Sí	Sí		Sí	Sí	Sí	Sí	Sí	Sí	Sí	No	No	Sí	No	Sí	Sí	No	No	Sí	16 m²		Sur		Sí														Sí																							
Departamento en venta	Venta Departamento 3 Amb. La Boca Apto Crédito	61000	USD	US$61.000	False	3	2	1	41.0	3 ambs.1 baño41 m² cubiertos	Avenida Almirante Brown 700, La Boca, Capital Federal	https://departamento.mercadolibre.com.ar/MLA-3786068894-venta-departamento-3-amb-la-boca-apto-credito-_JM#polycard_client=search-desktop&float_highlight=recent_publication&price_drop=not_apply&be_origin=backend&overlay_label=not_apply&search_layout=grid&position=12&type=item&tracking_id=67d90d5c-fa97-4f2d-8976-9c5d60b0c01e&sid=search	la-boca	41 m²	41 m²	0	0	99	6	Departamento	Lateral	44 años	130.000 ARS	Sí	Sí		Sí				No	Sí	No		No	Sí		Sí	Sí	No	No	No		6	Norte		Sí																																					
Departamento en venta	Venta Depto. Con La Mejor Orientación	79900	USD	US$79.900	False	3	2	1	56.0	3 ambs.1 baño56 m² cubiertos	Ministro Brin 570, La Boca, Capital Federal	https://departamento.mercadolibre.com.ar/MLA-1987501185-venta-depto-con-la-mejor-orientacion-_JM#polycard_client=search-desktop&float_highlight=recent_publication&price_drop=not_apply&be_origin=backend&overlay_label=not_apply&search_layout=grid&position=13&type=item&tracking_id=67d90d5c-fa97-4f2d-8976-9c5d60b0c01e&sid=search	la-boca	56 m²	56 m²	0	0		7	Departamento	Frente	13 años	200.000 ARS	Sí	No		Sí	No	Sí		No	No	No	No	No	Sí	No	Sí	Sí	Sí	Sí	No		9		Sí												24 horas				Sí																						
Departamento en venta	Oportunidad - La Experiencia Que Buscan Los Turistas, La Rentabilidad Que Buscan Los Inversores	139900	USD	US$139.900	False	1	1	1	33.0	1 amb.1 baño33 m² cubiertos	Brandsen 925 317, La Boca, Capital Federal	https://departamento.mercadolibre.com.ar/MLA-1987177033-oportunidad-la-experiencia-que-buscan-los-turistas-la-rentabilidad-que-buscan-los-inversores-_JM#polycard_client=search-desktop&float_highlight=recent_publication&price_drop=not_apply&be_origin=backend&overlay_label=not_apply&search_layout=grid&position=14&type=item&tracking_id=67d90d5c-fa97-4f2d-8976-9c5d60b0c01e&sid=search	la-boca	38 m²	33 m²	1	0		3	Departamento	Frente	2 años	260.000 ARS	No	No		Sí	No	Sí		No	No	No	No	No	Sí	Sí	Sí	No	Sí	Sí	No		7		Sí				Sí				Sí				24 horas										Sí				Sí												
Departamento en venta	Depto 3 Amb En La Boca En Venta	92000	USD	US$92.000	False	3	2	1	49.0	3 ambs.1 baño49 m² cubiertos	Avenida Almirante Brown 700, La Boca, Capital Federal	https://departamento.mercadolibre.com.ar/MLA-3777307338-depto-3-amb-en-la-boca-en-venta-_JM#polycard_client=search-desktop&float_highlight=recent_publication&price_drop=not_apply&be_origin=backend&overlay_label=not_apply&search_layout=grid&position=15&type=item&tracking_id=67d90d5c-fa97-4f2d-8976-9c5d60b0c01e&sid=search	la-boca	49 m²	49 m²	0	0	99	8	Departamento	Frente	30 años	170.000 ARS	No	Sí		Sí				Sí		Sí		No	Sí		Sí	Sí	No	No	No		12	Norte		Sí																																					
Departamento en venta	Depto 2 Ambientes En Venta La Boca	45000	USD	US$45.000	False	2	1	1	45.0	2 ambs.1 baño45 m² cubiertos	Avenida Almirante Brown 1400, La Boca, Capital Federal	https://departamento.mercadolibre.com.ar/MLA-3777306280-depto-2-ambientes-en-venta-la-boca-_JM#polycard_client=search-desktop&float_highlight=recent_publication&price_drop=not_apply&be_origin=backend&overlay_label=not_apply&search_layout=grid&position=16&type=item&tracking_id=67d90d5c-fa97-4f2d-8976-9c5d60b0c01e&sid=search	la-boca	45 m²	45 m²	0	0	99	1	Departamento	Frente	18 años	50.000 ARS	No	No		No				No		No		No	Sí			No	No	No	No		3	Norte																																							
Departamento en venta	Departamento De 3 Ambientes Con Balcon	68000	USD	US$68.000	False	3	2	1	50.0	3 ambs.1 baño50 m² cubiertos	Olavarria 500, La Boca, Capital Federal	https://departamento.mercadolibre.com.ar/MLA-3776689474-departamento-de-3-ambientes-con-balcon-_JM#polycard_client=search-desktop&float_highlight=recent_publication&price_drop=not_apply&be_origin=backend&overlay_label=not_apply&search_layout=grid&position=17&type=item&tracking_id=67d90d5c-fa97-4f2d-8976-9c5d60b0c01e&sid=search	la-boca	53 m²	50 m²	0	0	7	5	Departamento	Frente	50 años	280.000 ARS	No	Sí		Sí	No	No								No	Sí	Sí	No	Sí			1	Oeste																					Sí																		
Departamento en venta	Departamento De 3amb. Contrafrente Con Patio	65000	USD	US$65.000	False	3	2	1	68.0	3 ambs.1 baño68 m² cubiertos	Aristobulo Del Valle 500, La Boca, Capital Federal	https://departamento.mercadolibre.com.ar/MLA-3775819080-departamento-de-3amb-contrafrente-con-patio-_JM#polycard_client=search-desktop&float_highlight=recent_publication&price_drop=not_apply&be_origin=backend&overlay_label=not_apply&search_layout=grid&position=18&type=item&tracking_id=67d90d5c-fa97-4f2d-8976-9c5d60b0c01e&sid=search	la-boca	71 m²	68 m²	0	0	2	1	Departamento	Contrafrente	70 años	50.000 ARS	Sí			No	No	No								No	Sí	Sí	No	Sí				Sur																					Sí																		
Departamento en venta	Venta Departamento 3 Ambientes Frente Balcón Aterrazado Apto Credito Moderno Luminoso	129999	USD	US$129.999	False	3	2	2	68.0	3 ambs.2 baños68 m² cubiertos	Av Martín Garcia Al 272, La Boca, Capital Federal	https://departamento.mercadolibre.com.ar/MLA-3770974240-venta-departamento-3-ambientes-frente-balcon-aterrazado-apto-credito-moderno-luminoso-_JM#polycard_client=search-desktop&price_drop=not_apply&be_origin=backend&overlay_label=not_apply&search_layout=grid&position=19&type=item&tracking_id=67d90d5c-fa97-4f2d-8976-9c5d60b0c01e&sid=search	la-boca	79 m²	68 m²	0	0	4	4	Departamento	Frente	7 años	0 ARS	Sí	Sí	Sí	Sí	No	Sí	Sí	No	No	Sí	No	Sí	Sí	No	Sí	Sí	Sí	No	No	11 m²		Norte	Sí					Sí		Sí					Nocturno																										
Departamento en venta	Venta Dos Ambientes Y Medio En La Boca	40000	USD	US$40.000	False	2	1	1	34.0	2 ambs.1 baño34 m² cubiertos	Pinzon 200, La Boca, Capital Federal	https://departamento.mercadolibre.com.ar/MLA-1971364957-venta-dos-ambientes-y-medio-en-la-boca-_JM#polycard_client=search-desktop&price_drop=not_apply&be_origin=backend&overlay_label=not_apply&search_layout=grid&position=20&type=item&tracking_id=67d90d5c-fa97-4f2d-8976-9c5d60b0c01e&sid=search	la-boca	37 m²	34 m²	0	0	99	3	Departamento	Contrafrente	40 años	150.000 ARS	No	No		Sí				No		Sí		Sí	Sí		Sí	Sí	No	Sí	No	2,63 m²	7	Este	Sí	Sí							Sí																														
Departamento en venta	Venta Departamento 4 Ambientes En La Boca.	72000	USD	US$72.000	False	4	3	1	69.0	4 ambs.1 baño69 m² cubiertos	Pinzon 425, La Boca, Capital Federal	https://departamento.mercadolibre.com.ar/MLA-3761932494-venta-departamento-4-ambientes-en-la-boca-_JM#polycard_client=search-desktop&price_drop=not_apply&be_origin=backend&overlay_label=not_apply&search_layout=grid&position=21&type=item&tracking_id=67d90d5c-fa97-4f2d-8976-9c5d60b0c01e&sid=search	la-boca	71 m²	69 m²	0	0		5	Departamento	Frente	76 años	0 ARS	Sí	Sí		Sí	No	No		No	Sí	No	No	Sí	Sí	No	Sí	Sí	No	No	No					Sí											24 horas																										
Departamento en venta	Venta Departamento 2 Ambientes Con Patio La Boca	48900	USD	US$48.900	False	2	1	1	35.0	2 ambs.1 baño35 m² cubiertos	Aristóbulo Del Valle 200, La Boca, Capital Federal	https://departamento.mercadolibre.com.ar/MLA-3761929154-venta-departamento-2-ambientes-con-patio-la-boca-_JM#polycard_client=search-desktop&price_drop=not_apply&be_origin=backend&overlay_label=not_apply&search_layout=grid&position=22&type=item&tracking_id=67d90d5c-fa97-4f2d-8976-9c5d60b0c01e&sid=search	la-boca	42 m²	35 m²	0	0	99	1	Departamento	Interno	18 años	134.000 ARS	No	No		Sí				No		Sí		No	Sí		Sí	Sí	No	No	No		16	Norte																							Sí																
Departamento en venta	Depto 3 Ambientes, Rodeado De Verde, Apto Credito, Zona Catalinas!	72000	USD	US$72.000	False	3	2	1	58.0	3 ambs.1 baño58 m² cubiertos	Blanes Al 100, La Boca, Capital Federal	https://departamento.mercadolibre.com.ar/MLA-1964716347-depto-3-ambientes-rodeado-de-verde-apto-credito-zona-catalinas-_JM#polycard_client=search-desktop&price_drop=not_apply&be_origin=backend&overlay_label=not_apply&search_layout=grid&position=23&type=item&tracking_id=67d90d5c-fa97-4f2d-8976-9c5d60b0c01e&sid=search	la-boca	58 m²	58 m²	0	0	8		Departamento	Frente	61 años	148.000 ARS	Sí	No		Sí	Sí	Sí		No	No	No	No	No	Sí	No	Sí	Sí	Sí	No	Sí			Este		Sí															Sí																						
Departamento en venta	Venta Departamento 2 Ambientes Catalinas La Boca	39900	USD	US$39.900	False	2	1	1	44.0	2 ambs.1 baño44 m² cubiertos	Necochea 500, La Boca, Capital Federal	https://departamento.mercadolibre.com.ar/MLA-3747764020-venta-departamento-2-ambientes-catalinas-la-boca-_JM#polycard_client=search-desktop&price_drop=not_apply&be_origin=backend&overlay_label=not_apply&search_layout=grid&position=24&type=item&tracking_id=67d90d5c-fa97-4f2d-8976-9c5d60b0c01e&sid=search	la-boca	46 m²	44 m²	0	0	99	2	Departamento	Frente	41 años	66.000 ARS	Sí	No		No				No	Sí	No		Sí	Sí			Sí	No	No	No	2 m²	3	Norte		Sí																																					
Departamento en venta	Departamento De 4 Ambientes Al Frente Con Balcon	90000	USD	US$90.000	False	4	3	2	68.0	4 ambs.2 baños68 m² cubiertos	Araoz De Lamadrid 400, La Boca, Capital Federal	https://departamento.mercadolibre.com.ar/MLA-3740183856-departamento-de-4-ambientes-al-frente-con-balcon-_JM#polycard_client=search-desktop&price_drop=not_apply&be_origin=backend&overlay_label=not_apply&search_layout=grid&position=25&type=item&tracking_id=67d90d5c-fa97-4f2d-8976-9c5d60b0c01e&sid=search	la-boca	71 m²	68 m²	0	0	8	5	Departamento	Frente	50 años	180.000 ARS	No	Sí		Sí	No	No								No	Sí	Sí	No	Sí			1	Norte																					Sí																		
Departamento en venta	Venta Departamento 3 Ambientes La Boca Al Frente	40000	USD	US$40.000	False	3	2	1	56.0	3 ambs.1 baño56 m² cubiertos	Necochea 1300, La Boca, Capital Federal	https://departamento.mercadolibre.com.ar/MLA-3740191894-venta-departamento-3-ambientes-la-boca-al-frente-_JM#polycard_client=search-desktop&price_drop=not_apply&be_origin=backend&overlay_label=not_apply&search_layout=grid&position=26&type=item&tracking_id=67d90d5c-fa97-4f2d-8976-9c5d60b0c01e&sid=search	la-boca	56 m²	56 m²	0	0	99	1	Departamento	Frente	44 años	92.000 ARS	No	No		Sí				No		No		Sí	Sí		Sí	Sí	No	No	No		3	Norte																																							
Departamento en venta	Departamento 1 Amb En Venta En La Boca - Con Terrazza Unidad Complementaria	4500042000	USD	US$45.000US$42.000 BAJÓ DE PRECIO	False	1	0	1	29.0	1 amb.1 baño29 m² cubiertos	Necochea 639, La Boca, Capital Federal	https://departamento.mercadolibre.com.ar/MLA-3739766430-departamento-1-amb-en-venta-en-la-boca-con-terrazza-unidad-complementaria-_JM#polycard_client=search-desktop&price_drop=true&be_origin=backend&overlay_label=not_apply&search_layout=grid&position=27&type=item&tracking_id=67d90d5c-fa97-4f2d-8976-9c5d60b0c01e&sid=search	la-boca	31 m²	29 m²	0	0	3	2	Monoambiente	Frente	20 años	40.000 ARS	No	No		No	No	No		No	No	No	No	Sí	No	No	Sí	Sí	Sí	No	No		3	Este															Sí																								
Departamento en venta	Venta 2 Ambientes La Boca	69000	USD	US$69.000	False	2	1	1	38.0	2 ambs.1 baño38 m² cubiertos	Av Pedro De Mendoza 1727 2 49, La Boca, Capital Federal	https://departamento.mercadolibre.com.ar/MLA-1949489091-venta-2-ambientes-la-boca-_JM#polycard_client=search-desktop&price_drop=not_apply&be_origin=backend&overlay_label=not_apply&search_layout=grid&position=28&type=item&tracking_id=67d90d5c-fa97-4f2d-8976-9c5d60b0c01e&sid=search	la-boca	42,4 m²	38 m²	0	0			Departamento	Frente	76 años	0 ARS	No	No		Sí	No	No		No	Sí	No	No	Sí	No	No	Sí	No	No	No	No				Sí												24 horas																										
Departamento en venta	Departamento De 3 Ambientes Al Frente .barrio Catalinas Sur	71000	USD	US$71.000	False	3	2	1	56.0	3 ambs.1 baño56 m² cubiertos	Necochea 300, La Boca, Capital Federal	https://departamento.mercadolibre.com.ar/MLA-3726619948-departamento-de-3-ambientes-al-frente-barrio-catalinas-sur-_JM#polycard_client=search-desktop&price_drop=not_apply&be_origin=backend&overlay_label=not_apply&search_layout=grid&position=29&type=item&tracking_id=67d90d5c-fa97-4f2d-8976-9c5d60b0c01e&sid=search	la-boca	56 m²	56 m²	0	0	8	6	Departamento	Frente	45 años	90.000 ARS	Sí	Sí		Sí	No	No								No	Sí	Sí	No	Sí			1	Norte																					Sí																		
Departamento en venta	Venta De Departamento Dúplex, Tipo Ph De 2 Ambientes En La Boca	45000	USD	US$45.000	False	2	1	1	30.0	2 ambs.1 baño30 m² cubiertos	Martin Rodriguez 630, La Boca, Capital Federal	https://departamento.mercadolibre.com.ar/MLA-1947428285-venta-de-departamento-duplex-tipo-ph-de-2-ambientes-en-la-boca-_JM#polycard_client=search-desktop&price_drop=not_apply&be_origin=backend&overlay_label=not_apply&search_layout=grid&position=30&type=item&tracking_id=67d90d5c-fa97-4f2d-8976-9c5d60b0c01e&sid=search	la-boca	33,31 m²	30,07 m²	0	0			Departamento	Frente	39 años	42.000 ARS	Sí	Sí		No	No	No		No	No	No	Sí	No	Sí	No	Sí	Sí	Sí	No	No		3		Sí								Sí				24 horas			Sí																							
Departamento en venta	Departamento Duplex En Venta En La Boca Con Patio	120000	USD	US$120.000	False	2	2	1	60.0	2 ambs.1 baño60 m² cubiertos	Caboto 400, La Boca, Capital Federal	https://departamento.mercadolibre.com.ar/MLA-1945603341-departamento-duplex-en-venta-en-la-boca-con-patio-_JM#polycard_client=search-desktop&price_drop=not_apply&be_origin=backend&overlay_label=not_apply&search_layout=grid&position=31&type=item&tracking_id=67d90d5c-fa97-4f2d-8976-9c5d60b0c01e&sid=search	la-boca	73 m²	60 m²	0	0	99	3	Dúplex	Frente	1 años	160.000 ARS	No	No		No		Sí		No	Sí	No		No	No			No	No	No	No		5	Norte																Sí																							
Departamento en venta	Venta Departamento 3 Ambientes Catalinas Comuna 4	74900	USD	US$74.900	False	3	2	1	56.0	3 ambs.1 baño56 m² cubiertos	Necochea 200, La Boca, Capital Federal	https://departamento.mercadolibre.com.ar/MLA-1945489307-venta-departamento-3-ambientes-catalinas-comuna-4-_JM#polycard_client=search-desktop&price_drop=not_apply&be_origin=backend&overlay_label=not_apply&search_layout=grid&position=32&type=item&tracking_id=67d90d5c-fa97-4f2d-8976-9c5d60b0c01e&sid=search	la-boca	56 m²	56 m²	0	0	99	2	Departamento	Frente	37 años	127.000 ARS	No	Sí		No			Sí	No	Sí	Sí		No	Sí			Sí	No	No	No		11	Norte		Sí																								Sí													
Departamento en venta	Venta Departamento 3 Ambientes C/ Balcón. La Boca	65000	USD	US$65.000	False	3	2	1	53.0	3 ambs.1 baño53 m² cubiertos	Germán Abdala 100, La Boca, Capital Federal	https://departamento.mercadolibre.com.ar/MLA-1945602025-venta-departamento-3-ambientes-c-balcon-la-boca-_JM#polycard_client=search-desktop&price_drop=not_apply&be_origin=backend&overlay_label=not_apply&search_layout=grid&position=33&type=item&tracking_id=67d90d5c-fa97-4f2d-8976-9c5d60b0c01e&sid=search	la-boca	56 m²	53 m²	0	0	99	6	Departamento	Frente	26 años	98.000 ARS	No	No		No				No		No		Sí	Sí		Sí	No	No	No	No	3,05 m²	9	Norte																																							
Departamento en venta	Venta Departamento 3 Ambientes Barracas Cochera	104999	USD	US$104.999	False	3	2	1	61.0	3 ambs.1 baño61 m² cubiertos	Pi Y Margall 800, La Boca, Capital Federal	https://departamento.mercadolibre.com.ar/MLA-3721814606-venta-departamento-3-ambientes-barracas-cochera-_JM#polycard_client=search-desktop&price_drop=not_apply&be_origin=backend&overlay_label=not_apply&search_layout=grid&position=34&type=item&tracking_id=67d90d5c-fa97-4f2d-8976-9c5d60b0c01e&sid=search	la-boca	65 m²	61 m²	1	0	99	6	Departamento	Contrafrente	8 años	150.000 ARS	Sí	Sí		Sí		Sí		No		Sí		Sí	Sí			No	No	Sí	No		1	Norte		Sí																Sí																					
Departamento en venta	Venta Luminoso Y Funcional Depto 3 Amb En La Boca	75000	USD	US$75.000	False	3	2	1	54.0	3 ambs.1 baño54 m² cubiertos	Arnaldo D Esposito 100, La Boca, Capital Federal	https://departamento.mercadolibre.com.ar/MLA-1945600581-venta-luminoso-y-funcional-depto-3-amb-en-la-boca-_JM#polycard_client=search-desktop&price_drop=not_apply&be_origin=backend&overlay_label=not_apply&search_layout=grid&position=35&type=item&tracking_id=67d90d5c-fa97-4f2d-8976-9c5d60b0c01e&sid=search	la-boca	54 m²	54 m²	0	0	99	4	Departamento	Frente	51 años	157.950,38 ARS	No	No		Sí	Sí			No	Sí	No		No	Sí		Sí	Sí	No	No	No		8	Norte		Sí																								Sí													
Departamento en venta	Dto Venta 2 Ambientes En La Boca Apto Crédito	47980	USD	US$47.980	False	2	1	1	49.0	2 ambs.1 baño49 m² cubiertos	Avenida Don Pedro De Mendoza 1700, La Boca, Capital Federal	https://departamento.mercadolibre.com.ar/MLA-3721809104-dto-venta-2-ambientes-en-la-boca-apto-credito-_JM#polycard_client=search-desktop&price_drop=not_apply&be_origin=backend&overlay_label=not_apply&search_layout=grid&position=36&type=item&tracking_id=67d90d5c-fa97-4f2d-8976-9c5d60b0c01e&sid=search	la-boca	49 m²	49 m²	0	0	99	8	Departamento	Lateral	55 años	83.000 ARS	No	Sí	Sí	No	Sí			No	Sí	No		No	Sí			No	No	No	No		14	Norte		Sí																																					
Departamento en venta	Venta Departamento 3 Amb A Reciclar La Boca	54000	USD	US$54.000	False	3	2	1	49.0	3 ambs.1 baño49 m² cubiertos	Martín Rodríguez 1100, La Boca, Capital Federal	https://departamento.mercadolibre.com.ar/MLA-3721590870-venta-departamento-3-amb-a-reciclar-la-boca-_JM#polycard_client=search-desktop&price_drop=not_apply&be_origin=backend&overlay_label=not_apply&search_layout=grid&position=37&type=item&tracking_id=67d90d5c-fa97-4f2d-8976-9c5d60b0c01e&sid=search	la-boca	49 m²	49 m²	0	0	99	3	Departamento	Frente	53 años	89.000 ARS	No	No		No				No		No		No	Sí		Sí	Sí	No	No	No		5	Norte																										Sí													
Departamento en venta	Departamento 4 Ambientes C/ Vista Abierta En Venta	110000	USD	US$110.000	False	4	3	1	71.0	4 ambs.1 baño71 m² cubiertos	Ministro Brin 100, La Boca, Capital Federal	https://departamento.mercadolibre.com.ar/MLA-3721456038-departamento-4-ambientes-c-vista-abierta-en-venta-_JM#polycard_client=search-desktop&price_drop=not_apply&be_origin=backend&overlay_label=not_apply&search_layout=grid&position=38&type=item&tracking_id=67d90d5c-fa97-4f2d-8976-9c5d60b0c01e&sid=search	la-boca	71 m²	71 m²	0	0	99	10	Departamento	Lateral	64 años	180.000 ARS	No	No		Sí				No		Sí		No	Sí		Sí	Sí	No	No	No		11	Norte		Sí																																					
Departamento en venta	Venta Dpto 3 Ambientes Muy Luminoso En La Boca	70000	USD	US$70.000	False	3	2	1	64.0	3 ambs.1 baño64 m² cubiertos	Olavarria 500, La Boca, Capital Federal	https://departamento.mercadolibre.com.ar/MLA-3720668462-venta-dpto-3-ambientes-muy-luminoso-en-la-boca-_JM#polycard_client=search-desktop&price_drop=not_apply&be_origin=backend&overlay_label=not_apply&search_layout=grid&position=39&type=item&tracking_id=67d90d5c-fa97-4f2d-8976-9c5d60b0c01e&sid=search	la-boca	66 m²	64 m²	0	0	99	2	Departamento	Frente	61 años	210.000 ARS	No	No		No				No		No		Sí	Sí		Sí	Sí	No	No	No		6	Norte																																							
Departamento en venta	Venta Depto 3 Ambientes Con Balcon, En La Boca	80000	USD	US$80.000	False	3	2	1	54.0	3 ambs.1 baño54 m² cubiertos	Germán Abdala 100, La Boca, Capital Federal	https://departamento.mercadolibre.com.ar/MLA-1945070961-venta-depto-3-ambientes-con-balcon-en-la-boca-_JM#polycard_client=search-desktop&price_drop=not_apply&be_origin=backend&overlay_label=not_apply&search_layout=grid&position=40&type=item&tracking_id=67d90d5c-fa97-4f2d-8976-9c5d60b0c01e&sid=search	la-boca	58 m²	54 m²	0	0	99	5	Departamento	Frente	26 años	98.000 ARS	No	Sí	Sí	No				No	Sí	No		No	No			No	No	No	No		9	Norte															Sí																								
Departamento en venta	Venta Departamento Pb 3 Ambientes. La Boca	62000	USD	US$62.000	False	3	2	1	57.0	3 ambs.1 baño57 m² cubiertos	Martin Rodriguez 1100, La Boca, Capital Federal	https://departamento.mercadolibre.com.ar/MLA-3720097994-venta-departamento-pb-3-ambientes-la-boca-_JM#polycard_client=search-desktop&price_drop=not_apply&be_origin=backend&overlay_label=not_apply&search_layout=grid&position=41&type=item&tracking_id=67d90d5c-fa97-4f2d-8976-9c5d60b0c01e&sid=search	la-boca	57 m²	57 m²	0	0	99		Departamento	Frente	36 años	201.900 ARS	No	No		No				No		No		No	Sí			No	No	No	No			Norte																																							
Departamento en venta	Venta 2 Ambientes Con Balcon La Boca	70000	USD	US$70.000	False	2	1	1	45.0	2 ambs.1 baño45 m² cubiertos	Avenida Almirante Brown 700, La Boca, Capital Federal	https://departamento.mercadolibre.com.ar/MLA-3720468714-venta-2-ambientes-con-balcon-la-boca-_JM#polycard_client=search-desktop&price_drop=not_apply&be_origin=backend&overlay_label=not_apply&search_layout=grid&position=42&type=item&tracking_id=67d90d5c-fa97-4f2d-8976-9c5d60b0c01e&sid=search	la-boca	47 m²	45 m²	0	0	99	4	Departamento	Frente	46 años	100.000 ARS	No	Sí		No	Sí	Sí	Sí	No	Sí	Sí		Sí	Sí			No	No	No	No	2 m²	10	Norte															Sí												Sí												
Departamento en venta	Venta Depto 3 Amb. La Boca. Vista Abierta, B/est.	77000	USD	US$77.000	False	3	2	1	49.0	3 ambs.1 baño49 m² cubiertos	Pi Y Margall 400, La Boca, Capital Federal	https://departamento.mercadolibre.com.ar/MLA-3720659882-venta-depto-3-amb-la-boca-vista-abierta-best-_JM#polycard_client=search-desktop&price_drop=not_apply&be_origin=backend&overlay_label=not_apply&search_layout=grid&position=43&type=item&tracking_id=67d90d5c-fa97-4f2d-8976-9c5d60b0c01e&sid=search	la-boca	55 m²	49 m²	0	0	99	12	Departamento	Lateral	25 años	239.000 ARS	Sí	No	Sí	Sí	Sí	Sí	Sí	No	Sí	Sí		Sí	Sí			Sí	No	No	No	5,68 m²	15	Norte																																							Sí
Departamento en venta	Venta Depto 5 Amb La Boca Apto Credito Balcon	129000	USD	US$129.000	False	5	4	2	112.0	5 ambs.2 baños112 m² cubiertos	Avenida Almirante Brown 700, La Boca, Capital Federal	https://departamento.mercadolibre.com.ar/MLA-3720092748-venta-depto-5-amb-la-boca-apto-credito-balcon-_JM#polycard_client=search-desktop&price_drop=not_apply&be_origin=backend&overlay_label=not_apply&search_layout=grid&position=44&type=item&tracking_id=67d90d5c-fa97-4f2d-8976-9c5d60b0c01e&sid=search	la-boca	126 m²	112 m²	0	0	99	10	Semi piso	Contrafrente	54 años	400.000 ARS	Sí	Sí		Sí	Sí		Sí	No	Sí	No		Sí	Sí		Sí	Sí	No	No	No	7,72 m²	12	Este		Sí						Sí																									Sí						
Departamento en venta	Venta De 3 Ambientes Con Balcón En La Boca!	107000	USD	US$107.000	False	3	2	1	59.0	3 ambs.1 baño59 m² cubiertos	20 De Septiembre 400, La Boca, Capital Federal	https://departamento.mercadolibre.com.ar/MLA-3720092614-venta-de-3-ambientes-con-balcon-en-la-boca-_JM#polycard_client=search-desktop&price_drop=not_apply&be_origin=backend&overlay_label=not_apply&search_layout=grid&position=45&type=item&tracking_id=67d90d5c-fa97-4f2d-8976-9c5d60b0c01e&sid=search	la-boca	61 m²	59 m²	0	0	99	6	Departamento	Frente	10 años	100.373 ARS	No	Sí	Sí	No			Sí	No	Sí	No		Sí	Sí			Sí	No	No	No	2,2 m²	9	Norte		Sí																																					
Departamento en venta	Venta La Boca Departamento 3 Ambientes Luminoso	76000	USD	US$76.000	False	3	2	1	65.0	3 ambs.1 baño65 m² cubiertos	Avenida Almirante Brown 700, La Boca, Capital Federal	https://departamento.mercadolibre.com.ar/MLA-3720464954-venta-la-boca-departamento-3-ambientes-luminoso-_JM#polycard_client=search-desktop&price_drop=not_apply&be_origin=backend&overlay_label=not_apply&search_layout=grid&position=46&type=item&tracking_id=67d90d5c-fa97-4f2d-8976-9c5d60b0c01e&sid=search	la-boca	69 m²	65 m²	0	0	99	4	Departamento	Frente	66 años	275.000 ARS	No	No		Sí				No	Sí	No		Sí	No			No	No	No	No	4,03 m²	6	Norte		Sí																																					
Departamento en venta	Venta Depto 3 Amb La Boca Apto Crédito Balcon	75000	USD	US$75.000	False	3	2	1	42.0	3 ambs.1 baño42 m² cubiertos	Wenceslao Villafañe 1000, La Boca, Capital Federal	https://departamento.mercadolibre.com.ar/MLA-3720464710-venta-depto-3-amb-la-boca-apto-credito-balcon-_JM#polycard_client=search-desktop&price_drop=not_apply&be_origin=backend&overlay_label=not_apply&search_layout=grid&position=47&type=item&tracking_id=67d90d5c-fa97-4f2d-8976-9c5d60b0c01e&sid=search	la-boca	45 m²	42 m²	0	0	99	2	Departamento	Lateral	49 años	100.000 ARS	No	Sí		Sí			Sí	No	Sí	No		Sí	Sí		Sí	Sí	No	No	No	2,52 m²	8	Oeste		Sí																																					
Departamento en venta	3 Ambientes Al Contrafrente En Venta Barrio La Boca	57000	USD	US$57.000	False	3	2	1	44.0	3 ambs.1 baño44 m² cubiertos	Brandsen 400, La Boca, Capital Federal	https://departamento.mercadolibre.com.ar/MLA-3718600180-3-ambientes-al-contrafrente-en-venta-barrio-la-boca-_JM#polycard_client=search-desktop&price_drop=not_apply&be_origin=backend&overlay_label=not_apply&search_layout=grid&position=48&type=item&tracking_id=67d90d5c-fa97-4f2d-8976-9c5d60b0c01e&sid=search	la-boca	44 m²	44 m²	0	0	4		Departamento	Contrafrente	50 años		Sí			Sí			Sí		Sí	Sí		Sí	Sí		Sí	Sí					8	Norte											Sí																												
Departamento en venta	Venta 2 Amb,c/balcon Ideal Inversion.la Boca	47000	USD	US$47.000	False	2	1	1	31.0	2 ambs.1 baño31 m² cubiertos	Avenida Almirante Brown 200, La Boca, Capital Federal	https://departamento.mercadolibre.com.ar/MLA-3720470038-venta-2-ambcbalcon-ideal-inversionla-boca-_JM#polycard_client=search-desktop&price_drop=not_apply&be_origin=backend&overlay_label=not_apply&search_layout=grid&position=1&type=item&tracking_id=3f981589-12f0-4f73-8231-e8f7a70ead8c&sid=search	la-boca	34 m²	31 m²	0	0	99	3	Departamento	Frente	46 años	152.000 ARS	No	Sí		Sí				No		Sí		Sí	No			Sí	Sí	No	No	2,69 m²	15	Norte																																							
Departamento en venta	Venta Departamento 2 O 3 Ambientes Puerto Pampa	100000	USD	US$100.000	False	3	2	1	56.0	3 ambs.1 baño56 m² cubiertos	Caboto 400, La Boca, Capital Federal	https://departamento.mercadolibre.com.ar/MLA-1945603353-venta-departamento-2-o-3-ambientes-puerto-pampa-_JM#polycard_client=search-desktop&price_drop=not_apply&be_origin=backend&overlay_label=not_apply&search_layout=grid&position=2&type=item&tracking_id=3f981589-12f0-4f73-8231-e8f7a70ead8c&sid=search	la-boca	60 m²	56 m²	0	0	99	3	Departamento	Frente	1 años	150.000 ARS	No	No		No				No		No		No	No			No	No	No	No		6	Norte																																							
Departamento en venta	Departamento 3 Ambientes En Venta, Catalinas Sur	79633	USD	US$79.633	False	3	2	1	57.0	3 ambs.1 baño57 m² cubiertos	Juan Manuel Blanes 100, La Boca, Capital Federal	https://departamento.mercadolibre.com.ar/MLA-3720465680-departamento-3-ambientes-en-venta-catalinas-sur-_JM#polycard_client=search-desktop&price_drop=not_apply&be_origin=backend&overlay_label=not_apply&search_layout=grid&position=3&type=item&tracking_id=3f981589-12f0-4f73-8231-e8f7a70ead8c&sid=search	la-boca	57 m²	57 m²	0	0	99	6	Departamento	Frente	44 años	147.000 ARS	No	No		No				No	Sí	Sí		No	No		Sí	Sí	No	No	No		10	Norte	Sí	Sí							Sí																														
Departamento en venta	Departamento De 1 Ambiente Al Frente Con Balcon .o/norte	55000	USD	US$55.000	False	0	0	1	30.0	1 baño30 m² cubiertos	Araoz De Lamadrid 400, La Boca, Capital Federal	https://departamento.mercadolibre.com.ar/MLA-1942305067-departamento-de-1-ambiente-al-frente-con-balcon-onorte-_JM#polycard_client=search-desktop&price_drop=not_apply&be_origin=backend&overlay_label=not_apply&search_layout=grid&position=4&type=item&tracking_id=3f981589-12f0-4f73-8231-e8f7a70ead8c&sid=search	la-boca	33 m²	30 m²	0	0	8	10	Departamento	Frente	40 años	60.000 ARS	No	No		Sí	No	No								No	Sí	Sí	No	Sí			1	Norte																					Sí																		
Departamento en venta	Departamento De 3 Ambientes Al Contrafrente .	60000	USD	US$60.000	False	3	2	1	65.0	3 ambs.1 baño65 m² cubiertos	Martin Rodriguez 1100, La Boca, Capital Federal	https://departamento.mercadolibre.com.ar/MLA-1932699363-departamento-de-3-ambientes-al-contrafrente--_JM#polycard_client=search-desktop&price_drop=not_apply&be_origin=backend&overlay_label=not_apply&search_layout=grid&position=5&type=item&tracking_id=3f981589-12f0-4f73-8231-e8f7a70ead8c&sid=search	la-boca	65 m²	65 m²	0	0	8	3	Departamento	Contrafrente	60 años	165.000 ARS	Sí	Sí		Sí	No	No								No	Sí	Sí	No	Sí			1	Norte																					Sí																		
Departamento en venta	Departamento 2 Ambientes Al Frente Con Balcon En La Boca Venta	4450042000	USD	US$44.500US$42.000 BAJÓ DE PRECIO	False	2	1	1	32.0	2 ambs.1 baño32 m² cubiertos	Pinzon Al 200, La Boca, Capital Federal	https://departamento.mercadolibre.com.ar/MLA-1927649677-departamento-2-ambientes-al-frente-con-balcon-en-la-boca-venta-_JM#polycard_client=search-desktop&price_drop=true&be_origin=backend&overlay_label=not_apply&search_layout=grid&position=6&type=item&tracking_id=3f981589-12f0-4f73-8231-e8f7a70ead8c&sid=search	la-boca	34 m²	32 m²	0	0		2	Departamento	Frente	50 años	120.000 ARS	No	No		No	Sí	No		No	No	No	No	Sí	Sí	No	Sí	Sí	No	No	Sí			Norte		Sí																																					
Departamento en venta	Excelente Departamento De 3 Amb. 80 M2 Con Balcon	115000	USD	US$115.000	False	3	2	1	82.0	3 ambs.1 baño82 m² cubiertos	Olavarria 500, La Boca, Capital Federal	https://departamento.mercadolibre.com.ar/MLA-3679241098-excelente-departamento-de-3-amb-80-m2-con-balcon-_JM#polycard_client=search-desktop&price_drop=not_apply&be_origin=backend&overlay_label=not_apply&search_layout=grid&position=7&type=item&tracking_id=3f981589-12f0-4f73-8231-e8f7a70ead8c&sid=search	la-boca	92 m²	82 m²	0	0	3	4	Departamento	Contrafrente	30 años	160.000 ARS	Sí	Sí		Sí	No	No								No	Sí	Sí	No	Sí			1	Norte																					Sí																		
Departamento en venta	Departamento De 2 Ambientes Al Frente Con Patio	45000	USD	US$45.000	False	2	1	1	47.0	2 ambs.1 baño47 m² cubiertos	Palos 800, La Boca, Capital Federal	https://departamento.mercadolibre.com.ar/MLA-3679240982-departamento-de-2-ambientes-al-frente-con-patio-_JM#polycard_client=search-desktop&price_drop=not_apply&be_origin=backend&overlay_label=not_apply&search_layout=grid&position=8&type=item&tracking_id=3f981589-12f0-4f73-8231-e8f7a70ead8c&sid=search	la-boca	50 m²	47 m²	0	0	2		Departamento	Frente	70 años	55.000 ARS	Sí	Sí		No	No	No								No	Sí	Sí	No	Sí			1																						Sí																		
Departamento en venta	Departamento De 3 Ambientes Por Escalera	70000	USD	US$70.000	False	3	2	1	55.0	3 ambs.1 baño55 m² cubiertos	Brandsen 500, La Boca, Capital Federal	https://departamento.mercadolibre.com.ar/MLA-1927004371-departamento-de-3-ambientes-por-escalera-_JM#polycard_client=search-desktop&price_drop=not_apply&be_origin=backend&overlay_label=not_apply&search_layout=grid&position=9&type=item&tracking_id=3f981589-12f0-4f73-8231-e8f7a70ead8c&sid=search	la-boca	55 m²	55 m²	0	0	2	2	Departamento	Lateral	60 años	50.000 ARS	No	Sí		No	No	No								No	Sí	Sí	No	Sí			1	Norte																					Sí																		
Departamento en venta	Departamento De 3 Ambientes Al Frente Con Balcon Corrido Y C	95000	USD	US$95.000	False	3	2	1	70.0	3 ambs.1 baño70 m² cubiertos	Puerto De Palos 700, La Boca, Capital Federal	https://departamento.mercadolibre.com.ar/MLA-1926970411-departamento-de-3-ambientes-al-frente-con-balcon-corrido-y-c-_JM#polycard_client=search-desktop&price_drop=not_apply&be_origin=backend&overlay_label=not_apply&search_layout=grid&position=10&type=item&tracking_id=3f981589-12f0-4f73-8231-e8f7a70ead8c&sid=search	la-boca	78 m²	70 m²	0	0	2	3	Departamento	Frente	40 años	210.000 ARS	Sí	Sí		Sí	No	No								No	Sí	Sí	No	Sí			1	Oeste																					Sí																		
Departamento en venta	Departamento De 3 Ambientes P.baja Al Frente .sin Expensas	82000	USD	US$82.000	False	3	2	1	75.0	3 ambs.1 baño75 m² cubiertos	Quinquela Martin 1200, La Boca, Capital Federal	https://departamento.mercadolibre.com.ar/MLA-3679240410-departamento-de-3-ambientes-pbaja-al-frente-sin-expensas-_JM#polycard_client=search-desktop&price_drop=not_apply&be_origin=backend&overlay_label=not_apply&search_layout=grid&position=11&type=item&tracking_id=3f981589-12f0-4f73-8231-e8f7a70ead8c&sid=search	la-boca	75 m²	75 m²	0	0	2		Departamento	Frente	70 años	0 ARS	Sí	No		No	No	No								No	Sí	Sí	No	Sí			1	Norte																					Sí																		
Departamento en venta	Departamento De 3 Amb. Lateral	68000	USD	US$68.000	False	3	2	1	46.0	3 ambs.1 baño46 m² cubiertos	Brandsen 400, La Boca, Capital Federal	https://departamento.mercadolibre.com.ar/MLA-3632249614-departamento-de-3-amb-lateral-_JM#polycard_client=search-desktop&price_drop=not_apply&be_origin=backend&overlay_label=not_apply&search_layout=grid&position=12&type=item&tracking_id=3f981589-12f0-4f73-8231-e8f7a70ead8c&sid=search	la-boca	46 m²	46 m²	0	0	4	2	Departamento	Lateral	40 años	120.000 ARS	Sí	Sí		Sí	No	No								No	Sí	Sí	No	Sí				Oeste																					Sí																		
Departamento en venta	Venta Departamento 3 Ambientes Lateral Balcón Apto Credito Moderno Luminoso	125000	USD	US$125.000	False	3	2	1	60.0	3 ambs.1 baño60 m² cubiertos	Av Martin Garcia Al 200, La Boca, Capital Federal	https://departamento.mercadolibre.com.ar/MLA-1900457625-venta-departamento-3-ambientes-lateral-balcon-apto-credito-moderno-luminoso-_JM#polycard_client=search-desktop&price_drop=not_apply&be_origin=backend&overlay_label=not_apply&search_layout=grid&position=13&type=item&tracking_id=3f981589-12f0-4f73-8231-e8f7a70ead8c&sid=search	la-boca	68 m²	60 m²	0	0	4	4	Departamento	Lateral	7 años	0 ARS	No	No	Sí	Sí	No	Sí		No	No	No	No	Sí	Sí	No	Sí	Sí	No	No	No	5 m²		Oeste	Sí					Sí		Sí							Sí																								
Departamento en venta	Semipiso 4 Ambientes Al Frente Con Balcon	135000	USD	US$135.000	False	4	3	2	95.0	4 ambs.2 baños95 m² cubiertos	Avenida Almirante Brown 700, La Boca, Capital Federal	https://departamento.mercadolibre.com.ar/MLA-1897463771-semipiso-4-ambientes-al-frente-con-balcon-_JM#polycard_client=search-desktop&price_drop=not_apply&be_origin=backend&overlay_label=not_apply&search_layout=grid&position=14&type=item&tracking_id=3f981589-12f0-4f73-8231-e8f7a70ead8c&sid=search	la-boca	104 m²	95 m²	0	0	2	7	Semi piso	Frente	55 años	290.000 ARS	Sí	Sí		Sí	No	No								No	Sí	Sí	No	Sí			1	Norte																					Sí																		
Departamento en venta	Departamento De 4 Ambientes Al Frente Con Balcon	57000	USD	US$57.000	False	4	3	1	65.0	4 ambs.1 baño65 m² cubiertos	Martin Rodriguez 1100, La Boca, Capital Federal	https://departamento.mercadolibre.com.ar/MLA-1896074043-departamento-de-4-ambientes-al-frente-con-balcon-_JM#polycard_client=search-desktop&price_drop=not_apply&be_origin=backend&overlay_label=not_apply&search_layout=grid&position=15&type=item&tracking_id=3f981589-12f0-4f73-8231-e8f7a70ead8c&sid=search	la-boca	70 m²	65 m²	0	0	8	2	Departamento	Frente	55 años	70.000 ARS	Sí	Sí		Sí	No	No								No	Sí	Sí	No	Sí			1	Norte																					Sí																		
Departamento en venta	Departamento De 2 Ambientes 1º Piso Por Escalera	40000	USD	US$40.000	False	2	1	1	30.0	2 ambs.1 baño30 m² cubiertos	Caboto 800, La Boca, Capital Federal	https://departamento.mercadolibre.com.ar/MLA-3593785430-departamento-de-2-ambientes-1-piso-por-escalera-_JM#polycard_client=search-desktop&price_drop=not_apply&be_origin=backend&overlay_label=not_apply&search_layout=grid&position=16&type=item&tracking_id=3f981589-12f0-4f73-8231-e8f7a70ead8c&sid=search	la-boca	30 m²	30 m²	0	0	2	1	Departamento	Lateral	50 años	20.000 ARS	Sí	Sí		No	No	No								No	Sí	Sí	No	Sí				Sur																					Sí																		
Departamento en venta	Departamento 4 Ambientes En Catalinas Sur / La Boca	98000	USD	US$98.000	False	4	3	1	70.0	4 ambs.1 baño70 m² totales	Caboto Al 300, La Boca, Capital Federal	https://departamento.mercadolibre.com.ar/MLA-1887500493-departamento-4-ambientes-en-catalinas-sur-la-boca-_JM#polycard_client=search-desktop&price_drop=not_apply&be_origin=backend&overlay_label=not_apply&search_layout=grid&position=17&type=item&tracking_id=3f981589-12f0-4f73-8231-e8f7a70ead8c&sid=search	la-boca	70 m²		0	0		4	Departamento		50 años	240.000 ARS	No	Sí		Sí	No	No		No	No	No	No	No	No	No	Sí	No	No	No	No			Sur																																							
Departamento en venta	Departamento 4 Ambientes En Catalinas Sur / La Boca	98000	USD	US$98.000	False	4	3	1	70.0	4 ambs.1 baño70 m² totales	Caboto Al 300, La Boca, Capital Federal	https://departamento.mercadolibre.com.ar/MLA-1887509777-departamento-4-ambientes-en-catalinas-sur-la-boca-_JM#polycard_client=search-desktop&price_drop=not_apply&be_origin=backend&overlay_label=not_apply&search_layout=grid&position=18&type=item&tracking_id=3f981589-12f0-4f73-8231-e8f7a70ead8c&sid=search	la-boca	70 m²		0	0		4	Departamento		50 años	240.000 ARS	No	Sí		Sí	No	No		No	No	No	No	No	No	No	Sí	No	No	No	No			Sur																																							
Departamento en venta	Departamento De 3 Ambientes Con Terraza Propia	8900082000	USD	US$89.000US$82.000 BAJÓ DE PRECIO	False	3	2	1	52.0	3 ambs.1 baño52 m² cubiertos	Arzobispo Espinosa 300, La Boca, Capital Federal	https://departamento.mercadolibre.com.ar/MLA-1876195967-departamento-de-3-ambientes-con-terraza-propia-_JM#polycard_client=search-desktop&price_drop=true&be_origin=backend&overlay_label=not_apply&search_layout=grid&position=19&type=item&tracking_id=3f981589-12f0-4f73-8231-e8f7a70ead8c&sid=search	la-boca	102 m²	52 m²	0	0	2	6	Departamento	Frente	40 años	105.000 ARS	Sí	Sí		Sí	No	No								No	Sí	Sí	No	Sí			2	Norte																					Sí																		
Departamento en venta	Departamento De 3 Ambientes Al Frente Con Balcon	65000	USD	US$65.000	False	3	2	1	80.0	3 ambs.1 baño80 m² cubiertos	Brandsen 300, La Boca, Capital Federal	https://departamento.mercadolibre.com.ar/MLA-3559616752-departamento-de-3-ambientes-al-frente-con-balcon-_JM#polycard_client=search-desktop&price_drop=not_apply&be_origin=backend&overlay_label=not_apply&search_layout=grid&position=20&type=item&tracking_id=3f981589-12f0-4f73-8231-e8f7a70ead8c&sid=search	la-boca	80 m²	80 m²	0	0	2	1	Departamento	Frente	70 años	3.500 ARS	No	Sí		No	No	No								No	Sí	Sí	No	No			1	Sur																					Sí																		
Departamento en venta	Departamento De 2 Ambientes En Calle Olavarria	5800054500	USD	US$58.000US$54.500 BAJÓ DE PRECIO	False	2	1	1	38.0	2 ambs.1 baño38 m² cubiertos	Olavarria 400, La Boca, Capital Federal	https://departamento.mercadolibre.com.ar/MLA-3559616704-departamento-de-2-ambientes-en-calle-olavarria-_JM#polycard_client=search-desktop&price_drop=true&be_origin=backend&overlay_label=not_apply&search_layout=grid&position=21&type=item&tracking_id=3f981589-12f0-4f73-8231-e8f7a70ead8c&sid=search	la-boca	40 m²	38 m²	0	0	6	2	Departamento	Interno	40 años	70.000 ARS	Sí	Sí		Sí	No	No								No	Sí	Sí	No	Sí			1																						Sí																		
Departamento en venta	4 Ambientes Con Balcón En Venta Barrio La Boca	80000	USD	US$80.000	False	4	3	1	70.0	4 ambs.1 baño70 m² cubiertos	Gral. Gregorio Aráoz De Lamadrid, La Boca, Capital Federal	https://departamento.mercadolibre.com.ar/MLA-1871645005-4-ambientes-con-balcon-en-venta-barrio-la-boca-_JM#polycard_client=search-desktop&price_drop=not_apply&be_origin=backend&overlay_label=not_apply&search_layout=grid&position=22&type=item&tracking_id=3f981589-12f0-4f73-8231-e8f7a70ead8c&sid=search	la-boca	74 m²	70 m²	1	0	4		Departamento		55 años		Sí						Sí			Sí		Sí	Sí		Sí	Sí					14	Norte		Sí																																					
Departamento en venta	Departamento De 3 Ambientes Con Balcon .vista Al Rio	82000	USD	US$82.000	False	3	2	1	48.0	3 ambs.1 baño48 m² cubiertos	Olavarria 500, La Boca, Capital Federal	https://departamento.mercadolibre.com.ar/MLA-3523731644-departamento-de-3-ambientes-con-balcon-vista-al-rio-_JM#polycard_client=search-desktop&price_drop=not_apply&be_origin=backend&overlay_label=not_apply&search_layout=grid&position=23&type=item&tracking_id=3f981589-12f0-4f73-8231-e8f7a70ead8c&sid=search	la-boca	53 m²	48 m²	0	0	7	10	Departamento	Frente	50 años	300.000 ARS	No	Sí		Sí	No	No								No	Sí	Sí	No	Sí			1	Oeste																					Sí																		
Departamento en venta	Monoambiente De Diseño Industrial Reciclado A Nuevo En La Boca (apto Crédito)	45000	USD	US$45.000	False	1	0	1	27.0	1 amb.1 baño27 m² cubiertos	Magallanes Al 1200, La Boca, Capital Federal	https://departamento.mercadolibre.com.ar/MLA-1847268267-monoambiente-de-diseno-industrial-reciclado-a-nuevo-en-la-boca-apto-credito-_JM#polycard_client=search-desktop&price_drop=not_apply&be_origin=backend&overlay_label=not_apply&search_layout=grid&position=24&type=item&tracking_id=3f981589-12f0-4f73-8231-e8f7a70ead8c&sid=search	la-boca	27 m²	27 m²	0	0	6	3	Departamento	Frente	50 años	158.000 ARS	No	Sí		Sí	No	No		No	No	No	No	No	Sí	No		Sí	No	No	No		1	Sur	Sí																																						
Departamento en venta	Monoambiente De Diseño Industrial Reciclado A Nuevo En La Boca (apto Crédito)	45000	USD	US$45.000	False	1	0	1	27.0	1 amb.1 baño27 m² cubiertos	Magallanes Al 1200, La Boca, Capital Federal	https://departamento.mercadolibre.com.ar/MLA-1847268221-monoambiente-de-diseno-industrial-reciclado-a-nuevo-en-la-boca-apto-credito-_JM#polycard_client=search-desktop&price_drop=not_apply&be_origin=backend&overlay_label=not_apply&search_layout=grid&position=25&type=item&tracking_id=3f981589-12f0-4f73-8231-e8f7a70ead8c&sid=search	la-boca	27 m²	27 m²	0	0	6	3	Departamento	Frente	50 años	158.000 ARS	No	Sí		Sí	No	No		No	No	No	No	No	Sí	No		Sí	No	No	No		1	Sur	Sí																																						
Departamento en venta	4 Ambientes Al Frente Con Balcón Corrido Y Cochera En Venta - Barrio La Boca	95000	USD	US$95.000	False	4	3	2	80.0	4 ambs.2 baños80 m² cubiertos	Brandsen, La Boca, Capital Federal	https://departamento.mercadolibre.com.ar/MLA-1847248771-4-ambientes-al-frente-con-balcon-corrido-y-cochera-en-venta-barrio-la-boca-_JM#polycard_client=search-desktop&price_drop=not_apply&be_origin=backend&overlay_label=not_apply&search_layout=grid&position=26&type=item&tracking_id=3f981589-12f0-4f73-8231-e8f7a70ead8c&sid=search	la-boca	90 m²	80 m²	1	0	4		Departamento	Frente	55 años		Sí			Sí			Sí		Sí	Sí		Sí	Sí		Sí	Sí					8	Norte		Sí						Sí								Sí																							
Departamento en venta	Sol De Mañana Y Ambientes Todo Luz: Tu Próximo Hogar O Inversión En La Boca	4450042000	USD	US$44.500US$42.000 BAJÓ DE PRECIO	False	2	1	1	31.0	2 ambs.1 baño31 m² cubiertos	Pinzón Al 200, La Boca, Capital Federal	https://departamento.mercadolibre.com.ar/MLA-1835430119-sol-de-manana-y-ambientes-todo-luz-tu-proximo-hogar-o-inversion-en-la-boca-_JM#polycard_client=search-desktop&price_drop=true&be_origin=backend&overlay_label=not_apply&search_layout=grid&position=27&type=item&tracking_id=3f981589-12f0-4f73-8231-e8f7a70ead8c&sid=search	la-boca	33 m²	31 m²	0	0	5	2	Departamento	Frente	45 años	174.000 ARS	No	No		Sí	Sí	No		No	No	Sí	No	Sí	Sí	No	Sí	Sí	No	No	Sí	1 m²	1	Norte	Sí	Sí																																					
Departamento en venta	Diseño, Luz De Tarde Y Tu Propio Home-office A Pasos De Parque Lezama	63000	USD	US$63.000	False	3	2	1	56.0	3 ambs.1 baño56 m² cubiertos	Irala Al 100, La Boca, Capital Federal	https://departamento.mercadolibre.com.ar/MLA-3452412874-diseno-luz-de-tarde-y-tu-propio-home-office-a-pasos-de-parque-lezama-_JM#polycard_client=search-desktop&price_drop=not_apply&be_origin=backend&overlay_label=not_apply&search_layout=grid&position=28&type=item&tracking_id=3f981589-12f0-4f73-8231-e8f7a70ead8c&sid=search	la-boca	56 m²	56 m²	0	0	3	1	Departamento	Interno	60 años	0 ARS	No	Sí		No	No	No		No	No	Sí	No	No	Sí	No		Sí	No	No	No		1	Oeste																																							
Departamento en venta	Venta Departamento Tipo Casa 3 Amb - La Boca	65000	USD	US$65.000	False	3	2	1	60.0	3 ambs.1 baño60 m² cubiertos	Caboto 843 1° DTO A, La Boca, Capital Federal	https://departamento.mercadolibre.com.ar/MLA-1831324847-venta-departamento-tipo-casa-3-amb-la-boca-_JM#polycard_client=search-desktop&price_drop=not_apply&be_origin=backend&overlay_label=not_apply&search_layout=grid&position=29&type=item&tracking_id=3f981589-12f0-4f73-8231-e8f7a70ead8c&sid=search	la-boca	60 m²	60 m²	0	0		1	Departamento	Frente	50 años	0 ARS	No	No		No	No	No		No	No	No	No	Sí	Sí	No	Sí	Sí	No	No	No			Este																																							
Departamento en venta	Venta Departamento La Boca	55000	USD	US$55.000	False	2	1	1	40.0	2 ambs.1 baño40 m² cubiertos	Olavarria 594, La Boca, Capital Federal	https://departamento.mercadolibre.com.ar/MLA-1831363413-venta-departamento-la-boca-_JM#polycard_client=search-desktop&price_drop=not_apply&be_origin=backend&overlay_label=not_apply&search_layout=grid&position=30&type=item&tracking_id=3f981589-12f0-4f73-8231-e8f7a70ead8c&sid=search	la-boca	42,98 m²	40,17 m²	0	0	7	5	Departamento	Lateral	40 años	125.000 ARS	No	No		No	No	No		No	No	No	No	Sí	Sí	No	Sí	Sí	No	No	No		14	Este		Sí																																					
Departamento en venta	Venta Departamento La Boca	82000	USD	US$82.000	False	1	0	1	35.0	1 amb.1 baño35 m² cubiertos	Juan De Dios Filiberto 992, La Boca, Capital Federal	https://departamento.mercadolibre.com.ar/MLA-1831363317-venta-departamento-la-boca-_JM#polycard_client=search-desktop&price_drop=not_apply&be_origin=backend&overlay_label=not_apply&search_layout=grid&position=31&type=item&tracking_id=3f981589-12f0-4f73-8231-e8f7a70ead8c&sid=search	la-boca	38 m²	35 m²	0	0	6	2	Monoambiente	Frente	1 años	0 ARS	No	No		No	No	No		Sí	No	No	No	No	No	No	Sí	No	Sí	No	No		6	Sur	Sí																	Sí									Sí												
Departamento en venta	Venta Departamento 4 Amb. 72 M2 En La Boca / Apto Credito	10890094900	USD	US$108.900US$94.900 BAJÓ DE PRECIO	False	4	3	2	72.0	4 ambs.2 baños72 m² cubiertos	Juan Manuel Blanes Al 460, La Boca, Capital Federal	https://departamento.mercadolibre.com.ar/MLA-1829698211-venta-departamento-4-amb-72-m2-en-la-boca-apto-credito-_JM#polycard_client=search-desktop&price_drop=true&be_origin=backend&overlay_label=not_apply&search_layout=grid&position=32&type=item&tracking_id=3f981589-12f0-4f73-8231-e8f7a70ead8c&sid=search	la-boca	72 m²	72 m²	0	0		13	Departamento	Contrafrente	30 años	138.000 ARS	No	Sí		Sí	No	No		No	Sí	Sí	No	No	No	No		No	No	No	No		1																																								
Departamento en venta	Venta Departamento 3 Amb Con Balcon Y Cochera	100000	USD	US$100.000	False	3	2	1	55.0	3 ambs.1 baño55 m² cubiertos	Irala 106, La Boca, Capital Federal	https://departamento.mercadolibre.com.ar/MLA-3434734844-venta-departamento-3-amb-con-balcon-y-cochera-_JM#polycard_client=search-desktop&price_drop=not_apply&be_origin=backend&overlay_label=not_apply&search_layout=grid&position=33&type=item&tracking_id=3f981589-12f0-4f73-8231-e8f7a70ead8c&sid=search	la-boca	72 m²	55 m²	1			8		Lateral	22 años	125.000 ARS	Sí			Sí			Sí		Sí	Sí		Sí	Sí		Sí	Sí	Sí				11	Norte		Sí													Sí																								
Departamento en venta	Venta De Departamento En La Boca	50000	USD	US$50.000	False	2	1	1	39.0	2 ambs.1 baño39 m² cubiertos	Pi Y Margall 480, La Boca, Capital Federal	https://departamento.mercadolibre.com.ar/MLA-3409403764-venta-de-departamento-en-la-boca-_JM#polycard_client=search-desktop&price_drop=not_apply&be_origin=backend&overlay_label=not_apply&search_layout=grid&position=34&type=item&tracking_id=3f981589-12f0-4f73-8231-e8f7a70ead8c&sid=search	la-boca	42 m²	39 m²	0	0	6	10	Departamento	Frente	40 años	150.000 ARS	Sí	Sí		Sí	No	No								No	Sí	Sí	No	Sí			1	Norte									Sí												Sí																		
Departamento en venta	Departamento De 3 Ambientes Al Contrafrente	70000	USD	US$70.000	False	3	2	1	65.0	3 ambs.1 baño65 m² cubiertos	Olavarria 500, La Boca, Capital Federal	https://departamento.mercadolibre.com.ar/MLA-3389976272-departamento-de-3-ambientes-al-contrafrente-_JM#polycard_client=search-desktop&price_drop=not_apply&be_origin=backend&overlay_label=not_apply&search_layout=grid&position=35&type=item&tracking_id=3f981589-12f0-4f73-8231-e8f7a70ead8c&sid=search	la-boca	65 m²	65 m²	0	0	4	1	Departamento	Contrafrente	40 años	100.000 ARS	Sí	Sí		Sí	No	No								No	Sí	Sí	No	Sí			1	Norte															Sí						Sí																		
Departamento en venta	Departamento De 3 Ambientes 1er. Piso Por Escalera	50000	USD	US$50.000	False	3	2	1	49.0	3 ambs.1 baño49 m² cubiertos	Olavarria 700, La Boca, Capital Federal	https://departamento.mercadolibre.com.ar/MLA-3315334700-departamento-de-3-ambientes-1er-piso-por-escalera-_JM#polycard_client=search-desktop&price_drop=not_apply&be_origin=backend&overlay_label=not_apply&search_layout=grid&position=36&type=item&tracking_id=3f981589-12f0-4f73-8231-e8f7a70ead8c&sid=search	la-boca	49 m²	49 m²	0	0	2	1	Departamento	Contrafrente	60 años	0 ARS	Sí	No		No	No	No								No	Sí	Sí	No	Sí				Sur																					Sí																		
Departamento en venta	Departamento De 2 Ambientes Al Frente Con Balcon	43000	USD	US$43.000	False	2	1	1	54.0	2 ambs.1 baño54 m² cubiertos	Suarez 900, La Boca, Capital Federal	https://departamento.mercadolibre.com.ar/MLA-3309596728-departamento-de-2-ambientes-al-frente-con-balcon-_JM#polycard_client=search-desktop&price_drop=not_apply&be_origin=backend&overlay_label=not_apply&search_layout=grid&position=37&type=item&tracking_id=3f981589-12f0-4f73-8231-e8f7a70ead8c&sid=search	la-boca	56 m²	54 m²	0	0	3	1	Departamento	Frente	80 años	0 ARS	Sí	Sí		No	No	No								No	Sí	Sí	No	Sí			1	Norte																					Sí																		
Departamento en venta	Venta Departamento 3 Ambientes En La Boca Con Renta	41000	USD	US$41.000	False	3	2	1	43.0	3 ambs.1 baño43 m² cubiertos	Necochea 1300, La Boca, Capital Federal	https://departamento.mercadolibre.com.ar/MLA-1784305705-venta-departamento-3-ambientes-en-la-boca-con-renta-_JM#polycard_client=search-desktop&price_drop=not_apply&be_origin=backend&overlay_label=not_apply&search_layout=grid&position=38&type=item&tracking_id=3f981589-12f0-4f73-8231-e8f7a70ead8c&sid=search	la-boca	43 m²	43 m²	0	0	6		Departamento	Contrafrente	50 años	100.000 ARS	Sí	No		Sí	No	Sí		No	No	No	No	No	Sí	No	Sí	Sí	No	No	No		3	Norte	Sí												Virtual																										
Departamento en venta	2 Ambientes Al Frente Con Balcón En Venta Barrio La Boca	38000	USD	US$38.000	False	2	1	1	51.0	2 ambs.1 baño51 m² cubiertos	Martín Rodríguez 1100, La Boca, Capital Federal	https://departamento.mercadolibre.com.ar/MLA-3291138776-2-ambientes-al-frente-con-balcon-en-venta-barrio-la-boca-_JM#polycard_client=search-desktop&price_drop=not_apply&be_origin=backend&overlay_label=not_apply&search_layout=grid&position=39&type=item&tracking_id=3f981589-12f0-4f73-8231-e8f7a70ead8c&sid=search	la-boca	54 m²	51 m²	0	0	14		Departamento	Frente	65 años		Sí			Sí			Sí			Sí		Sí	Sí		Sí	Sí					5	Este																																							
Departamento en venta	Venta Departamento Tres Ambientes Con Cochera - La Boca - Caba	155000	USD	US$155.000	False	3	2	1	65.0	3 ambs.1 baño65 m² cubiertos	Avenida Martin Garcia Al 200, La Boca, Capital Federal	https://departamento.mercadolibre.com.ar/MLA-3289176712-venta-departamento-tres-ambientes-con-cochera-la-boca-caba-_JM#polycard_client=search-desktop&price_drop=not_apply&be_origin=backend&overlay_label=not_apply&search_layout=grid&position=40&type=item&tracking_id=3f981589-12f0-4f73-8231-e8f7a70ead8c&sid=search	la-boca	78 m²	65 m²	1	0	6	2	Departamento	Interno	6 años	350.000 ARS	Sí	Sí		Sí	No	Sí		No	No	No	No	Sí	Sí	No	Sí	Sí	Sí	No	No	11 m²		Norte	Sí					Sí		Sí	Sí				Diurno																										
Departamento en venta	Departamento En Boca	65000	USD	US$65.000	False	2	1	1	42.0	2 ambs.1 baño42 m² cubiertos	Juan Manuel Blanes Al 400, La Boca, Capital Federal	https://departamento.mercadolibre.com.ar/MLA-3263190010-departamento-en-boca-_JM#polycard_client=search-desktop&price_drop=not_apply&be_origin=backend&overlay_label=not_apply&search_layout=grid&position=41&type=item&tracking_id=3f981589-12f0-4f73-8231-e8f7a70ead8c&sid=search	la-boca	45 m²	42 m²	0	0		6	Departamento	Frente	11 años	0 ARS	Sí	Sí	Sí	Sí	Sí	No		No	Sí	Sí	No	No	No	No	Sí	Sí	Sí	No	No	3 m²		Este															Sí																								
Departamento en venta	Departamento De 2 Ambientes Con Cocina Comedor	40000	USD	US$40.000	False	2	1	1	37.0	2 ambs.1 baño37 m² cubiertos	Martin Rodriguez 600, La Boca, Capital Federal	https://departamento.mercadolibre.com.ar/MLA-1771167097-departamento-de-2-ambientes-con-cocina-comedor-_JM#polycard_client=search-desktop&price_drop=not_apply&be_origin=backend&overlay_label=not_apply&search_layout=grid&position=42&type=item&tracking_id=3f981589-12f0-4f73-8231-e8f7a70ead8c&sid=search	la-boca	37 m²	37 m²	0	0	3	3	Departamento	Interno	45 años	80.000 ARS	No			Sí	No	No								No	Sí	Sí	No	Sí			1																						Sí																		
Departamento en venta	Departamento En Venta En La Boca, Capital Federal, Buenos Aires	185000	USD	US$185.000	False	4	3	2	85.0	4 ambs.2 baños85 m² cubiertos	Arzobispo Espinosa 100, La Boca, Capital Federal	https://departamento.mercadolibre.com.ar/MLA-3240761858-departamento-en-venta-en-la-boca-capital-federal-buenos-aires-_JM#polycard_client=search-desktop&float_highlight=not_apply&price_drop=not_apply&be_origin=backend&overlay_label=not_apply&search_layout=grid&position=43&type=item&tracking_id=3f981589-12f0-4f73-8231-e8f7a70ead8c&sid=search	la-boca	90 m²	85 m²	1				Departamento	Contrafrente	55 años	180.000 ARS	Sí								Sí	Sí		Sí	Sí							5 m²		Norte		Sí																								Sí													
Departamento en venta	Departamento De 2 Ambientes Primer Piso Por Escalera	45000	USD	US$45.000	False	2	1	1	38.0	2 ambs.1 baño38 m² cubiertos	Juan De Dios Filiberto 1000, La Boca, Capital Federal	https://departamento.mercadolibre.com.ar/MLA-3232785828-departamento-de-2-ambientes-primer-piso-por-escalera-_JM#polycard_client=search-desktop&price_drop=not_apply&be_origin=backend&overlay_label=not_apply&search_layout=grid&position=44&type=item&tracking_id=3f981589-12f0-4f73-8231-e8f7a70ead8c&sid=search	la-boca	38 m²	38 m²	0	0		1	Departamento	Contrafrente	70 años	0 ARS	No	Sí		No	No	No								No	Sí	Sí	No	Sí			1																						Sí																		
Departamento en venta	Departamento Venta 1 Ambiente Con Cochera Y Balcon Vista Abierta	72000	USD	US$72.000	False	1	0	1	34.0	1 amb.1 baño34 m² totales	Pi Y Margall 800, La Boca, Capital Federal	https://departamento.mercadolibre.com.ar/MLA-1761996231-departamento-venta-1-ambiente-con-cochera-y-balcon-vista-abierta-_JM#polycard_client=search-desktop&price_drop=not_apply&be_origin=backend&overlay_label=not_apply&search_layout=grid&position=45&type=item&tracking_id=3f981589-12f0-4f73-8231-e8f7a70ead8c&sid=search	la-boca	34 m²		1					Contrafrente	11 años		Sí	Sí		Sí		Sí						Sí	Sí		Sí	Sí		Sí			8	Norte															Sí			Sí																					
Departamento en venta	Departamento/consultorio/oficina 6 Amb. En Pb A La Calle	93500	USD	US$93.500	False	6	4	2	97.0	6 ambs.2 baños97 m² cubiertos	Av Almirante Brown Al 700, La Boca, Capital Federal	https://departamento.mercadolibre.com.ar/MLA-3218929820-departamentoconsultoriooficina-6-amb-en-pb-a-la-calle-_JM#polycard_client=search-desktop&price_drop=not_apply&be_origin=backend&overlay_label=not_apply&search_layout=grid&position=46&type=item&tracking_id=3f981589-12f0-4f73-8231-e8f7a70ead8c&sid=search	la-boca	110 m²	97 m²	0	0			Departamento	Frente	45 años	206.000 ARS	No	No		No	No	No		No	No	No	No	No	No	No	Sí	Sí	No	No	No																		Sí																								
Departamento en venta	Departamento En Venta De 3 Ambientes Antiguo	65000	USD	US$65.000	False	3	2	1	72.0	3 ambs.1 baño72 m² cubiertos	Aristóbulo Del Valle 508, La Boca, Capital Federal	https://departamento.mercadolibre.com.ar/MLA-1731271845-departamento-en-venta-de-3-ambientes-antiguo-_JM#polycard_client=search-desktop&price_drop=not_apply&be_origin=backend&overlay_label=not_apply&search_layout=grid&position=47&type=item&tracking_id=3f981589-12f0-4f73-8231-e8f7a70ead8c&sid=search	la-boca	72 m²	72 m²	0	0		1	Departamento	Frente	50 años	6.000 ARS	No	No		No	No	No		No	No	No	No	No	Sí	No	Sí	Sí	No	No	No			Norte		Sí														Sí																							
Departamento en venta	Departamento 3 Ambientes Al Frente En La Boca Venta	40000	USD	US$40.000	False	3	2	1	60.0	3 ambs.1 baño60 m² cubiertos	California Al 700, La Boca, Capital Federal	https://departamento.mercadolibre.com.ar/MLA-3113348386-departamento-3-ambientes-al-frente-en-la-boca-venta-_JM#polycard_client=search-desktop&price_drop=not_apply&be_origin=backend&overlay_label=not_apply&search_layout=grid&position=48&type=item&tracking_id=3f981589-12f0-4f73-8231-e8f7a70ead8c&sid=search	la-boca	65 m²	60 m²	0	0		2	Departamento	Contrafrente	60 años	100.000 ARS	No	No		No	Sí	No		No	No	No	No	No	Sí	No	Sí	Sí	No	No	Sí			Norte		Sí																																					
Departamento en venta	Viví La Amplitud: 3 Amb En La Boca Con Vista Abierta Y Pura Luz Apto Crédito	115000	USD	US$115.000	False	3	2	1	69.0	3 ambs.1 baño69 m² cubiertos	Olavarria 500, La Boca, Capital Federal	https://departamento.mercadolibre.com.ar/MLA-3078374390-vivi-la-amplitud-3-amb-en-la-boca-con-vista-abierta-y-pura-luz-apto-credito-_JM#polycard_client=search-desktop&price_drop=not_apply&be_origin=backend&overlay_label=not_apply&search_layout=grid&position=1&type=item&tracking_id=4c89be49-b4ff-4f88-b608-4ae89f97387f&sid=search	la-boca	82 m²	69 m²	0	0	4	4	Departamento	Contrafrente	60 años	226.000 ARS	Sí	Sí		Sí	Sí	No		No	Sí	Sí	No	Sí	Sí	No		Sí	Sí	No	Sí	12 m²	1	Norte		Sí																																					
Departamento en venta	Departamento 4 Ambientes En Venta En Pinzón Al 300 La Boca, Caba	115000	USD	US$115.000	False	4	3	2	68.0	4 ambs.2 baños68 m² cubiertos	Pinzón Al 300 Boca, Caba, La Boca, Capital Federal	https://departamento.mercadolibre.com.ar/MLA-1709992055-departamento-4-ambientes-en-venta-en-pinzon-al-300-la-boca-caba-_JM#polycard_client=search-desktop&float_highlight=not_apply&price_drop=not_apply&be_origin=backend&overlay_label=not_apply&search_layout=grid&position=2&type=item&tracking_id=4c89be49-b4ff-4f88-b608-4ae89f97387f&sid=search	la-boca	94 m²	68 m²	0	0	2		Departamento	Contrafrente	80 años	0 ARS	Sí	No		No	No	No		No	Sí	No	No	No	Sí	No		Sí	No	No	No			Sur	Sí															Sí							Sí																
Departamento en venta	Departamento En Venta En La Boca	55000	USD	US$55.000	False	1	1	1	35.0	1 amb.1 baño35 m² cubiertos	Pi Y Margall Al 400. Entre Av Alte Brown Y Necochea, La Boca, Capital Federal	https://departamento.mercadolibre.com.ar/MLA-3029860942-departamento-en-venta-en-la-boca-_JM#polycard_client=search-desktop&float_highlight=not_apply&price_drop=not_apply&be_origin=backend&overlay_label=not_apply&search_layout=grid&position=3&type=item&tracking_id=4c89be49-b4ff-4f88-b608-4ae89f97387f&sid=search	la-boca	35 m²	35 m²	0	0		2	Departamento	Lateral	12 años	110.000 ARS	Sí	Sí		Sí	No	Sí	Sí	No	Sí	Sí	No	Sí	Sí	No	Sí	Sí	No	Sí	Sí		20	Norte		Sí	1										24 horas								Sí																		
Departamento en venta	2 Ambientes Con Balcón En Venta Barrio Barracas - Apto Profesional - Reservado	88000	USD	US$88.000	False	2	1	1	50.0	2 ambs.1 baño50 m² cubiertos	Brandsen 1100, La Boca, Capital Federal	https://departamento.mercadolibre.com.ar/MLA-1935533157-2-ambientes-con-balcon-en-venta-barrio-barracas-apto-profesional-reservado-_JM#polycard_client=search-desktop&float_highlight=not_apply&price_drop=not_apply&be_origin=backend&overlay_label=not_apply&search_layout=grid&position=4&type=item&tracking_id=4c89be49-b4ff-4f88-b608-4ae89f97387f&sid=search	la-boca	59 m²	50 m²	0		4		Departamento	Frente	55 años		Sí			Sí			Sí			Sí		Sí	Sí		Sí						7	Norte															Sí																								
Departamento en venta	4 Ambientes Al Frente Con Vista Abierta En Venta Barrio La Boca	100000	USD	US$100.000	False	4	3	1	73.0	4 ambs.1 baño73 m² cubiertos	Ministro Brin 400, La Boca, Capital Federal	https://departamento.mercadolibre.com.ar/MLA-1688041607-4-ambientes-al-frente-con-vista-abierta-en-venta-barrio-la-boca-_JM#polycard_client=search-desktop&price_drop=not_apply&be_origin=backend&overlay_label=not_apply&search_layout=grid&position=5&type=item&tracking_id=4c89be49-b4ff-4f88-b608-4ae89f97387f&sid=search	la-boca	73 m²	73 m²	0		4		Departamento	Frente	55 años		Sí			Sí			Sí			Sí			Sí								11	Oeste		Sí																								Sí													
Departamento en venta	Venta Departamento Monoambiente En La Boca	45000	USD	US$45.000	False	1	0	1	31.0	1 amb.1 baño31 m² cubiertos	Tomas Liberti Al 400, La Boca, Capital Federal	https://departamento.mercadolibre.com.ar/MLA-2907674374-venta-departamento-monoambiente-en-la-boca-_JM#polycard_client=search-desktop&price_drop=not_apply&be_origin=backend&overlay_label=not_apply&search_layout=grid&position=6&type=item&tracking_id=4c89be49-b4ff-4f88-b608-4ae89f97387f&sid=search	la-boca	34 m²	31 m²	0	0			Departamento	Frente	30 años	0 ARS	Sí	Sí	Sí	Sí	No	Sí		No	No	No	No	Sí	Sí	No	Sí	Sí	No	No	No	2 m²																																									
Departamento en venta	Departamento De 3 Amb. Lateral .luminoso.calle Olavarria 500	76000	USD	US$76.000	False	3	2	1	56.0	3 ambs.1 baño56 m² cubiertos	Olavarria 500, La Boca, Capital Federal	https://departamento.mercadolibre.com.ar/MLA-2856219508-departamento-de-3-amb-lateral-luminosocalle-olavarria-500-_JM#polycard_client=search-desktop&price_drop=not_apply&be_origin=backend&overlay_label=not_apply&search_layout=grid&position=7&type=item&tracking_id=4c89be49-b4ff-4f88-b608-4ae89f97387f&sid=search	la-boca	56 m²	56 m²	0	0	3	6	Departamento	Lateral	40 años	80.000 ARS	Sí	Sí		Sí	No	No								No	Sí	Sí	No	Sí	Sí			Este																					Sí																		
Departamento en venta	Departamento De 3 Ambientes Al Frente Con Balcon	60000	USD	US$60.000	False	3	2	1	48.0	3 ambs.1 baño48 m² cubiertos	Suarez 600, La Boca, Capital Federal	https://departamento.mercadolibre.com.ar/MLA-2852252374-departamento-de-3-ambientes-al-frente-con-balcon-_JM#polycard_client=search-desktop&price_drop=not_apply&be_origin=backend&overlay_label=not_apply&search_layout=grid&position=8&type=item&tracking_id=4c89be49-b4ff-4f88-b608-4ae89f97387f&sid=search	la-boca	55 m²	48 m²	0	0	5	1	Departamento	Frente	60 años	0 ARS	No	Sí		No	No	No								No	Sí	Sí	No	Sí			1	Norte																					Sí																		
Departamento en venta	Departamento De 2 Ambientes Balcon En Caminito .zona Turist	75000	USD	US$75.000	False	2	1	1	45.0	2 ambs.1 baño45 m² cubiertos	Araoz De Lamadrid 700, La Boca, Capital Federal	https://departamento.mercadolibre.com.ar/MLA-1664171123-departamento-de-2-ambientes-balcon-en-caminito-zona-turist-_JM#polycard_client=search-desktop&price_drop=not_apply&be_origin=backend&overlay_label=not_apply&search_layout=grid&position=9&type=item&tracking_id=4c89be49-b4ff-4f88-b608-4ae89f97387f&sid=search	la-boca	75 m²	45 m²	0	0	3	4	Departamento	Frente	50 años	70.000 ARS	Sí	Sí		Sí	No	No								No	Sí	Sí	No	No				Sur																					Sí																		
Departamento en venta	Departamento De 3 Ambientes Al Frente Con Balcon	90000	USD	US$90.000	False	3	2	1	56.0	3 ambs.1 baño56 m² cubiertos	Olavarria 400, La Boca, Capital Federal	https://departamento.mercadolibre.com.ar/MLA-1655753379-departamento-de-3-ambientes-al-frente-con-balcon-_JM#polycard_client=search-desktop&price_drop=not_apply&be_origin=backend&overlay_label=not_apply&search_layout=grid&position=10&type=item&tracking_id=4c89be49-b4ff-4f88-b608-4ae89f97387f&sid=search	la-boca	62 m²	56 m²	0	0	5	6	Departamento	Frente	30 años	110.000 ARS	Sí	Sí		Sí	No	No								No	Sí	Sí	No	Sí			1	Sur																					Sí																		
Departamento en venta	Departamento En Venta En La Boca	70000	USD	US$70.000	False	3	2	1	65.0	3 ambs.1 baño65 m² cubiertos	Olavarría 500, La Boca, Capital Federal	https://departamento.mercadolibre.com.ar/MLA-2799681318-departamento-en-venta-en-la-boca-_JM#polycard_client=search-desktop&float_highlight=not_apply&price_drop=not_apply&be_origin=backend&overlay_label=not_apply&search_layout=grid&position=11&type=item&tracking_id=4c89be49-b4ff-4f88-b608-4ae89f97387f&sid=search	la-boca	70 m²	65 m²	0		4		Departamento	Contrafrente	45 años		Sí			Sí	Sí		Sí		Sí	Sí		Sí	Sí						Sí		8			Sí																																					
Departamento en venta	Departamento 3 Ambientes Al Frente, Piso Alto Y Muy Luminoso	72000	USD	US$72.000	False	3	2	1	60.0	3 ambs.1 baño60 m² cubiertos	Martin Rodriguez 410, La Boca, Capital Federal	https://departamento.mercadolibre.com.ar/MLA-1652831301-departamento-3-ambientes-al-frente-piso-alto-y-muy-luminoso-_JM#polycard_client=search-desktop&price_drop=not_apply&be_origin=backend&overlay_label=not_apply&search_layout=grid&position=12&type=item&tracking_id=4c89be49-b4ff-4f88-b608-4ae89f97387f&sid=search	la-boca	60 m²	60 m²	0	0	15	11	Departamento	Frente	40 años	120.000 ARS	Sí	Sí		Sí	No	No								No	Sí	Sí	No	Sí	Sí		1																						Sí																		
Departamento en venta	Departamento 3 Ambientes Con Dos Patios - En Venta Barrio La Boca - Reservado	55000	USD	US$55.000	False	3	2	1	44.0	3 ambs.1 baño44 m² cubiertos	Brandsen 400, La Boca, Capital Federal	https://departamento.mercadolibre.com.ar/MLA-2779033834-departamento-3-ambientes-con-dos-patios-en-venta-barrio-la-boca-reservado-_JM#polycard_client=search-desktop&float_highlight=not_apply&price_drop=not_apply&be_origin=backend&overlay_label=not_apply&search_layout=grid&position=13&type=item&tracking_id=4c89be49-b4ff-4f88-b608-4ae89f97387f&sid=search	la-boca	55 m²	44 m²	0		4		Departamento	Contrafrente	50 años		Sí			Sí			Sí			Sí			Sí		Sí	Sí					8	Norte		Sí														Sí																							
Departamento en venta	Departamento De 4 Ambientes Con Dependencia Al Fte .balcon	70000	USD	US$70.000	False	4	3	2	71.0	4 ambs.2 baños71 m² cubiertos	OLAVARRIA 300, La Boca, Capital Federal	https://departamento.mercadolibre.com.ar/MLA-2699035090-departamento-de-4-ambientes-con-dependencia-al-fte-balcon-_JM#polycard_client=search-desktop&price_drop=not_apply&be_origin=backend&overlay_label=not_apply&search_layout=grid&position=14&type=item&tracking_id=4c89be49-b4ff-4f88-b608-4ae89f97387f&sid=search	la-boca	74 m²	71 m²	0	0	3	13	Departamento	Frente	50 años	130.000 ARS	Sí			Sí	No	No								No	Sí	Sí	No	Sí			1	Norte																					Sí																		
Departamento en venta	Departamento De 4 Ambientes Al Frente -vista Abierta	85000	USD	US$85.000	False	4	3	1	74.0	4 ambs.1 baño74 m² cubiertos	Araoz De Lamadrid 500, La Boca, Capital Federal	https://departamento.mercadolibre.com.ar/MLA-1614108349-departamento-de-4-ambientes-al-frente-vista-abierta-_JM#polycard_client=search-desktop&price_drop=not_apply&be_origin=backend&overlay_label=not_apply&search_layout=grid&position=15&type=item&tracking_id=4c89be49-b4ff-4f88-b608-4ae89f97387f&sid=search	la-boca	74 m²	74 m²	1	0	4	12	Departamento	Frente	50 años	90.000 ARS	Sí	Sí		Sí	No	No								No	Sí	Sí	No	Sí			1	Norte																					Sí																		
Departamento en venta	Departamento De 3 Ambientes Con Dep Y Balcon -frente	70000	USD	US$70.000	False	3	2	1	71.0	3 ambs.1 baño71 m² cubiertos	Olavarria 300, La Boca, Capital Federal	https://departamento.mercadolibre.com.ar/MLA-2699112558-departamento-de-3-ambientes-con-dep-y-balcon-frente-_JM#polycard_client=search-desktop&price_drop=not_apply&be_origin=backend&overlay_label=not_apply&search_layout=grid&position=16&type=item&tracking_id=4c89be49-b4ff-4f88-b608-4ae89f97387f&sid=search	la-boca	76 m²	71 m²	0	0	2	6	Departamento	Frente	45 años	70.000 ARS	No			Sí	No	No								No	Sí	Sí	No	Sí			1	Norte																					Sí																		
Departamento en venta	Hermoso Departamento De 3 Ambientes Al Contrafrente -balcon	90000	USD	US$90.000	False	3	2	1	55.0	3 ambs.1 baño55 m² cubiertos	Olavarria 400, La Boca, Capital Federal	https://departamento.mercadolibre.com.ar/MLA-2699138470-hermoso-departamento-de-3-ambientes-al-contrafrente-balcon-_JM#polycard_client=search-desktop&price_drop=not_apply&be_origin=backend&overlay_label=not_apply&search_layout=grid&position=17&type=item&tracking_id=4c89be49-b4ff-4f88-b608-4ae89f97387f&sid=search	la-boca	60 m²	55 m²	0	0	4	3	Departamento	Contrafrente	35 años	150.000 ARS	No	No		Sí	No	No								No	Sí	Sí	No	Sí			1	Norte									Sí												Sí																		
Departamento en venta	Departamento De 4 Ambientes Al Frente	75000	USD	US$75.000	False	4	3	1	72.0	4 ambs.1 baño72 m² cubiertos	Martin Rodriguez 1100, La Boca, Capital Federal	https://departamento.mercadolibre.com.ar/MLA-2699086506-departamento-de-4-ambientes-al-frente-_JM#polycard_client=search-desktop&price_drop=not_apply&be_origin=backend&overlay_label=not_apply&search_layout=grid&position=18&type=item&tracking_id=4c89be49-b4ff-4f88-b608-4ae89f97387f&sid=search	la-boca	75 m²	72 m²	0	0	7	4	Departamento	Frente	60 años	20.000 ARS	Sí	No		Sí	No	No								No	Sí	Sí	No	Sí			1																						Sí																		
Departamento en venta	Departamento De 3 Ambientes Con Balcon	70000	USD	US$70.000	False	3	2	1	45.0	3 ambs.1 baño45 m² cubiertos	Olavarria 400, La Boca, Capital Federal	https://departamento.mercadolibre.com.ar/MLA-2698806664-departamento-de-3-ambientes-con-balcon-_JM#polycard_client=search-desktop&price_drop=not_apply&be_origin=backend&overlay_label=not_apply&search_layout=grid&position=19&type=item&tracking_id=4c89be49-b4ff-4f88-b608-4ae89f97387f&sid=search	la-boca	48 m²	45 m²	0	0	5	8	Departamento	Lateral	30 años	150.000 ARS	Sí	Sí		Sí	No	No								No	Sí	Sí	No	Sí			1	Sur																					Sí																		
Departamento en venta	Departamento .pb.entrada Independiente-apto Profesional	93500	USD	US$93.500	False	5	4	2	95.0	5 ambs.2 baños95 m² cubiertos	Avenida Almirante Brown 700, La Boca, Capital Federal	https://departamento.mercadolibre.com.ar/MLA-2699138444-departamento-pbentrada-independiente-apto-profesional-_JM#polycard_client=search-desktop&price_drop=not_apply&be_origin=backend&overlay_label=not_apply&search_layout=grid&position=20&type=item&tracking_id=4c89be49-b4ff-4f88-b608-4ae89f97387f&sid=search	la-boca	111 m²	95 m²	0	0	3		Departamento	Frente	40 años	206.000 ARS	Sí	Sí		Sí	No	No								No	Sí	Sí	No	Sí				Oeste															Sí						Sí																		
Departamento en venta	Departamento De 3 Ambientes Con 2 Balcones	70000	USD	US$70.000	False	3	2	1	65.0	3 ambs.1 baño65 m² cubiertos	Olavarria 500, La Boca, Capital Federal	https://departamento.mercadolibre.com.ar/MLA-2699125506-departamento-de-3-ambientes-con-2-balcones-_JM#polycard_client=search-desktop&price_drop=not_apply&be_origin=backend&overlay_label=not_apply&search_layout=grid&position=21&type=item&tracking_id=4c89be49-b4ff-4f88-b608-4ae89f97387f&sid=search	la-boca	70 m²	65 m²	0	0	4	2	Departamento	Contrafrente	50 años	180.000 ARS	Sí	Sí		Sí	No	No								No	Sí	Sí	No	Sí			1																						Sí																		
Departamento en venta	Departamento De 3 Amb Con Balcon Terraza. Frente .	70000	USD	US$70.000	False	3	2	2	50.0	3 ambs.2 baños50 m² cubiertos	Brandsen 400, La Boca, Capital Federal	https://departamento.mercadolibre.com.ar/MLA-2699047850-departamento-de-3-amb-con-balcon-terraza-frente--_JM#polycard_client=search-desktop&price_drop=not_apply&be_origin=backend&overlay_label=not_apply&search_layout=grid&position=22&type=item&tracking_id=4c89be49-b4ff-4f88-b608-4ae89f97387f&sid=search	la-boca	75 m²	50 m²	0	0	3	7	Departamento	Frente	60 años	140.000 ARS	Sí	Sí		Sí	No	No								No	Sí	Sí	No	Sí			1	Sur																					Sí																		
Departamento en venta	Departamento De 4 Ambientes Con Dependencia Al Frente.	95000	USD	US$95.000	False	4	3	1	83.0	4 ambs.1 baño83 m² cubiertos	Brandsen 300, La Boca, Capital Federal	https://departamento.mercadolibre.com.ar/MLA-2824327486-departamento-de-4-ambientes-con-dependencia-al-frente-_JM#polycard_client=search-desktop&price_drop=not_apply&be_origin=backend&overlay_label=not_apply&search_layout=grid&position=23&type=item&tracking_id=4c89be49-b4ff-4f88-b608-4ae89f97387f&sid=search	la-boca	96 m²	83 m²	0	1	3		Departamento	Frente	70 años	6.000 ARS	No	No		No	No	No								No	Sí	Sí	No	Sí			1	Norte																					Sí																		
Departamento en venta	Departamento De 3 Ambientes Al Frente Con Balcon	85000	USD	US$85.000	False	3	2	2	60.0	3 ambs.2 baños60 m² cubiertos	Brandsen 600, La Boca, Capital Federal	https://departamento.mercadolibre.com.ar/MLA-2698806534-departamento-de-3-ambientes-al-frente-con-balcon-_JM#polycard_client=search-desktop&price_drop=not_apply&be_origin=backend&overlay_label=not_apply&search_layout=grid&position=24&type=item&tracking_id=4c89be49-b4ff-4f88-b608-4ae89f97387f&sid=search	la-boca	65 m²	60 m²	0	0	2	5	Departamento	Frente	40 años	10.000 ARS	No	No		Sí	No	No								No	Sí	Sí	No	Sí			1	Norte																					Sí																		
Departamento en venta	Departamento De 2 Ambientes Al Frente Con Cerramiento	55000	USD	US$55.000	False	2	1	1	35.0	2 ambs.1 baño35 m² cubiertos	Brandsen 400, La Boca, Capital Federal	https://departamento.mercadolibre.com.ar/MLA-2699073536-departamento-de-2-ambientes-al-frente-con-cerramiento-_JM#polycard_client=search-desktop&price_drop=not_apply&be_origin=backend&overlay_label=not_apply&search_layout=grid&position=25&type=item&tracking_id=4c89be49-b4ff-4f88-b608-4ae89f97387f&sid=search	la-boca	48 m²	35 m²	0	0	4	7	Departamento	Frente	35 años	25.000 ARS	Sí	Sí		Sí	No	No								No	Sí	Sí	No	Sí			1	Sur																					Sí																		
Departamento en venta	Departamento En Venta En La Boca	40000	USD	US$40.000	False	2	1	1	40.0	2 ambs.1 baño40 m² cubiertos	Pinzón 500, La Boca, Capital Federal	https://departamento.mercadolibre.com.ar/MLA-1605248393-departamento-en-venta-en-la-boca-_JM#polycard_client=search-desktop&float_highlight=not_apply&price_drop=not_apply&be_origin=backend&overlay_label=not_apply&search_layout=grid&position=26&type=item&tracking_id=4c89be49-b4ff-4f88-b608-4ae89f97387f&sid=search	la-boca	43 m²	40 m²	0		1		Departamento	Frente	65 años		Sí			No			Sí		Sí	Sí			Sí								7			Sí														Sí																							
Departamento en venta	Venta Departamento 3 Dormitorios La Boca	139000	USD	US$139.000	False	5	3	2	94.0	5 ambs.2 baños94 m² cubiertos	Av. Almirante Brown 700, La Boca, Capital Federal	https://departamento.mercadolibre.com.ar/MLA-1574353223-venta-departamento-3-dormitorios-la-boca-_JM#polycard_client=search-desktop&price_drop=not_apply&be_origin=backend&overlay_label=not_apply&search_layout=grid&position=27&type=item&tracking_id=4c89be49-b4ff-4f88-b608-4ae89f97387f&sid=search	la-boca	106,36 m²	94,21 m²	0	0	3	1	Departamento	Frente	45 años	180.000 ARS	Sí	No		Sí	No	No		No	No	No	No	Sí	No	No		No	No	No	No		10	Sur																																							
Departamento en venta	Departamento De 7 Ambientes -frente.zona Turistica	140000	USD	US$140.000	False	7	6	2	160.0	7 ambs.2 baños160 m² cubiertos	Olavarria 700, La Boca, Capital Federal	https://departamento.mercadolibre.com.ar/MLA-1644696335-departamento-de-7-ambientes-frentezona-turistica-_JM#polycard_client=search-desktop&price_drop=not_apply&be_origin=backend&overlay_label=not_apply&search_layout=grid&position=28&type=item&tracking_id=4c89be49-b4ff-4f88-b608-4ae89f97387f&sid=search	la-boca	174 m²	160 m²	0	0	1	1	Piso	Frente	90 años	0 ARS	Sí			No	No	No								No	Sí	Sí	No	Sí			1	Norte																					Sí																		
Departamento en venta	Venta De Departamento 4 Ambientes En La Boca	180000	USD	US$180.000	False	4	3	2	87.0	4 ambs.2 baños87 m² cubiertos	GUALEGUAY Al 100. Entre Caboto Y Mendoza, Pedro De, Av., La Boca, Capital Federal	https://departamento.mercadolibre.com.ar/MLA-3113367288-venta-de-departamento-4-ambientes-en-la-boca-_JM#polycard_client=search-desktop&price_drop=not_apply&be_origin=backend&overlay_label=not_apply&search_layout=grid&position=29&type=item&tracking_id=4c89be49-b4ff-4f88-b608-4ae89f97387f&sid=search	la-boca	100 m²	87,35 m²	1	0		9	Departamento	Frente	40 años	160.000 ARS	No	Sí		No	No	No		No	No	No	No	No	No	No		No	No	No	No						1			Sí	Sí																																
Departamento en venta	Departamento En Venta En La Boca	85000	USD	US$85.000	False	3	2	1	55.0	3 ambs.1 baño55 m² cubiertos	Germán Abdala 100, La Boca, Capital Federal	https://departamento.mercadolibre.com.ar/MLA-2907443074-departamento-en-venta-en-la-boca-_JM#polycard_client=search-desktop&float_highlight=not_apply&price_drop=not_apply&be_origin=backend&overlay_label=not_apply&search_layout=grid&position=30&type=item&tracking_id=4c89be49-b4ff-4f88-b608-4ae89f97387f&sid=search	la-boca	58 m²	55 m²	0	0	6		Departamento	Frente	20 años		Sí			Sí			Sí		Sí	Sí		Sí	Sí		Sí	Sí			Sí		10	Sur		Sí																Sí																					
Departamento en venta	Venta - Departamento 1 Ambiente Divisible - Balcon - Apto Profesional	50000	USD	US$50.000	False	1	1	1	35.0	1 amb.1 baño35 m² cubiertos	Pi Y Margall 480, La Boca, Capital Federal	https://departamento.mercadolibre.com.ar/MLA-3802986778-venta-departamento-1-ambiente-divisible-balcon-apto-profesional-_JM#polycard_client=search-desktop&float_highlight=recent_publication&price_drop=not_apply&be_origin=backend&overlay_label=not_apply&search_layout=grid&position=31&type=item&tracking_id=4c89be49-b4ff-4f88-b608-4ae89f97387f&sid=search	la-boca	35 m²	35 m²	0	0	15	5	Departamento	Frente	40 años	150.000 ARS	Sí	Sí		Sí		Sí				Sí		Sí	Sí		Sí	Sí	Sí		Sí	4 m²	10	Este		Sí											24 horas		Sí																								
Departamento en venta	Departamento 4 Ambientes La Boca	165000	USD	US$165.000	False	4	3	1	92.0	4 ambs.1 baño92 m² totales	Arzobispo Espinosa 55, La Boca, Capital Federal	https://departamento.mercadolibre.com.ar/MLA-3706667042-departamento-4-ambientes-la-boca-_JM#polycard_client=search-desktop&price_drop=not_apply&be_origin=backend&overlay_label=not_apply&search_layout=grid&position=32&type=item&tracking_id=4c89be49-b4ff-4f88-b608-4ae89f97387f&sid=search	la-boca	92 m²		0	0	4	5	Departamento	Frente	50 años	0 ARS	Sí	No		Sí	Sí	No		No	No	No	No	Sí	Sí	No	Sí	Sí	No	No	Sí		15	Norte		Sí						Sí																															
Departamento en venta	Departamento En Boca	48000	USD	US$48.000	False	2	1	1	42.0	2 ambs.1 baño42 m² cubiertos	Pi Margall Al 400, La Boca, Capital Federal	https://departamento.mercadolibre.com.ar/MLA-3677485246-departamento-en-boca-_JM#polycard_client=search-desktop&price_drop=not_apply&be_origin=backend&overlay_label=not_apply&search_layout=grid&position=33&type=item&tracking_id=4c89be49-b4ff-4f88-b608-4ae89f97387f&sid=search	la-boca	42 m²	42 m²	0	0	6	8	Departamento	Contrafrente	14 años	120.000 ARS	Sí	No		Sí	No	No		No	No	No	No	Sí	No	No	Sí	Sí	No	No	No			Este																																							
Departamento en venta	Departameno La Boca Catalinas Sur	75000	USD	US$75.000	False	3	2	0	56.0	3 ambs.56 m² cubiertos	Miguel Carlos Victorica Al 200, La Boca, Capital Federal	https://departamento.mercadolibre.com.ar/MLA-3637202422-departameno-la-boca-catalinas-sur-_JM#polycard_client=search-desktop&price_drop=not_apply&be_origin=backend&overlay_label=not_apply&search_layout=grid&position=34&type=item&tracking_id=4c89be49-b4ff-4f88-b608-4ae89f97387f&sid=search	la-boca	56 m²	56 m²	0	0		9	Departamento	Frente	65 años	0 ARS	No	No		Sí	No	No		No	No	No	No	No	No	No		No	No	No	No																																										
Departamento en venta	Departamento De 3 Ambientes Con Balcón En Venta En La Boca	85000	USD	US$85.000	False	3	2	1	56.0	3 ambs.1 baño56 m² cubiertos	German Abdala Al 100, La Boca, Capital Federal	https://departamento.mercadolibre.com.ar/MLA-3567497134-departamento-de-3-ambientes-con-balcon-en-venta-en-la-boca-_JM#polycard_client=search-desktop&price_drop=not_apply&be_origin=backend&overlay_label=not_apply&search_layout=grid&position=35&type=item&tracking_id=4c89be49-b4ff-4f88-b608-4ae89f97387f&sid=search	la-boca	59 m²	56 m²	1	0		1	Departamento	Frente	25 años	100.000 ARS	No	Sí		Sí	Sí	Sí		Sí	No	No	No	Sí	Sí	No	Sí	Sí	No	No	Sí	2 m²	1	Oeste		Sí																																					
Departamento en venta	Departamento En Boca	38000	USD	US$38.000	False	2	1	1	46.0	2 ambs.1 baño46 m² totales	Necochea Al 500, La Boca, Capital Federal	https://departamento.mercadolibre.com.ar/MLA-3527449834-departamento-en-boca-_JM#polycard_client=search-desktop&price_drop=not_apply&be_origin=backend&overlay_label=not_apply&search_layout=grid&position=36&type=item&tracking_id=4c89be49-b4ff-4f88-b608-4ae89f97387f&sid=search	la-boca	46 m²		0	0		2	Departamento	Frente	60 años	116.000 ARS	No	No		No	No	No		No	No	No	No	Sí	No	No	Sí	No	No	No	No		1	Este																																							
Departamento en venta	Venta 4 Ambientes La Boca	80000	USD	US$80.000	False	4	3	1	74.0	4 ambs.1 baño74 m² cubiertos	Araoz De Lamadrid, Gregorio, Gral., La Boca, Capital Federal	https://departamento.mercadolibre.com.ar/MLA-1856035573-venta-4-ambientes-la-boca-_JM#polycard_client=search-desktop&price_drop=not_apply&be_origin=backend&overlay_label=not_apply&search_layout=grid&position=37&type=item&tracking_id=4c89be49-b4ff-4f88-b608-4ae89f97387f&sid=search	la-boca	78 m²	74 m²	1							280.000 ARS						Sí			Sí	Sí		Sí																																		Sí	Sí														
Departamento en venta	Departamento En Venta En Barrio La Boca Con Cocina	36000	USD	US$36.000	False	1	0	1	31.0	1 amb.1 baño31 m² cubiertos	Aristóbulo Del Valle 300, Buenos Aires, Argentina, La Boca, Capital Federal	https://departamento.mercadolibre.com.ar/MLA-3169580286-departamento-en-venta-en-barrio-la-boca-con-cocina-_JM#polycard_client=search-desktop&float_highlight=not_apply&price_drop=not_apply&be_origin=backend&overlay_label=not_apply&search_layout=grid&position=38&type=item&tracking_id=4c89be49-b4ff-4f88-b608-4ae89f97387f&sid=search	la-boca	31 m²	31 m²	0		12		Departamento	Lateral	80 años											Sí			Sí								2																																								
Departamento en venta	Venta Depto 3 Amb. Con Patio En Planta Baja	89000	USD	US$89.000	False	3	2	1	70.0	3 ambs.1 baño70 m² cubiertos	Germán Abdala 177, Buenos Aires, Argentina, La Boca, Capital Federal	https://departamento.mercadolibre.com.ar/MLA-3213914620-venta-depto-3-amb-con-patio-en-planta-baja-_JM#polycard_client=search-desktop&float_highlight=not_apply&price_drop=not_apply&be_origin=backend&overlay_label=not_apply&search_layout=grid&position=39&type=item&tracking_id=4c89be49-b4ff-4f88-b608-4ae89f97387f&sid=search	la-boca	70 m²	70 m²	0		4		Departamento	Frente	60 años	5.000 ARS	Sí	Sí	Sí	Sí	No	Sí	Sí	No	Sí	Sí	No	No	Sí	No	Sí	Sí	Sí	Sí		16 m²	6	Este	Sí	Sí													Sí	Sí																							
Departamento en venta	Departamento En Boca	57500	USD	US$57.500	False	3	2	1	30.0	3 ambs.1 baño30 m² cubiertos	Necochea Al 500, La Boca, Capital Federal	https://departamento.mercadolibre.com.ar/MLA-1763530819-departamento-en-boca-_JM#polycard_client=search-desktop&price_drop=not_apply&be_origin=backend&overlay_label=not_apply&search_layout=grid&position=40&type=item&tracking_id=4c89be49-b4ff-4f88-b608-4ae89f97387f&sid=search	la-boca	86 m²	30 m²	0	0	1	3	Departamento	Lateral	60 años	65.000 ARS	No	No		No	No	No		No	No	No	No	No	Sí	No	Sí	No	No	No	No			Sur																																							
Departamento en venta	Departamento 2½ Ambientes En Venta Barrio La Boca	53000	USD	US$53.000	False	2	1	1	55.0	2 ambs.1 baño55 m² cubiertos	Juan Manuel Blanes, Buenos Aires, Argentina, La Boca, Capital Federal	https://departamento.mercadolibre.com.ar/MLA-2907759580-departamento-2-ambientes-en-venta-barrio-la-boca-_JM#polycard_client=search-desktop&price_drop=not_apply&be_origin=backend&overlay_label=not_apply&search_layout=grid&position=41&type=item&tracking_id=4c89be49-b4ff-4f88-b608-4ae89f97387f&sid=search	la-boca	55 m²	55 m²	0		14		Departamento	Interno	80 años		Sí									Sí			Sí								2			Sí																		Sí																			
Departamento en venta	Departamento 3 Dormitorios - Caboto Y Juan Manuel Blanes	298000	USD	US$298.000	False	4	3	2	166.0	4 ambs.2 baños166 m² cubiertos	Caboto Al 400, La Boca, Capital Federal	https://departamento.mercadolibre.com.ar/MLA-3136289330-departamento-3-dormitorios-caboto-y-juan-manuel-blanes-_JM#polycard_client=search-desktop&price_drop=not_apply&be_origin=backend&overlay_label=not_apply&search_layout=grid&position=42&type=item&tracking_id=4c89be49-b4ff-4f88-b608-4ae89f97387f&sid=search	la-boca	186 m²	166 m²	1	0			Departamento	Frente	7 años	31.000 ARS	Sí	No		No	Sí	Sí		No	Sí	Sí	No	Sí	Sí	No	Sí	Sí	Sí	Sí	Sí		2	Oeste		Sí						Sí					Diurno	Sí						Sí																			
Departamento en venta	Departamento En La Boca ( Caminito )	400000	USD	US$400.000	False	0	0	0	172.0	172 m² totales	Dr. Enrique Del Valle Iberlucea Al 1200, La Boca, Capital Federal	https://departamento.mercadolibre.com.ar/MLA-1684040431-departamento-en-la-boca-caminito--_JM#polycard_client=search-desktop&price_drop=not_apply&be_origin=backend&overlay_label=not_apply&search_layout=grid&position=43&type=item&tracking_id=4c89be49-b4ff-4f88-b608-4ae89f97387f&sid=search	la-boca	172 m²		0	0		1	Departamento	Frente	70 años	0 ARS	No	No		No	No	No		No	No	No	No	No	No	No	Sí	No	No	No	No																																										
Departamento en venta	Venta De Departamento 2 Y 1/2 Ambientes En La Boca, 52,63 M2 Capital Federal	65000	USD	US$65.000	False	2	0	1	52.0	2 ambs.1 baño52 m² cubiertos	Aristobulo Del Valle Al 500. Entre Alte Brown Y Martin Rodriguez, La Boca, Capital Federal	https://departamento.mercadolibre.com.ar/MLA-1961120341-venta-de-departamento-2-y-12-ambientes-en-la-boca-5263-m2-capital-federal-_JM#polycard_client=search-desktop&price_drop=not_apply&be_origin=backend&overlay_label=not_apply&search_layout=grid&position=44&type=item&tracking_id=4c89be49-b4ff-4f88-b608-4ae89f97387f&sid=search	la-boca	52,63 m²	52,63 m²	0	0	33	9	Departamento	Frente	40 años	167.000 ARS	Sí	Sí		Sí	No	No	Sí	No	Sí	Sí	No	No	Sí	No	Sí	Sí	No	Sí	Sí		11	Oeste	Sí	Sí	1						Sí													Sí																	
Departamento en venta	Venta Departamento 2 Ambientes La Boca	40000	USD	US$40.000	False	2	1	1	36.0	2 ambs.1 baño36 m² cubiertos	OLAVARRIA Al 542. Entre Palos Y Rodriguez, Martin, La Boca, Capital Federal	https://departamento.mercadolibre.com.ar/MLA-1920021967-venta-departamento-2-ambientes-la-boca-_JM#polycard_client=search-desktop&price_drop=not_apply&be_origin=backend&overlay_label=not_apply&search_layout=grid&position=45&type=item&tracking_id=4c89be49-b4ff-4f88-b608-4ae89f97387f&sid=search	la-boca	36 m²	36 m²	0	0		1	Departamento	Lateral	60 años	0 ARS	No	Sí		No	No	No	Sí	No	No	No	No	No	Sí	No	Sí	Sí	Sí	Sí	No			Norte	Sí		1						Sí																														
Departamento en venta	Venta Depto 2 Ambientes Con Patio	49000	USD	US$49.000	False	2	1	1	38.0	2 ambs.1 baño38 m² cubiertos	MARTIN RODRIGUEZ Al 630. Entre Aristobulo Del Valle Y Pinzon, La Boca, Capital Federal	https://departamento.mercadolibre.com.ar/MLA-3638252574-venta-depto-2-ambientes-con-patio-_JM#polycard_client=search-desktop&price_drop=not_apply&be_origin=backend&overlay_label=not_apply&search_layout=grid&position=46&type=item&tracking_id=4c89be49-b4ff-4f88-b608-4ae89f97387f&sid=search	la-boca	65,81 m²	38,18 m²	0	0		1	Departamento	Contrafrente	30 años	65.000 ARS	Sí	Sí		No	No	No		No	No	No	No	No	Sí	No	Sí	Sí	No	Sí	No	27,63 m²	2		Sí	Sí	1						Sí							Sí																							
Departamento en venta	Venta 3 Ambientes Antiguo La Boca	52000	USD	US$52.000	False	3	2	1	66.0	3 ambs.1 baño66 m² cubiertos	HERNANDARIAS Al 1537. Entre Palacios Alfredo Y Benito Quinquela, Martin, La Boca, Capital Federal	https://departamento.mercadolibre.com.ar/MLA-1895661645-venta-3-ambientes-antiguo-la-boca-_JM#polycard_client=search-desktop&price_drop=not_apply&be_origin=backend&overlay_label=not_apply&search_layout=grid&position=47&type=item&tracking_id=4c89be49-b4ff-4f88-b608-4ae89f97387f&sid=search	la-boca	66,27 m²	66,27 m²	0	0	20	1	Departamento	Frente	80 años	300.000 ARS	Sí	Sí		No	No	No		No	No	No	No	Sí	Sí	No	Sí	Sí	Sí	No	Sí		2	Oeste	Sí		1						Sí																														
Departamento en venta	Venta Departamento 2 Ambientes Barracas Con Balcon	82500	USD	US$82.500	False	2	1	1	39.0	2 ambs.1 baño39 m² cubiertos	TOMAS LIBERTI Al 1203. Entre Av Reg De Patricios Y Ruy Diaz De Guzman, La Boca, Capital Federal	https://departamento.mercadolibre.com.ar/MLA-1891161003-venta-departamento-2-ambientes-barracas-con-balcon-_JM#polycard_client=search-desktop&price_drop=not_apply&be_origin=backend&overlay_label=not_apply&search_layout=grid&position=48&type=item&tracking_id=4c89be49-b4ff-4f88-b608-4ae89f97387f&sid=search	la-boca	44,71 m²	39,5 m²	0	0	2	8	Semi piso	Frente	40 años	182.000 ARS	No	Sí		Sí	No	No		No	No	No	No	Sí	Sí	No	Sí	Sí	No	Sí	Sí		9	Oeste	Sí		1						Sí																														
Departamento en venta	Venta Departamento La Boca 3 Ambientes Con Escritorio	95000	USD	US$95.000	False	3	2	1	57.0	3 ambs.1 baño57 m² cubiertos	ALTE BROWN Al 770. Entre Perez Galdos, Benito Y Blanes, Juan M., La Boca, Capital Federal	https://departamento.mercadolibre.com.ar/MLA-3585356556-venta-departamento-la-boca-3-ambientes-con-escritorio-_JM#polycard_client=search-desktop&price_drop=not_apply&be_origin=backend&overlay_label=not_apply&search_layout=grid&position=1&type=item&tracking_id=18e0ed07-2066-4dcc-abf1-76b7f45fad0a&sid=search	la-boca	71,86 m²	57,34 m²	0	0	45	12	Departamento	Contrafrente	45 años	160.000 ARS	No	Sí		Sí	No	No	Sí	No	Sí	Sí	No	Sí	Sí	No	Sí	Sí	Sí	Sí	Sí		14	Norte	Sí	Sí	1						Sí					Sí																									
Departamento en venta	Venta Departamento 4 Ambientes Con Balcon Y Cochera La Boca	185000	USD	US$185.000	False	4	3	2	85.0	4 ambs.2 baños85 m² cubiertos	Arzobispo Espinosa 100, La Boca, Capital Federal	https://departamento.mercadolibre.com.ar/MLA-3578402012-venta-departamento-4-ambientes-con-balcon-y-cochera-la-boca-_JM#polycard_client=search-desktop&price_drop=not_apply&be_origin=backend&overlay_label=not_apply&search_layout=grid&position=2&type=item&tracking_id=18e0ed07-2066-4dcc-abf1-76b7f45fad0a&sid=search	la-boca	90 m²	85 m²	1	0	4		Departamento		55 años	0 ARS	Sí			Sí	No	No								No	Sí	Sí	No	Sí			1	Norte																																							
Departamento en venta	Ph 8 Ambientes Venta La Boca	89900	USD	US$89.900	False	8	6	2	185.0	8 ambs.2 baños185 m² cubiertos	ARAOZ DE LAMADRID, G. Al 387. Entre Necochea Y Brown, Almte., Avda., La Boca, Capital Federal	https://departamento.mercadolibre.com.ar/MLA-1861112493-ph-8-ambientes-venta-la-boca-_JM#polycard_client=search-desktop&price_drop=not_apply&be_origin=backend&overlay_label=not_apply&search_layout=grid&position=3&type=item&tracking_id=18e0ed07-2066-4dcc-abf1-76b7f45fad0a&sid=search	la-boca	370 m²	185 m²	0	1	1	2	Piso	Frente	80 años	0 ARS	No	Sí		No	No	No		Sí	Sí	Sí	No	No	Sí	No	Sí	No	No	No	Sí	185 m²	2	Sur	Sí	Sí	1						Sí							Sí																	Sí						
Departamento en venta	Venta Departamento 3 Ambientes La Boca	85000	USD	US$85.000	False	3	2	1	58.0	3 ambs.1 baño58 m² cubiertos	20 DE SEPTIEMBRE Al 349. Entre Alte Brown Y Necochea, La Boca, Capital Federal	https://departamento.mercadolibre.com.ar/MLA-3521973178-venta-departamento-3-ambientes-la-boca-_JM#polycard_client=search-desktop&price_drop=not_apply&be_origin=backend&overlay_label=not_apply&search_layout=grid&position=4&type=item&tracking_id=18e0ed07-2066-4dcc-abf1-76b7f45fad0a&sid=search	la-boca	66,32 m²	58,55 m²	0	0	16	1	Departamento	Frente	50 años	171.000 ARS	Sí	Sí		Sí	No	No	Sí	No	No	No	No	Sí	Sí	No	Sí	Sí	Sí	Sí	Sí		7	Sur	Sí	Sí	1						Sí																														
Departamento en venta	Venta Monoambiente La Boca,frente, Muy Luminoso	49000	USD	US$49.000	False	0	0	1	32.0	1 baño32 m² cubiertos	Pi Y Margall 400, La Boca, Capital Federal	https://departamento.mercadolibre.com.ar/MLA-3503947876-venta-monoambiente-la-bocafrente-muy-luminoso-_JM#polycard_client=search-desktop&price_drop=not_apply&be_origin=backend&overlay_label=not_apply&search_layout=grid&position=5&type=item&tracking_id=18e0ed07-2066-4dcc-abf1-76b7f45fad0a&sid=search	la-boca	32 m²	32 m²	0	0	24	6	Departamento	Frente	20 años	160.000 ARS	No	Sí	Sí	Sí	No	No								No	Sí	Sí	No	Sí				Norte																					Sí																		
Departamento en venta	Venta Monoambiente La Boca,contrafrente, Luminoso	45000	USD	US$45.000	False	0	0	1	32.0	1 baño32 m² cubiertos	Pi Y Margall 400, La Boca, Capital Federal	https://departamento.mercadolibre.com.ar/MLA-3504302720-venta-monoambiente-la-bocacontrafrente-luminoso-_JM#polycard_client=search-desktop&price_drop=not_apply&be_origin=backend&overlay_label=not_apply&search_layout=grid&position=6&type=item&tracking_id=18e0ed07-2066-4dcc-abf1-76b7f45fad0a&sid=search	la-boca	32 m²	32 m²	0	0	24	13	Departamento	Contrafrente	20 años	130.000 ARS	No	Sí	Sí	Sí	No	No								No	Sí	Sí	No	Sí				Sur																					Sí																		
Departamento en venta	Venta 2 Ambientes Con Entre Piso La Boca	95000	USD	US$95.000	False	2	1	1	66.0	2 ambs.1 baño66 m² cubiertos	ARAOZ DE LAMADRID, G. Al 522. Entre Martin Rodriguez Y Palos, La Boca, Capital Federal	https://departamento.mercadolibre.com.ar/MLA-1850411259-venta-2-ambientes-con-entre-piso-la-boca-_JM#polycard_client=search-desktop&price_drop=not_apply&be_origin=backend&overlay_label=not_apply&search_layout=grid&position=7&type=item&tracking_id=18e0ed07-2066-4dcc-abf1-76b7f45fad0a&sid=search	la-boca	66,65 m²	66,65 m²	0	0	170		Departamento	Frente	60 años	170.000 ARS	No	Sí		Sí	No	No		No	Sí	Sí	No	No	Sí	No	Sí	Sí	No	No	Sí		5	Este	Sí		1						Sí																														
Departamento en venta	Departamento 3 Ambientes Amplio En La Boca	74900	USD	US$74.900	False	3	2	1	70.0	3 ambs.1 baño70 m² cubiertos	Blanes 460, La Boca, Capital Federal	https://departamento.mercadolibre.com.ar/MLA-1805912631-departamento-3-ambientes-amplio-en-la-boca-_JM#polycard_client=search-desktop&price_drop=not_apply&be_origin=backend&overlay_label=not_apply&search_layout=grid&position=8&type=item&tracking_id=18e0ed07-2066-4dcc-abf1-76b7f45fad0a&sid=search	la-boca	70 m²	70 m²	0						55 años																		No	No																																											
Departamento en venta	Departamento En Venta En La Boca	58900	USD	US$58.900	False	3	2	1	47.0	3 ambs.1 baño47 m² cubiertos	Aristóbulo Del Valle Al 200. Entre Necochea Y Ministro Brin, La Boca, Capital Federal	https://departamento.mercadolibre.com.ar/MLA-1805523081-departamento-en-venta-en-la-boca-_JM#polycard_client=search-desktop&price_drop=not_apply&be_origin=backend&overlay_label=not_apply&search_layout=grid&position=9&type=item&tracking_id=18e0ed07-2066-4dcc-abf1-76b7f45fad0a&sid=search	la-boca	47 m²	47 m²	0	0	4		Departamento	Frente	16 años	130.000 ARS	No	Sí		No	No	No		No	No	No	No	No	Sí	No	Sí	Sí	No	No	No		5	Sur	Sí		1																																				
Departamento en venta	Hermoso Ph En Venta En El Corazón De La Boca	99900	USD	US$99.900	False	5	4	2	92.0	5 ambs.2 baños92 m² totales	Arzobispo Espinosa Al 1000, La Boca, Capital Federal	https://departamento.mercadolibre.com.ar/MLA-3342887480-hermoso-ph-en-venta-en-el-corazon-de-la-boca-_JM#polycard_client=search-desktop&price_drop=not_apply&be_origin=backend&overlay_label=not_apply&search_layout=grid&position=10&type=item&tracking_id=18e0ed07-2066-4dcc-abf1-76b7f45fad0a&sid=search	la-boca	92 m²		0	0			Departamento	Contrafrente	40 años	0 ARS	Sí	No		No	No	No		Sí	No	No	No	Sí	Sí	No	Sí	Sí	Sí	Sí	No			Norte	Sí								Sí								Sí								Sí														
Departamento en venta	Venta Departamento 1 Ambiente En La Boca	42000	USD	US$42.000	False	1	0	1	28.0	1 amb.1 baño28 m² cubiertos	OLAVARRIA Al 594. Entre Palos Y Martin Rodriguez, La Boca, Capital Federal	https://departamento.mercadolibre.com.ar/MLA-3249153034-venta-departamento-1-ambiente-en-la-boca-_JM#polycard_client=search-desktop&float_highlight=not_apply&price_drop=not_apply&be_origin=backend&overlay_label=not_apply&search_layout=grid&position=11&type=item&tracking_id=18e0ed07-2066-4dcc-abf1-76b7f45fad0a&sid=search	la-boca	28,74 m²	28,74 m²	0	0	107	13	Departamento	Lateral	50 años	95.000 ARS	Sí	Sí		Sí	No	No	Sí	No	No	No	No	Sí	Sí	No		Sí	No	No	Sí		13	Este	Sí	Sí	1						Sí																														
Departamento en venta	Venta Departamento La Boca 2 Ambientes	65000	USD	US$65.000	False	2	1	1	45.0	2 ambs.1 baño45 m² cubiertos	ARAOZ DE LAMADRID, G. Al 410. Entre Almirante Brown Y Martin Rodriguez, La Boca, Capital Federal	https://departamento.mercadolibre.com.ar/MLA-1760364277-venta-departamento-la-boca-2-ambientes-_JM#polycard_client=search-desktop&float_highlight=not_apply&price_drop=not_apply&be_origin=backend&overlay_label=not_apply&search_layout=grid&position=12&type=item&tracking_id=18e0ed07-2066-4dcc-abf1-76b7f45fad0a&sid=search	la-boca	45 m²	45 m²	0	0		4	Departamento	Frente	50 años	130.000 ARS	Sí	Sí		Sí	No	No	Sí	No	No	No	No	Sí	Sí	No	Sí	Sí	No	Sí	Sí		18	Norte	Sí	Sí	1						Sí																														
Departamento en venta	Departamento En Venta En La Boca	43000	USD	US$43.000	False	1	0	1	31.0	1 amb.1 baño31 m² cubiertos	PI Y MARGALL Al 400. Entre Abdala Y Alte. Brown, La Boca, Capital Federal	https://departamento.mercadolibre.com.ar/MLA-1758601207-departamento-en-venta-en-la-boca-_JM#polycard_client=search-desktop&float_highlight=not_apply&price_drop=not_apply&be_origin=backend&overlay_label=not_apply&search_layout=grid&position=13&type=item&tracking_id=18e0ed07-2066-4dcc-abf1-76b7f45fad0a&sid=search	la-boca	34 m²	31 m²	0	0	10	13	Departamento	Contrafrente	16 años	120.000 ARS	No	No		Sí	No	Sí		No	No	No	No	No	No	No		No	No	No	No		14	Sur			1										24 horas																										
Departamento en venta	Ph Loft Con Terraza Y Entrepisos - La Boca	125000	USD	US$125.000	False	3	2	2	87.0	3 ambs.2 baños87 m² cubiertos	Rocha Al 1000, La Boca, Capital Federal	https://departamento.mercadolibre.com.ar/MLA-3160039374-ph-loft-con-terraza-y-entrepisos-la-boca-_JM#polycard_client=search-desktop&price_drop=not_apply&be_origin=backend&overlay_label=not_apply&search_layout=grid&position=14&type=item&tracking_id=18e0ed07-2066-4dcc-abf1-76b7f45fad0a&sid=search	la-boca	130 m²	87 m²	0	0		1	Departamento	Interno	100 años	90.000 ARS	Sí	Sí		No	No	No		Sí	Sí	Sí	No	No	Sí	No	Sí	Sí	No	No	No		2	Norte	Sí																										Sí												
Departamento en venta	Venta 2 Ambientes La Boca Apto Credito	43000	USD	US$43.000	False	2	1	1	39.0	2 ambs.1 baño39 m² cubiertos	ARAOZ DE LAMADRID, G. Al 522. Entre Martín Rodríguez Y Palos, La Boca, Capital Federal	https://departamento.mercadolibre.com.ar/MLA-3127618922-venta-2-ambientes-la-boca-apto-credito-_JM#polycard_client=search-desktop&float_highlight=not_apply&price_drop=not_apply&be_origin=backend&overlay_label=not_apply&search_layout=grid&position=15&type=item&tracking_id=18e0ed07-2066-4dcc-abf1-76b7f45fad0a&sid=search	la-boca	39 m²	39 m²	0	0		3	Departamento	Lateral	60 años	110.000 ARS	Sí	Sí		Sí	No	No	Sí	No	No	No	No	No	Sí	No	Sí	Sí	No	Sí	No		5	Oeste	Sí		1						Sí																														
Departamento en venta	Departamento En Venta En La Boca, Capital Federal	60000	USD	US$60.000	False	3	2	1	47.0	3 ambs.1 baño47 m² cubiertos	MARTIN RODRIGUEZ Al 671. Entre Aristobulo Del Valle Y Pinzon, La Boca, Capital Federal	https://departamento.mercadolibre.com.ar/MLA-2904627984-departamento-en-venta-en-la-boca-capital-federal-_JM#polycard_client=search-desktop&float_highlight=not_apply&price_drop=not_apply&be_origin=backend&overlay_label=not_apply&search_layout=grid&position=16&type=item&tracking_id=18e0ed07-2066-4dcc-abf1-76b7f45fad0a&sid=search	la-boca	50 m²	47,73 m²	0	0		1	Departamento	Frente	70 años	28.000 ARS	Sí	Sí		No	No	No		No	Sí	Sí	No	Sí	Sí	No	Sí	Sí	No	No	Sí		2	Este	Sí		1						Sí																														
Departamento en venta	Venta Departamento 3 Ambientes La Boca	64000	USD	US$64.000	False	3	2	0	55.0	3 ambs.55 m² cubiertos	Lamadrid Al 410. Entre Av. Alte. Brown Y Martín Rodríguez, La Boca, Capital Federal	https://departamento.mercadolibre.com.ar/MLA-2890685914-venta-departamento-3-ambientes-la-boca-_JM#polycard_client=search-desktop&price_drop=not_apply&be_origin=backend&overlay_label=not_apply&search_layout=grid&position=17&type=item&tracking_id=18e0ed07-2066-4dcc-abf1-76b7f45fad0a&sid=search	la-boca	60 m²	55 m²	0	0		15	Departamento	Frente	45 años	160.000 ARS	No	Sí		Sí	No	No		No	Sí	Sí	No	Sí	Sí	No		No	No	No	No		18	Este		Sí	1						Sí																														
Departamento en venta	Venta Departamento 2 Ambientes - La Boca	50000	USD	US$50.000	False	2	1	1	40.0	2 ambs.1 baño40 m² cubiertos	LAMADRID, G. ARAOZ DE Al 550. Entre Martin Rodriguez Y Palos, La Boca, Capital Federal	https://departamento.mercadolibre.com.ar/MLA-3343638182-venta-departamento-2-ambientes-la-boca-_JM#polycard_client=search-desktop&float_highlight=not_apply&price_drop=not_apply&be_origin=backend&overlay_label=not_apply&search_layout=grid&position=18&type=item&tracking_id=18e0ed07-2066-4dcc-abf1-76b7f45fad0a&sid=search	la-boca	40 m²	40 m²	0	0		2	Departamento	Frente	40 años	183.000 ARS	Sí	Sí		Sí	No	No	Sí	No	No	No	No	No	Sí	No	Sí	Sí	No	Sí	Sí		14	Este	Sí	Sí	1						Sí								Sí																						
Departamento en venta	Departamento En Venta En La Boca, Capital Federal	56000	USD	US$56.000	False	2	1	1	53.0	2 ambs.1 baño53 m² cubiertos	ARISTOBULO DEL VALLE Al 329. Entre Alte Brown Y Necochea, La Boca, Capital Federal	https://departamento.mercadolibre.com.ar/MLA-2863106784-departamento-en-venta-en-la-boca-capital-federal-_JM#polycard_client=search-desktop&float_highlight=not_apply&price_drop=not_apply&be_origin=backend&overlay_label=not_apply&search_layout=grid&position=19&type=item&tracking_id=18e0ed07-2066-4dcc-abf1-76b7f45fad0a&sid=search	la-boca	53 m²	53 m²	0	0	18	1	Departamento	Frente	65 años	70.000 ARS	Sí	Sí		Sí	No	No		No	No	No	No	Sí	Sí	No	Sí	Sí	No	Sí	Sí		4	Sur	Sí	Sí	1						Sí																														
Departamento en venta	Venta Departamento 4 Ambientes La Boca Antiguo	55000	USD	US$55.000	False	4	3	1	59.0	4 ambs.1 baño59 m² cubiertos	OLAVARRIA Al 621. Entre Palos Y Del Valle Iberlucea, La Boca, Capital Federal	https://departamento.mercadolibre.com.ar/MLA-1670542737-venta-departamento-4-ambientes-la-boca-antiguo-_JM#polycard_client=search-desktop&float_highlight=not_apply&price_drop=not_apply&be_origin=backend&overlay_label=not_apply&search_layout=grid&position=20&type=item&tracking_id=18e0ed07-2066-4dcc-abf1-76b7f45fad0a&sid=search	la-boca	59,76 m²	59,76 m²	0	0		2	Semi piso	Contrafrente	60 años	103.400 ARS	No	Sí		No	No	No	Sí	No	Sí	Sí	No	No	Sí	No	Sí	Sí	No	Sí	Sí		2	Sur	Sí	Sí	1						Sí																														
Departamento en venta	Venta 4 Ambientes Con Balcon La Boca	95000	USD	US$95.000	False	4	3	2	70.0	4 ambs.2 baños70 m² cubiertos	ARAOZ DE LAMADRID, G. Al 410. Entre Almirante Brown Y Martin Rodriguez, La Boca, Capital Federal	https://departamento.mercadolibre.com.ar/MLA-1665376283-venta-4-ambientes-con-balcon-la-boca-_JM#polycard_client=search-desktop&float_highlight=not_apply&price_drop=not_apply&be_origin=backend&overlay_label=not_apply&search_layout=grid&position=21&type=item&tracking_id=18e0ed07-2066-4dcc-abf1-76b7f45fad0a&sid=search	la-boca	75,31 m²	70,83 m²	0	0	151	9	Departamento	Frente	45 años	117.000 ARS	No	Sí		Sí	No	No	Sí	No	Sí	No	No	Sí	Sí	No	Sí	Sí	No	No	Sí	2,59 m²	18	Norte	Sí	Sí	1						Sí																														
Departamento en venta	Venta Departamento Monoambiente Boca Amenities Pileta	55000	USD	US$55.000	False	1	1	1	34.0	1 amb.1 baño34 m² cubiertos	Juan De Dios Filiberto Al 1000, La Boca, Capital Federal	https://departamento.mercadolibre.com.ar/MLA-2812723532-venta-departamento-monoambiente-boca-amenities-pileta-_JM#polycard_client=search-desktop&price_drop=not_apply&be_origin=backend&overlay_label=not_apply&search_layout=grid&position=22&type=item&tracking_id=18e0ed07-2066-4dcc-abf1-76b7f45fad0a&sid=search	la-boca	38 m²	34 m²	0	0	4	2	Departamento	Contrafrente	5 años	148.000 ARS	Sí	No		Sí	Sí	Sí		No	No	No	No	Sí	No	Sí	Sí	No	Sí	No	Sí	4 m²	1	Norte		Sí				Sí									Sí								Sí																
Departamento en venta	Departamento En Venta En La Boca	150000	USD	US$150.000	False	3	2	1	69.0	3 ambs.1 baño69 m² cubiertos	Aristobulo Del Valle Al 425. Entre Alte Brown Y Martin Rodriguez, La Boca, Capital Federal	https://departamento.mercadolibre.com.ar/MLA-1648181297-departamento-en-venta-en-la-boca-_JM#polycard_client=search-desktop&float_highlight=not_apply&price_drop=not_apply&be_origin=backend&overlay_label=not_apply&search_layout=grid&position=23&type=item&tracking_id=18e0ed07-2066-4dcc-abf1-76b7f45fad0a&sid=search	la-boca	69,5 m²	69,5 m²	0	0	36	3	Departamento	Frente	45 años	0 ARS	No	No		Sí	No	No		No	Sí	Sí	No	Sí	Sí	No	Sí	Sí	Sí	Sí	No		10	Sur	Sí	Sí	1						Sí												Sí																		
Departamento en venta	Venta 4 Ambientes Balcon Y Cochera	170000	USD	US$170.000	False	4	3	2	68.0	4 ambs.2 baños68 m² cubiertos	ALTE BROWN Al 959. Entre Del Valle, Aristobulo Y Pinzon, La Boca, Capital Federal	https://departamento.mercadolibre.com.ar/MLA-2789887204-venta-4-ambientes-balcon-y-cochera-_JM#polycard_client=search-desktop&price_drop=not_apply&be_origin=backend&overlay_label=not_apply&search_layout=grid&position=24&type=item&tracking_id=18e0ed07-2066-4dcc-abf1-76b7f45fad0a&sid=search	la-boca	71,71 m²	68,94 m²	1	0	43	8	Departamento	Contrafrente	15 años	0 ARS	No	Sí		Sí	No	No		No	No	No	No	Sí	Sí	No	Sí	Sí	No	Sí	No		13	Oeste	Sí	Sí	1						Sí																														
Departamento en venta	Venta 3 Ambientes Catalinas Sur	125000	USD	US$125.000	False	3	2	1	58.0	3 ambs.1 baño58 m² cubiertos	Necochea Al 280. Entre Pi Y Margall Y Gualeguay, La Boca, Capital Federal	https://departamento.mercadolibre.com.ar/MLA-2789721448-venta-3-ambientes-catalinas-sur-_JM#polycard_client=search-desktop&price_drop=not_apply&be_origin=backend&overlay_label=not_apply&search_layout=grid&position=25&type=item&tracking_id=18e0ed07-2066-4dcc-abf1-76b7f45fad0a&sid=search	la-boca	58 m²	58 m²	0	0		10	Departamento	Frente	45 años	1.800 ARS	No	No		Sí	No	No		No	Sí	No	No	No	Sí	No	Sí	Sí	No	Sí	No			Norte	Sí	Sí	1						Sí								Sí																						
Departamento en venta	Venta Departamento 2 Ambiente Apto Credito	74000	USD	US$74.000	False	2	1	1	41.0	2 ambs.1 baño41 m² cubiertos	ARAOZ DE LAMADRID, G. Al 522. Entre Martin Rodriguez Y Palos, La Boca, Capital Federal	https://departamento.mercadolibre.com.ar/MLA-2790159010-venta-departamento-2-ambiente-apto-credito-_JM#polycard_client=search-desktop&float_highlight=not_apply&price_drop=not_apply&be_origin=backend&overlay_label=not_apply&search_layout=grid&position=26&type=item&tracking_id=18e0ed07-2066-4dcc-abf1-76b7f45fad0a&sid=search	la-boca	41,5 m²	41,5 m²	0	0		1	Departamento	Frente	50 años	0 ARS	No	No		Sí	No	No		No	No	No	No	No	Sí	No	Sí	Sí	No	No	No		5	Norte	Sí		1						Sí																														
Departamento en venta	Venta Departamento 7 Ambientes La Boca	134000	USD	US$134.000	False	7	6	0	133.0	7 ambs.133 m² cubiertos	ARAOZ DE LAMADRID, G. Al 410. Entre Alte Brown Y Martin Rodriguez, La Boca, Capital Federal	https://departamento.mercadolibre.com.ar/MLA-2747687706-venta-departamento-7-ambientes-la-boca-_JM#polycard_client=search-desktop&float_highlight=not_apply&price_drop=not_apply&be_origin=backend&overlay_label=not_apply&search_layout=grid&position=27&type=item&tracking_id=18e0ed07-2066-4dcc-abf1-76b7f45fad0a&sid=search	la-boca	133 m²	133 m²	0	0	151	15	Departamento	Frente	45 años	380.000 ARS	Sí	Sí		Sí	No	No	Sí	No	Sí	Sí	No	Sí	Sí	No	Sí	Sí	No	Sí	Sí		18	Norte	Sí	Sí	1					Sí	Sí																														
Departamento en venta	Venta 2 Ambientes La Boca Apto Credito	45000	USD	US$45.000	False	2	1	1	37.0	2 ambs.1 baño37 m² cubiertos	MARTIN RODRIGUEZ Al 1171. Entre Araoz De Lamadrid, G. Y Mendoza, Pedro De, Av., La Boca, Capital Federal	https://departamento.mercadolibre.com.ar/MLA-1605165641-venta-2-ambientes-la-boca-apto-credito-_JM#polycard_client=search-desktop&float_highlight=not_apply&price_drop=not_apply&be_origin=backend&overlay_label=not_apply&search_layout=grid&position=28&type=item&tracking_id=18e0ed07-2066-4dcc-abf1-76b7f45fad0a&sid=search	la-boca	37 m²	37 m²	0	0			Departamento	Lateral	60 años	100.000 ARS	Sí	Sí		Sí	No	No	Sí	No	Sí	Sí	No	No	Sí	No	Sí	Sí	No	No	Sí		5	Norte	Sí		1						Sí								Sí																						
Departamento en venta	Venta 3 Ambientes La Boca	83000	USD	US$83.000	False	3	2	1	70.0	3 ambs.1 baño70 m² cubiertos	Olavarría Al 694. Entre Palos Y Del Valle Iberlucea, La Boca, Capital Federal	https://departamento.mercadolibre.com.ar/MLA-2617593406-venta-3-ambientes-la-boca-_JM#polycard_client=search-desktop&float_highlight=not_apply&price_drop=not_apply&be_origin=backend&overlay_label=not_apply&search_layout=grid&position=29&type=item&tracking_id=18e0ed07-2066-4dcc-abf1-76b7f45fad0a&sid=search	la-boca	70 m²	70 m²	0	0	7	1	Departamento	Frente	65 años	100.000 ARS	Sí	Sí		No	No	No	Sí	No	Sí	No	No	Sí	Sí	No	Sí	Sí	No	Sí	Sí		3	Norte	Sí	Sí	1						Sí																														
Departamento en venta	Venta 2 Ambientes La Boca	50000	USD	US$50.000	False	2	1	1	30.0	2 ambs.1 baño30 m² cubiertos	VILLAFAÑE, WENCESLAO Al 1093. Entre Hernandarias Y Irala, La Boca, Capital Federal	https://departamento.mercadolibre.com.ar/MLA-2587728066-venta-2-ambientes-la-boca-_JM#polycard_client=search-desktop&price_drop=not_apply&be_origin=backend&overlay_label=not_apply&search_layout=grid&position=30&type=item&tracking_id=18e0ed07-2066-4dcc-abf1-76b7f45fad0a&sid=search	la-boca	30,91 m²	30,91 m²	0	0	37	3	Departamento	Frente	45 años	0 ARS	Sí	Sí		Sí	No	No	Sí	No	No	No	No	No	Sí	No	Sí	Sí	No	No	No		7	Sur	Sí		1						Sí																														
Departamento en venta	Venta - Departamento Monoambiente En La Boca	29900	USD	US$29.900	False	1	1	1	21.0	1 amb.1 baño21 m² cubiertos	Alte. Brown Al 881. Entre Del Valle, Aristobulo Y VillafaÑe, Wenceslao, La Boca, Capital Federal	https://departamento.mercadolibre.com.ar/MLA-1904602103-venta-departamento-monoambiente-en-la-boca-_JM#polycard_client=search-desktop&float_highlight=not_apply&price_drop=not_apply&be_origin=backend&overlay_label=not_apply&search_layout=grid&position=31&type=item&tracking_id=18e0ed07-2066-4dcc-abf1-76b7f45fad0a&sid=search	la-boca	21 m²	21 m²	0	0	9	1	Departamento	Contrafrente	45 años	100.000 ARS	Sí	Sí		No	No	No	Sí	No	Sí	Sí	No	No	Sí	No	Sí	Sí	Sí	No	Sí		3	Este	Sí		1						Sí																														
Departamento en venta	Departamaento 1 Ambiente Con Balcon	45000	USD	US$45.000	False	1	1	1	34.0	1 amb.1 baño34 m² cubiertos	LIBERTI, TOMAS Al 425. Entre Brown, Almte., Avda., La Boca, Capital Federal	https://departamento.mercadolibre.com.ar/MLA-1820305655-departamaento-1-ambiente-con-balcon-_JM#polycard_client=search-desktop&float_highlight=not_apply&price_drop=not_apply&be_origin=backend&overlay_label=not_apply&search_layout=grid&position=32&type=item&tracking_id=18e0ed07-2066-4dcc-abf1-76b7f45fad0a&sid=search	la-boca	34 m²	34 m²	0	0		13	Departamento	Frente	15 años	0 ARS	No	No		Sí	No	No		No	No	No	No	No	No	No		No	No	No	No			Norte			1																																				
Departamento en venta	Venta Manoambiente La Boca Apto Credito	41000	USD	US$41.000	False	1	0	1	24.0	1 amb.1 baño24 m² cubiertos	ALTE BROWN Al 881. Entre Aristobulo Del Valle Y VillafaÑe, Wenceslao, La Boca, Capital Federal	https://departamento.mercadolibre.com.ar/MLA-3196257362-venta-manoambiente-la-boca-apto-credito-_JM#polycard_client=search-desktop&float_highlight=not_apply&price_drop=not_apply&be_origin=backend&overlay_label=not_apply&search_layout=grid&position=33&type=item&tracking_id=18e0ed07-2066-4dcc-abf1-76b7f45fad0a&sid=search	la-boca	24,8 m²	24,8 m²	0	0	33	1	Departamento	Frente	60 años	0 ARS	Sí	Sí		No	No	Sí	Sí	No	No	No	No	No	Sí	No	Sí	Sí	No	No	No		3	Este	Sí		1						Sí																														
Departamento en venta	Venta Departamento 1 Ambiente - La Boca	44900	USD	US$44.900	False	1	1	1	34.0	1 amb.1 baño34 m² cubiertos	Tomás Liberti Al 475. Entre Martin Rodríguez Y Av. Alte Brown, La Boca, Capital Federal	https://departamento.mercadolibre.com.ar/MLA-2767151036-venta-departamento-1-ambiente-la-boca-_JM#polycard_client=search-desktop&float_highlight=not_apply&price_drop=not_apply&be_origin=backend&overlay_label=not_apply&search_layout=grid&position=34&type=item&tracking_id=18e0ed07-2066-4dcc-abf1-76b7f45fad0a&sid=search	la-boca	34,12 m²	34,12 m²	0	0		9	Departamento		15 años	0 ARS	No	Sí		Sí	No	No		No	No	No	No	No	No	No		No	No	No	No						1																																				
Departamento en venta	Venta 2 Ambientes Reciclado La Boca	63000	USD	US$63.000	False	2	1	1	44.0	2 ambs.1 baño44 m² cubiertos	Martin Rodriguez, La Boca, Capital Federal	https://departamento.mercadolibre.com.ar/MLA-3692919176-venta-2-ambientes-reciclado-la-boca-_JM#polycard_client=search-desktop&price_drop=not_apply&be_origin=backend&overlay_label=not_apply&search_layout=grid&position=35&type=item&tracking_id=18e0ed07-2066-4dcc-abf1-76b7f45fad0a&sid=search	la-boca	50 m²	44 m²	0	0			Departamento		50 años	125.000 ARS	Sí	Sí		Sí	No	No								No		No	No	No																			Sí																								
Departamento en venta	Depto De 50m2 Con Renta . Hoy Rinde El 16% Anual.	25000	USD	US$25.000	False	3	2	1	45.0	3 ambs.1 baño45 m² cubiertos	Palos 400, La Boca, Capital Federal	https://departamento.mercadolibre.com.ar/MLA-2002566725-depto-de-50m2-con-renta-hoy-rinde-el-16-anual-_JM#polycard_client=search-desktop&float_highlight=recent_publication&price_drop=not_apply&be_origin=backend&overlay_label=not_apply&search_layout=grid&position=36&type=item&tracking_id=18e0ed07-2066-4dcc-abf1-76b7f45fad0a&sid=search	la-boca	50 m²	45 m²	0		4		Departamento	Frente		25.000 ARS																				5 m²	1																																								
Departamento en venta	Monoambiente - La Boca, Caba - Apto Profesional	30000	USD	US$30.000	False	1	1	1	18.0	1 amb.1 baño18 m² cubiertos	20 De Septiembre 230, La Boca, Capital Federal	https://departamento.mercadolibre.com.ar/MLA-1967944875-monoambiente-la-boca-caba-apto-profesional-_JM#polycard_client=search-desktop&price_drop=not_apply&be_origin=backend&overlay_label=not_apply&search_layout=grid&position=37&type=item&tracking_id=18e0ed07-2066-4dcc-abf1-76b7f45fad0a&sid=search	la-boca	18 m²	18 m²	0	1	4	5	Monoambiente	Contrafrente	30 años	15.000 ARS	Sí		Sí	Sí				Sí			Sí		Sí		Sí		Sí				5	Este	Sí							Sí	Sí						Sí																								
Departamento en venta	Departamento 3 Ambientes Urgente	59000	USD	US$59.000	False	3	2	1	60.0	3 ambs.1 baño60 m² cubiertos	Juan Manuel Blanes 460, La Boca, Capital Federal	https://departamento.mercadolibre.com.ar/MLA-1922126147-departamento-3-ambientes-urgente-_JM#polycard_client=search-desktop&price_drop=not_apply&be_origin=backend&overlay_label=not_apply&search_layout=grid&position=38&type=item&tracking_id=18e0ed07-2066-4dcc-abf1-76b7f45fad0a&sid=search	la-boca	60 m²	60 m²	0							100.000 ARS		Sí																																																											
Departamento en venta	Impecable Departamento De 3 Ambientes Con Cochera Techada	87000	USD	US$87.000	False	3	2	1	57.0	3 ambs.1 baño57 m² cubiertos	Irala 180, La Boca, Capital Federal	https://departamento.mercadolibre.com.ar/MLA-1951657121-impecable-departamento-de-3-ambientes-con-cochera-techada-_JM#polycard_client=search-desktop&price_drop=not_apply&be_origin=backend&overlay_label=not_apply&search_layout=grid&position=39&type=item&tracking_id=18e0ed07-2066-4dcc-abf1-76b7f45fad0a&sid=search	la-boca	59 m²	57 m²	1				Departamento		20 años	150.000 ARS																					11																																								
Departamento en venta	Oportunidad Venta 3 Ambientes Luminosos Con Balcón La Boca, Capital Federal	84900	USD	US$84.900	False	3	2	1	57.0	3 ambs.1 baño57 m² cubiertos	Av. Almte. Brown 555, La Boca, Capital Federal	https://departamento.mercadolibre.com.ar/MLA-3662642352-oportunidad-venta-3-ambientes-luminosos-con-balcon-la-boca-capital-federal-_JM#polycard_client=search-desktop&price_drop=not_apply&be_origin=backend&overlay_label=not_apply&search_layout=grid&position=40&type=item&tracking_id=18e0ed07-2066-4dcc-abf1-76b7f45fad0a&sid=search	la-boca	57 m²	57 m²	0	0	4	1	Departamento	Contrafrente	9 años	120.000 ARS	Sí	Sí	Sí	Sí	No	Sí		No	Sí	Sí	No	Sí	Sí	No	Sí	Sí	Sí	Sí	Sí	3 m²	9	Oeste	Sí	Sí									Sí		24 horas																										
Departamento en venta	Departamento 2 Ambientes Con Balcón Ideal Inversión O Vivienda La Boca	54000	USD	US$54.000	False	2	1	1	40.0	2 ambs.1 baño40 m² cubiertos	Pi Y Margall Al 400, La Boca, Capital Federal	https://departamento.mercadolibre.com.ar/MLA-3810993070-departamento-2-ambientes-con-balcon-ideal-inversion-o-vivienda-la-boca-_JM#polycard_client=search-desktop&float_highlight=recent_publication&price_drop=not_apply&be_origin=backend&overlay_label=not_apply&search_layout=grid&position=41&type=item&tracking_id=18e0ed07-2066-4dcc-abf1-76b7f45fad0a&sid=search	la-boca	40 m²	40 m²	0	0		4	Departamento	Frente	16 años	165.000 ARS	No	Sí		No	No	Sí		No	No	No	No	Sí	No	No	Sí	Sí	No	No	No																																										
Departamento en venta	Venta De Departamento 4 Ambientes, Cochera Y Balcón En La Boca - Muy Luminoso	99000	USD	US$99.000	False	4	3	1	73.0	4 ambs.1 baño73 m² cubiertos	Almirante Brown Al 900, La Boca, Capital Federal	https://departamento.mercadolibre.com.ar/MLA-2007919965-venta-de-departamento-4-ambientes-cochera-y-balcon-en-la-boca-muy-luminoso-_JM#polycard_client=search-desktop&float_highlight=recent_publication&price_drop=not_apply&be_origin=backend&overlay_label=not_apply&search_layout=grid&position=42&type=item&tracking_id=18e0ed07-2066-4dcc-abf1-76b7f45fad0a&sid=search	la-boca	76 m²	73 m²	1	0			Departamento	Frente	35 años	130.000 ARS	Sí	Sí		No	Sí	No		No	Sí	No	No	Sí	Sí	No	Sí	Sí	Sí	Sí	Sí	3 m²	12	Norte	Sí	Sí						Sí	Sí																														
Departamento en venta	Venta Departamento 4 Ambientes La Boca Caba Excelente Oportunidad	89999	USD	US$89.999	False	4	3	2	72.0	4 ambs.2 baños72 m² totales	Coronel Salvadores Al 700, La Boca, Capital Federal	https://departamento.mercadolibre.com.ar/MLA-3810985082-venta-departamento-4-ambientes-la-boca-caba-excelente-oportunidad-_JM#polycard_client=search-desktop&float_highlight=recent_publication&price_drop=not_apply&be_origin=backend&overlay_label=not_apply&search_layout=grid&position=43&type=item&tracking_id=18e0ed07-2066-4dcc-abf1-76b7f45fad0a&sid=search	la-boca	72 m²		0	0			Departamento		40 años	60.000 ARS	No	No		No	Sí	No		No	No	Sí	No	Sí	Sí	No	Sí	Sí	No	No	Sí	6 m²	1			Sí																																					
Departamento en venta	Departamento Venta 3 Ambientes La Boca	87000	USD	US$87.000	False	3	2	1	53.0	3 ambs.1 baño53 m² cubiertos	Germán Abdala 100, La Boca, Capital Federal	https://departamento.mercadolibre.com.ar/MLA-2006374183-departamento-venta-3-ambientes-la-boca-_JM#polycard_client=search-desktop&float_highlight=recent_publication&price_drop=not_apply&be_origin=backend&overlay_label=not_apply&search_layout=grid&position=44&type=item&tracking_id=18e0ed07-2066-4dcc-abf1-76b7f45fad0a&sid=search	la-boca	56 m²	53 m²	0	0	99	5	Departamento	Frente	30 años	150.000 ARS	No	No		No			Sí	No	Sí	No		No	No			No	No	No	No			Norte																																							
Departamento en venta	Departamento 2 Ambientes 41 M2 Muy Luminoso, Reciclado Hace 5 Años, Excelente Estado, Pisos De Caldan En Perfecto Estado. Bajas Expensas. Al Frente	47900	USD	US$47.900	False	2	1	1	41.0	2 ambs.1 baño41 m² cubiertos	Martín Rodríguez 1171, La Boca, Capital Federal	https://departamento.mercadolibre.com.ar/MLA-2008509881-departamento-2-ambientes-41-m2-muy-luminoso-reciclado-hace-5-anos-excelente-estado-pisos-de-caldan-en-perfecto-estado-bajas-expensas-al-frente-_JM#polycard_client=search-desktop&price_drop=not_apply&be_origin=backend&overlay_label=not_apply&search_layout=grid&position=45&type=item&tracking_id=18e0ed07-2066-4dcc-abf1-76b7f45fad0a&sid=search	la-boca	41 m²	41 m²	0	0	10	3		Frente	50 años	80.000 ARS		Sí		Sí	No	No		Sí	Sí	Sí	No	No	Sí	No	Sí	Sí	No	No			5	Este															Sí		Sí	Sí																					
Departamento en venta	Venta 2 Amb Balcón Contrafrente Parque Avellaneda	95000	USD	US$95.000	False	2	1	1	41.0	2 ambs.1 baño41 m² cubiertos	Directorio 3300, Parque Avellaneda, Capital Federal	https://departamento.mercadolibre.com.ar/MLA-3751841504-venta-2-amb-balcon-contrafrente-parque-avellaneda-_JM#polycard_client=search-desktop&price_drop=not_apply&be_origin=backend&overlay_label=not_apply&search_layout=grid&position=1&type=item&tracking_id=0ca56838-3a83-45e9-8df6-f517fe5be0f5&sid=search	parque-avellaneda	44 m²	41 m²	0	0	99	3	Departamento	Lateral	9 años	120.000 ARS	Sí	Sí		Sí			Sí	No	Sí	No		Sí	Sí			Sí	Sí	No	No	3,21 m²	11	Oeste		Sí																																					
Departamento en venta	Venta Monoambiente Contrafrente	55000	USD	US$55.000	False	1	0	1	29.0	1 amb.1 baño29 m² cubiertos	Juan Bautista Alberdi 4700, Parque Avellaneda, Capital Federal	https://departamento.mercadolibre.com.ar/MLA-3671232022-venta-monoambiente-contrafrente-_JM#polycard_client=search-desktop&price_drop=not_apply&be_origin=backend&overlay_label=not_apply&search_layout=grid&position=2&type=item&tracking_id=0ca56838-3a83-45e9-8df6-f517fe5be0f5&sid=search	parque-avellaneda	32 m²	29 m²	0						48 años	84.000 ARS									Sí	Sí		Sí	Sí		Sí	Sí			Sí		9																																								
Departamento en venta	Venta Departamento 4 Ambientes Parque Avellaneda Patio Cochera Apto Crédito	150000	USD	US$150.000	False	4	3	2	73.0	4 ambs.2 baños73 m² cubiertos	José Bonifacio Al 3800, Parque Avellaneda, Capital Federal	https://departamento.mercadolibre.com.ar/MLA-1736354327-venta-departamento-4-ambientes-parque-avellaneda-patio-cochera-apto-credito-_JM#polycard_client=search-desktop&float_highlight=not_apply&price_drop=not_apply&be_origin=backend&overlay_label=not_apply&search_layout=grid&position=3&type=item&tracking_id=0ca56838-3a83-45e9-8df6-f517fe5be0f5&sid=search	parque-avellaneda	99 m²	73 m²	1	0	2		Departamento	Interno	40 años	20.000 ARS	Sí	Sí		No	Sí	No	Sí	No	Sí	Sí	No	No	Sí	No	Sí	Sí	Sí	No	Sí	8 m²		Norte		Sí						Sí								Sí							Sí																
Departamento en venta	Venta Depto 3 O 4amb Impecable Apto Credito	109900	USD	US$109.900	False	3	2	1	88.0	3 ambs.1 baño88 m² cubiertos	Avenida Directorio 4000, Parque Avellaneda, Capital Federal	https://departamento.mercadolibre.com.ar/MLA-3720662688-venta-depto-3-o-4amb-impecable-apto-credito-_JM#polycard_client=search-desktop&price_drop=not_apply&be_origin=backend&overlay_label=not_apply&search_layout=grid&position=4&type=item&tracking_id=0ca56838-3a83-45e9-8df6-f517fe5be0f5&sid=search	parque-avellaneda	88 m²	88 m²	0	0	99	4	Departamento	Frente	47 años	294.000 ARS	No	Sí		No			Sí	No	Sí	No		No	Sí			Sí	No	No	No		10	Este								Sí																	Sí														
Departamento en venta	Venta Con Renta Monoambiente Con Patio Y Cochera Para Dos Autos En Parque Avellaneda	65000	USD	US$65.000	False	1	0	1	30.0	1 amb.1 baño30 m² cubiertos	CUNNINGHAM, GRAHAM R. Al 1166. Entre Chascomus Y JosÉ Enrique Rodo, Parque Avellaneda, Capital Federal	https://departamento.mercadolibre.com.ar/MLA-3355802340-venta-con-renta-monoambiente-con-patio-y-cochera-para-dos-autos-en-parque-avellaneda-_JM#polycard_client=search-desktop&price_drop=not_apply&be_origin=backend&overlay_label=not_apply&search_layout=grid&position=5&type=item&tracking_id=0ca56838-3a83-45e9-8df6-f517fe5be0f5&sid=search	parque-avellaneda	45 m²	30 m²	1	0			Departamento	Interno	15 años	90.000 ARS	Sí	No		No	No	No		No	Sí	Sí	No	No	Sí	No	Sí	Sí	No	No	No	15 m²	1	Este			1					Sí								Sí																							
Departamento en venta	A Dos Cuadras Del Parque! Luminoso 3 Amb Al Frente - Amplia Cocina Y Lavadero	79000	USD	US$79.000	False	3	2	1	66.0	3 ambs.1 baño66 m² cubiertos	José Bonifacio Al 4000, Parque Avellaneda, Capital Federal	https://departamento.mercadolibre.com.ar/MLA-3420831546-a-dos-cuadras-del-parque-luminoso-3-amb-al-frente-amplia-cocina-y-lavadero-_JM#polycard_client=search-desktop&price_drop=not_apply&be_origin=backend&overlay_label=not_apply&search_layout=grid&position=6&type=item&tracking_id=0ca56838-3a83-45e9-8df6-f517fe5be0f5&sid=search	parque-avellaneda	66 m²	66 m²	0	0	5	1	Departamento	Frente	65 años	265.000 ARS	No	No		No	Sí	Sí		No	No	No	No	No	Sí	No		No	No	No	Sí		2	Sur		Sí																																					
Departamento en venta	Departamento En Venta En Parque Avellaneda	89000	USD	US$89.000	False	2	1	1	38.0	2 ambs.1 baño38 m² cubiertos	REMEDIOS Al 3601. Entre Martinez Castro Y Mariano Acosta, Parque Avellaneda, Capital Federal	https://departamento.mercadolibre.com.ar/MLA-1785811757-departamento-en-venta-en-parque-avellaneda-_JM#polycard_client=search-desktop&price_drop=not_apply&be_origin=backend&overlay_label=not_apply&search_layout=grid&position=7&type=item&tracking_id=0ca56838-3a83-45e9-8df6-f517fe5be0f5&sid=search	parque-avellaneda	38 m²	38 m²	1	0		7	Departamento	Contrafrente	35 años	50.000 ARS	No	No		Sí	No	No		No	No	No	No	No	No	No		No	No	No	No		1	Norte			1																																				
Departamento en venta	Venta Depto 3 Amb Pque Avellaneda Apto Cred Balcon	94900	USD	US$94.900	False	3	2	1	62.0	3 ambs.1 baño62 m² cubiertos	Baldomero Fernández Moreno 3600, Parque Avellaneda, Capital Federal	https://departamento.mercadolibre.com.ar/MLA-1982644231-venta-depto-3-amb-pque-avellaneda-apto-cred-balcon-_JM#polycard_client=search-desktop&float_highlight=recent_publication&price_drop=not_apply&be_origin=backend&overlay_label=not_apply&search_layout=grid&position=8&type=item&tracking_id=0ca56838-3a83-45e9-8df6-f517fe5be0f5&sid=search	parque-avellaneda	67 m²	62 m²	0	0	99	1	Departamento	Frente	51 años	69.000 ARS	No	Sí		No				No		No		Sí	Sí			No	No	No	No		3	Norte																																							
Departamento en venta	Venta 3 Amb Parque Avellaneda Limite C/villa Luro	108000	USD	US$108.000	False	3	2	1	69.0	3 ambs.1 baño69 m² cubiertos	Avenida Juan Bautista Alberdi 4300, Parque Avellaneda, Capital Federal	https://departamento.mercadolibre.com.ar/MLA-1961670233-venta-3-amb-parque-avellaneda-limite-cvilla-luro-_JM#polycard_client=search-desktop&price_drop=not_apply&be_origin=backend&overlay_label=not_apply&search_layout=grid&position=9&type=item&tracking_id=0ca56838-3a83-45e9-8df6-f517fe5be0f5&sid=search	parque-avellaneda	80 m²	69 m²	0	0	99	1	Departamento	Frente	46 años	163.000 ARS	No	No		No	Sí			No	Sí	No		No	No			No	No	No	No		4	Norte																Sí																							
Departamento en venta	Departamento 3 Ambientes - Apto Crédito | Parque Avellaneda	67000	USD	US$67.000	False	3	2	1	59.0	3 ambs.1 baño59 m² totales	Saraza Al 4200, Parque Avellaneda, Capital Federal	https://departamento.mercadolibre.com.ar/MLA-1957074879-departamento-3-ambientes-apto-credito-parque-avellaneda-_JM#polycard_client=search-desktop&price_drop=not_apply&be_origin=backend&overlay_label=not_apply&search_layout=grid&position=10&type=item&tracking_id=0ca56838-3a83-45e9-8df6-f517fe5be0f5&sid=search	parque-avellaneda	59 m²		0	0	6	9	Departamento	Contrafrente	13 años	80.000 ARS	No	Sí	Sí	Sí	Sí	Sí		Sí	Sí	Sí	No	Sí	Sí	No	Sí	Sí	Sí	No	Sí			Sur		Sí																																					
Departamento en venta	Departamento 4 Ambienes Mas 2 Cocheras	135000	USD	US$135.000	False	4	3	2	149.0	4 ambs.2 baños149 m² totales	Av. Escalada Al 1000, Parque Avellaneda, Capital Federal	https://departamento.mercadolibre.com.ar/MLA-3732432280-departamento-4-ambienes-mas-2-cocheras-_JM#polycard_client=search-desktop&price_drop=not_apply&be_origin=backend&overlay_label=not_apply&search_layout=grid&position=11&type=item&tracking_id=0ca56838-3a83-45e9-8df6-f517fe5be0f5&sid=search	parque-avellaneda	149 m²		2	1	1	1	Departamento	Frente	35 años	60.000 ARS	Sí	No		Sí	Sí	No	Sí	Sí	Sí	Sí	No	Sí	Sí	No	Sí	No	Sí	No	Sí	18 m²	1	Norte	Sí	Sí							Sí						Sí	Sí	Sí									Sí													
Departamento en venta	Departamento 4 Ambienes Mas 2 Cocheras	135000	USD	US$135.000	False	4	3	2	149.0	4 ambs.2 baños149 m² totales	Av. Escalada Al 1000, Parque Avellaneda, Capital Federal	https://departamento.mercadolibre.com.ar/MLA-3732457210-departamento-4-ambienes-mas-2-cocheras-_JM#polycard_client=search-desktop&price_drop=not_apply&be_origin=backend&overlay_label=not_apply&search_layout=grid&position=12&type=item&tracking_id=0ca56838-3a83-45e9-8df6-f517fe5be0f5&sid=search	parque-avellaneda	149 m²		2	1	1	1	Departamento	Frente	35 años	60.000 ARS	Sí	No		Sí	Sí	No	Sí	Sí	Sí	Sí	No	Sí	Sí	No	Sí	No	Sí	No	Sí	18 m²	1	Norte	Sí	Sí							Sí						Sí	Sí	Sí									Sí													
Departamento en venta	Departamento En Parque Avellaneda	95000	USD	US$95.000	False	3	2	1	51.0	3 ambs.1 baño51 m² cubiertos	Primera Junta Al 3700, Parque Avellaneda, Capital Federal	https://departamento.mercadolibre.com.ar/MLA-1951649397-departamento-en-parque-avellaneda-_JM#polycard_client=search-desktop&price_drop=not_apply&be_origin=backend&overlay_label=not_apply&search_layout=grid&position=13&type=item&tracking_id=0ca56838-3a83-45e9-8df6-f517fe5be0f5&sid=search	parque-avellaneda	58 m²	51 m²	0	0		3	Departamento	Frente	30 años	100.000 ARS	No	Sí		Sí	Sí	No		No	No	No	No	Sí	Sí	No	Sí	Sí	No	No	Sí	1 m²		Norte		Sí													Sí																								
Departamento en venta	Venta Depto 3 Amb Parque Avellaneda -apto Crédito	75000	USD	US$75.000	False	3	2	1	54.0	3 ambs.1 baño54 m² cubiertos	Tandil 3800, Parque Avellaneda, Capital Federal	https://departamento.mercadolibre.com.ar/MLA-1948134793-venta-depto-3-amb-parque-avellaneda-apto-credito-_JM#polycard_client=search-desktop&price_drop=not_apply&be_origin=backend&overlay_label=not_apply&search_layout=grid&position=14&type=item&tracking_id=0ca56838-3a83-45e9-8df6-f517fe5be0f5&sid=search	parque-avellaneda	54 m²	54 m²	0	0	99	1	Departamento	Contrafrente	56 años	188.000 ARS	Sí	Sí		Sí				No		No		No	Sí		Sí	Sí	No	No	No		7	Este		Sí																																					
Departamento en venta	Venta Depto 2 Amb 4to Piso	40900	USD	US$40.900	False	2	1	1	30.0	2 ambs.1 baño30 m² cubiertos	José Bonifacio 4100, Parque Avellaneda, Capital Federal	https://departamento.mercadolibre.com.ar/MLA-3721460938-venta-depto-2-amb-4to-piso-_JM#polycard_client=search-desktop&price_drop=not_apply&be_origin=backend&overlay_label=not_apply&search_layout=grid&position=15&type=item&tracking_id=0ca56838-3a83-45e9-8df6-f517fe5be0f5&sid=search	parque-avellaneda	31 m²	30 m²	0	0	99	4	Departamento	Frente	53 años	55.000 ARS	No	Sí		No				No	Sí	No		No	Sí			Sí	No	Sí	No		4	Este																										Sí													
Departamento en venta	Depto 3 Amb Venta Parque Avellaneda Balcón Cochera	135000	USD	US$135.000	False	3	2	1	57.0	3 ambs.1 baño57 m² cubiertos	Chascomús 4700, Parque Avellaneda, Capital Federal	https://departamento.mercadolibre.com.ar/MLA-3720090368-depto-3-amb-venta-parque-avellaneda-balcon-cochera-_JM#polycard_client=search-desktop&price_drop=not_apply&be_origin=backend&overlay_label=not_apply&search_layout=grid&position=16&type=item&tracking_id=0ca56838-3a83-45e9-8df6-f517fe5be0f5&sid=search	parque-avellaneda	59 m²	57 m²	1	0	99	1	Semi piso	Frente	16 años	150.000 ARS	No	No		Sí	Sí		Sí	No	Sí	No		Sí	Sí			Sí	No	No	No	2,71 m²	2	Norte											Sí							Sí																					
Departamento en venta	En Venta Depto 3 Ambientes En Parque Avellaneda	68000	USD	US$68.000	False	3	2	1	47.0	3 ambs.1 baño47 m² cubiertos	Avenida Directorio 4200, Parque Avellaneda, Capital Federal	https://departamento.mercadolibre.com.ar/MLA-3720092018-en-venta-depto-3-ambientes-en-parque-avellaneda-_JM#polycard_client=search-desktop&price_drop=not_apply&be_origin=backend&overlay_label=not_apply&search_layout=grid&position=17&type=item&tracking_id=0ca56838-3a83-45e9-8df6-f517fe5be0f5&sid=search	parque-avellaneda	47 m²	47 m²	0	0	99	4	Departamento	Frente	50 años	90.474 ARS	No	Sí		No		Sí		No	Sí	No		No	No			No	No	No	No		6	Norte																										Sí													
Departamento en venta	Monoambiente En Venta En B° Nagera Parque Avellaneda	37000	USD	US$37.000	False	1	1	1	35.0	1 amb.1 baño35 m² cubiertos	Mozart 2404, Parque Avellaneda, Capital Federal	https://departamento.mercadolibre.com.ar/MLA-1921989003-monoambiente-en-venta-en-b-nagera-parque-avellaneda-_JM#polycard_client=search-desktop&price_drop=not_apply&be_origin=backend&overlay_label=not_apply&search_layout=grid&position=18&type=item&tracking_id=0ca56838-3a83-45e9-8df6-f517fe5be0f5&sid=search	parque-avellaneda	35 m²	35 m²	0					Frente				Sí					Sí		Sí	Sí			Sí																																																
Departamento en venta	Departamento Venta Monoambiente Parque Avellaneda	65000	USD	US$65.000	False	0	0	0	32.0	32 m² cubiertos	Avenida Directorio Al 3800, Parque Avellaneda, Capital Federal	https://departamento.mercadolibre.com.ar/MLA-3665646166-departamento-venta-monoambiente-parque-avellaneda-_JM#polycard_client=search-desktop&price_drop=not_apply&be_origin=backend&overlay_label=not_apply&search_layout=grid&position=19&type=item&tracking_id=0ca56838-3a83-45e9-8df6-f517fe5be0f5&sid=search	parque-avellaneda	32 m²	32 m²	0	0	4	8	Departamento	Frente	10 años	130.000 ARS	Sí	No		Sí	Sí	No		No	No	No	No	Sí	Sí	No	Sí	Sí	No	No	Sí	4 m²				Sí				Sí									Sí																								
Departamento en venta	Venta Departamento Luminoso	49999	USD	US$49.999	False	3	2	1	49.0	3 ambs.1 baño49 m² cubiertos	Av. Dellepiane Al 4200, Parque Avellaneda, Capital Federal	https://departamento.mercadolibre.com.ar/MLA-1917411179-venta-departamento-luminoso-_JM#polycard_client=search-desktop&price_drop=not_apply&be_origin=backend&overlay_label=not_apply&search_layout=grid&position=20&type=item&tracking_id=0ca56838-3a83-45e9-8df6-f517fe5be0f5&sid=search	parque-avellaneda	49 m²	49 m²	0	0			Departamento	Frente	48 años	0 ARS	No	No		Sí	No	Sí	Sí	No	No	No	No	No	Sí	No	Sí	No	No	No	No		1	Norte																																							
Departamento en venta	Departamento En Parque Avellaneda	89900	USD	US$89.900	False	4	3	1	88.0	4 ambs.1 baño88 m² cubiertos	Directorio 4000, Parque Avellaneda, Capital Federal	https://departamento.mercadolibre.com.ar/MLA-3657589240-departamento-en-parque-avellaneda-_JM#polycard_client=search-desktop&price_drop=not_apply&be_origin=backend&overlay_label=not_apply&search_layout=grid&position=21&type=item&tracking_id=0ca56838-3a83-45e9-8df6-f517fe5be0f5&sid=search	parque-avellaneda	88 m²	88 m²	0	0			Departamento		50 años	100.000 ARS	Sí	No		No	No	Sí		No	No	No	No	No	No	No	Sí	No	No	No	No											Sí																															
Departamento en venta	Departamento En Parque Avellaneda	67900	USD	US$67.900	False	3	2	1	57.0	3 ambs.1 baño57 m² cubiertos	Saraza Al 4200, Parque Avellaneda, Capital Federal	https://departamento.mercadolibre.com.ar/MLA-1914544571-departamento-en-parque-avellaneda-_JM#polycard_client=search-desktop&price_drop=not_apply&be_origin=backend&overlay_label=not_apply&search_layout=grid&position=22&type=item&tracking_id=0ca56838-3a83-45e9-8df6-f517fe5be0f5&sid=search	parque-avellaneda	59 m²	57 m²	0	0		3	Departamento	Frente	15 años	90.000 ARS	Sí	Sí		Sí	Sí	Sí		No	No	No	No	Sí	Sí	No	Sí	Sí	Sí	No	Sí	52 m²		Norte	Sí	Sí							Sí						Sí																								
Departamento en venta	Departamento De Tres Ambientes En Planta Baja Barrio Nuevo Parque Avellaneda	75000	USD	US$75.000	False	3	2	1	55.0	3 ambs.1 baño55 m² cubiertos	Av. Castañares 4242, Parque Avellaneda, Capital Federal	https://departamento.mercadolibre.com.ar/MLA-1893141651-departamento-de-tres-ambientes-en-planta-baja-barrio-nuevo-parque-avellaneda-_JM#polycard_client=search-desktop&price_drop=not_apply&be_origin=backend&overlay_label=not_apply&search_layout=grid&position=23&type=item&tracking_id=0ca56838-3a83-45e9-8df6-f517fe5be0f5&sid=search	parque-avellaneda	59 m²	55 m²	0					Interno		77.200 ARS		Sí							Sí	Sí			Sí											Sí														Sí																							
Departamento en venta	Venta Semipiso 2 Ambientes Con Cochera Fija Y Terraza Propia	159000	USD	US$159.000	False	2	1	1	45.0	2 ambs.1 baño45 m² cubiertos	Guardia Nacional Al 700, Parque Avellaneda, Capital Federal	https://departamento.mercadolibre.com.ar/MLA-3567491864-venta-semipiso-2-ambientes-con-cochera-fija-y-terraza-propia-_JM#polycard_client=search-desktop&price_drop=not_apply&be_origin=backend&overlay_label=not_apply&search_layout=grid&position=24&type=item&tracking_id=0ca56838-3a83-45e9-8df6-f517fe5be0f5&sid=search	parque-avellaneda	84 m²	45 m²	1	0	3	9	Departamento	Contrafrente	1 años	120.000 ARS	No	No		Sí	No	No		No	No	Sí	Sí	No	Sí	No	Sí	No	No	No	No		1	Oeste								Sí																															
Departamento en venta	Amplio Luminoso Departamento 4 Ambientes Balcón, Patio Con Parrilla Apto Credito- Permuta Caba	109000	USD	US$109.000	False	4	3	1	76.0	4 ambs.1 baño76 m² cubiertos	Portela 1100, Parque Avellaneda, Capital Federal	https://departamento.mercadolibre.com.ar/MLA-3567498092-amplio-luminoso-departamento-4-ambientes-balcon-patio-con-parrilla-apto-credito-permuta-caba-_JM#polycard_client=search-desktop&price_drop=not_apply&be_origin=backend&overlay_label=not_apply&search_layout=grid&position=25&type=item&tracking_id=0ca56838-3a83-45e9-8df6-f517fe5be0f5&sid=search	parque-avellaneda	86 m²	76 m²	0	0	2	3	Departamento	Frente	35 años	70.000 ARS	Sí	Sí		No	No	No		No	Sí	Sí	No	Sí	Sí	No	Sí	Sí	Sí	Sí	No	3 m²	3	Norte																							Sí																
Departamento en venta	Moreto 1700 Pque Avellaneda 2amb U$56.000	56000	USD	US$56.000	False	2	1	1	40.0	2 ambs.1 baño40 m² cubiertos	Moreto Al 1700. Entre Av Eva Perón Y Primera Junta, Parque Avellaneda, Capital Federal	https://departamento.mercadolibre.com.ar/MLA-3551012066-moreto-1700-pque-avellaneda-2amb-u56000-_JM#polycard_client=search-desktop&price_drop=not_apply&be_origin=backend&overlay_label=not_apply&search_layout=grid&position=26&type=item&tracking_id=0ca56838-3a83-45e9-8df6-f517fe5be0f5&sid=search	parque-avellaneda	44,76 m²	40,46 m²	0	0	6	2	Departamento	Frente	50 años	90.000 ARS	Sí	Sí		No	No	No		No	No	No	No	Sí	Sí	No		Sí	No	No	Sí	4,3 m²	4	Este			1												Sí																								
Departamento en venta	Departamento 1 Amb En Parque Avellaneda Av Bruix 4600	40000	USD	US$40.000	False	1	0	1	30.0	1 amb.1 baño30 m² cubiertos	Av.bruix Al 4600, Parque Avellaneda, Capital Federal	https://departamento.mercadolibre.com.ar/MLA-3524487908-departamento-1-amb-en-parque-avellaneda-av-bruix-4600-_JM#polycard_client=search-desktop&price_drop=not_apply&be_origin=backend&overlay_label=not_apply&search_layout=grid&position=27&type=item&tracking_id=0ca56838-3a83-45e9-8df6-f517fe5be0f5&sid=search	parque-avellaneda	30 m²	30 m²	0	0			Departamento	Frente	30 años	20.000 ARS	No	No		No	No	No		No	No	No	No	No	No	No	Sí	No	No	No	No			Norte																																							
Departamento en venta	Departamento En Venta - 2 Ambientes - Balcón - Cochera - Parque Avellaneda	99000	USD	US$99.000	False	2	1	1	49.0	2 ambs.1 baño49 m² cubiertos	Lacarra Al 500, Parque Avellaneda, Capital Federal	https://departamento.mercadolibre.com.ar/MLA-1850601697-departamento-en-venta-2-ambientes-balcon-cochera-parque-avellaneda-_JM#polycard_client=search-desktop&price_drop=not_apply&be_origin=backend&overlay_label=not_apply&search_layout=grid&position=28&type=item&tracking_id=0ca56838-3a83-45e9-8df6-f517fe5be0f5&sid=search	parque-avellaneda	58 m²	49 m²	1	0		5	Departamento	Frente	11 años	141.000 ARS	No	Sí		Sí	Sí	No		No	No	No	No	Sí	Sí	No	Sí	Sí	No	Sí	No	8 m²																																									
Departamento en venta	Departamento En Venta En Barrio Nuevo Parque Avellaneda	73000	USD	US$73.000	False	3	2	1	57.0	3 ambs.1 baño57 m² cubiertos	Av. Castañares 4315, Parque Avellaneda, Capital Federal	https://departamento.mercadolibre.com.ar/MLA-1800392519-departamento-en-venta-en-barrio-nuevo-parque-avellaneda-_JM#polycard_client=search-desktop&price_drop=not_apply&be_origin=backend&overlay_label=not_apply&search_layout=grid&position=29&type=item&tracking_id=0ca56838-3a83-45e9-8df6-f517fe5be0f5&sid=search	parque-avellaneda	59 m²	57 m²	0							120.000 ARS		Sí							Sí	Sí		Sí	Sí											Sí																Sí																					
Departamento en venta	Venta Dos Ambientes Parque Avellaneda Balcón	66000	USD	US$66.000	False	2	1	1	35.0	2 ambs.1 baño35 m² cubiertos	Av Juan Bautista Alberdi 4308 Piso 1 Departamento E UF 6, Parque Avellaneda, Capital Federal	https://departamento.mercadolibre.com.ar/MLA-1799360425-venta-dos-ambientes-parque-avellaneda-balcon-_JM#polycard_client=search-desktop&price_drop=not_apply&be_origin=backend&overlay_label=not_apply&search_layout=grid&position=30&type=item&tracking_id=0ca56838-3a83-45e9-8df6-f517fe5be0f5&sid=search	parque-avellaneda	37 m²	35 m²	0	0	4	1	Departamento	Contrafrente	50 años	120.000 ARS	Sí	No		Sí	Sí	Sí		No	No	No	No	No	Sí	No	Sí	Sí	No	No	Sí	2 m²	1			Sí																								Sí													
Departamento en venta	Tres Ambientes En Nagera En Venta	53000	USD	US$53.000	False	3	2	1	56.0	3 ambs.1 baño56 m² cubiertos	Teniente Gral. Luis Dellepiane 4342, Parque Avellaneda, Capital Federal	https://departamento.mercadolibre.com.ar/MLA-3328467852-tres-ambientes-en-nagera-en-venta-_JM#polycard_client=search-desktop&price_drop=not_apply&be_origin=backend&overlay_label=not_apply&search_layout=grid&position=31&type=item&tracking_id=0ca56838-3a83-45e9-8df6-f517fe5be0f5&sid=search	parque-avellaneda	56 m²	56 m²	0		2					100.000 ARS		Sí					Sí		Sí	Sí			Sí																																																
Departamento en venta	Depto 2 Amb Amplio Parque Avellaneda - Av Alberdi Y Homero	72000	USD	US$72.000	False	2	1	1	40.0	2 ambs.1 baño40 m² cubiertos	Av. Juan Bautista Alberdi 4736, Parque Avellaneda, Capital Federal	https://departamento.mercadolibre.com.ar/MLA-3291122042-depto-2-amb-amplio-parque-avellaneda-av-alberdi-y-homero-_JM#polycard_client=search-desktop&price_drop=not_apply&be_origin=backend&overlay_label=not_apply&search_layout=grid&position=32&type=item&tracking_id=0ca56838-3a83-45e9-8df6-f517fe5be0f5&sid=search	parque-avellaneda	42 m²	40 m²	0	0	4	8	Departamento	Lateral	50 años	100.000 ARS	Sí			Sí			Sí		Sí	Sí		Sí	Sí		Sí	Sí				2 m²	8	Sur																																							
Departamento en venta	Departamento 3 Ambientes Parque Avellaneda Con Patio Y Cochera	128000	USD	US$128.000	False	3	2	1	48.0	3 ambs.1 baño48 m² cubiertos	Parque Avellaneda, Bragado 4761, HBE, Parque Avellaneda, Capital Federal	https://departamento.mercadolibre.com.ar/MLA-3217375856-departamento-3-ambientes-parque-avellaneda-con-patio-y-cochera-_JM#polycard_client=search-desktop&price_drop=not_apply&be_origin=backend&overlay_label=not_apply&search_layout=grid&position=33&type=item&tracking_id=0ca56838-3a83-45e9-8df6-f517fe5be0f5&sid=search	parque-avellaneda	109 m²	48 m²	1	0	4		Departamento	Contrafrente	20 años	150.000 ARS	Sí	Sí	Sí	Sí	No	Sí	Sí	Sí	Sí	Sí	No	No	Sí	No	Sí	Sí	Sí	Sí	Sí	74 m²	15	Oeste	Sí	Sí	4761						Sí	Sí		Sí	24 horas		Sí	Sí	Sí						Sí			Sí	Sí	Sí				Sí							
Departamento en venta	Tres Ambientes Con Balcón En Barrio Nuevo Parque Avellaneda	79000	USD	US$79.000	False	3	2	1	57.0	3 ambs.1 baño57 m² cubiertos	Av. Castañares 4313, Parque Avellaneda, Capital Federal	https://departamento.mercadolibre.com.ar/MLA-3215845774-tres-ambientes-con-balcon-en-barrio-nuevo-parque-avellaneda-_JM#polycard_client=search-desktop&price_drop=not_apply&be_origin=backend&overlay_label=not_apply&search_layout=grid&position=34&type=item&tracking_id=0ca56838-3a83-45e9-8df6-f517fe5be0f5&sid=search	parque-avellaneda	58 m²	57 m²	0						10 años	130.000 ARS		Sí							Sí	Sí		Sí	Sí						Sí	2 m²				Sí																																					
Departamento en venta	Departamento 2 Ambientes Tipo Duplex Con Cochera | Zona Estrategica | Dos Baños	95000	USD	US$95.000	False	2	1	2	52.0	2 ambs.2 baños52 m² cubiertos	Avenida Bruix Al 4800, Parque Avellaneda, Capital Federal	https://departamento.mercadolibre.com.ar/MLA-3112108498-departamento-2-ambientes-tipo-duplex-con-cochera-zona-estrategica-dos-banos-_JM#polycard_client=search-desktop&float_highlight=not_apply&price_drop=not_apply&be_origin=backend&overlay_label=not_apply&search_layout=grid&position=35&type=item&tracking_id=0ca56838-3a83-45e9-8df6-f517fe5be0f5&sid=search	parque-avellaneda	60 m²	52 m²	1	0	3	1	Departamento	Frente	13 años	140.000 ARS	Sí	No		No	Sí	Sí		Sí	No	No	No	No	Sí	No	Sí	Sí	No	Sí	Sí	2 m²	2	Este		Sí						Sí							Sí											Sí													
Departamento en venta	Departamento 2 Ambientes Parque Avellaneda.	52900	USD	US$52.900	False	2	1	1	36.0	2 ambs.1 baño36 m² cubiertos	Laguna Al 700, Parque Avellaneda, Capital Federal	https://departamento.mercadolibre.com.ar/MLA-1694977601-departamento-2-ambientes-parque-avellaneda-_JM#polycard_client=search-desktop&float_highlight=not_apply&price_drop=not_apply&be_origin=backend&overlay_label=not_apply&search_layout=grid&position=36&type=item&tracking_id=0ca56838-3a83-45e9-8df6-f517fe5be0f5&sid=search	parque-avellaneda	36 m²	36 m²	0	0	6	2	Departamento	Contrafrente	35 años	110.000 ARS	No	Sí	Sí	Sí	No	No		No	No	No	No	No	No	No	Sí	No	No	No	No		1	Norte																																							
Departamento en venta	Piso En Parque Avellaneda - 108m2 - Bajas Expensas	130000	USD	US$130.000	False	4	3	1	97.0	4 ambs.1 baño97 m² cubiertos	Tandil Al 3500, Parque Avellaneda, Capital Federal	https://departamento.mercadolibre.com.ar/MLA-3024614970-piso-en-parque-avellaneda-108m2-bajas-expensas-_JM#polycard_client=search-desktop&float_highlight=not_apply&price_drop=not_apply&be_origin=backend&overlay_label=not_apply&search_layout=grid&position=37&type=item&tracking_id=0ca56838-3a83-45e9-8df6-f517fe5be0f5&sid=search	parque-avellaneda	107 m²	97 m²	0	0			Departamento	Frente	60 años	206.000 ARS	Sí	Sí		No	No	No		No	No	No	No	No	No	No		No	No	No	No	3 m²		Norte																																							
Departamento en venta	Departamento 4 Ambientes En Venta Parque Avellaneda	88000	USD	US$88.000	False	4	3	2	88.0	4 ambs.2 baños88 m² cubiertos	Directorio Al 4099, Parque Avellaneda, Capital Federal	https://departamento.mercadolibre.com.ar/MLA-1661734257-departamento-4-ambientes-en-venta-parque-avellaneda-_JM#polycard_client=search-desktop&price_drop=not_apply&be_origin=backend&overlay_label=not_apply&search_layout=grid&position=38&type=item&tracking_id=0ca56838-3a83-45e9-8df6-f517fe5be0f5&sid=search	parque-avellaneda	88 m²	88 m²	0	0	3	10	Departamento	Lateral	53 años	235.000 ARS	No	Sí		Sí	No	Sí	Sí	Sí	No	Sí	No	No	Sí	No	Sí	No	No	No	No		10	Norte	Sí							Sí	Sí																														
Departamento en venta	Departamento En Venta En Parque Avellaneda	120000	USD	US$120.000	False	2	1	1	60.0	2 ambs.1 baño60 m² cubiertos	Remedios, Parque Avellaneda, Capital Federal	https://departamento.mercadolibre.com.ar/MLA-2804972520-departamento-en-venta-en-parque-avellaneda-_JM#polycard_client=search-desktop&price_drop=not_apply&be_origin=backend&overlay_label=not_apply&search_layout=grid&position=39&type=item&tracking_id=0ca56838-3a83-45e9-8df6-f517fe5be0f5&sid=search	parque-avellaneda	161 m²	60 m²	0	0	1		Piso	Frente	60 años		No	No		No	No	No		No	No	No	No	No	No	No	Sí	Sí	No	No	No			Este	Sí								Sí																	Sí													
Departamento en venta	José E. Rodo 4200 Pque Avellaneda 2amb U$70.000	70000	USD	US$70.000	False	2	1	1	54.0	2 ambs.1 baño54 m² cubiertos	José E Rodo Al 4200. Entre Vicetich, Parque Avellaneda, Capital Federal	https://departamento.mercadolibre.com.ar/MLA-3263622612-jose-e-rodo-4200-pque-avellaneda-2amb-u70000-_JM#polycard_client=search-desktop&float_highlight=not_apply&price_drop=not_apply&be_origin=backend&overlay_label=not_apply&search_layout=grid&position=40&type=item&tracking_id=0ca56838-3a83-45e9-8df6-f517fe5be0f5&sid=search	parque-avellaneda	54 m²	54 m²	0	0	6	4	Departamento	Frente	50 años	130.000 ARS	No	Sí		No	No	No		No	No	No	No	No	Sí	No		No	No	No	No		6	Oeste			1												Sí																								
Departamento en venta	Remedios 4700 Pque Avellaneda 3amb U$140.000. Apt Cred	140000	USD	US$140.000	False	3	2	2	88.0	3 ambs.2 baños88 m² cubiertos	Remedios Al 4700. Entre Av Escalada Y Homero, Parque Avellaneda, Capital Federal	https://departamento.mercadolibre.com.ar/MLA-3220707522-remedios-4700-pque-avellaneda-3amb-u140000-apt-cred-_JM#polycard_client=search-desktop&float_highlight=not_apply&price_drop=not_apply&be_origin=backend&overlay_label=not_apply&search_layout=grid&position=41&type=item&tracking_id=0ca56838-3a83-45e9-8df6-f517fe5be0f5&sid=search	parque-avellaneda	104 m²	88 m²	1	0	11		Tríplex	Frente	16 años	134.200 ARS	No	Sí		No	No	No		Sí	No	No	No	Sí	No	No		No	No	No	No	16 m²		Norte		Sí	1					Sí																															
Departamento en venta	Gran Planta 4 Ambientes 149 M2 Totales Con Patio Y 2 Balcones -cochera -edifico Chico	135000	USD	US$135.000	False	4	3	2	115.0	4 ambs.2 baños115 m² cubiertos	Parque Avellaneda, Av. Escalada 1048, Parque Avellaneda, Capital Federal	https://departamento.mercadolibre.com.ar/MLA-1499178207-gran-planta-4-ambientes-149-m2-totales-con-patio-y-2-balcones-cochera-edifico-chico-_JM#polycard_client=search-desktop&price_drop=not_apply&be_origin=backend&overlay_label=not_apply&search_layout=grid&position=42&type=item&tracking_id=0ca56838-3a83-45e9-8df6-f517fe5be0f5&sid=search	parque-avellaneda	149 m²	115 m²	2	1	1	1	Piso	Frente	39 años	48.000 ARS	Sí			Sí			Sí		Sí	Sí		Sí	Sí		Sí	No			Sí	18 m²	3			Sí														Sí	Sí									Sí													
Departamento en venta	Laguna 700 Pque Avellaneda 3amb U$99.000	99000	USD	US$99.000	False	3	2	1	49.0	3 ambs.1 baño49 m² cubiertos	Laguna Al 700. Entre Remedios Y Tandil, Parque Avellaneda, Capital Federal	https://departamento.mercadolibre.com.ar/MLA-1652062073-laguna-700-pque-avellaneda-3amb-u99000-_JM#polycard_client=search-desktop&float_highlight=not_apply&price_drop=not_apply&be_origin=backend&overlay_label=not_apply&search_layout=grid&position=43&type=item&tracking_id=0ca56838-3a83-45e9-8df6-f517fe5be0f5&sid=search	parque-avellaneda	60 m²	49 m²	0	0	3	9	Departamento	Frente	38 años	110.000 ARS	No	Sí		Sí	No	No		No	No	No	No	Sí	Sí	No		No	No	No	No	11 m²	9				1																																				
Departamento en venta	Venta | Departamento 4 Ambientes Con Balcon Terraza Y Bauler	175000	USD	US$175.000	False	4	3	3	92.0	4 ambs.3 baños92 m² cubiertos	Directorio Al 3900. Entre Lacarra, Avda. Y Laguna, Parque Avellaneda, Capital Federal	https://departamento.mercadolibre.com.ar/MLA-3771261880-venta-departamento-4-ambientes-con-balcon-terraza-y-bauler-_JM#polycard_client=search-desktop&float_highlight=not_apply&price_drop=not_apply&be_origin=backend&overlay_label=not_apply&search_layout=grid&position=44&type=item&tracking_id=0ca56838-3a83-45e9-8df6-f517fe5be0f5&sid=search	parque-avellaneda	102,81 m²	92,38 m²	0	0			Semi piso	Frente	26 años	530.000 ARS	Sí	Sí		Sí	No	Sí	Sí	No	Sí	Sí	Sí	No	Sí	No	Sí	Sí	No	No	No		1	Sur			1					Sí	Sí				24 hs	Sí			Sí						Sí																
Departamento en venta	Impecable!! Dpto 2 Amb Muy Luminoso Balcón Vista A La Calle	99000	USD	US$99.000	False	2	1	1	37.0	2 ambs.1 baño37 m² cubiertos	Homero 600, Parque Avellaneda, Capital Federal	https://departamento.mercadolibre.com.ar/MLA-1986528695-impecable-dpto-2-amb-muy-luminoso-balcon-vista-a-la-calle-_JM#polycard_client=search-desktop&float_highlight=recent_publication&price_drop=not_apply&be_origin=backend&overlay_label=not_apply&search_layout=grid&position=45&type=item&tracking_id=0ca56838-3a83-45e9-8df6-f517fe5be0f5&sid=search	parque-avellaneda	40 m²	37 m²	0	0	5	8	Departamento	Lateral	14 años	160.000 ARS	Sí	Sí		Sí	No	No								No	Sí	Sí	Sí	Sí			8	Norte	Sí												Virtual		Sí						Sí																		
Departamento en venta	Venta Departamento 4 Ambientes Parque Avellaneda, Gba Sur	80000	USD	US$80.000	False	4	0	1	70.0	4 ambs.1 baño70 m² cubiertos	Departamento EN Venta EN José Enrique Rodó Al 4200, Parque Avellaneda, Capital Federal	https://departamento.mercadolibre.com.ar/MLA-1972313451-venta-departamento-4-ambientes-parque-avellaneda-gba-sur-_JM#polycard_client=search-desktop&price_drop=not_apply&be_origin=backend&overlay_label=not_apply&search_layout=grid&position=46&type=item&tracking_id=0ca56838-3a83-45e9-8df6-f517fe5be0f5&sid=search	parque-avellaneda	70 m²	70 m²	0	0	6	1	Departamento	Frente	60 años	165.000 ARS	Sí	No	Sí	Sí	No	Sí	Sí	No	No	No	No	No	Sí	No	Sí	No	Sí	No	No		1	Sur																										Sí													
Departamento en venta	Departamento En Venta En Parque Avellaneda, Capital Federal, Buenos Aires	80000	USD	US$80.000	False	4	3	1	70.0	4 ambs.1 baño70 m² cubiertos	Jose Enrique Rodo 4200, Parque Avellaneda, Capital Federal	https://departamento.mercadolibre.com.ar/MLA-3755612788-departamento-en-venta-en-parque-avellaneda-capital-federal-buenos-aires-_JM#polycard_client=search-desktop&price_drop=not_apply&be_origin=backend&overlay_label=not_apply&search_layout=grid&position=47&type=item&tracking_id=0ca56838-3a83-45e9-8df6-f517fe5be0f5&sid=search	parque-avellaneda	70 m²	70 m²	0				Departamento	Frente	60 años	165.000 ARS							Sí						Sí									Norte																																							
Departamento en venta	Venta Departamento 2 Ambientes Con Patio En Parque Avellaneda	60000	USD	US$60.000	False	2	1	1	33.0	2 ambs.1 baño33 m² cubiertos	Av. Olivera 593, Parque Avellaneda, Capital Federal	https://departamento.mercadolibre.com.ar/MLA-1948767825-venta-departamento-2-ambientes-con-patio-en-parque-avellaneda-_JM#polycard_client=search-desktop&price_drop=not_apply&be_origin=backend&overlay_label=not_apply&search_layout=grid&position=48&type=item&tracking_id=0ca56838-3a83-45e9-8df6-f517fe5be0f5&sid=search	parque-avellaneda	41 m²	33 m²	0	0			Departamento	Interno	51 años	120.000 ARS	Sí	No		Sí	No	No		No	No	No	No	No	Sí	No	Sí	Sí	Sí	No	No		8		Sí	Sí							Sí				24 horas			Sí																							
Departamento en venta	Venta Depto 3 Amb. Apto Credito Parque Avellaneda	73900	USD	US$73.900	False	3	2	1	54.0	3 ambs.1 baño54 m² cubiertos	Tandil 3800, Parque Avellaneda, Capital Federal	https://departamento.mercadolibre.com.ar/MLA-1946334135-venta-depto-3-amb-apto-credito-parque-avellaneda-_JM#polycard_client=search-desktop&price_drop=not_apply&be_origin=backend&overlay_label=not_apply&search_layout=grid&position=1&type=item&tracking_id=6130b092-24fe-4617-a409-682a9b9a62de&sid=search	parque-avellaneda	54 m²	54 m²	0	0	99	6	Departamento	Frente	30 años	175.000 ARS	Sí	Sí		No				No	Sí	No		No	Sí		Sí	Sí	Sí	No	No		10	Norte																																							
Departamento en venta	Venta Monoambiente Floresta Apto Profesional	65000	USD	US$65.000	False	1	0	1	31.0	1 amb.1 baño31 m² cubiertos	Avenida Directorio 3800, Parque Avellaneda, Capital Federal	https://departamento.mercadolibre.com.ar/MLA-1945712091-venta-monoambiente-floresta-apto-profesional-_JM#polycard_client=search-desktop&price_drop=not_apply&be_origin=backend&overlay_label=not_apply&search_layout=grid&position=2&type=item&tracking_id=6130b092-24fe-4617-a409-682a9b9a62de&sid=search	parque-avellaneda	31 m²	31 m²	0	0	99	1	Departamento	Frente	12 años	0 ARS	No	No		No				No		No		No	No			No	No	No	No		9	Norte															Sí																								
Departamento en venta	Depto 4 Amb En Venta Con Balcon Parque Avellaneda	100000	USD	US$100.000	False	4	3	1	66.0	4 ambs.1 baño66 m² cubiertos	Avenida Lacarra 400, Parque Avellaneda, Capital Federal	https://departamento.mercadolibre.com.ar/MLA-1945605823-depto-4-amb-en-venta-con-balcon-parque-avellaneda-_JM#polycard_client=search-desktop&price_drop=not_apply&be_origin=backend&overlay_label=not_apply&search_layout=grid&position=3&type=item&tracking_id=6130b092-24fe-4617-a409-682a9b9a62de&sid=search	parque-avellaneda	71 m²	66 m²	0	0	99	2	Departamento	Frente	66 años	120.000 ARS	No	No		No				No		Sí		No	Sí			No	No	No	No		4	Norte																																							
Departamento en venta	Venta Dpto 4 Amb Frente Al Parque Avellaneda	88000	USD	US$88.000	False	4	3	1	88.0	4 ambs.1 baño88 m² cubiertos	Avenida Directorio 4000, Parque Avellaneda, Capital Federal	https://departamento.mercadolibre.com.ar/MLA-1945491981-venta-dpto-4-amb-frente-al-parque-avellaneda-_JM#polycard_client=search-desktop&price_drop=not_apply&be_origin=backend&overlay_label=not_apply&search_layout=grid&position=4&type=item&tracking_id=6130b092-24fe-4617-a409-682a9b9a62de&sid=search	parque-avellaneda	88 m²	88 m²	0	0	99	10	Departamento	Frente	53 años	133.126 ARS	No	Sí		Sí			Sí	No	Sí	No		No	Sí		Sí	Sí	No	No	No		10	Norte								Sí																															
Departamento en venta	Departamento 3 Ambientes Avellaneda 56 M2 Bcón/pta	64900	USD	US$64.900	False	3	2	1	53.0	3 ambs.1 baño53 m² cubiertos	Saraza 4200, Parque Avellaneda, Capital Federal	https://departamento.mercadolibre.com.ar/MLA-1945604089-departamento-3-ambientes-avellaneda-56-m2-bconpta-_JM#polycard_client=search-desktop&price_drop=not_apply&be_origin=backend&overlay_label=not_apply&search_layout=grid&position=5&type=item&tracking_id=6130b092-24fe-4617-a409-682a9b9a62de&sid=search	parque-avellaneda	56 m²	53 m²	0	0	99	7	Departamento	Frente	10 años	85.000 ARS	Sí	Sí	Sí	Sí				Sí		Sí		Sí	Sí		Sí	Sí	Sí	Sí	No	1,79 m²	9	Norte	Sí																																						
Departamento en venta	Depto 2 Amb Balcón+coch. Parque Avellaneda-permuta	99000	USD	US$99.000	False	2	1	1	50.0	2 ambs.1 baño50 m² cubiertos	Avenida Lacarra 500, Parque Avellaneda, Capital Federal	https://departamento.mercadolibre.com.ar/MLA-3721587902-depto-2-amb-balconcoch-parque-avellaneda-permuta-_JM#polycard_client=search-desktop&price_drop=not_apply&be_origin=backend&overlay_label=not_apply&search_layout=grid&position=6&type=item&tracking_id=6130b092-24fe-4617-a409-682a9b9a62de&sid=search	parque-avellaneda	58 m²	50 m²	0	0	99	5	Departamento	Frente	11 años	141.000 ARS	No	Sí		No				No		No		No	No			No	No	No	No		7	Norte																																							
Departamento en venta	Venta Monambiente Con Terraza	70000	USD	US$70.000	False	1	0	1	30.0	1 amb.1 baño30 m² cubiertos	Martínez Castro 1200, Parque Avellaneda, Capital Federal	https://departamento.mercadolibre.com.ar/MLA-3721459754-venta-monambiente-con-terraza-_JM#polycard_client=search-desktop&price_drop=not_apply&be_origin=backend&overlay_label=not_apply&search_layout=grid&position=7&type=item&tracking_id=6130b092-24fe-4617-a409-682a9b9a62de&sid=search	parque-avellaneda	56 m²	30 m²	0	0	99	1	Departamento	Frente	17 años	50.000 ARS	No	Sí		No	Sí			No		No		No	No			No	No	No	No		1	Norte																																							
Departamento en venta	Venta Dpto 2 Ambientes - Parque Avellaneda	68000	USD	US$68.000	False	2	1	1	43.0	2 ambs.1 baño43 m² cubiertos	Bragado 4800, Parque Avellaneda, Capital Federal	https://departamento.mercadolibre.com.ar/MLA-3720671994-venta-dpto-2-ambientes-parque-avellaneda-_JM#polycard_client=search-desktop&price_drop=not_apply&be_origin=backend&overlay_label=not_apply&search_layout=grid&position=8&type=item&tracking_id=6130b092-24fe-4617-a409-682a9b9a62de&sid=search	parque-avellaneda	43 m²	43 m²	0	0	99	5	Departamento	Frente	63 años	150.000 ARS	No	Sí		No	Sí		Sí	No	Sí	No		No	No			No	No	No	No		8	Norte																																							
Departamento en venta	Departamento 3 Ambientes Parque Avellaneda	54000	USD	US$54.000	False	3	2	1	50.0	3 ambs.1 baño50 m² cubiertos	White 2000, Parque Avellaneda, Capital Federal	https://departamento.mercadolibre.com.ar/MLA-1945078017-departamento-3-ambientes-parque-avellaneda-_JM#polycard_client=search-desktop&price_drop=not_apply&be_origin=backend&overlay_label=not_apply&search_layout=grid&position=9&type=item&tracking_id=6130b092-24fe-4617-a409-682a9b9a62de&sid=search	parque-avellaneda	50 m²	50 m²	0	0	99	3	Departamento	Frente	46 años	49.000 ARS	No	Sí		No				No	Sí	No		No	No		Sí	Sí	No	No	No		5	Norte	Sí														Sí																								
Departamento en venta	Semipiso, 3 Amb, Balcon, Cochera/parque Avellaneda	119900	USD	US$119.900	False	3	2	1	56.0	3 ambs.1 baño56 m² cubiertos	Calle General Eugenio Garzon 4700, Parque Avellaneda, Capital Federal	https://departamento.mercadolibre.com.ar/MLA-3720096392-semipiso-3-amb-balcon-cocheraparque-avellaneda-_JM#polycard_client=search-desktop&price_drop=not_apply&be_origin=backend&overlay_label=not_apply&search_layout=grid&position=10&type=item&tracking_id=6130b092-24fe-4617-a409-682a9b9a62de&sid=search	parque-avellaneda	66 m²	56 m²	1	0	99	1	Semi piso	Frente	18 años	262.650 ARS	No	No		No			Sí	No	Sí	No		No	No			No	No	No	No		3	Norte																																							
Departamento en venta	Semip.2 Amb Balcon Frente,cochera Baulera C/renta	99000	USD	US$99.000	False	2	1	1	50.0	2 ambs.1 baño50 m² cubiertos	Martínez Castro 400, Parque Avellaneda, Capital Federal	https://departamento.mercadolibre.com.ar/MLA-3720096288-semip2-amb-balcon-frentecochera-baulera-crenta-_JM#polycard_client=search-desktop&price_drop=not_apply&be_origin=backend&overlay_label=not_apply&search_layout=grid&position=11&type=item&tracking_id=6130b092-24fe-4617-a409-682a9b9a62de&sid=search	parque-avellaneda	57 m²	50 m²	1	1	99	3	Semi piso	Frente	20 años	220.000 ARS	No	No		Sí			Sí	No	Sí	Sí		Sí	Sí		Sí	Sí	No	No	No	7 m²	3	Norte																																							
Departamento en venta	Venta Monoambiente A Estrenar Con Balcón Al Frente	72000	USD	US$72.000	False	1	0	1	30.0	1 amb.1 baño30 m² cubiertos	Avenida Directorio 3800, Parque Avellaneda, Capital Federal	https://departamento.mercadolibre.com.ar/MLA-3720096280-venta-monoambiente-a-estrenar-con-balcon-al-frente-_JM#polycard_client=search-desktop&price_drop=not_apply&be_origin=backend&overlay_label=not_apply&search_layout=grid&position=12&type=item&tracking_id=6130b092-24fe-4617-a409-682a9b9a62de&sid=search	parque-avellaneda	34 m²	30 m²	0	0	99	5	Departamento	Frente	9 años	150.000 ARS	No	No		No				No		No		No	No			No	No	No	No		9	Norte																																							
Departamento en venta	Departamento 3 Ambientes Parque Avellaneda	55000	USD	US$55.000	False	3	2	1	52.0	3 ambs.1 baño52 m² cubiertos	White 2000, Parque Avellaneda, Capital Federal	https://departamento.mercadolibre.com.ar/MLA-3720090582-departamento-3-ambientes-parque-avellaneda-_JM#polycard_client=search-desktop&price_drop=not_apply&be_origin=backend&overlay_label=not_apply&search_layout=grid&position=13&type=item&tracking_id=6130b092-24fe-4617-a409-682a9b9a62de&sid=search	parque-avellaneda	52 m²	52 m²	0	0	99	3	Departamento	Frente	46 años	53.000 ARS	Sí	Sí		No	Sí		Sí	Sí	Sí	Sí		No	Sí		Sí	Sí	No	No	No		4	Norte																																							
Departamento en venta	Venta Departamento Parque Avellaneda 2 Ambientes Grandes Con Balcón	69000	USD	US$69.000	False	2	1	1	50.0	2 ambs.1 baño50 m² cubiertos	Portela 723, Parque Avellaneda, Capital Federal	https://departamento.mercadolibre.com.ar/MLA-3724582346-venta-departamento-parque-avellaneda-2-ambientes-grandes-con-balcon-_JM#polycard_client=search-desktop&price_drop=not_apply&be_origin=backend&overlay_label=not_apply&search_layout=grid&position=14&type=item&tracking_id=6130b092-24fe-4617-a409-682a9b9a62de&sid=search	parque-avellaneda	52 m²	50 m²	0	0	2	1	Departamento	Frente	50 años	50.000 ARS	No	No		No	No	No		No	Sí	Sí	No	Sí	Sí	No	Sí	Sí	Sí	No	Sí		3	Norte																		Sí																					
Departamento en venta	Venta Dpto 4 Amb Con Terraza Parque Avellaneda	140000	USD	US$140.000	False	4	3	1	130.0	4 ambs.1 baño130 m² cubiertos	Gregorio De Laferrere 3800, Parque Avellaneda, Capital Federal	https://departamento.mercadolibre.com.ar/MLA-1945604623-venta-dpto-4-amb-con-terraza-parque-avellaneda-_JM#polycard_client=search-desktop&price_drop=not_apply&be_origin=backend&overlay_label=not_apply&search_layout=grid&position=15&type=item&tracking_id=6130b092-24fe-4617-a409-682a9b9a62de&sid=search	parque-avellaneda	236 m²	130 m²	0	0	99	2	Departamento	Frente	48 años	260.000 ARS	No	No		Sí			Sí	Sí	Sí	Sí		Sí	Sí			Sí	No	No	No	7,42 m²	3	Norte								Sí															Sí																
Departamento en venta	Departamento 2 Amb Luminoso Oportunidad	6490059900	USD	US$64.900US$59.900 BAJÓ DE PRECIO	False	2	0	1	37.0	2 ambs.1 baño37 m² cubiertos	Av. Directorio Al 3800, Parque Avellaneda, Capital Federal	https://departamento.mercadolibre.com.ar/MLA-3700112460-departamento-2-amb-luminoso-oportunidad-_JM#polycard_client=search-desktop&price_drop=true&be_origin=backend&overlay_label=not_apply&search_layout=grid&position=16&type=item&tracking_id=6130b092-24fe-4617-a409-682a9b9a62de&sid=search	parque-avellaneda	39 m²	37 m²	0	0	4		Departamento	Contrafrente	55 años	130.000 ARS	Sí	No		Sí	Sí	No		No	No	No	No	Sí	Sí	No	Sí	Sí	Sí	Sí	Sí			Oeste	Sí	Sí							Sí																														
Departamento en venta	Departamento En Parque Avellaneda	95000	USD	US$95.000	False	3	2	1	51.0	3 ambs.1 baño51 m² cubiertos	Primera Junta Al 3700, Parque Avellaneda, Capital Federal	https://departamento.mercadolibre.com.ar/MLA-3698408064-departamento-en-parque-avellaneda-_JM#polycard_client=search-desktop&price_drop=not_apply&be_origin=backend&overlay_label=not_apply&search_layout=grid&position=17&type=item&tracking_id=6130b092-24fe-4617-a409-682a9b9a62de&sid=search	parque-avellaneda	58 m²	51 m²	0	0	3	3	Departamento	Frente	30 años	100.000 ARS	No	Sí		Sí	Sí	No	Sí	No	No	No	No	Sí	Sí	No	Sí	Sí	No	No	Sí	1 m²	8	Norte		Sí																																					
Departamento en venta	Venta | Departamento 3 Ambientes | Parque Avellaneda	70000	USD	US$70.000	False	3	2	1	55.0	3 ambs.1 baño55 m² cubiertos	Avenida Directorio 4259, Parque Avellaneda, Capital Federal	https://departamento.mercadolibre.com.ar/MLA-3692010796-venta-departamento-3-ambientes-parque-avellaneda-_JM#polycard_client=search-desktop&price_drop=not_apply&be_origin=backend&overlay_label=not_apply&search_layout=grid&position=18&type=item&tracking_id=6130b092-24fe-4617-a409-682a9b9a62de&sid=search	parque-avellaneda	55 m²	55 m²	0			4	Departamento							Sí			Sí		Sí				Sí																																			Sí													
Departamento en venta	3 Amb Luminoso, Con Amplio Living Comedor En Pb	58000	USD	US$58.000	False	3	2	1	55.0	3 ambs.1 baño55 m² cubiertos	Agustin De Vedia 2111, Parque Avellaneda, Capital Federal	https://departamento.mercadolibre.com.ar/MLA-3672747858-3-amb-luminoso-con-amplio-living-comedor-en-pb-_JM#polycard_client=search-desktop&price_drop=not_apply&be_origin=backend&overlay_label=not_apply&search_layout=grid&position=19&type=item&tracking_id=6130b092-24fe-4617-a409-682a9b9a62de&sid=search	parque-avellaneda	55 m²	55 m²	0	0	10		Departamento	Frente	50 años	10.000 ARS	Sí	No		No	No	No								No	Sí	Sí	No	No			1	Norte									Sí												Sí					Sí													
Departamento en venta	Venta Departamento 3 Ambientes En Parque Avellaneda	100000	USD	US$100.000	False	3	2	1	54.0	3 ambs.1 baño54 m² cubiertos	Laguna Al 1200, Parque Avellaneda, Capital Federal	https://departamento.mercadolibre.com.ar/MLA-3668435428-venta-departamento-3-ambientes-en-parque-avellaneda-_JM#polycard_client=search-desktop&price_drop=not_apply&be_origin=backend&overlay_label=not_apply&search_layout=grid&position=20&type=item&tracking_id=6130b092-24fe-4617-a409-682a9b9a62de&sid=search	parque-avellaneda	106 m²	54 m²	0	0			Departamento		60 años	0 ARS	No	No		No	Sí	No		Sí	No	No	No	Sí	Sí	No	Sí	Sí	No	No	Sí					Sí																																					
Departamento en venta	Depto 3 Amb Balcón Cochera - Av. Castañares Al 4200 - Loiacono Propiedades	72000	USD	US$72.000	False	3	2	1	57.0	3 ambs.1 baño57 m² cubiertos	Av. Castañares 4200, Comuna 8, Parque Avellaneda, Capital Federal	https://departamento.mercadolibre.com.ar/MLA-3663895802-depto-3-amb-balcon-cochera-av-castanares-al-4200-loiacono-propiedades-_JM#polycard_client=search-desktop&price_drop=not_apply&be_origin=backend&overlay_label=not_apply&search_layout=grid&position=21&type=item&tracking_id=6130b092-24fe-4617-a409-682a9b9a62de&sid=search	parque-avellaneda	57 m²	57 m²	1									Sí	Sí				Sí		Sí	Sí		Sí	Sí																																																
Departamento en venta	2 Ambientes En Parque Avellaneda	60000	USD	US$60.000	False	2	1	1	39.0	2 ambs.1 baño39 m² totales	Av Directorio Al 3900, Parque Avellaneda, Capital Federal	https://departamento.mercadolibre.com.ar/MLA-3540589652-2-ambientes-en-parque-avellaneda-_JM#polycard_client=search-desktop&price_drop=not_apply&be_origin=backend&overlay_label=not_apply&search_layout=grid&position=22&type=item&tracking_id=6130b092-24fe-4617-a409-682a9b9a62de&sid=search	parque-avellaneda	39 m²		0	0	4	3	Departamento	Interno	40 años	0 ARS	Sí	No		No	No	No		No	Sí	No	No	No	Sí	No	Sí	Sí	Sí	No	No			Sur	Sí								Sí																														
Departamento en venta	Departamento En Avenida Directorio 4000	88000	USD	US$88.000	False	4	3	1	88.0	4 ambs.1 baño88 m² cubiertos	Avenida Directorio 4000, Parque Avellaneda, Capital Federal	https://departamento.mercadolibre.com.ar/MLA-1859169269-departamento-en-avenida-directorio-4000-_JM#polycard_client=search-desktop&price_drop=not_apply&be_origin=backend&overlay_label=not_apply&search_layout=grid&position=23&type=item&tracking_id=6130b092-24fe-4617-a409-682a9b9a62de&sid=search	parque-avellaneda	88 m²	88 m²	0					Lateral	53 años	250.000 ARS		Sí		Sí																	10	Oeste								Sí																															
Departamento en venta	Departamento 3 Amb En Parque Avellaneda	58000	USD	US$58.000	False	3	2	1	49.0	3 ambs.1 baño49 m² cubiertos	Mozart Al 2300, Parque Avellaneda, Capital Federal	https://departamento.mercadolibre.com.ar/MLA-1856644945-departamento-3-amb-en-parque-avellaneda-_JM#polycard_client=search-desktop&price_drop=not_apply&be_origin=backend&overlay_label=not_apply&search_layout=grid&position=24&type=item&tracking_id=6130b092-24fe-4617-a409-682a9b9a62de&sid=search	parque-avellaneda	49 m²	49 m²	0	0	2	5	Departamento	Interno	60 años	0 ARS	No	Sí		Sí	No	No		No	No	No	No	No	No	No	Sí	Sí	No	No	No			Norte																																							
Departamento en venta	Venta - Departamento 3 Ambientes Con Cochera	65000	USD	US$65.000	False	3	2	1	42.0	3 ambs.1 baño42 m² cubiertos	Cabo 1° Julio Benítez 4200, Parque Avellaneda, Capital Federal	https://departamento.mercadolibre.com.ar/MLA-3478929490-venta-departamento-3-ambientes-con-cochera-_JM#polycard_client=search-desktop&price_drop=not_apply&be_origin=backend&overlay_label=not_apply&search_layout=grid&position=25&type=item&tracking_id=6130b092-24fe-4617-a409-682a9b9a62de&sid=search	parque-avellaneda	46 m²	42 m²	1	0			Departamento	Lateral	15 años	70.000 ARS	No	No		No	No	No		No	No	No	No	Sí	Sí	No	Sí	Sí	No	No	No																																										
Departamento en venta	Departamento Parque Avellaneda	106000	USD	US$106.000	False	4	3	1	70.0	4 ambs.1 baño70 m² cubiertos	Laguna Al 700, Parque Avellaneda, Capital Federal	https://departamento.mercadolibre.com.ar/MLA-1840083005-departamento-parque-avellaneda-_JM#polycard_client=search-desktop&price_drop=not_apply&be_origin=backend&overlay_label=not_apply&search_layout=grid&position=26&type=item&tracking_id=6130b092-24fe-4617-a409-682a9b9a62de&sid=search	parque-avellaneda	70 m²	70 m²	0	0			Departamento	Frente	45 años	190.000 ARS	Sí	No		Sí	No	No		No	No	No	No	Sí	Sí	No	Sí	Sí	No	No	No	9 m²		Oeste								Sí																															
Departamento en venta	Departamento Parque Avellaneda	106000	USD	US$106.000	False	4	3	1	70.0	4 ambs.1 baño70 m² cubiertos	Laguna Al 700, Parque Avellaneda, Capital Federal	https://departamento.mercadolibre.com.ar/MLA-3469580214-departamento-parque-avellaneda-_JM#polycard_client=search-desktop&price_drop=not_apply&be_origin=backend&overlay_label=not_apply&search_layout=grid&position=27&type=item&tracking_id=6130b092-24fe-4617-a409-682a9b9a62de&sid=search	parque-avellaneda	70 m²	70 m²	0	0			Departamento	Frente	45 años	190.000 ARS	Sí	No		Sí	No	No		No	No	No	No	Sí	Sí	No	Sí	Sí	No	No	No	9 m²		Oeste								Sí																															
Departamento en venta	Departamento Parque Avellaneda	86000	USD	US$86.000	False	3	2	1	63.0	3 ambs.1 baño63 m² cubiertos	Tandil Al 3900, Parque Avellaneda, Capital Federal	https://departamento.mercadolibre.com.ar/MLA-1833922451-departamento-parque-avellaneda-_JM#polycard_client=search-desktop&price_drop=not_apply&be_origin=backend&overlay_label=not_apply&search_layout=grid&position=28&type=item&tracking_id=6130b092-24fe-4617-a409-682a9b9a62de&sid=search	parque-avellaneda	63 m²	63 m²	0	0			Departamento	Frente	50 años	130.000 ARS	No	Sí		Sí	No	No		No	No	No	No	Sí	Sí	No	Sí	Sí	No	No	No	8 m²		Sur									Sí																														
Departamento en venta	Departamento Parque Avellaneda	86000	USD	US$86.000	False	3	2	1	63.0	3 ambs.1 baño63 m² cubiertos	Tandil Al 3900, Parque Avellaneda, Capital Federal	https://departamento.mercadolibre.com.ar/MLA-1833960259-departamento-parque-avellaneda-_JM#polycard_client=search-desktop&price_drop=not_apply&be_origin=backend&overlay_label=not_apply&search_layout=grid&position=29&type=item&tracking_id=6130b092-24fe-4617-a409-682a9b9a62de&sid=search	parque-avellaneda	63 m²	63 m²	0	0			Departamento	Frente	50 años	130.000 ARS	No	Sí		Sí	No	No		No	No	No	No	Sí	Sí	No	Sí	Sí	No	No	No	8 m²		Sur									Sí																														
Departamento en venta	Venta - Departamento - 3 Ambientes - Balcon - Apto Credito - Permuta - Parque Avellaneda/villa Luro	99000	USD	US$99.000	False	3	2	1	50.0	3 ambs.1 baño50 m² cubiertos	Bragado 4750, Parque Avellaneda, Capital Federal	https://departamento.mercadolibre.com.ar/MLA-3358970800-venta-departamento-3-ambientes-balcon-apto-credito-permuta-parque-avellanedavilla-luro-_JM#polycard_client=search-desktop&price_drop=not_apply&be_origin=backend&overlay_label=not_apply&search_layout=grid&position=30&type=item&tracking_id=6130b092-24fe-4617-a409-682a9b9a62de&sid=search	parque-avellaneda	55 m²	50 m²	0	0			Departamento	Contrafrente	45 años	0 ARS	Sí	Sí		Sí	Sí	Sí		No	No	No	No	Sí	No	No	Sí	Sí	No	No	Sí					Sí																																					
Departamento en venta	Venta - Departamento - 3 Ambientes - Patio - Cochera - Parque Avellaneda - Apto Credito -permuta	130000	USD	US$130.000	False	3	2	1	80.0	3 ambs.1 baño80 m² cubiertos	Bragado Al 4700, Parque Avellaneda, Capital Federal	https://departamento.mercadolibre.com.ar/MLA-3233171594-venta-departamento-3-ambientes-patio-cochera-parque-avellaneda-apto-credito-permuta-_JM#polycard_client=search-desktop&float_highlight=not_apply&price_drop=not_apply&be_origin=backend&overlay_label=not_apply&search_layout=grid&position=31&type=item&tracking_id=6130b092-24fe-4617-a409-682a9b9a62de&sid=search	parque-avellaneda	109 m²	80 m²	1	0			Departamento		60 años	0 ARS	Sí	Sí		Sí	Sí	No		No	No	No	No	No	Sí	No	Sí	Sí	Sí	No	Sí					Sí														Sí							Sí																
Departamento en venta	Departamento 3 Ambientes Con Patio Y Cochera Bragado 4700	128000	USD	US$128.000	False	3	2	1	49.0	3 ambs.1 baño49 m² cubiertos	Parque Avellaneda, Bragado 4747, C1407HBE Cdad. Autónoma De Buenos Aires, Argentina, Parque Avellaneda, Capital Federal	https://departamento.mercadolibre.com.ar/MLA-1713012717-departamento-3-ambientes-con-patio-y-cochera-bragado-4700-_JM#polycard_client=search-desktop&price_drop=not_apply&be_origin=backend&overlay_label=not_apply&search_layout=grid&position=32&type=item&tracking_id=6130b092-24fe-4617-a409-682a9b9a62de&sid=search	parque-avellaneda	110 m²	49 m²	1	0	5		Departamento	Contrafrente	20 años	125.000 ARS	Sí	Sí		Sí		Sí	Sí		Sí	Sí			Sí		Sí	Sí	Sí	Sí	Sí	61 m²	10		Sí	Sí								Sí			Virtual		Sí	Sí	Sí						Sí			Sí		Sí											
Departamento en venta	Venta - Departamento - 2 Ambientes - Cochera - Parque Avellaneda - Balcon - Apto Credito - Permuta	99000	USD	US$99.000	False	2	1	1	49.0	2 ambs.1 baño49 m² cubiertos	Lacarra 500, Parque Avellaneda, Capital Federal	https://departamento.mercadolibre.com.ar/MLA-2856174714-venta-departamento-2-ambientes-cochera-parque-avellaneda-balcon-apto-credito-permuta-_JM#polycard_client=search-desktop&price_drop=not_apply&be_origin=backend&overlay_label=not_apply&search_layout=grid&position=33&type=item&tracking_id=6130b092-24fe-4617-a409-682a9b9a62de&sid=search	parque-avellaneda	55 m²	49 m²	1	0	2		Departamento	Contrafrente	13 años	0 ARS	Sí	Sí		Sí	Sí	No		No	No	No	No	Sí	No	No	Sí	Sí	Sí	Sí	Sí	3 m²				Sí																																					
Departamento en venta	Departamento De 2 Ambientes En Parque Avellaneda.	78000	USD	US$78.000	False	2	1	1	38.0	2 ambs.1 baño38 m² cubiertos	Azul Al 882. Entre San Pedro Y General Eugenio Garzón, Parque Avellaneda, Capital Federal	https://departamento.mercadolibre.com.ar/MLA-1641875203-departamento-de-2-ambientes-en-parque-avellaneda-_JM#polycard_client=search-desktop&price_drop=not_apply&be_origin=backend&overlay_label=not_apply&search_layout=grid&position=34&type=item&tracking_id=6130b092-24fe-4617-a409-682a9b9a62de&sid=search	parque-avellaneda	42 m²	38 m²	0	0	3		Departamento	Frente	35 años	50.000 ARS	Sí	No		Sí	No	No	Sí	No	No	Sí	No	No	Sí	No	Sí	Sí	Sí	Sí	Sí		7	Este		Sí	1												Sí	Sí																							
Departamento en venta	Departamento 3 Ambientes Venta - Parque Avellaneda	85000	USD	US$85.000	False	3	2	1	49.0	3 ambs.1 baño49 m² cubiertos	Av. Escalada Al 1700 Entre Guardia Nacional Y Av. San Juan, Parque Avellaneda, Capital Federal	https://departamento.mercadolibre.com.ar/MLA-1616950237-departamento-3-ambientes-venta-parque-avellaneda-_JM#polycard_client=search-desktop&float_highlight=not_apply&price_drop=not_apply&be_origin=backend&overlay_label=not_apply&search_layout=grid&position=35&type=item&tracking_id=6130b092-24fe-4617-a409-682a9b9a62de&sid=search	parque-avellaneda	51 m²	49 m²	0	0			Departamento		45 años	0 ARS	No	Sí		No	Sí	No		No	No	Sí	No	No	Sí	No	Sí	Sí	No	No	Sí		1			Sí																																					
Departamento en venta	Departamento 2 Ambientes Pque. Avellaneda	66000	USD	US$66.000	False	2	1	1	42.0	2 ambs.1 baño42 m² cubiertos	AV Directorio Al 4000, Parque Avellaneda, Capital Federal	https://departamento.mercadolibre.com.ar/MLA-1607984145-departamento-2-ambientes-pque-avellaneda-_JM#polycard_client=search-desktop&price_drop=not_apply&be_origin=backend&overlay_label=not_apply&search_layout=grid&position=36&type=item&tracking_id=6130b092-24fe-4617-a409-682a9b9a62de&sid=search	parque-avellaneda	42 m²	42 m²	0	0	6	4	Departamento	Frente	65 años	98.000 ARS	Sí	Sí		Sí	No	No		No	No	Sí	No	No	Sí	No	Sí	Sí	No	No	No			Este																																							
Departamento en venta	Venta De Departamento En Parque Avellaneda.	65000	USD	US$65.000	False	2	1	1	40.0	2 ambs.1 baño40 m² cubiertos	Pergamino Al 1285. Entre Avenida Eva Perón Y Primera Junta, Parque Avellaneda, Capital Federal	https://departamento.mercadolibre.com.ar/MLA-3238814310-venta-de-departamento-en-parque-avellaneda-_JM#polycard_client=search-desktop&float_highlight=not_apply&price_drop=not_apply&be_origin=backend&overlay_label=not_apply&search_layout=grid&position=37&type=item&tracking_id=6130b092-24fe-4617-a409-682a9b9a62de&sid=search	parque-avellaneda	40 m²	40 m²	0	0	4		Piso	Frente	55 años	60.000 ARS	Sí	No		Sí	No	No	Sí	No	No	No	No	Sí	Sí	No	Sí	Sí	Sí	Sí	Sí		7	Este		Sí	1												Sí																								
Departamento en venta	Departamento De 3 Ambientes En Venta En Parque Avellaneda	120000	USD	US$120.000	False	3	2	1	61.0	3 ambs.1 baño61 m² cubiertos	Lacarra Al 632. Entre Jose E. Rodo Y Avenida Directorio, Parque Avellaneda, Capital Federal	https://departamento.mercadolibre.com.ar/MLA-3161897722-departamento-de-3-ambientes-en-venta-en-parque-avellaneda-_JM#polycard_client=search-desktop&price_drop=not_apply&be_origin=backend&overlay_label=not_apply&search_layout=grid&position=38&type=item&tracking_id=6130b092-24fe-4617-a409-682a9b9a62de&sid=search	parque-avellaneda	65 m²	61 m²	0	0	2		Semi piso	Frente	5 años	100.000 ARS	Sí	No		Sí	No	No		No	No	No	No	Sí	No	No	Sí	No	Sí	Sí	Sí		4	Este			1																																				
Departamento en venta	Departamento En Venta En Julio Omar Benítez	65000	USD	US$65.000	False	3	2	1	60.0	3 ambs.1 baño60 m² cubiertos	Benitez Julio Omar 4316, C1439 Cdad. Autónoma De Buenos Aires, Argentina, Parque Avellaneda, Capital Federal	https://departamento.mercadolibre.com.ar/MLA-3241185712-departamento-en-venta-en-julio-omar-benitez-_JM#polycard_client=search-desktop&float_highlight=not_apply&price_drop=not_apply&be_origin=backend&overlay_label=not_apply&search_layout=grid&position=39&type=item&tracking_id=6130b092-24fe-4617-a409-682a9b9a62de&sid=search	parque-avellaneda	60 m²	60 m²	1											Sí			Sí		Sí	Sí		Sí	Sí						Sí					Sí																																					
Departamento en venta	Venta Depto 3 Ambientes Parque Avellaneda	85000	USD	US$85.000	False	3	2	1	58.0	3 ambs.1 baño58 m² cubiertos	Calle Teniente 1º Roberto Estévez 2800, Parque Avellaneda, Capital Federal	https://departamento.mercadolibre.com.ar/MLA-1976888443-venta-depto-3-ambientes-parque-avellaneda-_JM#polycard_client=search-desktop&price_drop=not_apply&be_origin=backend&overlay_label=not_apply&search_layout=grid&position=40&type=item&tracking_id=6130b092-24fe-4617-a409-682a9b9a62de&sid=search	parque-avellaneda	60 m²	58 m²	1	0	99	4	Departamento	Frente	16 años	70.000 ARS	No	No		No				No		No		No	No			No	No	No	No		9	Norte																																							
Departamento en venta	Departamento 3 Ambientes En Parque Avellaneda	70000	USD	US$70.000	False	3	2	1	48.0	3 ambs.1 baño48 m² cubiertos	Directorio Al 4200, Parque Avellaneda, Capital Federal	https://departamento.mercadolibre.com.ar/MLA-3748244804-departamento-3-ambientes-en-parque-avellaneda-_JM#polycard_client=search-desktop&price_drop=not_apply&be_origin=backend&overlay_label=not_apply&search_layout=grid&position=41&type=item&tracking_id=6130b092-24fe-4617-a409-682a9b9a62de&sid=search	parque-avellaneda	48 m²	48 m²	0	0		6	Departamento	Frente	50 años	110.000 ARS	Sí	No		Sí	No	No		No	No	No	No	No	No	No	Sí	Sí	No	No	No				Sí																																						
Departamento en venta	Departamento En Parque Avellaneda	69000	USD	US$69.000	False	1	0	1	32.0	1 amb.1 baño32 m² cubiertos	Monoambiente En Venta Impecable, Parque Avellaneda, Capital Federal	https://departamento.mercadolibre.com.ar/MLA-3748283510-departamento-en-parque-avellaneda-_JM#polycard_client=search-desktop&price_drop=not_apply&be_origin=backend&overlay_label=not_apply&search_layout=grid&position=42&type=item&tracking_id=6130b092-24fe-4617-a409-682a9b9a62de&sid=search	parque-avellaneda	35 m²	32 m²	0	0	4	7	Departamento	Contrafrente	12 años	150.000 ARS	No	No		Sí	No	No		No	No	No	No	Sí	No	No	Sí	Sí	No	No	No	3 m²			Sí																																						
Departamento en venta	Departamento En Parque Avellaneda 4 Amb	79000	USD	US$79.000	False	4	3	1	68.0	4 ambs.1 baño68 m² cubiertos	4 Ambientes En Lacarra Al 400, Parque Avellaneda, Capital Federal	https://departamento.mercadolibre.com.ar/MLA-3748283504-departamento-en-parque-avellaneda-4-amb-_JM#polycard_client=search-desktop&price_drop=not_apply&be_origin=backend&overlay_label=not_apply&search_layout=grid&position=43&type=item&tracking_id=6130b092-24fe-4617-a409-682a9b9a62de&sid=search	parque-avellaneda	70 m²	68 m²	0	0			Departamento	Frente	60 años	120.000 ARS	Sí	Sí		No	No	No		No	Sí	No	No	Sí	Sí	No	Sí	Sí	No	No	No	2 m²																																									
Departamento en venta	Floresta: Parque Avellaneda Venta Departamento 2 Ambientes C/cochera	85000	USD	US$85.000	False	2	1	1	43.0	2 ambs.1 baño43 m² cubiertos	Remedios 3600, HJF, Parque Avellaneda, Capital Federal	https://departamento.mercadolibre.com.ar/MLA-3121293574-floresta-parque-avellaneda-venta-departamento-2-ambientes-ccochera-_JM#polycard_client=search-desktop&price_drop=not_apply&be_origin=backend&overlay_label=not_apply&search_layout=grid&position=44&type=item&tracking_id=6130b092-24fe-4617-a409-682a9b9a62de&sid=search	parque-avellaneda	45 m²	43 m²	1	0	4	7	Departamento	Frente	40 años	110.000 ARS	Sí	Sí		Sí	No	No		No	Sí	Sí	No	Sí	Sí	No	Sí	Sí	No	No	No	2 m²	8		Sí	Sí																																					
Departamento en venta	Depto. 3 Amb. C/fte M/lum. Pergamino Al 800	84000	USD	US$84.000	False	3	2	1	55.0	3 ambs.1 baño55 m² cubiertos	Pergamino 800, Parque Avellaneda, Capital Federal	https://departamento.mercadolibre.com.ar/MLA-3573744532-depto-3-amb-cfte-mlum-pergamino-al-800-_JM#polycard_client=search-desktop&price_drop=not_apply&be_origin=backend&overlay_label=not_apply&search_layout=grid&position=45&type=item&tracking_id=6130b092-24fe-4617-a409-682a9b9a62de&sid=search	parque-avellaneda	55 m²	55 m²	0	0	4		Departamento	Contrafrente	40 años	130.000 ARS	Sí			Sí	No	No								No	Sí	Sí	No	No			1										Sí												Sí																		
Departamento en venta	Mozart 2400, Caba/ Departamento 2 Ambientes / U$s 40.000	40000	USD	US$40.000	False	1	0	1	32.0	1 amb.1 baño32 m² cubiertos	Mozart 2400, Parque Avellaneda, Capital Federal	https://departamento.mercadolibre.com.ar/MLA-1833548683-mozart-2400-caba-departamento-2-ambientes-us-40000-_JM#polycard_client=search-desktop&price_drop=not_apply&be_origin=backend&overlay_label=not_apply&search_layout=grid&position=46&type=item&tracking_id=6130b092-24fe-4617-a409-682a9b9a62de&sid=search	parque-avellaneda	32 m²	32 m²	0				Departamento	Contrafrente	30 años	50.000 ARS		Sí		Sí			Sí						Sí		Sí	Sí			Sí			Sur	Sí	Sí								Sí																Sí		Sí											
Departamento en venta	Departamento En Venta En Parque Avellaneda	99000	USD	US$99.000	False	2	1	1	50.0	2 ambs.1 baño50 m² cubiertos	Av. Lacarra Al 536. Entre Jose Bonifacio, Parque Avellaneda, Capital Federal	https://departamento.mercadolibre.com.ar/MLA-1757115369-departamento-en-venta-en-parque-avellaneda-_JM#polycard_client=search-desktop&float_highlight=not_apply&price_drop=not_apply&be_origin=backend&overlay_label=not_apply&search_layout=grid&position=47&type=item&tracking_id=6130b092-24fe-4617-a409-682a9b9a62de&sid=search	parque-avellaneda	58 m²	50 m²	1	0	13		Departamento	Contrafrente	11 años	141.000 ARS	No	Sí		Sí	No	No		No	No	No	No	No	No	No		No	No	No	No	5 m²	7				1																																				
Departamento en venta	Departamento En Parque Avellaneda	75000	USD	US$75.000	False	3	2	1	52.0	3 ambs.1 baño52 m² cubiertos	Pergamino Al 800, Parque Avellaneda, Capital Federal	https://departamento.mercadolibre.com.ar/MLA-3106541350-departamento-en-parque-avellaneda-_JM#polycard_client=search-desktop&price_drop=not_apply&be_origin=backend&overlay_label=not_apply&search_layout=grid&position=48&type=item&tracking_id=6130b092-24fe-4617-a409-682a9b9a62de&sid=search	parque-avellaneda	52 m²	52 m²	0	0			Departamento	Frente	40 años	76.000 ARS	No	Sí		Sí	No	No		No	No	No	No	No	No	No	Sí	Sí	No	No	No			Oeste																																							
Departamento en venta	Hermoso Dpto 3 Amb Al Fte Con Balcon Aterrazado	75000	USD	US$75.000	False	4	3	1	59.0	4 ambs.1 baño59 m² cubiertos	Guardia Nacional 1600, Parque Avellaneda, Capital Federal	https://departamento.mercadolibre.com.ar/MLA-2799721956-hermoso-dpto-3-amb-al-fte-con-balcon-aterrazado-_JM#polycard_client=search-desktop&price_drop=not_apply&be_origin=backend&overlay_label=not_apply&search_layout=grid&position=1&type=item&tracking_id=08996928-92e2-4d0a-86c5-cda97081ae51&sid=search	parque-avellaneda	59 m²	59 m²	0	0		9	Departamento	Frente	40 años	100.000 ARS	No			No	No	No								No		No	No	No				Norte																																							
Departamento en venta	Departamento En Venta En Parque Avellaneda	145000	USD	US$145.000	False	3	2	0	60.0	3 ambs.60 m² cubiertos	Escalada Al 850. Entre Bragado Y Juan B. Alberdi, Parque Avellaneda, Capital Federal	https://departamento.mercadolibre.com.ar/MLA-3805565436-departamento-en-venta-en-parque-avellaneda-_JM#polycard_client=search-desktop&float_highlight=not_apply&price_drop=not_apply&be_origin=backend&overlay_label=not_apply&search_layout=grid&position=2&type=item&tracking_id=08996928-92e2-4d0a-86c5-cda97081ae51&sid=search	parque-avellaneda	73 m²	60 m²	0	0	2	2	Departamento	Frente	40 años	250 ARS	No	Sí		No	No	No		No	No	No	No	Sí	Sí	No		Sí	No	No	No		3				1												Sí								Sí																
Departamento en venta	Departamento En Venta En Parque Avellaneda	120000	USD	US$120.000	False	2	1	1	40.0	2 ambs.1 baño40 m² cubiertos	Av. Directorio Al 3424. Entre Azul Y Dolores, Parque Avellaneda, Capital Federal	https://departamento.mercadolibre.com.ar/MLA-3800741384-departamento-en-venta-en-parque-avellaneda-_JM#polycard_client=search-desktop&float_highlight=not_apply&price_drop=not_apply&be_origin=backend&overlay_label=not_apply&search_layout=grid&position=3&type=item&tracking_id=08996928-92e2-4d0a-86c5-cda97081ae51&sid=search	parque-avellaneda	59,5 m²	40 m²	0	0	2	4	Departamento	Lateral	6 años	70.000 ARS	No	No		No	No	No		No	No	No	No	No	No	No		No	No	No	No	19,5 m²		Sur			1																																				
Departamento en venta	Departamento En Venta En Parque Avellaneda	225000	USD	US$225.000	False	3	2	2	81.0	3 ambs.2 baños81 m² cubiertos	AV DIRECTORIO Al 3959. Entre Av Lacarra Y Laguna, Parque Avellaneda, Capital Federal	https://departamento.mercadolibre.com.ar/MLA-1597058597-departamento-en-venta-en-parque-avellaneda-_JM#polycard_client=search-desktop&price_drop=not_apply&be_origin=backend&overlay_label=not_apply&search_layout=grid&position=4&type=item&tracking_id=08996928-92e2-4d0a-86c5-cda97081ae51&sid=search	parque-avellaneda	169 m²	81 m²	1	0	50		Semi piso	Frente	10 años	12.500 ARS	No	Sí		Sí	No	No		No	No	No	No	No	No	No		No	No	No	No	78 m²	12	Norte			1																																				
Departamento en venta	Venta Departamento 4 Ambientes Muy Luminoso	80000	USD	US$80.000	False	4	3	1	70.0	4 ambs.1 baño70 m² cubiertos	Jose Enrique Rodo 4200, Parque Avellaneda, Capital Federal	https://departamento.mercadolibre.com.ar/MLA-1944234283-venta-departamento-4-ambientes-muy-luminoso-_JM#polycard_client=search-desktop&price_drop=not_apply&be_origin=backend&overlay_label=not_apply&search_layout=grid&position=5&type=item&tracking_id=08996928-92e2-4d0a-86c5-cda97081ae51&sid=search	parque-avellaneda	70 m²	70 m²	0	0	6		Departamento	Frente	60 años	165.000 ARS	Sí	Sí		Sí	No	No								No		No	No	No			1																																								
Departamento en venta	Departamento De 2 Ambientes En Parque Avellaneda Ubicado En La Calle Moreto 1757 A Media Cuadra De Av, Eva Perón En La Cual Pasan Varios Colectivos Y Es Una Zona Muy Transitada Con Muchos Negocios	5600049000	USD	US$56.000US$49.000 BAJÓ DE PRECIO	False	2	1	1	40.0	2 ambs.1 baño40 m² cubiertos	Moreto 1757, Parque Avellaneda, Capital Federal	https://departamento.mercadolibre.com.ar/MLA-3799638184-departamento-de-2-ambientes-en-parque-avellaneda-ubicado-en-la-calle-moreto-1757-a-media-cuadra-de-av-eva-peron-en-la-cual-pasan-varios-colectivos-y-es-una-zona-muy-transitada-con-muchos-negocios-_JM#polycard_client=search-desktop&price_drop=true&be_origin=backend&overlay_label=not_apply&search_layout=grid&position=6&type=item&tracking_id=08996928-92e2-4d0a-86c5-cda97081ae51&sid=search	parque-avellaneda	44,76 m²	40,46 m²	0	0	6	2	Departamento	Frente		90.000 ARS	Sí	Sí	Sí	Sí	No	No	Sí	Sí	Sí	Sí	No	Sí	Sí	No	Sí	Sí	No	Sí	Sí	4,3 m²	4	Este	Sí	Sí						Sí		Sí					Sí																								
